locus_id,source_sheet,row_no,species_reported,species,proxy_species,trait,trait_category,marker_id,anchor_type,chrom_reported,pos_reported,region_start,region_end,effect,p_value,gwas_threshold,sample_size,genotyping,n_markers,n_sig_snps,population,age_stage,study_doi,year,ref_genome_text,ref_genome_accession,source_assembly,source_assembly_name,source_assembly_level,candidate_genes_raw,candidate_genes,n_candidate_genes,tier,tier_reason,other_note,provenance,category,study_doi_flag
S001,SNP_level,1,Salmo salar,Salmo salar,,Growth rate (days to 5 kg),Growth,Lead SNP on Ssa13 (ID not given in accessible record),,Ssa13,,,,NR,Chromosome-wide significant,Bonferroni (0.05/N) + 200 permutations,466,Illumina iSelect 6.5K array,"3,908",,Cultured broodstock,Grow-out,10.1371/journal.pone.0119730,,ASalBase draft assembly,,GCF_965601325.1,fSalSal1,Chromosome,E2F transcription factor,E2F,1,B,no usable marker coordinate; anchored on reported candidate gene(s),,user_workbook,,
S002,SNP_level,2,Salmo salar,Salmo salar,,Body length (1 year post-hatch),Growth,Lead SNP on Ssa17 near RAI2,,Ssa17,,,,NR,Chromosome-wide significant,"Bonferroni genome-wide 0.05/111,908; chromosome-wide P<0.05",622,Affymetrix Axiom array,"111,908",,"Cultured, pedigreed","Juvenile, 1 year",10.1186/s12864-015-2117-9,,AGKD00000000.4,,GCF_965601325.1,fSalSal1,Chromosome,RAI2,RAI2,1,B,no usable marker coordinate; anchored on reported candidate gene(s),,user_workbook,,
S003,SNP_level,3,Ictalurus punctatus x I. furcatus,Ictalurus punctatus,,Head length,Growth / conformation,Significant region on LG7,,LG7,,,,NR,-log10(P) > 5.46,Bonferroni -log10(P)=5.46; suggestive 5.0,556,Axiom 250K catfish array,"218,784",,Backcross hybrids,1 year,10.1534/g3.116.032201,,Coco_1.0,GCF_001660625.1,GCF_001660625.3,Coco_2.0,Chromosome,FGF / BMP / integrin / cadherin cluster,,0,U,no usable coordinate and no parsable candidate gene symbol,,user_workbook,,
S004,SNP_level,4,Ictalurus punctatus x I. furcatus,Ictalurus punctatus,,Body weight,Growth,~1 Mb associated region on LG5,,LG5,,,,NR,Genome-wide significant,NR,556,250K SNP array,"~250,000",,Backcross hybrids,NR,10.1007/s00438-017-1406-1,,Channel catfish reference genome,,GCF_001660625.3,Coco_2.0,Chromosome,Muscle growth / bone development genes,,0,U,no usable coordinate and no parsable candidate gene symbol,,user_workbook,,
S005,SNP_level,5,Epinephelus lanceolatus,Epinephelus lanceolatus,,Growth traits (multi-trait),Growth,LG17 lead SNP,snp,LG17,6934451.0,,,NR,Genome-wide significant,Genome-wide significance level,289,GBS,"42,323",,Cultured,NR,10.1007/s10126-019-09916-8,,NR,,GCF_041903045.1,ASM4190304v1,Chromosome,NR,,0,B,position unusable (assembly not stated) and no candidate gene reported,,user_workbook,,
S006,SNP_level,6,Epinephelus lanceolatus,Epinephelus lanceolatus,,Growth traits (multi-trait),Growth,LG7 lead SNP,snp,LG7,22596399.0,,,NR,Genome-wide significant,Genome-wide significance level,289,GBS,"42,323",,Cultured,NR,10.1007/s10126-019-09916-8,,NR,,GCF_041903045.1,ASM4190304v1,Chromosome,NR,,0,B,position unusable (assembly not stated) and no candidate gene reported,,user_workbook,,
S007,SNP_level,7,Epinephelus lanceolatus,Epinephelus lanceolatus,,Growth traits (multi-trait),Growth,LG15 lead SNP,snp,LG15,11877836.0,,,NR,Genome-wide significant,Genome-wide significance level,289,GBS,"42,323",,Cultured,NR,10.1007/s10126-019-09916-8,,NR,,GCF_041903045.1,ASM4190304v1,Chromosome,NR,,0,B,position unusable (assembly not stated) and no candidate gene reported,,user_workbook,,
S008,SNP_level,8,Epinephelus fuscoguttatus,Epinephelus fuscoguttatus,,Multiple growth traits,Growth,SNP 23:29601315 (bmp2k intron),snp,Chr 23,29601315.0,,,NR,Genome-wide significant,NR,172 (+123 validation),ddRAD-seq,"43,688",,Cultured,NR,10.1007/s10126-019-09940-8,,NR,,GCF_011397635.1,E.fuscoguttatus.final_Chr_v1,Chromosome,bmp2k,bmp2k,1,B,position reported but assembly not stated or ambiguous; falls back to gene anchoring,,user_workbook,,
S009,SNP_level,9,Hypophthalmichthys nobilis,Hypophthalmichthys nobilis,Ctenopharyngodon idella,Body weight / body length / body height,Growth,Intronic SNP in fndc5b (LG16),,LG16,,,,NR,Genome-wide significant,NR,776,2b-RAD,NR,,Cultured,NR,10.1007/s10126-022-10176-2,,NR,,GCF_019924925.1,HZGC01,Chromosome,fndc5b,fndc5b,1,B,no usable marker coordinate; anchored on reported candidate gene(s),,user_workbook,,
S010,SNP_level,10,Micropterus salmoides,Micropterus salmoides,,Body weight,Growth,Lead SNP chr23,snp,Chr 23,8370508.0,,,NR,< 6.42E-07,"Bonferroni 6.42E-07 (77,935 effective SNPs)","1,066","WGS (NovaSeq X, PE150)","1,809,116",,Cultured,NR,10.3389/fmolb.2024.1443522,,GCA_019677235.1,GCA_019677235.1,GCF_014851395.1,ASM1485139v1,Scaffold,igf1 / myf5 / myf6 region,igf1;myf5;myf6,3,A2,"exact position on stated chromosome-level assembly GCA_019677235.1, but gene annotation taken from GCF_014851395.1; coordinate systems differ",,user_workbook,,
S011,SNP_level,11,Micropterus salmoides,Micropterus salmoides,,Body weight,Growth,Lead SNP chr23,snp,Chr 23,20121867.0,,,NR,< 6.42E-07,Bonferroni 6.42E-07,"1,066","WGS (NovaSeq X, PE150)","1,809,116",,Cultured,NR,10.3389/fmolb.2024.1443522,,GCA_019677235.1,GCA_019677235.1,GCF_014851395.1,ASM1485139v1,Scaffold,NR,,0,A2,"exact position on stated chromosome-level assembly GCA_019677235.1, but gene annotation taken from GCF_014851395.1; coordinate systems differ",,user_workbook,,
S012,SNP_level,12,Micropterus salmoides,Micropterus salmoides,,Body height,Growth,Lead SNP chr1,snp,Chr 1,3391027.0,,,NR,< 6.42E-07,Bonferroni 6.42E-07,"1,066","WGS (NovaSeq X, PE150)","1,809,116",,Cultured,NR,10.3389/fmolb.2024.1443522,,GCA_019677235.1,GCA_019677235.1,GCF_014851395.1,ASM1485139v1,Scaffold,NR,,0,A2,"exact position on stated chromosome-level assembly GCA_019677235.1, but gene annotation taken from GCF_014851395.1; coordinate systems differ",,user_workbook,,
S013,SNP_level,13,Lateolabrax maculatus,Lateolabrax maculatus,,Body weight,Growth,chr16:13133726,snp,Chr 16,13133726.0,,,PVE 15.82%,Genome-wide significant,Bonferroni 0.05/N after LD pruning,200 (extreme phenotypes),WGS (MGI-2000/T7),"4,528,936",,Cultured,"~1,200 g",10.3390/ani14202995,,L. maculatus improved draft,,GCA_031216445.1,YSFRI_Lmacu_1.1,Chromosome,SORCS2,SORCS2,1,B,position reported but assembly not stated or ambiguous; falls back to gene anchoring,,user_workbook,,
S014,SNP_level,14,Lateolabrax maculatus,Lateolabrax maculatus,,Body weight,Growth,chr16:13209537,snp,Chr 16,13209537.0,,,NR,Genome-wide significant,Bonferroni 0.05/N after LD pruning,200 (extreme phenotypes),WGS (MGI-2000/T7),"4,528,936",,Cultured,"~1,200 g",10.3390/ani14202995,,L. maculatus improved draft,,GCA_031216445.1,YSFRI_Lmacu_1.1,Chromosome,SORCS2 region,SORCS2,1,B,position reported but assembly not stated or ambiguous; falls back to gene anchoring,,user_workbook,,
S015,SNP_level,15,Lateolabrax maculatus,Lateolabrax maculatus,,Body weight,Growth,chr16:14468078,snp,Chr 16,14468078.0,,,NR,Genome-wide significant,Bonferroni 0.05/N after LD pruning,200 (extreme phenotypes),WGS (MGI-2000/T7),"4,528,936",,Cultured,"~1,200 g",10.3390/ani14202995,,L. maculatus improved draft,,GCA_031216445.1,YSFRI_Lmacu_1.1,Chromosome,ZNF436 / SLC7A8 region,ZNF436;SLC7A8,2,B,position reported but assembly not stated or ambiguous; falls back to gene anchoring,,user_workbook,,
S016,SNP_level,16,Lateolabrax maculatus,Lateolabrax maculatus,,Body weight,Growth,chr16:18537358,snp,Chr 16,18537358.0,,,NR,Genome-wide significant,Bonferroni 0.05/N after LD pruning,200 (extreme phenotypes),WGS (MGI-2000/T7),"4,528,936",,Cultured,"~1,200 g",10.3390/ani14202995,,L. maculatus improved draft,,GCA_031216445.1,YSFRI_Lmacu_1.1,Chromosome,NR,,0,B,position unusable (assembly not stated) and no candidate gene reported,,user_workbook,,
S017,SNP_level,17,Oreochromis spp. (red tilapia),Oreochromis niloticus,,Body mass / body length (hyperosmotic stress),Growth,chr7-47464467,snp,Chr 7,47464467.0,,,NR,-log10(P) > 8.41,Significant -log10(0.01/N)=8.41; suggestive 7.11,160,"WGS (NovaSeq, PE150)","12,776,921",,Cultured selected line,"90 dph, ~120.7 g",10.3390/ijms26136492,,GCF_001858045.2,GCF_001858045.2,GCF_001858045.2,O_niloticus_UMD_NMBU,Chromosome,galnt9 / esrrg region,galnt9;esrrg,2,A1,"exact position on the stated assembly, which is annotated and used directly",,user_workbook,,
S018,SNP_level,18,Epinephelus tukula,Epinephelus tukula,Epinephelus lanceolatus,Growth traits (validated),Growth,Chr3 lead SNP,snp,Chr 3,7087462.0,,,NR,< 1E-05,P < 1E-05,169 (+101 hybrids),WGS (MGISEQ-2000),"1,129,992",,Wild-origin broodstock (Hainan),5-7 years,10.1007/s10126-025-10502-4,,Unpublished E. tukula assembly,,GCF_041903045.1,ASM4190304v1,Chromosome,CCDC102A / NTRK2 / CTSL / OTOF / nestin,CCDC102A;NTRK2;CTSL;OTOF;nestin;nes,6,B,position reported but assembly not stated or ambiguous; falls back to gene anchoring,,user_workbook,,
S019,SNP_level,19,Epinephelus tukula,Epinephelus tukula,Epinephelus lanceolatus,Growth traits (validated),Growth,Chr11 lead SNP,snp,Chr 11,43373246.0,,,NR,< 1E-05,P < 1E-05,169 (+101 hybrids),WGS (MGISEQ-2000),"1,129,992",,Wild-origin broodstock (Hainan),5-7 years,10.1007/s10126-025-10502-4,,Unpublished E. tukula assembly,,GCF_041903045.1,ASM4190304v1,Chromosome,NR,,0,B,position unusable (assembly not stated) and no candidate gene reported,,user_workbook,,
S020,SNP_level,20,Epinephelus tukula,Epinephelus tukula,Epinephelus lanceolatus,Growth traits (validated),Growth,Chr19 lead SNP,snp,Chr 19,48255459.0,,,NR,< 1E-05,P < 1E-05,169 (+101 hybrids),WGS (MGISEQ-2000),"1,129,992",,Wild-origin broodstock (Hainan),5-7 years,10.1007/s10126-025-10502-4,,Unpublished E. tukula assembly,,GCF_041903045.1,ASM4190304v1,Chromosome,NR,,0,B,position unusable (assembly not stated) and no candidate gene reported,,user_workbook,,
S021,SNP_level,21,Epinephelus tukula,Epinephelus tukula,Epinephelus lanceolatus,Growth traits (validated),Growth,Chr21 lead SNP,snp,Chr 21,25892144.0,,,NR,< 1E-05,P < 1E-05,169 (+101 hybrids),WGS (MGISEQ-2000),"1,129,992",,Wild-origin broodstock (Hainan),5-7 years,10.1007/s10126-025-10502-4,,Unpublished E. tukula assembly,,GCF_041903045.1,ASM4190304v1,Chromosome,NR,,0,B,position unusable (assembly not stated) and no candidate gene reported,,user_workbook,,
S022,SNP_level,22,Epinephelus tukula,Epinephelus tukula,Epinephelus lanceolatus,Growth traits (validated),Growth,Chr21 lead SNP,snp,Chr 21,39218913.0,,,NR,< 1E-05,P < 1E-05,169 (+101 hybrids),WGS (MGISEQ-2000),"1,129,992",,Wild-origin broodstock (Hainan),5-7 years,10.1007/s10126-025-10502-4,,Unpublished E. tukula assembly,,GCF_041903045.1,ASM4190304v1,Chromosome,NR,,0,B,position unusable (assembly not stated) and no candidate gene reported,,user_workbook,,
S023,SNP_level,23,Ictalurus punctatus,Ictalurus punctatus,,Monthly weight gain; body depth,Growth,rrp44 SNP 1,snp,Chr 20,14657971.0,,,NR,<= 1E-06,P <= 1E-06,303,WGS (BGISEQ-500),"5,641,711",,Cultured G2 selected line,~180 and ~540 dph,10.3390/cimb48040420,,Channel catfish reference genome,,GCF_001660625.3,Coco_2.0,Chromosome,rrp44,rrp44,1,B,position reported but assembly not stated or ambiguous; falls back to gene anchoring,,user_workbook,,
S024,SNP_level,24,Ictalurus punctatus,Ictalurus punctatus,,Monthly weight gain; body depth,Growth,rrp44 SNP 2,snp,Chr 20,14658012.0,,,NR,<= 1E-06,P <= 1E-06,303,WGS (BGISEQ-500),"5,641,711",,Cultured G2 selected line,~180 and ~540 dph,10.3390/cimb48040420,,Channel catfish reference genome,,GCF_001660625.3,Coco_2.0,Chromosome,rrp44,rrp44,1,B,position reported but assembly not stated or ambiguous; falls back to gene anchoring,,user_workbook,,
S025,SNP_level,25,Culter alburnus,Culter alburnus,,Body weight and body size traits,Growth,Lead SNPs clustered on chr16 and chr19,,Chr 16 / Chr 19,,,,NR,< 6.58E-09,Bonferroni -log10(P)=8.18,239,"WGS (MGI-2000/T7, ~11.44x)","7,597,008",,Admixed wild-origin populations,18 mpf,10.3390/ani16131969,,GWHBOSX00000000,,GCA_040182925.1,ASM4018292v1,Chromosome,aig1; cacna1b; pgm5; bcr,aig1;cacna1b;pgm5;bcr,4,B,no usable marker coordinate; anchored on reported candidate gene(s),,user_workbook,,
S026,SNP_level,26,Channa maculata,Channa maculata,Channa argus,Body weight; body length; total length,Growth,Lead SNP in HS6ST1,,,,,,NR,Genome-wide significant,NR,500,WGS,"~2,200,000",,Cultured,NR,10.1016/j.aqrep.2024.101932,,NR,,GCF_033026475.1,Channa argus male v1.0,Chromosome,HS6ST1,HS6ST1,1,B,no usable marker coordinate; anchored on reported candidate gene(s),,user_workbook,,
S027,SNP_level,27,Ctenopharyngodon idella,Ctenopharyngodon idella,,Body weight under hypersaline stress,Growth,Lead SNP upstream of UBL5,,,,,,NR,Most significant SNP,NR,98,WGS (extreme-phenotype),NR,,Saline-alkali adapted cultured,NR,10.1007/s10126-026-10600-x,,NR,,GCF_019924925.1,HZGC01,Chromosome,UBL5,UBL5,1,B,no usable marker coordinate; anchored on reported candidate gene(s),,user_workbook,,
W001,study_wise,1,Salmo salar (Atlantic salmon),Salmo salar,,Growth rate (days to reach 5 kg); age at sexual maturation,Growth,,,,,,,,,,466 (growth); 626 (grilsing),Illumina iSelect 6.5K SNP array,"3,908 SNPs after QC",1 SNP (chromosome-wide) for growth on Ssa13,Cultured (Cermaq Canada broodstock),Grow-out to harvest; maturation age classes,10.1371/journal.pone.0119730,2015.0,Atlantic salmon draft assembly (ASalBase),,GCF_965601325.1,fSalSal1,Chromosome,E2F transcription factor; malate dehydrogenase (MDH); FRA10AC1; maskin (CPEB-interacting protein),MDH;FRA10AC1;E2F,3,B,no usable marker coordinate; anchored on reported candidate gene(s),"Gutierrez et al., PLOS ONE. Bonferroni + 200 permutations. Growth signal only chromosome-wide, not genome-wide.",user_workbook,,
W002,study_wise,2,Salmo salar (Atlantic salmon),Salmo salar,,Body weight; body length,Growth,,,,,,,,,,622 (61 full-sib families),Affymetrix Axiom SNP array (~132K validated),"111,908 segregating SNPs",1 SNP chromosome-wide significant for length (Ssa17); 684 SNPs at relaxed P<0.005,"Cultured, pedigreed (Landcatch Natural Selection)","Juvenile, 1 year post-hatch",10.1186/s12864-015-2117-9,2015.0,AGKD00000000.4,,GCF_965601325.1,fSalSal1,Chromosome,RAI2; POMT1; AGRN; NOTCH3; MYH9; MYO18AB,RAI2;POMT1;AGRN;NOTCH3;MYH9;MYO18AB,6,B,no usable marker coordinate; anchored on reported candidate gene(s),"Tsai et al., BMC Genomics. Polygenic architecture; genomic prediction also reported.",user_workbook,,
W003,study_wise,3,Ictalurus punctatus x I. furcatus (channel x blue catfish backcross),Ictalurus punctatus,,Head length; head width; head depth,Growth,,,,,,,,,,556 backcross progeny (9 families),Affymetrix Axiom 250K catfish SNP array,"218,784 SNPs after QC","1 significant region on LG7 (head length); significant association on LG9 (head width); suggestive on LG7, 9, 16",Interspecific backcross hybrids,1-year-old,10.1534/g3.116.032201,2016.0,Channel catfish genome Coco_1.0,GCF_001660625.1,GCF_001660625.3,Coco_2.0,Chromosome,Small GTPases; fibroblast growth factors; bone morphogenetic proteins; integrins; cadherins; sphingomyelin phosphodiesterases,,0,U,no usable coordinate and no parsable candidate gene symbol,"Geng et al., G3. Genome-wide threshold -log10(P)=5.46.",user_workbook,,
W004,study_wise,4,Oncorhynchus mykiss (rainbow trout),Oncorhynchus mykiss,,Body weight at 10 and 13 months; fillet weight; fillet yield; head-off carcass weight,Growth,,,,,,,,,,"1,447 phenotyped; 875 genotyped (196 full-sib families, 3 generations)",57K Axiom Trout Genotyping Array,"38,107 polymorphic SNPs","Windows on Omy9 (1.5%, 1.0% genetic variance, fillet yield); Omy5 (1.4%, BW10)","Cultured, pedigreed NCCCWA growth-selected line",~10 and 13 months post-hatch (410-437 days),10.3389/fgene.2016.00203,2016.0,Rainbow trout reference genome (Berthelot et al. 2014),,GCF_013265735.2,USDA_OmykA_1.1,Chromosome,Properdin; calsyntenin-1-like; Sox2; Trim33; calpain-1; calpain-2; Ksr1,Sox2;Trim33;Ksr1,3,B,no usable marker coordinate; anchored on reported candidate gene(s),"Gonzalez-Pena et al., Front Genet. wssGBLUP window-based analysis.",user_workbook,,
W005,study_wise,5,Ictalurus punctatus x I. furcatus (catfish backcross),Ictalurus punctatus,,Deheaded body length; body length; body depth; body breadth (standardised by cube root of body weight),Growth,,,,,,,,,,556 backcross progeny,Affymetrix Axiom 250K catfish SNP array,~250K array; post-QC count NR,"Significant QTL on LG2 and LG24 (deheaded body length); SNPs on LG2, 7, 18 (body length); suggestive on LG5, 13, 14 (body depth); none for body breadth",Interspecific backcross hybrids,NR,10.1007/s10126-017-9775-3,2017.0,Channel catfish reference genome,,GCF_001660625.3,Coco_2.0,Chromosome,Multiple bone-development genes near associated SNPs,,0,U,no usable coordinate and no parsable candidate gene symbol,"Geng et al., Mar Biotechnol. Suggestive threshold -log10(P)>4.5.",user_workbook,,
W006,study_wise,6,Salmo salar (Atlantic salmon),Salmo salar,,Body weight at tagging (BWT); body weight at 25 months (BW25M),Growth,,,,,,,,,,"4,662 genotyped animals",50K SNP chip imputed to 200K (FImpute),"~200,000 imputed SNPs",Top 1-Mb windows explained max 3.71% (BWT) and 3.61% (BW25M) of genetic variance; peaks on chr 21 and 27,Cultured farmed population,Tagging and 25 months,10.1111/age.12621,2017.0,NR,,GCF_965601325.1,fSalSal1,Chromosome,VTN (vitronectin); WNT1-inducible-signaling pathway protein 3; MRAP2; myosin light chain kinase; TGF-beta receptor type 3; myosin light chain 1,VTN;MRAP2,2,B,no usable marker coordinate; anchored on reported candidate gene(s),"ADDED from Yanez et al. 2023 review (ref 41). Yoshida et al., Anim Genet 48(6):698-703. Bayes C window-based GWAS; polygenic architecture.",user_workbook,,
W007,study_wise,7,Cyprinus carpio (Yellow River common carp),Cyprinus carpio,,Head length; head length/body length ratio; eye diameter; eye cross,Growth,,,,,,,,,,433 for GWAS (+103 for QTL mapping),Common carp 250K SNP array,"106,959 SNPs after QC",12 SNPs genome-wide significant (GWAS) + 18 QTL (linkage mapping),"Cultured, multiple families from a breeding station",18 months post-hatch,10.3389/fgene.2018.00448,2018.0,GCF_000951615.1,GCF_000951615.1,GCF_018340385.1,ASM1834038v1,Chromosome,igf1; igf3; grb10; igf1r; notch2; sfrp2; parv; srpk2; fsrp5,igf1;igf3;grb10;igf1r;notch2;sfrp2;srpk2;fsrp5,8,B,no usable marker coordinate; anchored on reported candidate gene(s),"ADDED from Yanez et al. 2023 review (ref 92). Chen et al., Front Genet 9:448. Combined GWAS + QTL design; threshold -log10(P)>5.02 (suggestive 4.5).",user_workbook,,
W008,study_wise,8,Epinephelus coioides (orange-spotted grouper),Epinephelus coioides,,Body weight; total length,Growth,,,,,,,,,,198,RAD-seq,"261,366 SNPs",110 growth-correlated SNPs; 20 confirmed for both body weight and total length,Natural population,NR,10.1007/s11427-017-9161-4,2018.0,NR,,GCA_051314025.1,ASM5131402v1,Chromosome,"npy2r (key); adgrb2, csnk2a1, cers5, col22a1, creb5, dnd1, dzank1, dnai1, fat3, lrrk2, lrp5, map3k9 (34 genes total)",npy2r;adgrb2;csnk2a1;cers5;col22a1;creb5;dnd1;dzank1;dnai1;fat3;lrrk2;lrp5;map3k9,13,B,no usable marker coordinate; anchored on reported candidate gene(s),"Yu et al., Sci China Life Sci. First RAD-seq GWAS in this species.",user_workbook,,
W009,study_wise,9,Ictalurus punctatus x I. furcatus (catfish backcross),Ictalurus punctatus,,Body weight,Growth,,,,,,,,,,556 backcross progeny,250K SNP array,~250K array; post-QC count NR,"1 significant ~1 Mb region on LG5; 4 suggestive QTL regions on LG1, 2, 23, 24",Interspecific backcross hybrids,NR,10.1007/s00438-017-1406-1,2018.0,Channel catfish reference genome,,GCF_001660625.3,Coco_2.0,Chromosome,Muscle growth and bone development genes; several orthologous to human/pig obesity loci,,0,U,no usable coordinate and no parsable candidate gene symbol,"Li et al., Mol Genet Genomics.",user_workbook,,
W010,study_wise,10,Oncorhynchus mykiss (rainbow trout),Oncorhynchus mykiss,,"Muscle (fillet) yield; also body weight, muscle fat, shear force, whiteness",Growth,,,,,,,,,,"878 for GWA (406 from 2010 + 472 from 2012 year-class); 1,728 genotyped overall",50K Affymetrix transcribed-gene SNP-chip,"35,322 SNPs after QC (of 50,006)",163 SNPs explaining >=2% genetic variance; peak windows on Omy14 (12.71%) and Omy16 (10.49%),Cultured closed growth-selected line (5 generations),410-481 days post-hatch,10.3389/fgene.2018.00387,2018.0,GCA_002163495,GCA_002163495.1,GCF_013265735.2,USDA_OmykA_1.1,Chromosome,"ETFDH; fibroblast growth factor-binding protein 1; citrate synthase; LAMP2; TNFRSF5A (also slc26a9, cd34a, mcts1)",ETFDH;LAMP2;TNFRSF5A;cd34a;mcts1;slc26a9,6,B,no usable marker coordinate; anchored on reported candidate gene(s),"ADDED from Yanez et al. 2023 review (ref 72). Salem et al., Front Genet 9:387. Windows explaining >1% additive genetic variance.",user_workbook,,
W011,study_wise,11,Epinephelus lanceolatus (giant grouper),Epinephelus lanceolatus,,Body weight; body length; body height; total length (5 growth traits),Growth,,,,,,,,,,289,Genotyping-by-sequencing (GBS),"42,323 SNPs after QC","11 genome-wide significant SNPs; 36 growth-related SNPs; 22 QTL (e.g. LG17:6,934,451; LG7:22,596,399; LG15:11,877,836)",Cultured/domesticated,NR,10.1007/s10126-019-09916-8,2019.0,NR,,GCF_041903045.1,ASM4190304v1,Chromosome,Phosphatidylinositol transfer protein cytoplasmic 1; protein tyrosine phosphatase receptor type E; ABHD17C; VEGF-A,ABHD17C,1,B,no usable marker coordinate; anchored on reported candidate gene(s),"Wu et al., Mar Biotechnol. First GWAS in giant grouper.",user_workbook,,
W012,study_wise,12,Larimichthys crocea (large yellow croaker),Larimichthys crocea,,Growth-related and body-shape traits,Growth,,,,,,,,,,220,ddRAD-seq,"27,227 SNPs",13 genome-wide significant SNPs across 8 chromosomes,Cultured,NR,10.1007/s10126-019-09910-0,2019.0,Large yellow croaker reference genome,,GCF_000972845.2,L_crocea_2.0,Chromosome,"Growth: fgf18, fgf1, nr3c1, cyp8b1, fabp2, cyp2r1, ppara, ccm2l. Body shape: bmp7, col1a1, col11a2, col18a1",fgf1;nr3c1;cyp8b1;fabp2;cyp2r1;ppara;col1a1;col11a2;col18a1;fgf18;ccm2l;bmp7,12,B,no usable marker coordinate; anchored on reported candidate gene(s),"Zhou et al., Mar Biotechnol.",user_workbook,,
W013,study_wise,13,Nibea albiflora (yellow drum),Nibea albiflora,,Body length; body height; body thickness; body length/height ratio; swim bladder weight and index; gonad weight index,Growth,,,,,,,,,,"371 after QC (183 M, 188 F) of 393",Genotyping-by-sequencing (Illumina HiSeq X Ten),"53,677 SNPs (mean missing rate 3.32%)",NR,Captive-bred offspring of wild-caught parents,~1 year in cages + 10 months indoors,10.1007/s10126-019-09925-7,2019.0,Yellow drum assembly (~565 Mb),,GCA_014281875.1,ASM1428187v1,Chromosome,NR,,0,U,no usable coordinate and no parsable candidate gene symbol,"Liu et al., Mar Biotechnol. Primary focus swim bladder; body-size traits included.",user_workbook,,
W014,study_wise,14,Oncorhynchus mykiss (rainbow trout),Oncorhynchus mykiss,,Body weight at tagging; body weight at 18 months,Growth,,,,,,,,,,"4,596 (105 full-sib families)",57K SNP array,"~57,000 SNPs","Top regions on Omy15 (2.14% genetic variance, BW at tagging) and Omy24 (3.02%, BW 18 months)",Cultured Chilean breeding population,Tagging (early) and 18 months,10.1007/s00438-018-1518-2,2019.0,NR,,GCF_013265735.2,USDA_OmykA_1.1,Chromosome,Growth factors; skeletal muscle and bone development genes; nutrient metabolism genes,,0,U,no usable coordinate and no parsable candidate gene symbol,"Reis Neto et al., Mol Genet Genomics. Largest salmonid growth GWAS sample at the time.",user_workbook,,
W015,study_wise,15,Oreochromis niloticus (Nile tilapia),Oreochromis niloticus,,Harvest weight; fillet yield,Growth,,,,,,,,,,"5,866 phenotyped; 1,238 genotyped",Illumina 50K SNP BeadChip,"32,306 SNPs after QC",No major QTL; top 20-SNP windows only (polygenic),"Cultured breeding nucleus (8 generations of selection), Costa Rica",~13 months (mean 401 days),10.1534/g3.119.400116,2019.0,O. niloticus GCA_001858045.3,GCA_001858045.3,GCF_001858045.2,O_niloticus_UMD_NMBU,Chromosome,"Harvest weight: NPR1, EXTL3. Fillet yield: UTP6, RAB31, FSTL3",RAB31;FSTL3;NPR1;EXTL3;UTP6,5,B,no usable marker coordinate; anchored on reported candidate gene(s),"Yoshida et al., G3. Also tested low-density panels for cost-efficient genomic prediction.",user_workbook,,
W016,study_wise,16,"Cyprinus carpio (common carp), Xinlong strain",Cyprinus carpio,,Body weight; body length; body width; body depth at two stages (8 and 17 months),Growth,,,,,,,,,,123 (95 selection line + 28 control),2b-RAD sequencing,"147,131 SNPs after QC (from 413,059)",39 SNPs overlapping across both growth stages,"Cultured full-sib families, selective breeding programme",8 months and 17 months,10.1038/s41598-020-64037-w,2020.0,Common carp (Songpu strain) genome,,GCF_018340385.1,ASM1834038v1,Chromosome,TOX; PLK2; CD163,TOX;PLK2;CD163,3,B,no usable marker coordinate; anchored on reported candidate gene(s),"Su et al., Sci Rep. Different gene sets drive early vs late grow-out growth.",user_workbook,,
W017,study_wise,17,Epinephelus fuscoguttatus (brown-marbled grouper),Epinephelus fuscoguttatus,,Body weight; body length; body height; body thickness; total length,Growth,,,,,,,,,,172 discovery + 123 validation,ddRAD-seq,"43,688 SNPs","5 significant QTL (+14 suggestive); lead SNP 23:29,601,315 in bmp2k intron",Cultured/domesticated,NR,10.1007/s10126-019-09940-8,2020.0,NR,,GCF_011397635.1,E.fuscoguttatus.final_Chr_v1,Chromosome,bmp2k; wasf1; acyp2,bmp2k;wasf1;acyp2,3,B,no usable marker coordinate; anchored on reported candidate gene(s),"Yang et al., Mar Biotechnol. Independent validation cohort.",user_workbook,,
W018,study_wise,18,Larimichthys crocea (large yellow croaker),Larimichthys crocea,,Body depth/body length; body thickness/body length; caudal peduncle depth ratio; tail length/body length; body area/head area,Growth,,,,,,,,,,280,ddRAD sequencing,NR,20 significant SNPs across 12 chromosomes + 5 suggestive,Cultured panmictic population,NR,10.1007/s10126-020-09983-2,2020.0,RQIN00000000 (Li and Durbin 2009),,GCF_000972845.2,L_crocea_2.0,Chromosome,fabp1; acrv1; bcor; mstn; bambi; neo1,fabp1;acrv1;bcor;mstn;bambi;neo1,6,B,no usable marker coordinate; anchored on reported candidate gene(s),"ADDED from Yanez et al. 2023 review (ref 104). Kong et al., Mar Biotechnol 22(5):631-643. Body-shape morphometrics; companion study to Zhou et al. 2019.",user_workbook,,
W019,study_wise,19,Oncorhynchus mykiss (rainbow trout),Oncorhynchus mykiss,,Body weight gain,Growth,,,,,,,,,,789 (two consecutive generations),50K gene-transcribed SNP chip,"29,451 SNPs after MAF/HWE filtering","247 SNPs (wssGBLUP); 33 SNPs (single-marker); clustered on Omy2, 4, 8, 9, 13, 14, 18 (Omy14 richest, 50 SNPs)",Cultured NCCCWA growth-selected line,NR,10.1186/s12864-020-6617-x,2020.0,GCF_002163495 (Omyk_1.0),GCF_002163495.1,GCF_013265735.2,USDA_OmykA_1.1,Chromosome,OCRL-1; THBS1; MAP4; PHGDH; CAV-1; CCND1; AMPK-pathway genes,OCRL-1;THBS1;MAP4;PHGDH;CAV-1;CCND1,6,B,no usable marker coordinate; anchored on reported candidate gene(s),"Ali et al., BMC Genomics. Bonferroni single-marker threshold 1.70E-06.",user_workbook,,
W020,study_wise,20,Hypophthalmichthys nobilis (bighead carp),Hypophthalmichthys nobilis,Ctenopharyngodon idella,"Head size/shape traits (HL, HW, HH, HL/HH, HL/HW, HL/BL)",Growth,,,,,,,,,,776,High-throughput SNP genotyping (2b-RAD),"9,285 SNPs",11 significant + 12 suggestive; 17 (HL/HH) and 6 (HL/HW) SNPs for shape traits;  9 of the 11 significant SNPs are on LG16,"Cultured (Yangtze River-origin parents, pond-reared offspring)",Adult,10.1016/j.aquaculture.2021.736648,2021.0,Bighead carp genome,,GCF_019924925.1,HZGC01,Chromosome,"cc2b, prdm1b, fndc5b, lbr, bmp8a, ATP6v1cb (head-size genes); ptch1, col9a1a, tgfbr2, hecw2a, zbtb42, sema7a (shape genes)",cc2b;prdm1b;fndc5b;lbr;bmp8a;ATP6v1cb;ptch1;col9a1a;tgfbr2;hecw2a;zbtb42;sema7a,12,B,no usable marker coordinate; anchored on reported candidate gene(s),Aquaculture. Head morphometrics (growth-related conformation). Details not retrievable here.,user_workbook,,
W021,study_wise,21,Lates calcarifer (Asian seabass / barramundi),Lates calcarifer,,Body weight; standard length,Growth,,,,,,,,,,"188 (28 families: 16 full-sib, 12 half-sib)",DArTseq,"11,084 SNPs","4 SNPs for body weight (1 on chr16 at stringent threshold; 2 more on chr16 marginal); 3 markers on chr11, 15, 17 by alternative methods","Cultured, 2nd generation of an 8-year selection programme",Measured at 180 dph and at harvest,10.3390/jmse9030282,2021.0,Asian seabass chromosome-level assembly,,GCF_001640805.2,TLL_Latcal_v3,Chromosome,12 markers linked to genes including growth hormone,gh1,1,B,no usable marker coordinate; anchored on reported candidate gene(s),"Nguyen & Pham, J Mar Sci Eng. Small n; treat effect sizes cautiously.",user_workbook,,
W022,study_wise,22,Oncorhynchus mykiss (rainbow trout),Oncorhynchus mykiss,,Body weight; condition coefficient; head yield; carcass yield; headless gutted carcass yield (plus fat/colour quality traits),Growth,,,,,,,,,,"1,379 with genotype+phenotype (1,510 phenotyped)",57K Axiom Trout Genotyping Array,"29,652 SNPs after QC","Major QTL region on Omy8 (up to 10% cumulative genetic variance for weight, condition, fat, carcass yields); 6 QTL for flesh colour",Cultured commercial selected line,503-506 days post-fertilisation,10.3389/fgene.2021.639223,2021.0,GCF_002163495.1,GCF_002163495.1,GCF_013265735.2,USDA_OmykA_1.1,Chromosome,htr1; gnpat; ephx1; bcmo1; cyp2x,htr1;gnpat;ephx1;bcmo1;cyp2x,5,B,no usable marker coordinate; anchored on reported candidate gene(s),"Blay et al., Front Genet. Bayesian threshold 2ln(BF)>=6.",user_workbook,,
W023,study_wise,23,Oncorhynchus mykiss (rainbow trout),Oncorhynchus mykiss,,Body weight; body length; average daily gain - all under 62-day chronic heat stress,Growth,,,,,,,,,,956 (192 on 1K panel + 764 on 26K panel); 102 parents as imputation reference,Custom 1K and 26K SNP panels imputed to whole-genome sequence,Imputed WGS variants,"Top five cumulative SNPs explained max 0.94% (BW), 0.86% (BL), 0.51% (ADG) of genetic variance; signals on Omy3 and Omy7",Cultured breeding population under chronic thermal challenge,62-day heat-stress challenge,10.1111/eva.13240,2021.0,"GCA_013265735.3 USDA_OmykA_1.1 (Top 5 SNPs BLAST use Omyk_1.0, GCA_002163495.1 reference",GCA_013265735.3,GCF_013265735.2,USDA_OmykA_1.1,Chromosome,STAT5B; STAT3; CISH,STAT5B;STAT3;CISH,3,B,no usable marker coordinate; anchored on reported candidate gene(s),"ADDED from Yanez et al. 2023 review (ref 64). Yoshida & Yanez, Evol Appl 15(4):537-552. h2 0.33-0.55; GWAS-preselected SNPs improved prediction accuracy 1.2-13.3%.",user_workbook,,
W024,study_wise,24,Oreochromis niloticus (Nile tilapia),Oreochromis niloticus,,Average daily gain; body weight at harvest; body length at harvest; head weight; gutted head-on weight; waste weight; fillet weight; fillet yield,Growth,,,,,,,,,,"1,309 (72 families)",50K Illumina SNP BeadChip imputed to whole-genome sequence,"29,587 SNPs post-QC; 1,324,420 SNPs imputed panel","827-1,920 significant variants per trait (multi-trait GWAS); peaks on LG03, LG12, LG13",Cultured commercial breeding nucleus,~370 days at harvest,10.1186/s12864-020-07341-z,2021.0,Nile tilapia chromosome-level assembly,,GCF_001858045.2,O_niloticus_UMD_NMBU,Chromosome,FUT8; SLC4A2; ADAMTS9; HEG1; COL4A1; GDF6; ASB2; NUP107,FUT8;SLC4A2;ADAMTS9;HEG1;COL4A1;GDF6;ASB2;NUP107,8,B,no usable marker coordinate; anchored on reported candidate gene(s),"Yoshida & Yanez, BMC Genomics. Imputation to WGS density.",user_workbook,,
W025,study_wise,25,Oreochromis niloticus (Nile tilapia),Oreochromis niloticus,,Body weight at five time points (BW1-BW5) under hypoxia and normoxia,Growth,,,,,,,,,,"3,140 phenotyped; 2,063 genotyped","RAD-seq (ApeKI, Illumina HiSeq 2000)","27,090 SNPs","36 (hypoxic), 29 (normoxic), 33 (meta-analysis)",Cultured GIFT generation 16,Five measurements over ~217 days,10.1186/s12864-021-07486-5,2021.0,GCF_001858045.1,GCF_001858045.1,GCF_001858045.2,O_niloticus_UMD_NMBU,Chromosome,igf1rb; rora; efna3; aurk; MAPK and VEGF signalling,igf1rb;rora;efna3;aurk;MAPK;VEGF,6,B,no usable marker coordinate; anchored on reported candidate gene(s),"Yu et al., BMC Genomics. Growth under oxygen stress; GxE design.",user_workbook,,
W026,study_wise,26,Oreochromis niloticus (Nile tilapia),Oreochromis niloticus,,Body weight gain; feed conversion ratio; residual feed intake; feed intake,Growth,,,,,,,,,,"755 after QC (of 1,200; 40 full-sib families)",ThermoFisher Axiom 65K SNP array,"48,431 SNPs after QC",10 SNPs on LG5 (body weight gain); 1 SNP on LG7 (feed intake),Cultured GIFT breeding programme,NR,10.3389/fgene.2021.737906,2021.0,GCA_001858045.3,GCA_001858045.3,GCF_001858045.2,O_niloticus_UMD_NMBU,Chromosome,ghrh; eif4e3; ntrk3a,ghrh;eif4e3;ntrk3a,3,B,no usable marker coordinate; anchored on reported candidate gene(s),"Barria et al., Front Genet. Growth-efficiency traits.",user_workbook,,
W027,study_wise,27,Takifugu bimaculatus (pufferfish),Takifugu bimaculatus,,Five growth measurements; condition factor,Growth,,,,,,,,,,167,Whole-genome resequencing,"122,573 variants",9 SNPs for growth traits; 10 SNPs for condition factor,Cultured,NR,10.1016/j.repbre.2021.05.001,2021.0,NR,,GCA_004026145.2,XU_Tbim_1.0,Chromosome,"17 growth-associated genes (muscle development, growth factor pathways); 5 condition-factor genes (bone formation, stress response)",,0,U,no usable coordinate and no parsable candidate gene symbol,Reproduction and Breeding (open access).,user_workbook,,
W028,study_wise,28,Hypophthalmichthys nobilis (bighead carp),Hypophthalmichthys nobilis,Ctenopharyngodon idella,Body weight; body length; body height; deheaded body length,Growth,,,,,,,,,,776,2b-RAD sequencing,NR,"26 significant + 19 suggestive SNPs, predominantly on LG16",Cultured; growth-extreme individuals used for validation,NR,10.1007/s10126-022-10176-2,2022.0,NR,,GCF_019924925.1,HZGC01,Chromosome,"fndc5b (lead, intronic); 43 associated genes; 18 shared across all traits",fndc5b,1,B,no usable marker coordinate; anchored on reported candidate gene(s),"Chen et al., Mar Biotechnol.",user_workbook,,
W029,study_wise,29,Larimichthys crocea (large yellow croaker),Larimichthys crocea,,Growth performance on a high plant-protein diet,Growth,,region,Chr 18,15400000.0,11900000.0,18900000.0,,,,891 (from intial 2048),ddRAD,34994 SNPs (after QC),36 SNPs associated with Weight Gain Rate (WGR),Cultured,17 months old,10.1016/j.aquaculture.2022.738090,2022.0,PRJNA505758,,GCF_000972845.2,L_crocea_2.0,Chromosome,peak region at 11.9-18.9Mb on Chr 18,,0,B,position unusable (assembly not stated) and no candidate gene reported,"ADDED from Yanez et al. 2023 review (ref 105). Ke et al., Aquaculture 553:738090. GWAS + genomic prediction for diet-adaptation growth. Details not retrievable here.",user_workbook,,
W030,study_wise,30,Leiocassis longirostris (Chinese longsnout catfish),Leiocassis longirostris,Tachysurus fulvidraco,"Body mass, total length, standard length, head width, snout length, caudal peduncle depth",Growth,,,,,,,,,,200,"whole-genome resequencing (Illumina NovaSeq, ~9.5x)""","1,260,645 SNPs","31 significant overall, but the per-trait breakdown  (12 body mass, 5 total length, 6 standard length, 9 head width, 4 snout length, 8 caudal peduncle depth) sums to 44","Cultured, China",Not reported (all),10.1016/j.aquaculture.2022.738513,2022.0,PRJNA692071,,GCF_022655615.1,HZAU_PFXX_2.0,Chromosome,"285 candidate genes total (96 BW, 31 TL, 39 SL, 61 HW, 22 snout, 36 caudal); named genes enox2, ky, coma1, matn1, sdc3, if2b3, kif3a, h1b, cadh7, rerg, fabph",ky;coma1;matn1;sdc3;kif3a;h1b;rerg;enox2,8,B,no usable marker coordinate; anchored on reported candidate gene(s),Aquaculture. Growth-related markers for selection. Details not retrievable here.,user_workbook,,
W031,study_wise,31,Oplegnathus fasciatus (rock bream),Oplegnathus fasciatus,,Body weight; total length; body depth,Growth,,,,,,,,,,455 after QC,SNP genotyping (post-QC panel),"16,162 SNPs",Polygenic architecture; no major-effect QTL. ~1K GWAS-selected SNPs sufficient for prediction,Cultured breeding population (East Asia),NR,10.1111/eva.13218,2022.0,Rock bream reference genome,,,,,NR,,0,U,no annotated genome for species and no eligible chromosome-level proxy,"Gong et al., Evol Appl. h2: BW 0.38, TL 0.33, BD 0.24. First GS+GWAS in Oplegnathus.",user_workbook,,
W032,study_wise,32,Paralichthys olivaceus (olive/Japanese flounder),Paralichthys olivaceus,,"Body weight (BW), total length (TL), maximum body depth (BD)",Growth,,,,,,,,,,"1,800 measured; 1,009 retained after QC",Affymetrix Axiom myDesign 70K SNP array,"58,756 SNPs (after QC)","8 significant/suggestive SNPs, mainly Chr23/24; lead loci AX-419206420 and AX-419307742","farmed populations span Korea/Japan (""Four farmed populations around Jeju Island, Korea/Japan"").",Fish of the same age; sex-dependent growth observed (females > males),10.1016/j.aquaculture.2022.738257,2022.0,Not reported (all three),,GCF_024713975.1,ASM2471397v2,Chromosome,"30 candidate genes (p<1e-4); AXDND1 among them; GO enrichment for neuron development, molecule binding, cytoskeleton organization",AXDND1,1,B,no usable marker coordinate; anchored on reported candidate gene(s),"Omeka et al., Aquaculture. Korean/Australian collaboration (Jeju Nat. Univ., JCU). Details not retrievable here.",user_workbook,,
W033,study_wise,33,Siniperca chuatsi (mandarin fish),Siniperca chuatsi,,"Body weight, body thickness, body height, total length, slaughter weight, body length",Growth,,,,,,,,,,160,SLAF-seq / SNP genotyping,"5,205 high-quality SNPs",11 significant; 37 suggestive,Cultured (all),Not reported (all),10.1016/j.aquaculture.2021.737879,2022.0,Not reported (all),,GCF_020085105.1,ASM2008510v1,Chromosome,"65 candidate genes; e.g., asns, tg, mkk6, htra1, rnf213, ttn, tgfbr2, nck2.",asns;tg;mkk6;htra1;rnf213;ttn;tgfbr2;nck2,8,B,no usable marker coordinate; anchored on reported candidate gene(s),"Zhou et al., Aquaculture. Details not retrievable here.",user_workbook,,
W034,study_wise,34,Tachysurus (Pelteobagrus) fulvidraco (yellow catfish),Tachysurus fulvidraco,,"Body length (BL), body weight (BW); sexual size dimorphism",Growth,,,,,,,,,,125 females (GWAS); 185 males (validation),Whole-genome resequencing,"1,259,870 SNPs after LD pruning","4 significant (1 BL + 3 BW; 1 shared at Chr15:19195072, an exon of stat5b)",Breeding population (all),Not reported (all),10.1016/j.ygeno.2022.110380,2022.0,"Yellow catfish reference genome, exact assembly not stated",,GCF_022655615.1,HZAU_PFXX_2.0,Chromosome,"stat5b, validated. nearby genes stat3, kcnh4, ptrf, rab5c",stat5b;kcnh4;ptrf;rab5c;stat3,5,B,no usable marker coordinate; anchored on reported candidate gene(s),Genomics (Elsevier). PMID 35533968. Bibliographic data verified; quantitative details not retrievable here.,user_workbook,,
W035,study_wise,35,Clarias macrocephalus (bighead catfish),Clarias macrocephalus,Clarias gariepinus,"Body weight, standard length, total length",Growth,,,,,,,,,,991 (74 full-sib + 31 half-sib families),DArTseq genotyping-by-sequencing,"9,530 SNPs",19 markers associated with growth traits; PVE 1.02-6.59%,Selectively bred population in Thailand (74 full-sib + 31 half-sib families),8 months old,10.1016/j.aquaculture.2022.738748,2023.0,Not reported (all),,GCF_024256425.1,CGAR_prim_01v2,Chromosome,"egln2, zfyve21, jph3a, + one hypothetical protein",egln2;zfyve21;jph3a,3,B,no usable marker coordinate; anchored on reported candidate gene(s),Aquaculture. GWAS + genomic prediction. Details not retrievable here.,user_workbook,,
W036,study_wise,36,Ctenopharyngodon idella (grass carp),Ctenopharyngodon idella,,"Body weight, body length, body height, body depth",Growth,,,,,,,,,,365,21K grass carp SNP array,"18,161 high-quality SNPs","5 significant SNPs (LG01, LG05, LG07, LG22).",Cultured (all),Not reported (all),10.1016/j.aquaculture.2023.739979,2023.0,Not reported (all),,GCF_019924925.1,HZGC01,Chromosome,"98 candidate genes, gene functions: metabolic processes, skeletal morphogenesis.",,0,U,no usable coordinate and no parsable candidate gene symbol,"Hao et al., Aquaculture. Details not retrievable here.",user_workbook,,
W037,study_wise,37,Epinephelus coioides (orange-spotted grouper),Epinephelus coioides,,Early growth traits,Growth,,,,,,,,,,Not reported (all),RAD-seq (restriction site-associated DNA sequencing),Not reported (all),11 significant SNPs associated with fast growth,Not reported (all),Early growth stage,10.1016/j.aquaculture.2022.739129,2023.0,Not reported (all),,GCA_051314025.1,ASM5131402v1,Chromosome,"8 specific genes (mustn1, bmp7, sema3a, magi2, prkcd, capzb, twf2, eps8l2)",mustn1;bmp7;sema3a;magi2;prkcd;capzb;twf2;eps8l2,8,B,no usable marker coordinate; anchored on reported candidate gene(s),Aquaculture. Details not retrievable here.,user_workbook,,
W038,study_wise,38,Lateolabrax maculatus (spotted sea bass),Lateolabrax maculatus,,"Growth traits (BW, BH, TL, BL)",Growth,,,,,,,,,,514,Whole-genome resequencing,>4 million SNPs,66 growth-related SNPs (mixed linear model),"Dongying (DY) and Tangshan (TS), China",1-year-old,10.1016/j.aquaculture.2022.739194,2023.0,Not reported (all),,GCA_031216445.1,YSFRI_Lmacu_1.1,Chromosome,"Genes implicated in cytoskeleton reorganization, neuromodulation, angiogenesis, cell adhesion; no specific gene list available",,0,U,no usable coordinate and no parsable candidate gene symbol,Aquaculture. First GWAS + genomic prediction in this species. Details not retrievable here.,user_workbook,,
W039,study_wise,39,Trachinotus ovatus (golden pompano),Trachinotus ovatus,,"Body weight (BW), body length (BL)",Growth,,,,,,,,,,692,Whole-genome resequencing,"4,886,850 SNPs",107 significant SNPs; 18 shared between BW and BL,"Cultured, Hainan Chenhai Aquatic Co., different cages",Not reported (all),10.1016/j.aquaculture.2023.739549,2023.0,"Chromosome-level reference genome, exact assembly unstated",,,,,"108 candidate genes; GO enrichment for muscle growth, anabolism, bone development",,0,U,no annotated genome for species and no eligible chromosome-level proxy,"Zhu et al., Aquaculture. Details not retrievable here.",user_workbook,,
W040,study_wise,40,Channa maculata (blotched snakehead),Channa maculata,Channa argus,"Eight growth traits (incl. body weight, body length, total length)",Growth,,,,,,,,,,500,Whole-genome sequencing,~2.2 million SNPs,51 significant SNPs,Cultured,NR,10.1016/j.aqrep.2024.101932,2024.0,NR,,GCF_033026475.1,Channa argus male v1.0,Chromosome,"HS6ST1 (lead; body weight, body length, total length); 112 candidate genes total",HS6ST1;weight,2,B,no usable marker coordinate; anchored on reported candidate gene(s),"Liu et al., Aquaculture Reports (open access). Heritability 0.2245-0.5184 for 7 traits.",user_workbook,,
W041,study_wise,41,Ctenopharyngodon idella (grass carp),Ctenopharyngodon idella,,"Growth traits (BW, BL, BH per v1)",Growth,,,,,,,,,,Not reported (all),Whole-genome resequencing,"4,854,366 SNPs",31 significant SNPs,"Cultured grass carp; mapping population derived from wild founders collected from Yangtze, Pearl and Xiangjiang Rivers.",Not reported (all),10.1016/j.aquaculture.2024.741129,2024.0,"Grass carp reference genome, exact assembly not stated",,GCF_019924925.1,HZGC01,Chromosome,"120 candidate genes total, highlighted subset pwp1, cers5, chrebp agreed by all three; additional names lsr, ctnnbip1, smoc2, ano6, cckrb",cers5;ctnnbip1;smoc2;ano6;cckrb;pwp1;chrebp;lsr,8,B,no usable marker coordinate; anchored on reported candidate gene(s),"Zhang et al., Aquaculture. Novel SNPs and candidate genes. Details not retrievable here.",user_workbook,,
W042,study_wise,42,Lateolabrax maculatus (spotted sea bass),Lateolabrax maculatus,,Body weight; body length; carcass weight,Growth,,,,,,,,,,200 (100 fast- vs 100 slow-growing; extreme-phenotype design),"Whole-genome resequencing (MGI-2000/T7, PE150)","4,528,936 SNPs after QC","50 growth-associated markers; 4 lead SNPs on chr16 (13,133,726; 13,209,537; 14,468,078; 18,537,358)","Cultured, single random-mated breeding population","Grow-out, ~1,200 g mean weight",10.3390/ani14202995,2024.0,L. maculatus improved draft assembly,,GCA_031216445.1,YSFRI_Lmacu_1.1,Chromosome,SORCS2 (15.82% PVE); ZNF436; SLC7A8 (47 genes total),SORCS2;ZNF436;SLC7A8,3,B,no usable marker coordinate; anchored on reported candidate gene(s),"Zhou et al., Animals. Extreme-phenotype GWAS; Bonferroni after LD pruning.",user_workbook,,
W043,study_wise,43,Lateolabrax maculatus (spotted sea bass),Lateolabrax maculatus,,"Growth traits, InDel-based (total length used for genomic prediction)",Growth,,,,,,,,,,Not reported (all),Whole-genome resequencing; InDel markers,Not reported (all),"97 significant InDels, including a 6bp insertion in an exon",Cultured; DY and TS populations,Not reported (all),10.1002/aro2.87,2024.0,Not reported (all),,GCA_031216445.1,YSFRI_Lmacu_1.1,Chromosome,"c4b, fgf4, dnajb9 (novel); only 5 (DY) and 1 (TS) overlapped the same group's earlier SNP-based GWAS candidates",c4b;fgf4;dnajb9;SNP-based,4,B,no usable marker coordinate; anchored on reported candidate gene(s),"Zhang et al., Animal Research and One Health (Wiley). InDel-based GWAS + genomic prediction; details not fully retrieved.",user_workbook,,
W044,study_wise,44,Micropterus salmoides (largemouth bass),Micropterus salmoides,,Body weight; body length; body height; body thickness; caudal peduncle length; caudal peduncle height,Growth,,,,,,,,,,"1,066 (two populations)","Whole-genome resequencing (Illumina NovaSeq X, PE150)","1,809,116 SNPs after QC","15 SNPs (6 genome-wide significant + 9 suggestive); e.g. BW chr23:8,370,508 and chr23:20,121,867; BH chr1:3,391,027",Cultured (Chinese aquaculture),NR,10.3389/fmolb.2024.1443522,2024.0,GCA_019677235.1,GCA_019677235.1,GCF_014851395.1,ASM1485139v1,Scaffold,igf1; myf5; myf6; igf2r; cavin4b (24 genes total),igf1;myf5;myf6;igf2r;cavin4b,5,B,no usable marker coordinate; anchored on reported candidate gene(s),"Han et al., Front Mol Biosci. Bonferroni threshold 6.42E-07 (77,935 effective SNPs).",user_workbook,,
W045,study_wise,45,"Siniperca chuatsi (mandarin fish), all-female population",Siniperca chuatsi,,"Body weight, body length, whole length, body height, body thickness",Growth,,,,,,,,,,192 (100 additional for validation),ddRAD-seq,"49,940 SNPs",6 significant SNPs; PVE 9.66-19.47%; 4 of the 6 associated with all traits. Additional 25 suggestive SNPs,"All-female cultured population, strain ""Dinggui I"" (GS-04-001-2021)",Not reported (all),10.1016/j.aquaculture.2024.740778,2024.0,"Mandarin fish genome (He et al., 2020)",,GCF_020085105.1,ASM2008510v1,Chromosome,"AKT2, CCNT2, EPB41L2, CAMKMT",AKT2;CCNT2;EPB41L2;CAMKMT,4,B,no usable marker coordinate; anchored on reported candidate gene(s),Aquaculture. Details not retrievable here.,user_workbook,,
W046,study_wise,46,Sparus aurata (gilthead seabream),Sparus aurata,,"Harvest weight, fillet weight, thermal growth coefficient; organ weights (VW, LW, HeW) across environments (GxE)",Growth,,,,,,,,,,"1,901 after QC; 934 (Spain) / 967 (Greece) for growth traits",Axiom SNP array,"32,359 genotyped; 29,111 after QC",14 suggestive/significant SNPs each in Spain and Greece; 15 organ-weight SNPs in Spain; 17 organ-weight SNPs in Greece,"Commercial production sites, Spain and Greece",Harvest stage; environments differ in temperature,10.1016/j.aquaculture.2024.740984,2024.0,Gilthead seabream genome reference,,GCF_900880675.2,fSpaAur1.2,Chromosome,"specific genes (ncan, znf292, zfr — Spain; traf2a, tnc, zfr, uqcc1, gdf5, hmgcra, gnai2b, si — Greece); GO/KEGG functional terms (light absorption, ECM-receptor interaction — Spain; response to stimulus, cell adhesion, phosphorylation regulation — Greece)",ncan;znf292;traf2a;tnc;zfr;uqcc1;gdf5;hmgcra;gnai2b,9,B,no usable marker coordinate; anchored on reported candidate gene(s),Aquaculture. Genotype-by-environment interaction GWAS. Details not retrievable here.,user_workbook,,
W047,study_wise,47,Ctenopharyngodon idella (grass carp),Ctenopharyngodon idella,,"Body weight, body length, body height, body depth across 4 dietary protein levels (20/25/30/35%)",Growth,,,,,,,,,,928 individuals,21K liquid SNP array,"62,736 high-quality SNPs","90 SNPs significantly associated with growth traits; 3 pleiotropic SNPs (SLG14_24417024, SLG14_24417039, SLG24_30276273)","Cultured, four dietary protein treatments",Sampled after a 3-month feeding trial,10.3390/ani15131888,2025.0,"Grass carp reference genome, reads mapped with BWA-MEM, assembly accession unstated",,GCF_019924925.1,HZGC01,Chromosome,"276 candidate genes; enriched for keratinocyte development, septin cytoskeleton organization, heat acclimation",,0,U,no usable coordinate and no parsable candidate gene symbol,"Chen et al., Animals. Genomic prediction accuracy 0.79 for body weight with 1,533 markers.",user_workbook,,
W048,study_wise,48,"Cyprinus carpio (common carp, mirror carp)",Cyprinus carpio,,"Body length; body weight; condition factor (plus fillet fat content), spring and autumn at age 2",Growth,,,,,,,,,,325,"Whole-genome resequencing (BGI T7, PE150, ~17 Gb/sample)","SNP sets evaluated at 500, 1K, 5K, 10K, 50K densities",NR,Cultured commercial mirror carp broodstock (Hulan Breeding Station),2 years old,10.3390/ijms26147009,2025.0,Common carp reference genome,,GCF_018340385.1,ASM1834038v1,Chromosome,NR,,0,U,no usable coordinate and no parsable candidate gene symbol,"Sun et al., IJMS. GWAS used mainly to pre-select markers for genomic selection.",user_workbook,,
W049,study_wise,49,Epinephelus tukula (potato grouper),Epinephelus tukula,Epinephelus lanceolatus,Body weight; body length; body height; whole length; head length; caudal peduncle length; caudal peduncle height,Growth,,,,,,,,,,169 (+101 hybrids for validation),Whole-genome resequencing (MGISEQ-2000),"1,129,992 SNPs after QC","26 SNPs on chr3, 9, 10, 11, 13, 14, 15, 16, 19, 20, 21, 22; 5 validated (chr3:7,087,462; chr11:43,373,246; chr19:48,255,459; chr21:25,892,144; chr21:39,218,913)",Wild/broodstock from four Hainan regions,5-7 years old,10.1007/s10126-025-10502-4,2025.0,Unpublished E. tukula reference genome,,GCF_041903045.1,ASM4190304v1,Chromosome,CCDC102A; NTRK2; CTSL; OTOF; nestin,CCDC102A;NTRK2;CTSL;OTOF;nestin;nes,6,B,no usable marker coordinate; anchored on reported candidate gene(s),"Cao et al., Mar Biotechnol. Threshold P<1E-05; core germplasm construction.",user_workbook,,
W050,study_wise,50,Lates calcarifer (Asian seabass),Lates calcarifer,,Body weight; length,Growth,,,,,,,,,,"1,100",SNP array,"25,647 SNPs screened",70 growth-associated SNPs (58 segregating genome-wide),Cultured Thai (KU) population,390 days old,10.1007/s10126-025-10489-y,2025.0,Asian seabass reference genome,,GCF_001640805.2,TLL_Latcal_v3,Chromosome,NR,,0,U,no usable coordinate and no parsable candidate gene symbol,"Yuttiwat et al., Mar Biotechnol. Marey map approach; allele substitution effects 6.84-81.91 g (weight), 0.12-1.8 cm (length).",user_workbook,,
W051,study_wise,51,Mastacembelus armatus (zig-zag eel),Mastacembelus armatus,,Body height; body length; body weight; body thickness; head length; total length,Growth,,,,,,,,,,175,Whole-genome resequencing,"13,844,114 SNPs across 24 chromosomes","2, 1, 2, 2, 1 and 2 SNPs for the six traits respectively",Cultured (South China),NR,10.1007/s10126-025-10510-4,2025.0,NR,,GCF_900324485.3,fMasArm1.3,Chromosome,ppt1; cap1; lnr; fgfr2,ppt1;cap1;fgfr2,3,B,no usable marker coordinate; anchored on reported candidate gene(s),"Han et al., Mar Biotechnol.",user_workbook,,
W052,study_wise,52,Micropterus salmoides (largemouth bass),Micropterus salmoides,,"Body weight, full length, body height, body width, at early growth stages",Growth,,,,,,,,,,158,Reduced-representation genome sequencing (RRGS),"7,714 high-quality mutations",5 significant + 15 suggestive mutations (-log10(p) thresholds 5.19 and 3.89),Not reported (all),Early growth stages,10.1016/j.aquaculture.2025.742184,2025.0,Not reported (all)+K18,,GCF_014851395.1,ASM1485139v1,Scaffold,"45 candidate genes, additional names 7 highlighted genes — pard3, llgl2, myo15b, shisa6, plcd3a, galk1, acbd4",llgl2;myo15b;shisa6;plcd3a;galk1;acbd4;pard3,7,B,no usable marker coordinate; anchored on reported candidate gene(s),Aquaculture. Details not retrievable here.,user_workbook,,
W053,study_wise,53,Oncorhynchus mykiss (rainbow trout),Oncorhynchus mykiss,,"Body weight, body length, average daily gain at low (~7C) and high (~22C) temperature",Growth,,,,,,,,,,806 analyzed; 614 LD + 192 MD genotyped; 102 parents sequenced,TGBS/SNP panels with genotype imputation,"711,993 high-confidence imputed SNPs, ~700K final dataset",No significant single-trait SNPs; multi-trait analysis yielded hundreds of significant markers per trait. SNP-effect correlations between temperatures r=0.06-0.22; genomic heritabilities 0.19±0.06-0.32±0.05 (low temp) and 0.16±0.05-0.39±0.08 (high temp),119 thermally challenged families; 61 extreme-phenotype families genotyped,Low temp: week 47-67; high temp: week 69-77 post-hatching,10.1007/s00438-025-02263-5,2025.0,GCA_002163495.1,GCA_002163495.1,GCF_013265735.2,USDA_OmykA_1.1,Chromosome,sema6ba,sema6ba,1,B,no usable marker coordinate; anchored on reported candidate gene(s),"Gallardo-Hidalgo et al., Mol Genet Genomics. Multi-trait GWAS across contrasting thermal environments; some methods details not in accessible record.",user_workbook,,
W054,study_wise,54,Oreochromis spp. (red tilapia),Oreochromis niloticus,,Total body length; body height; body mass; caudal peduncle height (under hyperosmotic stress),Growth,,,,,,,,,,160 genotyped (+12 for RNA-seq),"Whole-genome resequencing (Illumina NovaSeq, PE150)","12,776,921 high-quality SNPs","1 significant + 8 suggestive SNPs; lead SNP chr7:47,464,467",Cultured growth-selected lines (from wild Taiwan founders),90 days post-hatch; ~120.7 g at acclimation,10.3390/ijms26136492,2025.0,GCF_001858045.2 (Nile tilapia),GCF_001858045.2,GCF_001858045.2,O_niloticus_UMD_NMBU,Chromosome,galnt9; esrrg; map7; mtfr2; kcnj8; fhit; dnm1; cald1; plxnb2; nuak1; bpgm,galnt9;esrrg;map7;mtfr2;kcnj8;fhit;dnm1;cald1;plxnb2;nuak1;bpgm,11,B,no usable marker coordinate; anchored on reported candidate gene(s),"Liu et al., IJMS. GWAS + RNA-seq. Thresholds -log10(0.01/N)=8.41 (significant), -log10(0.05/N)=7.11 (suggestive).",user_workbook,,
W055,study_wise,55,Trachinotus ovatus (golden pompano),Trachinotus ovatus,,"Growth-related traits, primarily total length (TL)",Growth,,,,,,,,,,716 GWAS individuals + 199 high-depth reference-panel individuals,Low-coverage WGS (lcWGS) with Beagle genotype imputation against a reference panel,53 SNPs (lcWGS-based); 170 SNPs (imputation-based),53 (lcWGS); 170 (imputation-based),199 individuals from 6 populations (reference panel) + 716 from Hainan cultured stock (GWAS),Not reported (all),10.1016/j.aquaculture.2024.741893,2025.0,"Improved golden pompano genome assembly, exact assembly unstated",,,,,"58 genes (lcWGS), 111 genes (imputation-based); shared genes prex1, ralgps2 (implying 2 shared); imputation-only mybph, atp5f1d, ankrd24.",ralgps2;atp5f1d;ankrd24;prex1;mybph,5,U,no annotated genome for species and no eligible chromosome-level proxy,"Sun et al., Aquaculture. Details not retrievable here.",user_workbook,,
W056,study_wise,56,Ctenopharyngodon idella (grass carp),Ctenopharyngodon idella,,Body weight under hypersaline stress,Growth,,,,,,,,,,98 (extreme-phenotype design),NR,NR,14 SNPs; most significant upstream of UBL5; 3 SNPs in GNG7 intron,"Cultured, saline-alkali adapted",NR,10.1007/s10126-026-10600-x,2026.0,NR,,GCF_019924925.1,HZGC01,Chromosome,UBL5; GNG7; SLC16A2,UBL5;GNG7;SLC16A2,3,B,no usable marker coordinate; anchored on reported candidate gene(s),"Tian et al., Mar Biotechnol. Growth under hypersalinity.",user_workbook,,
W057,study_wise,57,Culter alburnus (topmouth culter),Culter alburnus,,Body weight; body weight without viscera; total length; body length; body height,Growth,,,,,,,,,,239 with complete records (of 300 sequenced),"Whole-genome resequencing (MGI-2000/T7, ~11.44x)","7,597,008 SNPs after QC","6 genome-wide significant SNPs, clustered on chr16 and chr19","Admixed cohort of three wild-origin populations (Danjiangkou, Taihu, Poyang)",18 months post-fertilisation,10.3390/ani16131969,2026.0,"GWHBOSX00000000 (CNCB), 1.05 Gb",,GCA_040182925.1,ASM4018292v1,Chromosome,aig1; cacna1b; pgm5; bcr,aig1;cacna1b;pgm5;bcr,4,B,no usable marker coordinate; anchored on reported candidate gene(s),"Li et al., Animals. Bonferroni threshold -log10(P)=8.18 (P=6.58E-09).",user_workbook,,
W058,study_wise,58,Ictalurus punctatus (channel catfish),Ictalurus punctatus,,Monthly weight gain; body depth,Growth,,,,,,,,,,303 (G2 breeding population),Whole-genome resequencing (BGISEQ-500),"5,641,711 SNPs","15 loci (monthly weight gain); 28 loci (body depth); >70% on chr20. Lead SNPs chr20:14,657,971 and chr20:14,658,012 in rrp44","Cultured, selectively bred G2",~180 and ~540 days post-hatch,10.3390/cimb48040420,2026.0,Channel catfish reference genome,,GCF_001660625.3,Coco_2.0,Chromosome,rrp44,rrp44,1,B,no usable marker coordinate; anchored on reported candidate gene(s),"Zhang et al., Curr Issues Mol Biol. Threshold P<=1E-06.",user_workbook,,
W059,study_wise,59,Lateolabrax maculatus (spotted sea bass),Lateolabrax maculatus,,Body weight; total length; body length; trunk length; head length; eye diameter; body height; head height; snout length; caudal peduncle height/length; caudal fin length,Growth,,,,,,,,,,150,'Sea Bass No.1' 40K liquid breeding array (genotyping-by-target-sequencing),"41,535 SNPs after QC","31 SNPs for growth traits (plus 35 microbiota, 124 fatty-acid)","Cultured selected breeding population (Zhuhai, China)","Same growth stage, healthy individuals",10.3389/fmars.2026.1757876,2026.0,GCA_004028665.1 (~668 Mb),GCA_004028665.1,GCA_031216445.1,YSFRI_Lmacu_1.1,Chromosome,pkce; gdf10-like; slc28a3; kif; erb; cdk5; pgc-1a (37 growth-related of 225 total),pkce;slc28a3;cdk5,3,B,no usable marker coordinate; anchored on reported candidate gene(s),"Chen et al., Front Mar Sci. Threshold 1E-04.",user_workbook,,
W060,study_wise,60,Paralichthys olivaceus (Japanese flounder),Paralichthys olivaceus,,"11 traits: body weight, total length, body length, body depth, trunk length, head length, snout length, caudal peduncle depth, eye diameter, postorbital head length, interorbital width",Growth,,,,,,,,,,282 after QC (of 400),DNBSEQ whole-genome resequencing (PE150),~6.67 million SNPs,55 suggestive loci (single-trait) + 12 novel loci (multi-trait),"Cultured, single farmed cohort",Market size (~1-2 kg),10.3390/biology15151246,2026.0,GCF_024713975.1,GCF_024713975.1,GCF_024713975.1,ASM2471397v2,Chromosome,fras1; nkd1; lamb4; multiple genes on chr14,fras1;nkd1;lamb4,3,B,no usable marker coordinate; anchored on reported candidate gene(s),"Liang et al., Biology. Thresholds P<1E-05 (suggestive), P<7.5E-09 (genome-wide).",user_workbook,,
W061,study_wise,61,Plecoglossus altivelis (ayu),Plecoglossus altivelis,Hypomesus transpacificus,Body weight; total length; body length; body height; eye diameter (plus gonad weight),Growth,,,,,,,,,,171 after QC (of 426 genotyped),DNBSEQ (T7) sequencing,"555,242 SNPs","GCTA: 1,047 loci (growth); GEMMA: 671 SNPs (growth); multi-trait: 37 SNPs",Cultured closed breeding population,5 months old,10.3390/ani16040670,2026.0,Pal_1.0,,GCF_021917145.1,fHypTra1,Chromosome,abat; maml3; cica; LOC124013321; slc25a12; dnah10; syt9a,abat;maml3;LOC124013321;slc25a12;dnah10;syt9a,6,B,no usable marker coordinate; anchored on reported candidate gene(s),"Chang et al., Animals. Thresholds P<=5E-08 (genome-wide), P<=1E-05 (suggestive).",user_workbook,,
W062,study_wise,62,Siniperca chuatsi (mandarin fish),Siniperca chuatsi,,Body weight,Growth,,,,,,,,,,90 (four geographic populations: 20/20/20/30),"Whole-genome resequencing (Illumina NovaSeq 6000, PE150)","1,939,223 SNPs after QC","26 significant SNPs across 16 chromosomes (chr2,3,4,5,8,9,10,11,13,14,19,20,21,22,23)","Conservation breeding facilities; Heilongjiang, Anhui, Hunan, Hubei populations",Mean body weights 17.4-625.2 g by population,10.3390/vetsci13010055,2026.0,ASM2008510v1,GCF_020085105.1,GCF_020085105.1,ASM2008510v1,Chromosome,158 candidate genes within +/-50 kb of significant SNPs,,0,U,no usable coordinate and no parsable candidate gene symbol,"Xie et al., Vet Sci. Three models (FarmCPU, BLINK, MLM) with Bonferroni correction.",user_workbook,,
L001,literature_expansion,1,Scophthalmus maximus,Scophthalmus maximus,,body weight (BW);total length (TL);body length (BL);body depth (BD);trunk length (TUL);head length (HL);snout length (SnL);caudal peduncle depth (CPD);eye diameter (ED);post-orbital head length (PoL);interorbital width (IW),Growth,,snp,19,16017254.0,,,,,,177.0,whole-genome resequencing,,,,,10.3390/ijms27156689,2026.0,,,GCF_022379125.1,ASM2237912v1,Chromosome,fam81b;atrn;iqgap1;enah;baz2a;amd1,fam81b;atrn;iqgap1;enah;baz2a;amd1,6,B,position reported but assembly not stated or ambiguous; falls back to gene anchoring,OpenAlex https://openalex.org/W7171393758; Genetic Architecture of Growth Traits in Turbot (Scophthalmus maximus) Revealed by Genome-Wide Association Studies,agent_curated,,
L002,literature_expansion,2,Channa argus,Channa argus,,Body weight,Growth,,snp,Chr07,1329732.0,,,,,,205.0,50K SNP array,,,,,10.3390/ani16162471,2026.0,C. argus genome assembly,,GCF_033026475.1,Channa argus male v1.0,Chromosome,COL2A1;zgc:113232;CTSS;S100A4;PYGM;DLAT;MSX2;ZNRF3,COL2A1;CTSS;S100A4;PYGM;DLAT;MSX2;ZNRF3,7,B,position reported but assembly not stated or ambiguous; falls back to gene anchoring,OpenAlex https://openalex.org/W7202037041; A Genome-Wide Association Study Identifies Candidate SNPs and Genes Associated with Body Weight in the Northern Snakehea,agent_curated,,
L003,literature_expansion,3,Larimichthys crocea,Larimichthys crocea,,body weight;AL;BL,Growth,,,,,,,,,,150.0,SNP-based genetic linkage map (bin markers),,,,,10.3390/ijms27062531,2026.0,,,GCF_000972845.2,L_crocea_2.0,Chromosome,Unc5d;SCN5A;HUS1,Unc5d;SCN5A;HUS1,3,B,no usable marker coordinate; anchored on reported candidate gene(s),OpenAlex https://openalex.org/W7134824525; Predominantly Independent Genetic Control Between Growth and Visceral White Nodules Disease Resistance Revealed by High-,agent_curated,,
L004,literature_expansion,4,Micropterus salmoides,Micropterus salmoides,,growth;rapid growth,Growth,SNP16:4120214,snp,16,4120214.0,,,,,,,,,,,,10.3390/ijms26051834,2025.0,,,GCF_014851395.1,ASM1485139v1,Scaffold,Nkcc1;Mapkap1;Hmgcs1;Slc27a6;Shroom3,Nkcc1;Mapkap1;Hmgcs1;Slc27a6;Shroom3,5,B,position reported but assembly not stated or ambiguous; falls back to gene anchoring,OpenAlex https://openalex.org/W4407817074; Genome-Wide Association Study Reveals Growth-Related SNPs and Candidate Genes in Largemouth Bass (Micropterus salmoides),agent_curated,,
L005,literature_expansion,5,Clarias fuscus,Clarias fuscus,Clarias gariepinus,body weight;body height;body length;body width;orbital diameter;caudal peduncle length;caudal peduncle height;pre-dorsal length,Growth,,,,,,,,,,200.0,,,,,,10.3390/ani15121707,2025.0,,,GCF_024256425.1,CGAR_prim_01v2,Chromosome,mstnb;egfr;serca1,mstnb;egfr;serca1,3,B,no usable marker coordinate; anchored on reported candidate gene(s),OpenAlex https://openalex.org/W4411152045; Integrative QTL Mapping and Transcriptomic Profiling to Identify Growth-Associated QTL and Candidate Genes in Hong Kong ,agent_curated,,
L006,literature_expansion,6,Cynoglossus semilaevis,Cynoglossus semilaevis,,growth size heteromorphism;growth and development;fish size,Growth,,,,,,,,,,500.0,,,,,,10.3390/ani15081130,2025.0,,,GCF_000523025.1,Cse_v1.0,Chromosome,grid1;grid2;shcbp1;sass6;cdca7;gh;igf1,grid1;grid2;shcbp1;sass6;cdca7;gh;igf1,7,B,no usable marker coordinate; anchored on reported candidate gene(s),OpenAlex https://openalex.org/W4409434253; Molecular Mechanism of the Grid Gene Family Regulating Growth Size Heteromorphism in Cynoglossus semilaevis,agent_curated,,
L007,literature_expansion,7,Epinephelus lanceolatus,Epinephelus lanceolatus,,growth;rapid growth,Growth,,,,,,,,,,,,,,,,10.3390/ani15243599,2025.0,,,GCF_041903045.1,ASM4190304v1,Chromosome,iqgap1;mex3b;ndufs3,iqgap1;mex3b;ndufs3,3,B,no usable marker coordinate; anchored on reported candidate gene(s),OpenAlex https://openalex.org/W4417328191; Identification of Genes Related to Rapid Growth of Giant Grouper (Epinephelus lanceolatus) Based on Self-Cross Populatio,agent_curated,,
L008,literature_expansion,8,Takifugu fasciatus,Takifugu fasciatus,,growth traits,Growth,,,,,,,,,,,whole-genome resequencing,,,,,10.1186/s12864-023-09740-4,2023.0,,,GCA_059138665.1,ASM5913866v1,Chromosome,IGF1;IGF2;ADGRB,IGF1;IGF2;ADGRB,3,B,no usable marker coordinate; anchored on reported candidate gene(s),OpenAlex https://openalex.org/W4387996856; Construction of a high-density genetic linkage map and QTL mapping of growth and cold tolerance traits in Takifugu fasci,agent_curated,,
L009,literature_expansion,9,Trachinotus ovatus,Trachinotus ovatus,,rapid growth;growth,Growth,BSNP1369 (G → C),snp,Chr23,17489695.0,,,,,,202.0,whole genome re-sequencing,,,,,10.1016/j.jare.2023.11.030,2023.0,,,,,,Hsd17b1;Micall2;Lmx1a;gpsstr1;sstr1a,Hsd17b1;Micall2;Lmx1a;gpsstr1;sstr1a,5,U,no annotated genome for species and no eligible chromosome-level proxy,OpenAlex https://openalex.org/W4389265569; The male and female genomes of golden pompano (Trachinotus ovatus) provide insights into the sex chromosome evolution an,agent_curated,,
L010,literature_expansion,10,Argyrosomus regius,Argyrosomus regius,Nibea albiflora,weight,Growth,,,,,,,,,,266.0,ddRAD sequencing,,,,,10.1038/s41598-022-09289-4,2022.0,,,GCA_014281875.1,ASM1428187v1,Chromosome,,,0,U,no usable coordinate and no parsable candidate gene symbol,"OpenAlex https://openalex.org/W4220940455; Linkage mapping, comparative genome analysis, and QTL detection for growth in a non-model teleost, the meagre Argyrosomu",agent_curated,,
L011,literature_expansion,11,Cyprinus carpio haematopterus,Cyprinus carpio,,body length;height;thickness;body weight,Growth,,,,,,,,,,,,,,,,10.3390/fishes7040166,2022.0,,,GCF_018340385.1,ASM1834038v1,Chromosome,fnd3b;ghsr;pld1,fnd3b;ghsr;pld1,3,B,no usable marker coordinate; anchored on reported candidate gene(s),OpenAlex https://openalex.org/W4285091936; Mapping Growth-Related Quantitative Trait Locus (QTL) in Commercial Yellow River Carp (Cyprinus carpio haematopterus) du,agent_curated,,
L012,literature_expansion,12,Oreochromis niloticus,Oreochromis niloticus,,harvest weight;daily growth coefficient (DGC),Growth,,,,,,,,,,1500.0,,,,,,10.1016/j.aquaculture.2022.738522,2022.0,,,GCF_001858045.2,O_niloticus_UMD_NMBU,Chromosome,hip1;hectd1;elna;smyd1b;rrp12;pprc1,hip1;hectd1;elna;smyd1b;rrp12;pprc1,6,B,no usable marker coordinate; anchored on reported candidate gene(s),OpenAlex https://openalex.org/W4283076785; Quantitative trait loci controlling swimming performance and their effect on growth in Nile tilapia (Oreochromis nilotic,agent_curated,,
L013,literature_expansion,13,Chrysophrys auratus,Chrysophrys auratus,Sparus aurata,growth;growth rate;growth phenotypes,Growth,,,,,,,,,,363.0,,,,,,10.1093/g3journal/jkac015,2022.0,,,GCF_900880675.2,fSpaAur1.2,Chromosome,,,0,U,no usable coordinate and no parsable candidate gene symbol,"OpenAlex https://openalex.org/W4220846255; Genomic prediction of growth in a commercially, recreationally, and culturally important marine resource, the Australian",agent_curated,,
L014,literature_expansion,14,Salvelinus namaycush,Salvelinus namaycush,,lipid content;growth;weight;length,Growth,,,,,,,,,,,,,,,,10.1111/mec.16492,2022.0,,,GCF_016432855.1,SaNama_1.0,Chromosome,,,0,U,no usable coordinate and no parsable candidate gene symbol,OpenAlex https://openalex.org/W4229009267; Further evidence from common garden rearing experiments of heritable traits separating lean and siscowet lake charr (Sal,agent_curated,,
L015,literature_expansion,15,Dentex dentex,Dentex dentex,Sparus aurata,early growth performance;juvenile growth performance;growth performance,Growth,,,,,,,,,,,ddRAD sequencing,,,,,10.1016/j.aqrep.2021.100855,2021.0,,,GCF_900880675.2,fSpaAur1.2,Chromosome,ANGPTL6,ANGPTL6,1,B,no usable marker coordinate; anchored on reported candidate gene(s),OpenAlex https://openalex.org/W3198968965; First linkage maps and a pilot QTL analysis for early growth performance in common dentex (Dentex dentex) and sharpsnout,agent_curated,,
L016,literature_expansion,16,Takifugu rubripes,Takifugu rubripes,,testes weight;body length;body weight,Growth,,,,,,,,,,198.0,"Genotyping by Random Amplicon Sequencing, Direct (GRAS-Di)",,,,,10.1007/s10126-020-10013-4,2021.0,Fugu reference genome,,GCF_901000725.3,fTakRub1.3,Chromosome,,,0,U,no usable coordinate and no parsable candidate gene symbol,OpenAlex https://openalex.org/W3129466660; Genetic Dissection of a Precocious Phenotype in Male Tiger Pufferfish (Takifugu rubripes) using Genotyping by Random Amp,agent_curated,,
L017,literature_expansion,17,Salmo salar,Salmo salar,,pre-smolt growth,Growth,,,,,,,,,,2281.0,,,,,,10.1186/s12711-020-00587-x,2020.0,,,GCF_965601325.1,fSalSal1,Chromosome,,,0,U,no usable coordinate and no parsable candidate gene symbol,OpenAlex https://openalex.org/W3097782086; Genomic regions and signaling pathways associated with indicator traits for feed efficiency in juvenile Atlantic salmon ,agent_curated,,
L018,literature_expansion,18,Larimichthys polyactis,Larimichthys polyactis,Larimichthys crocea,total length;body length;body weight,Growth,,,,,,,,,,110.0,resequencing,,,,,10.1038/s41598-020-68592-0,2020.0,,,GCF_000972845.2,L_crocea_2.0,Chromosome,kif26b;bat1;gna1;gbgt1;amfr,kif26b;bat1;gna1;gbgt1;amfr,5,B,no usable marker coordinate; anchored on reported candidate gene(s),OpenAlex https://openalex.org/W3042793386; A first genetic linage map construction and QTL mapping for growth traits in Larimichthys polyactis,agent_curated,,
L019,literature_expansion,19,Pelteobagrus vachelli,Pelteobagrus vachelli,Tachysurus fulvidraco,weight;body proportion,Growth,,,,,,,,,,,ddRAD,,,,,10.1186/s12864-020-07115-7,2020.0,,,GCF_022655615.1,HZAU_PFXX_2.0,Chromosome,Sipa1;HSD11B2;Sema7a,Sipa1;HSD11B2;Sema7a,3,B,no usable marker coordinate; anchored on reported candidate gene(s),OpenAlex https://openalex.org/W3091816698; A high-density SNP-based genetic map and several economic traits-related loci in Pelteobagrus vachelli,agent_curated,,
L020,literature_expansion,20,Scatophagus argus,Scatophagus argus,,growth-related traits;body weight,Growth,,,,,,,,,,,restriction site-associated DNA sequencing,,,,,10.1186/s12864-020-6658-1,2020.0,,,GCF_020382885.2,fScaArg1.pri,Chromosome,Hbp1;Vgll4;Pim3,Hbp1;Vgll4;Pim3,3,B,no usable marker coordinate; anchored on reported candidate gene(s),OpenAlex https://openalex.org/W3014899819; ddRADseq-assisted construction of a high-density SNP genetic map and QTL fine mapping for growth-related traits in the s,agent_curated,,
L021,literature_expansion,21,Hypophthalmichthys molitrix,Hypophthalmichthys molitrix,Ctenopharyngodon idella,body length;body height;head length;body weight,Growth,,,,,,,,,,198.0,,,,,,10.1038/s41598-019-53469-8,2019.0,,,GCF_019924925.1,HZGC01,Chromosome,Hepcidin,Hepcidin,1,B,no usable marker coordinate; anchored on reported candidate gene(s),OpenAlex https://openalex.org/W2989892061; Construction of a high-density genetic linkage map and mapping of quantitative trait loci for growth-related traits in s,agent_curated,,
L022,literature_expansion,22,Ictalurus punctatus,Ictalurus punctatus,,growth-related traits,Growth,,,,,,,,,,156.0,restriction site associated DNA sequencing (RAD-seq),,,,,10.3389/fgene.2019.00251,2019.0,,,GCF_001660625.3,Coco_2.0,Chromosome,megf9;npffr1;gas1,megf9;npffr1;gas1,3,B,no usable marker coordinate; anchored on reported candidate gene(s),OpenAlex https://openalex.org/W2922539450; Construction of a High-Density Linkage Map and QTL Fine Mapping for Growth- and Sex-Related Traits in Channel Catfish (I,agent_curated,,
L023,literature_expansion,23,Sparus aurata,Sparus aurata,,Fat;Weight;Tag Weight;Length to Width ratio,Growth,,snp,4,23265532.0,,,,,,112.0,double digest Random Amplified DNA (ddRAD) Sequencing,,,,,10.3389/fgene.2019.00675,2019.0,,,GCF_900880675.2,fSpaAur1.2,Chromosome,semaphorin-3A;neurotrophin-3,semaphorin-3A;neurotrophin-3,2,B,position reported but assembly not stated or ambiguous; falls back to gene anchoring,OpenAlex https://openalex.org/W2966630479; Scanning of Genetic Variants and Genetic Mapping of Phenotypic Traits in Gilthead Sea Bream Through ddRAD Sequencing,agent_curated,,
L024,literature_expansion,24,Cyprinus carpio haematopterus,Cyprinus carpio,,growth-related traits,Growth,,,,,,,,,,,2b-RAD (2b-restriction site-associated DNA) and microsatellite markers,,,,,10.1186/s12864-018-4613-1,2018.0,,,GCF_018340385.1,ASM1834038v1,Chromosome,Apelin,Apelin,1,B,no usable marker coordinate; anchored on reported candidate gene(s),OpenAlex https://openalex.org/W2802702407; A high-resolution genetic linkage map and QTL fine mapping for growth-related traits and sex in the Yangtze River common,agent_curated,,
L025,literature_expansion,25,Nibea albiflora,Nibea albiflora,,growth-related traits,Growth,,,,,,,,,,113.0,,,,,,10.1038/s41598-018-35583-1,2018.0,,,GCA_014281875.1,ASM1428187v1,Chromosome,PLA2G4A;BRINP3;P2RY1,PLA2G4A;BRINP3;P2RY1,3,B,no usable marker coordinate; anchored on reported candidate gene(s),OpenAlex https://openalex.org/W2901916045; A high-density genetic linkage map and QTL mapping for growth and sex of yellow drum (Nibea albiflora),agent_curated,,
L026,literature_expansion,26,Seriola lalandi,Seriola lalandi,,body weight,Growth,,,,,,,,,,752.0,Diversity Arrays Technology (DArTseq),,,,,10.3389/fgene.2018.00127,2018.0,,,GCF_002814215.2,Sedor1,Scaffold,,,0,U,no usable coordinate and no parsable candidate gene symbol,OpenAlex https://openalex.org/W2801075051; First High-Density Linkage Map and Single Nucleotide Polymorphisms Significantly Associated With Traits of Economic Impo,agent_curated,,
L027,literature_expansion,27,Dicentrarchus labrax,Dicentrarchus labrax,,growth;morphometric traits;body weight,Growth,,,,,,,,,,,,,,,,10.1016/j.aquaculture.2016.01.004,2016.0,,,GCF_905237075.1,dlabrax2021,Scaffold,Jak;STAT;MAPK;growth hormone;IGFI;IGFII,Jak;STAT;MAPK;IGFI;IGFII;gh1,6,B,no usable marker coordinate; anchored on reported candidate gene(s),OpenAlex https://openalex.org/W2236639149; Characterization and refinement of growth related quantitative trait loci in European sea bass (Dicentrarchus labrax) us,agent_curated,,
L028,literature_expansion,28,Cyprinus carpio,Cyprinus carpio,,growth-related traits,Growth,,,,,,,,,,,carp 250 K single nucleotide polymorphism (SNP) array,,,,,10.1038/srep26693,2016.0,,,GCF_018340385.1,ASM1834038v1,Chromosome,KISS2;IGF1;SMTLB;NPFFR1;CPE;3KSR;DMRT2b,KISS2;IGF1;SMTLB;NPFFR1;CPE;DMRT2b,6,B,no usable marker coordinate; anchored on reported candidate gene(s),OpenAlex https://openalex.org/W2399766115; An ultra-high density linkage map and QTL mapping for sex and growth-related traits of common carp (Cyprinus carpio),agent_curated,,
L029,literature_expansion,29,Epinephelus coioides,Epinephelus coioides,,,Growth,,,,,,,,,,,double digest restriction site associated DNA sequencing (ddRADseq),,,,,10.3390/ijms17040501,2016.0,,,GCA_051314025.1,ASM5131402v1,Chromosome,fez2;alg3;ece2;arvcf;sla27a4;sgk223;camk2;prrc2b;mchr1;sardh;pappa;syk;tert;wdrcp91;ftz-f1;mate1;notch1,fez2;alg3;ece2;arvcf;sla27a4;sgk223;camk2;prrc2b;mchr1;sardh;pappa;syk;tert;wdrcp91;ftz-f1;mate1;notch1,17,B,no usable marker coordinate; anchored on reported candidate gene(s),OpenAlex https://openalex.org/W2329300838; Genome-Wide Mapping of Growth-Related Quantitative Trait Loci in Orange-Spotted Grouper (Epinephelus coioides) Using Dou,agent_curated,,
L030,literature_expansion,30,Hypophthalmichthys nobilis,Hypophthalmichthys nobilis,Ctenopharyngodon idella,growth-related traits,Growth,,,,,,,,,,117.0,2b-RAD technology,,,,,10.1038/srep28679,2016.0,,,GCF_019924925.1,HZGC01,Chromosome,CRP1;CRP2,CRP1;CRP2,2,B,no usable marker coordinate; anchored on reported candidate gene(s),OpenAlex https://openalex.org/W2465055806; A high-density genetic map and growth related QTL mapping in bighead carp (Hypophthalmichthys nobilis),agent_curated,,
L031,literature_expansion,31,Epinephelus bruneus,Epinephelus bruneus,Epinephelus lanceolatus,body weight (BW);total length (TL),Growth,,,,,,,,,,,simple sequence repeat (SSR) markers,,,,,10.1007/s10126-015-9673-5,2015.0,,,GCF_041903045.1,ASM4190304v1,Chromosome,,,0,U,no usable coordinate and no parsable candidate gene symbol,OpenAlex https://openalex.org/W1880104349; Detection of Growth-Related Quantitative Trait Loci and High-Resolution Genetic Linkage Maps Using Simple Sequence Repea,agent_curated,,
L032,literature_expansion,32,Scophthalmus maximus,Scophthalmus maximus,,body weight;length;Fulton's condition factor,Growth,,,,,,,,,,814.0,microsatellites,,,,,10.1186/1471-2164-12-473,2011.0,,,GCF_022379125.1,ASM2237912v1,Chromosome,,,0,U,no usable coordinate and no parsable candidate gene symbol,OpenAlex https://openalex.org/W2000070054; Detection of growth-related QTL in turbot (Scophthalmus maximus),agent_curated,,
L033,literature_expansion,33,Oncorhynchus kisutch,Oncorhynchus kisutch,,hatch timing;weight;length;growth rate,Growth,,,,,,,,,,,,,,,,10.1093/jhered/esq063,2010.0,,,GCF_002021735.2,Okis_V2,Chromosome,Clock;Cryptochrome;Cryptochrome2b;OtsClock1b,Clock;Cryptochrome;Cryptochrome2b;OtsClock1b,4,B,no usable marker coordinate; anchored on reported candidate gene(s),"OpenAlex https://openalex.org/W2141321079; Clock Genes Localize to Quantitative Trait Loci for Stage-Specific Growth in Juvenile Coho Salmon, Oncorhynchus kisutch",agent_curated,,
L034,literature_expansion,34,Salmo salar,Salmo salar,,growth;length;weight,Growth,,,,,,,,,,,microsatellite loci,,,,,10.1186/1297-9686-42-17,2010.0,,,GCF_965601325.1,fSalSal1,Chromosome,,,0,U,no usable coordinate and no parsable candidate gene symbol,OpenAlex https://openalex.org/W2129393569; Mapping of quantitative trait loci for flesh colour and growth traits in Atlantic salmon (Salmo salar),agent_curated,,
C001,SNP_level_v2,1,Ictalurus punctatus,Ictalurus punctatus,,Monthly weight gain (MWG); Body depth (BH),Growth,"Chr20:14,657,971 (rrp44 exon 9)",snp,Chr20,14657971.0,,,,,,303,Whole-genome resequencing (BGISEQ-500),5.64 million,,G2 breeding population,,10.3390/cimb48040420,2026.0,N/A -- reference genome not specified in accessible text; not independently confirmed despite additional search,GCF_001660625.3 (via lineage match to Chen et al. 2016 PRJNA281269),GCF_001660625.3,Coco_2.0,Chromosome,rrp44,rrp44,1,A1,"exact position on the stated assembly; reference genome confirmed via BioProject/biosample lineage match (paper cites Chen et al. 2016 GigaScience channel catfish genome, BioProject PRJNA281269, biosample 'Gynogen Coco'; our analysis assembly GCF_001660625.3 Coco_2.0 is the RefSeq-curated version of the same BioProject/individual, 29 chromosomes matching the paper's stated chromosome count) -- spot-checked against full text 2026-09-03","Zhang, Liu, Duan, Wang & Chen 2026, Curr Issues Mol Biol 48:420. Majority of significant loci concentrated on chromosome 20.",user_workbook_v2,cross_species,
C002,SNP_level_v2,2,Ictalurus punctatus,Ictalurus punctatus,,Monthly weight gain (MWG); Body depth (BH),Growth,"Chr20:14,658,012 (rrp44 exon 9)",snp,Chr20,14658012.0,,,,,,303,Whole-genome resequencing (BGISEQ-500),5.64 million,,G2 breeding population,,10.3390/cimb48040420,2026.0,N/A -- reference genome not specified in accessible text; not independently confirmed despite additional search,GCF_001660625.3 (via lineage match to Chen et al. 2016 PRJNA281269),GCF_001660625.3,Coco_2.0,Chromosome,rrp44,rrp44,1,A1,"exact position on the stated assembly; reference genome confirmed via BioProject/biosample lineage match (paper cites Chen et al. 2016 GigaScience channel catfish genome, BioProject PRJNA281269, biosample 'Gynogen Coco'; our analysis assembly GCF_001660625.3 Coco_2.0 is the RefSeq-curated version of the same BioProject/individual, 29 chromosomes matching the paper's stated chromosome count) -- spot-checked against full text 2026-09-03","Zhang, Liu, Duan, Wang & Chen 2026, Curr Issues Mol Biol 48:420. Majority of significant loci concentrated on chromosome 20.",user_workbook_v2,cross_species,
C003,SNP_level_v2,3,Pelteobagrus fulvidraco,Tachysurus fulvidraco,,Body weight (BW); Body length (BL),Growth,Chr15:19195072 (stat5b exon),snp,Chr15,19195072.0,,,,,,125 (females); validated in 185 males,,"77,935",,Breeding population (female discovery + male validation),,10.1016/j.ygeno.2022.110380,2022.0,Likely Gong et al. 2018 chromosome-level yellow catfish genome (GigaScience 7(11):giy120) -- shared co-author Huang P.; not explicitly confirmed,"GCF_022655615.1 (circumstantial match to Gong et al. 2018 lineage, HZAU)",GCF_022655615.1,HZAU_PFXX_2.0,Chromosome,stat5b,stat5b,1,A2,"exact position reported; reference genome not stated explicitly in the accessible abstract, but circumstantially confirmed (shared author team with Gong et al. 2018 GigaScience yellow catfish genome, same submitting institution HZAU, matching chromosome count of 26); no explicit methods-section citation seen -- spot-checked, full text unavailable, treated as A2 not A1","Huang, Guo, Wang et al. 2022, Genomics 114(3):110380. Shared SNP Chr15:19195072 (stat5b exon) associated with both BW and BL in females, validated in males.",user_workbook_v2,cross_species,
C004,SNP_level_v2,4,Pelteobagrus fulvidraco,Tachysurus fulvidraco,,Growth (leading SNP near BW/BL-associated region),Growth,Lead SNP on chromosome 23 (exact position not specified in accessible text),,Chr23,,,,,,,125 (females),,"77,935",,Breeding population,,10.1016/j.ygeno.2022.110380,2022.0,Likely Gong et al. 2018 chromosome-level yellow catfish genome (GigaScience 7(11):giy120) -- shared co-author Huang P.; not explicitly confirmed,,GCF_022655615.1,HZAU_PFXX_2.0,Chromosome,"igf1, myf5, myf6",igf1;myf5;myf6,3,B,no usable marker coordinate; anchored on reported candidate gene(s),"Huang, Guo, Wang et al. 2022, Genomics 114(3):110380. Shared SNP Chr15:19195072 (stat5b exon) associated with both BW and BL in females, validated in males.",user_workbook_v2,cross_species,
C005,SNP_level_v2,5,Clarias macrocephalus,Clarias macrocephalus,Clarias gariepinus,"Body weight, standard length, total length",Growth,19 SNPs (aggregate; individual chromosome/position not specified in accessible text),,,,,,1.02-6.59% of genetic variance explained,,,991 (74 full-sib + 31 half-sib families),DArTseq,"9,530",,Full-sib / half-sib breeding families,8 months,10.1016/j.aquaculture.2022.738748,2023.0,"Possibly Duong et al. 2020 draft Clarias macrocephalus genome (PRJNA604477), the only resource available before publication -- not explicitly confirmed",,GCF_024256425.1,CGAR_prim_01v2,Chromosome,"egln2, zfyve21, jph3a (per citing literature)",egln2;zfyve21;jph3a,3,B,no usable marker coordinate; anchored on reported candidate gene(s),"Chaivichoo, Sukhavachana, Khumthong, Srisapoome, Chatchaiphan & Na-Nakorn 2023, Aquaculture 562:738748. GWAS combined with GBLUP; heritability 0.29+/-0.05 (SL) to 0.55+/-0.06 (BW); GEBV prediction accuracy 0.67-0.72.",user_workbook_v2,cross_species,
C006,SNP_level_v2,6,Hybrid catfish (I. punctatus x I. furcatus backcross),Ictalurus punctatus,,Body weight,Growth,Significant region on linkage group 5 (~1 Mb; individual SNP ID not specified),,LG5,,,,,,,556,Catfish 250K SNP array,"250,000",,Interspecific backcross,,10.1007/s00438-017-1406-1,2018.0,Liu et al. 2016 channel catfish reference genome (Nat Commun 7:11757; GenBank accession LBML00000000) -- inferred from shared corresponding author (Zhanjiang Liu),,GCF_001660625.3,Coco_2.0,Chromosome,,,0,U,no usable coordinate and no parsable candidate gene symbol,"Li, Zhou, Geng et al. 2018, Mol Genet Genomics 293:587-599.",user_workbook_v2,cross_species,
C007,SNP_level_v2,7,Ictalurus punctatus,Ictalurus punctatus,,Growth-related traits,Growth,6 growth-related QTL (aggregate; individual SNP IDs not specified),,LG28,,,,,,,156 offspring + 2 parents,RAD-seq,"4,768",,F1 family (China),,10.3389/fgene.2019.00251,2019.0,"Own linkage-map-derived assembly; synteny-compared against Chen et al. 2016 (GigaScience, DOI 10.1186/s13742-016-0142-5) and Liu et al. 2016 (Nat Commun 7:11757, accession LBML00000000) channel catfish genomes",,GCF_001660625.3,Coco_2.0,Chromosome,"megf9, npffr1, gas1",megf9;npffr1;gas1,3,B,no usable marker coordinate; anchored on reported candidate gene(s),"Zhang, Zhang, Chen et al. 2019, Front Genet 10:251. Sex-linked SSR marker in zbtb38 gene validated.",user_workbook_v2,cross_species,
C008,SNP_level_v2,8,Pangasianodon hypophthalmus,Pangasianodon hypophthalmus,,Growth traits (via GHRb candidate gene),Growth,5 SNPs in 3'UTR of GHRb (aggregate; individual positions not specified in accessible abstract),,,,,,,p<0.05 (haplotype-level),,307,Candidate-gene direct sequencing,5 (3'UTR of GHRb),,,,10.3390/fishes7050230,2022.0,"Kim et al. 2018 draft genome (BMC Genomics 19:733; GenBank/DDBJ/EMBL accession QUXB00000000, BioProject PRJNA448819) -- inferred from shared authorship and explicit citation in the IGFBP5 paper's methods",,GCF_027358585.1,fPanHyp1.pri,Chromosome,GHRb,GHRb,1,N,"native species (backbone itself); resolved directly against striped catfish annotation, not cross-species projected","Jiang, Ruan, Lu et al. 2022, Fishes 7(5):230. 3 haplotypes and 4 diplotypes identified; polymorphisms significantly associated with growth (p<0.05); exact count of individually significant SNPs (of the 5) not specified in accessible abstract.",user_workbook_v2,native,
C009,SNP_level_v2,9,Pangasianodon hypophthalmus,Pangasianodon hypophthalmus,,Growth traits (via IGF1 candidate gene),Growth,IGF1:13680A>T,,,,,,Positive effect on growth (direction only; combined with IGF1R genotype),p<0.01,,10 fast + 10 slow (discovery),Candidate-gene sequencing,7 total (IGF1+IGF1R),,,,10.1016/j.aquaculture.2021.736542,2021.0,"Kim et al. 2018 draft genome (BMC Genomics 19:733; GenBank/DDBJ/EMBL accession QUXB00000000, BioProject PRJNA448819) -- inferred from shared authorship and explicit citation in the IGFBP5 paper's methods",,GCF_027358585.1,fPanHyp1.pri,Chromosome,IGF1,IGF1,1,N,"native species (backbone itself); resolved directly against striped catfish annotation, not cross-species projected","Tran, Nguyen, Le, Tran, Nguyen & Kim 2021, Aquaculture 538:736542. Combined genotype AA(IGF1:13680)+TT(IGF1R:13357) had a positive effect on growth.",user_workbook_v2,native,
C010,SNP_level_v2,10,Pangasianodon hypophthalmus,Pangasianodon hypophthalmus,,Growth traits (via IGF1R candidate gene),Growth,IGF1R:13357T>C,,,,,,Positive effect on growth (direction only; combined with IGF1 genotype),p<0.05,,10 fast + 10 slow (discovery),Candidate-gene sequencing,7 total (IGF1+IGF1R),,,,10.1016/j.aquaculture.2021.736542,2021.0,"Kim et al. 2018 draft genome (BMC Genomics 19:733; GenBank/DDBJ/EMBL accession QUXB00000000, BioProject PRJNA448819) -- inferred from shared authorship and explicit citation in the IGFBP5 paper's methods",,GCF_027358585.1,fPanHyp1.pri,Chromosome,IGF1R,IGF1R,1,N,"native species (backbone itself); resolved directly against striped catfish annotation, not cross-species projected","Tran, Nguyen, Le, Tran, Nguyen & Kim 2021, Aquaculture 538:736542. Combined genotype AA(IGF1:13680)+TT(IGF1R:13357) had a positive effect on growth.",user_workbook_v2,native,
C011,SNP_level_v2,11,Pangasianodon hypophthalmus,Pangasianodon hypophthalmus,,Growth traits (via IGFBP7 candidate gene),Growth,IGFBP7:2060A>G,,,,,,GG genotype associated with higher expression and faster growth (direction only),p<0.001,,70 fast + 70 slow (validation),Candidate-gene sequencing (single-base extension),3 (filtered),,,,10.1007/s00438-023-02016-2,2023.0,"Kim et al. 2018 draft genome (BMC Genomics 19:733; GenBank/DDBJ/EMBL accession QUXB00000000, BioProject PRJNA448819) -- inferred from shared authorship and explicit citation in the IGFBP5 paper's methods",,GCF_027358585.1,fPanHyp1.pri,Chromosome,IGFBP7,IGFBP7,1,N,"native species (backbone itself); resolved directly against striped catfish annotation, not cross-species projected","Tran, Tran, Le, Nguyen, Vu & Kim 2023, Mol Genet Genomics 298:883-893. qPCR showed the GG genotype (locus 2060) had higher IGFBP7 expression in fast-growing fish.",user_workbook_v2,native,
C012,SNP_level_v2,12,Pangasianodon hypophthalmus,Pangasianodon hypophthalmus,,Growth traits (via IGFBP7 candidate gene),Growth,IGFBP7:4559C>A (p.Leu189Met),,,,,,,p<0.001,,70 fast + 70 slow (validation),Candidate-gene sequencing (single-base extension),3 (filtered),,,,10.1007/s00438-023-02016-2,2023.0,"Kim et al. 2018 draft genome (BMC Genomics 19:733; GenBank/DDBJ/EMBL accession QUXB00000000, BioProject PRJNA448819) -- inferred from shared authorship and explicit citation in the IGFBP5 paper's methods",,GCF_027358585.1,fPanHyp1.pri,Chromosome,IGFBP7,IGFBP7,1,N,"native species (backbone itself); resolved directly against striped catfish annotation, not cross-species projected","Tran, Tran, Le, Nguyen, Vu & Kim 2023, Mol Genet Genomics 298:883-893. qPCR showed the GG genotype (locus 2060) had higher IGFBP7 expression in fast-growing fish.",user_workbook_v2,native,
C013,SNP_level_v2,13,Pangasianodon hypophthalmus,Pangasianodon hypophthalmus,,Growth traits (via IGFBP5 candidate gene),Growth,IGFBP5:525T>A (p.Val16Glu),,,,,,,,,10 fast + 10 slow (discovery),Candidate-gene Sanger sequencing,4 exonic SNPs discovered,,,,10.15625/1811-4989/17647,2023.0,"Kim et al. 2018 draft genome (BMC Genomics 19:733; GenBank/DDBJ/EMBL accession QUXB00000000, BioProject PRJNA448819) -- inferred from shared authorship and explicit citation in the IGFBP5 paper's methods",,GCF_027358585.1,fPanHyp1.pri,Chromosome,IGFBP5,IGFBP5,1,N,"native species (backbone itself); resolved directly against striped catfish annotation, not cross-species projected","Tran, Tran, Le, Nguyen, Vu & Kim 2023, Vietnam J Biotechnol 21(1):55-65. Non-synonymous SNP proposed as MAS candidate marker.",user_workbook_v2,native,
C014,SNP_level_v2,14,Pelteobagrus fulvidraco,Tachysurus fulvidraco,,Growth traits (via GH candidate gene),Growth,GH:2100A>G,,,,,,,,,180,Candidate-gene direct sequencing,5 SNPs + 4 SSRs,,,,10.1016/j.aquaculture.2016.11.028,2017.0,N/A -- no species-specific reference genome had been published at the time of this study,,GCF_022655615.1,HZAU_PFXX_2.0,Chromosome,GH,GH,1,B,no usable marker coordinate; anchored on reported candidate gene(s),"Li, Liu, Luo et al. 2017, Aquaculture 469:117-123. SNPs located in intron 4 and 3'UTR; proposed for marker-assisted selection.",user_workbook_v2,cross_species,
C015,SNP_level_v2,15,Pelteobagrus fulvidraco,Tachysurus fulvidraco,,Growth traits (via GH candidate gene),Growth,GH:2285T>C,,,,,,,,,180,Candidate-gene direct sequencing,5 SNPs + 4 SSRs,,,,10.1016/j.aquaculture.2016.11.028,2017.0,N/A -- no species-specific reference genome had been published at the time of this study,,GCF_022655615.1,HZAU_PFXX_2.0,Chromosome,GH,GH,1,B,no usable marker coordinate; anchored on reported candidate gene(s),"Li, Liu, Luo et al. 2017, Aquaculture 469:117-123. SNPs located in intron 4 and 3'UTR; proposed for marker-assisted selection.",user_workbook_v2,cross_species,
C016,SNP_level_v2,16,Pelteobagrus fulvidraco,Tachysurus fulvidraco,,Growth traits (via GH candidate gene),Growth,GH:2822A>G,,,,,,,,,180,Candidate-gene direct sequencing,5 SNPs + 4 SSRs,,,,10.1016/j.aquaculture.2016.11.028,2017.0,N/A -- no species-specific reference genome had been published at the time of this study,,GCF_022655615.1,HZAU_PFXX_2.0,Chromosome,GH,GH,1,B,no usable marker coordinate; anchored on reported candidate gene(s),"Li, Liu, Luo et al. 2017, Aquaculture 469:117-123. SNPs located in intron 4 and 3'UTR; proposed for marker-assisted selection.",user_workbook_v2,cross_species,
C017,SNP_level_v2,17,Clarias fuscus,Clarias fuscus,,"8 growth traits (BW, body height, body length, body width, orbital diameter, caudal peduncle length/height, pre-dorsal length)",Growth,17 growth-related QTL (aggregate; individual SNP IDs/positions not specified in accessible text),,,,,,PVE 8.00-11.90%,,,200,,,,Full-sibling line,,10.3390/ani15121707,2025.0,Likely Tian et al. 2023 chromosome-level Clarias fuscus genome (BMC Genomics 24:291) and/or its 2025 improved version -- explicitly cited in reference list,,GCF_024256425.1,CGAR_prim_01v2,Chromosome,"mstnb (myostatin), egfr, serca1 (of 27 total)",mstnb;egfr;serca1,3,B,no usable marker coordinate; anchored on reported candidate gene(s),"Zhu, Zhou, Shen et al. 2025, Animals 15(12):1707. Integrated QTL mapping with RNA-seq (3824 DEGs between big-/small-size groups) to narrow the candidate gene list.",user_workbook_v2,cross_species,
C018,SNP_level_v2,18,Hemibagrus wyckioides,Hemibagrus wyckioides,,Body weight,Growth,SNP in ttc39b gene,,,,,,Validated across genetically unrelated populations (direction/magnitude not specified),,,165 offspring + parents,2b-RAD sequencing,"2,369",,F1 family,,10.1016/j.aquaculture.2020.735892,2021.0,N/A -- no species-specific reference genome had been published at the time of this study,,GCF_019097595.1,ASM1909759v1,Chromosome,ttc39b,ttc39b,1,B,no usable marker coordinate; anchored on reported candidate gene(s),"Zhou, Wang, Guo, Wu, Lu, Zhou & Gui 2021, Aquaculture 531:735892.",user_workbook_v2,cross_species,
C019,SNP_level_v2,19,Hemibagrus wyckioides,Hemibagrus wyckioides,,4 morphometric (growth) traits,Growth,2 significant + 15 suggestive QTL (aggregate; across 10 LGs),,,,,,PVE 7.4-13.3%,,,165 offspring + parents,2b-RAD sequencing,"2,369",,F1 family,,10.1016/j.aquaculture.2020.735892,2021.0,N/A -- no species-specific reference genome had been published at the time of this study,,GCF_019097595.1,ASM1909759v1,Chromosome,"lrp1, gng3, aspp2, mgp, rusc2 (see also ttc39b, row above)",lrp1;gng3;aspp2;mgp;rusc2,5,B,no usable marker coordinate; anchored on reported candidate gene(s),"Zhou, Wang, Guo, Wu, Lu, Zhou & Gui 2021, Aquaculture 531:735892.",user_workbook_v2,cross_species,
C020,SNP_level_v2,20,Pseudobagrus ussuriensis,Pseudobagrus ussuriensis,,Growth traits (aggregate),Growth,28 growth-trait QTL (1 genome-wide + 27 chromosome-wide; individual SNP IDs not specified),,,,,,,,,,2b-RAD sequencing,"7,435",,F1 family,,10.1016/j.aquaculture.2019.734213,2019.0,N/A -- no species-specific reference genome had been published at the time of this study,,,,,,,0,U,"no candidate gene reported, no usable coordinate, and species has no annotated reference genome (nearest congeners Tachysurus fulvidraco/vachellii have annotated genomes but no anchor to transfer)","Zhu et al. 2019, Aquaculture 511:734213. No individual candidate gene names captured in accessible text.",user_workbook_v2,cross_species,
C021,SNP_level_v2,21,Leiocassis longirostris,Leiocassis longirostris,Tachysurus fulvidraco,"Body mass, total length, standard length, head width, snout length, caudal peduncle depth",Growth,31 unique significant SNPs (44 trait-associations: 12/5/6/9/4/8 per trait); 6 reached genome-wide significance,,"Chromosomes 5, 20, 21, 25 (for the 6 genome-wide-significant SNPs)",,,,,,-log10P >= 5.21,200,High-throughput SNP genotyping,"1,260,645",,,,10.1016/j.aquaculture.2022.738513,2022.0,He et al. 2021 chromosome-level Leiocassis longirostris genome (Zool. Res. 42:417-422) -- published before this paper; not explicitly confirmed but only species genome available,,GCF_022655615.1,HZAU_PFXX_2.0,Chromosome,,,0,U,no usable coordinate and no parsable candidate gene symbol,"Mou, Li, Zhou, Li, Zhou, Wei, Luo, Ke, Duan, Zhai, Huang, Zhao, Zhao, Du, Ye & Zhang 2022, Aquaculture 560:738513.",user_workbook_v2,cross_species,
C022,SNP_level_v2,22,Leiocassis longirostris,Leiocassis longirostris,Tachysurus fulvidraco,Growth traits (aggregate),Growth,17 growth-related QTL (aggregate; 4 SNP loci validated overall across growth+hypoxia),,,,,,PVE 5.1-9.3%,,,,Whole-genome resequencing (WGRS),"2,946 bin markers",,,,,2025.0,He et al. 2021 chromosome-level Leiocassis longirostris genome (Zool. Res. 42:417-422) -- published before this paper; not explicitly confirmed but only species genome available,,GCF_022655615.1,HZAU_PFXX_2.0,Chromosome,3 of 8 total candidate genes relate to growth (specific names not captured in accessible text),,0,U,no usable coordinate and no parsable candidate gene symbol,"Liang, Yang, Liu, Zhang, Liang, Zhao & Zhang 2025, Genomics (article in press). DOI not independently confirmed in accessible sources; identified via SSRN preprint (abstract_id=5372832) and ScienceDirect article page (pii S0888754325001739).",user_workbook_v2,cross_species,unconfirmed_no_doi
C023,SNP_level_v2,23,Pangasianodon hypophthalmus,Pangasianodon hypophthalmus,,Growth traits (via IGFBP3 candidate gene),Growth,Non-synonymous polymorphism in IGFBP3 (specific position not captured in accessible text),,,,,,,,,,Candidate-gene sequencing,,,,,,2023.0,"Kim et al. 2018 draft genome (BMC Genomics 19:733; GenBank/DDBJ/EMBL accession QUXB00000000, BioProject PRJNA448819) -- inferred from shared authorship and explicit citation in the IGFBP5 paper's methods",,GCF_027358585.1,fPanHyp1.pri,Chromosome,IGFBP3,IGFBP3,1,N,"native species (backbone itself); resolved directly against striped catfish annotation, not cross-species projected","Tran, Le, Nguyen & Kim 2023, Vietnam J Biotechnol 21(2). Title: 'Non-synonymous polymorphism in IGFBP-3 gene associated with growth traits in striped catfish.' DOI not found. Part of the same RIA2/VAST candidate-gene series as the GHRb, IGF1/IGF1R, IGFBP5 and IGFBP7 papers already in this table.",user_workbook_v2,native,doi_not_found
C024,SNP_level_v2,24,Hybrid catfish (I. punctatus x I. furcatus backcross),Ictalurus punctatus,,Head length,Growth (morphometric),"Significant region on LG7 (suggestive also on LG9, LG16)",,LG7,,,,,,,,Catfish 250K SNP array,"250,000",,Interspecific backcross,,10.1534/g3.116.032201,2016.0,Liu et al. 2016 channel catfish reference genome (Nat Commun 7:11757; GenBank accession LBML00000000) -- inferred from shared corresponding author (Zhanjiang Liu),,GCF_001660625.3,Coco_2.0,Chromosome,,,0,U,no usable coordinate and no parsable candidate gene symbol,"Geng, Liu, Yao, Bao, Zhang, Li, Wang, Sha, Zeng, Zhi & Liu 2016, G3 (Bethesda) 6(10):3389-3398. Head size affects fillet yield; borderline growth-adjacent morphometric trait included for completeness.",user_workbook_v2,cross_species,
C025,SNP_level_v2,25,Hybrid catfish (I. punctatus x I. furcatus backcross),Ictalurus punctatus,,Head width,Growth (morphometric),"Significant region on LG9 (suggestive also on LG5, LG7)",,LG9,,,,,,,,Catfish 250K SNP array,"250,000",,Interspecific backcross,,10.1534/g3.116.032201,2016.0,Liu et al. 2016 channel catfish reference genome (Nat Commun 7:11757; GenBank accession LBML00000000) -- inferred from shared corresponding author (Zhanjiang Liu),,GCF_001660625.3,Coco_2.0,Chromosome,,,0,U,no usable coordinate and no parsable candidate gene symbol,"Geng, Liu, Yao, Bao, Zhang, Li, Wang, Sha, Zeng, Zhi & Liu 2016, G3 (Bethesda) 6(10):3389-3398. Head size affects fillet yield; borderline growth-adjacent morphometric trait included for completeness.",user_workbook_v2,cross_species,
C026,SNP_level_v2,26,Hybrid catfish (I. punctatus x I. furcatus backcross),Ictalurus punctatus,,Deheaded body length (DBL),Growth (morphometric),Significant QTL on LG2 and LG24 (aggregate; individual SNP IDs not specified),,"LG2, LG24",,,,,,-log10P > 4.5 (suggestive threshold),,Catfish 250K SNP array,"250,000",,Interspecific backcross,,10.1007/s10126-017-9775-3,2017.0,Liu et al. 2016 channel catfish reference genome (Nat Commun 7:11757; GenBank accession LBML00000000) -- inferred from shared corresponding author (Zhanjiang Liu),,GCF_001660625.3,Coco_2.0,Chromosome,Genes with functions in bone development (specific names not captured),,0,U,no usable coordinate and no parsable candidate gene symbol,"Geng, Liu, Yuan, Jiang, Zhi & Liu 2017, Mar Biotechnol 19(6):570-578.",user_workbook_v2,cross_species,
C027,SNP_level_v2,27,Hybrid catfish (I. punctatus x I. furcatus backcross),Ictalurus punctatus,,Body length (BL),Growth (morphometric),"Additional significant SNPs on LG2, LG7, LG18 (aggregate; individual SNP IDs not specified)",,"LG2, LG7, LG18",,,,,,,,Catfish 250K SNP array,"250,000",,Interspecific backcross,,10.1007/s10126-017-9775-3,2017.0,Liu et al. 2016 channel catfish reference genome (Nat Commun 7:11757; GenBank accession LBML00000000) -- inferred from shared corresponding author (Zhanjiang Liu),,GCF_001660625.3,Coco_2.0,Chromosome,Genes with functions in bone development (specific names not captured),,0,U,no usable coordinate and no parsable candidate gene symbol,"Geng, Liu, Yuan, Jiang, Zhi & Liu 2017, Mar Biotechnol 19(6):570-578.",user_workbook_v2,cross_species,
C028,SNP_level_v2,28,Hybrid catfish (I. punctatus x I. furcatus backcross),Ictalurus punctatus,,"Head length, head width, head depth (reanalysis)",Growth (morphometric),Significant QTNs identified via GRAMMAR-Lambda (individual SNP IDs/positions not extracted from accessible text),,"Chr19, Chr29 (epistatic interaction)",,,,Epistatic interaction between chromosome 19 and chromosome 29 in bone development,,,556,Catfish 250K SNP array,"250,000",,Interspecific backcross,,10.3390/biology14010063,2025.0,Liu et al. 2016 channel catfish reference genome (Nat Commun 7:11757; GenBank accession LBML00000000) -- inferred from shared corresponding author (Zhanjiang Liu),,GCF_001660625.3,Coco_2.0,Chromosome,"bmpr1bb, fgfrl1b, nipbl, foxp2, pax5",bmpr1bb;fgfrl1b;nipbl;foxp2;pax5,5,B,no usable marker coordinate; anchored on reported candidate gene(s),"Zhao, Gao, Feng & Jiang 2025, Biology 14(1):63. Methodological reanalysis of previously published catfish head-size data (not an independent new population); included because it reports new candidate genes and epistasis results not in the original 2016 paper.",user_workbook_v2,cross_species,
