rank,symbol,gene_id,src_start,src_end,src_strand,cat_gene,cat_seqid,cat_pos,cat_symbol,locus_id,species,assembly,anchor_label,anchor_kind
-10,mad2l2,mad2l2,33382502,33401038,+,mad2l2,NC_069717.1,7567532.0,mad2l2,S001,Salmo salar,GCF_965601325.1,E2F,gene
-9,LOC106566890,LOC106566890,33625932,33906460,-,,,,,S001,Salmo salar,GCF_965601325.1,E2F,gene
-8,LOC106566891,LOC106566891,33981695,34013096,-,,,,,S001,Salmo salar,GCF_965601325.1,E2F,gene
-7,LOC106566893,LOC106566893,34072874,34075103,-,,,,,S001,Salmo salar,GCF_965601325.1,E2F,gene
-6,LOC106566894,LOC106566894,34080478,34084641,+,,,,,S001,Salmo salar,GCF_965601325.1,E2F,gene
-5,LOC106566895,LOC106566895,34084783,34151585,-,,,,,S001,Salmo salar,GCF_965601325.1,E2F,gene
-4,LOC106566896,LOC106566896,34178217,34290861,-,,,,,S001,Salmo salar,GCF_965601325.1,E2F,gene
-3,LOC106566897,LOC106566897,34367905,34388513,-,calcrl2,NC_069725.1,21442817.0,calcrl2,S001,Salmo salar,GCF_965601325.1,E2F,gene
-2,LOC106566898,LOC106566898,34431253,34451209,+,itchb,NC_069725.1,23394981.0,itchb,S001,Salmo salar,GCF_965601325.1,E2F,gene
-1,znf341,znf341,34451124,34459269,-,,,,,S001,Salmo salar,GCF_965601325.1,E2F,gene
0,e2f1,e2f1,34459662,34464228,+,e2f1,NC_069725.1,23361901.0,e2f1,S001,Salmo salar,GCF_965601325.1,E2F,gene
1,LOC106566900,LOC106566900,34464341,34473838,+,,,,,S001,Salmo salar,GCF_965601325.1,E2F,gene
2,LOC106566902,LOC106566902,34516432,34553374,+,,,,,S001,Salmo salar,GCF_965601325.1,E2F,gene
3,LOC106566903,LOC106566903,34561430,34598812,+,LOC113530288,NC_069725.1,23268937.0,LOC113530288,S001,Salmo salar,GCF_965601325.1,E2F,gene
4,LOC106566905,LOC106566905,34598131,34609836,-,tti1,NC_069725.1,23241063.0,tti1,S001,Salmo salar,GCF_965601325.1,E2F,gene
5,ct077,ct077,34610565,34611689,+,,,,,S001,Salmo salar,GCF_965601325.1,E2F,gene
6,tgm2a,tgm2a,34614029,34622629,-,tgm2a,NC_069725.1,23224977.0,tgm2a,S001,Salmo salar,GCF_965601325.1,E2F,gene
7,LOC106566904,LOC106566904,34622873,34652057,-,,,,,S001,Salmo salar,GCF_965601325.1,E2F,gene
8,LOC106566907,LOC106566907,34821026,34851117,+,,,,,S001,Salmo salar,GCF_965601325.1,E2F,gene
9,LOC106566908,LOC106566908,34864058,34888037,+,,,,,S001,Salmo salar,GCF_965601325.1,E2F,gene
10,si:ch73-217n20.1,si:ch73-217n20.1,34898473,34906521,+,si:ch73-217n20.1,NC_069725.1,23020001.0,si:ch73-217n20.1,S001,Salmo salar,GCF_965601325.1,E2F,gene
-10,tmem175,tmem175,41117580,41130536,-,tmem175,NC_069733.1,12548034.0,tmem175,S008,Epinephelus fuscoguttatus,GCF_011397635.1,bmp2k,gene
-9,LOC125890122,LOC125890122,41329125,41333856,+,,,,,S008,Epinephelus fuscoguttatus,GCF_011397635.1,bmp2k,gene
-8,rasgef1ba,rasgef1ba,41341361,41381428,+,rasgef1ba,NC_069733.1,12501715.0,rasgef1ba,S008,Epinephelus fuscoguttatus,GCF_011397635.1,bmp2k,gene
-7,prkg2,prkg2,41399421,41454145,+,prkg2,NC_069733.1,12455799.0,prkg2,S008,Epinephelus fuscoguttatus,GCF_011397635.1,bmp2k,gene
-6,bmp3,bmp3,41455984,41470475,-,bmp3,NC_069733.1,12443346.0,bmp3,S008,Epinephelus fuscoguttatus,GCF_011397635.1,bmp2k,gene
-5,cfap299,cfap299,41474133,41603510,-,cfap299,NC_069733.1,12411337.0,cfap299,S008,Epinephelus fuscoguttatus,GCF_011397635.1,bmp2k,gene
-4,fgf5,fgf5,41614583,41638540,-,fgf5,NC_069733.1,12370696.0,fgf5,S008,Epinephelus fuscoguttatus,GCF_011397635.1,bmp2k,gene
-3,prdm8b,prdm8b,41664128,41670605,-,prdm8b,NC_069733.1,12347065.0,prdm8b,S008,Epinephelus fuscoguttatus,GCF_011397635.1,bmp2k,gene
-2,antxr2a,antxr2a,41728026,41847251,+,antxr2a,NC_069733.1,12300491.0,antxr2a,S008,Epinephelus fuscoguttatus,GCF_011397635.1,bmp2k,gene
-1,paqr3a,paqr3a,42095056,42118657,+,paqr3a,NC_069733.1,12149461.0,paqr3a,S008,Epinephelus fuscoguttatus,GCF_011397635.1,bmp2k,gene
0,bmp2k,bmp2k,42118718,42186093,-,bmp2k,NC_069733.1,12122589.0,bmp2k,S008,Epinephelus fuscoguttatus,GCF_011397635.1,bmp2k,gene
1,LOC125889960,LOC125889960,42201311,42225071,+,,,,,S008,Epinephelus fuscoguttatus,GCF_011397635.1,bmp2k,gene
2,LOC125889961,LOC125889961,42216159,42221121,+,,,,,S008,Epinephelus fuscoguttatus,GCF_011397635.1,bmp2k,gene
3,anxa3a,anxa3a,42228982,42244045,-,,,,,S008,Epinephelus fuscoguttatus,GCF_011397635.1,bmp2k,gene
4,fras1,fras1,42245893,42647990,-,fras1,NC_069733.1,12034600.0,fras1,S008,Epinephelus fuscoguttatus,GCF_011397635.1,bmp2k,gene
5,mrpl1,mrpl1,42657876,42673571,-,mrpl1,NC_069733.1,11968543.0,mrpl1,S008,Epinephelus fuscoguttatus,GCF_011397635.1,bmp2k,gene
6,cnot6l,cnot6l,42674131,42703079,+,cnot6l,NC_069733.1,11956647.0,cnot6l,S008,Epinephelus fuscoguttatus,GCF_011397635.1,bmp2k,gene
7,LOC125889644,LOC125889644,42703090,42724557,-,LOC128318081,NC_069713.1,2875451.0,LOC128318081,S008,Epinephelus fuscoguttatus,GCF_011397635.1,bmp2k,gene
8,fam102aa,fam102aa,42729737,42777704,-,,,,,S008,Epinephelus fuscoguttatus,GCF_011397635.1,bmp2k,gene
9,slc25a25a,slc25a25a,42785767,42794047,+,,,,,S008,Epinephelus fuscoguttatus,GCF_011397635.1,bmp2k,gene
10,zdhhc12a,zdhhc12a,42798359,42813547,+,,,,,S008,Epinephelus fuscoguttatus,GCF_011397635.1,bmp2k,gene
-10,irx1b,irx1b,21690534,21693718,-,irx1b,NC_069738.1,7133752.0,irx1b,S009,Hypophthalmichthys nobilis,GCF_019924925.1,fndc5b,gene
-9,irx4b,irx4b,21751213,21755837,+,irx4b,NC_069738.1,7185754.0,irx4b,S009,Hypophthalmichthys nobilis,GCF_019924925.1,fndc5b,gene
-8,ndufs6,ndufs6,21763154,21765597,-,ndufs6,NC_069738.1,7196647.0,ndufs6,S009,Hypophthalmichthys nobilis,GCF_019924925.1,fndc5b,gene
-7,lpcat1,lpcat1,21768456,21798730,+,lpcat1,NC_069738.1,7213640.0,lpcat1,S009,Hypophthalmichthys nobilis,GCF_019924925.1,fndc5b,gene
-6,nrsn1l,nrsn1l,21810138,21817339,-,nrsn1l,NC_069738.1,7230970.0,nrsn1l,S009,Hypophthalmichthys nobilis,GCF_019924925.1,fndc5b,gene
-5,sox4a,sox4a,22018314,22021577,-,sox4a,NC_069738.1,7439578.0,sox4a,S009,Hypophthalmichthys nobilis,GCF_019924925.1,fndc5b,gene
-4,e2f3,e2f3,22265210,22280455,-,e2f3,NC_069738.1,7661939.0,e2f3,S009,Hypophthalmichthys nobilis,GCF_019924925.1,fndc5b,gene
-3,srfbp1,srfbp1,22281095,22286706,-,srfbp1,NC_069738.1,7670846.0,srfbp1,S009,Hypophthalmichthys nobilis,GCF_019924925.1,fndc5b,gene
-2,maco1a,maco1a,22286693,22303953,+,maco1a,NC_069738.1,7680514.0,maco1a,S009,Hypophthalmichthys nobilis,GCF_019924925.1,fndc5b,gene
-1,ldlrap1a,ldlrap1a,22305285,22322117,+,,,,,S009,Hypophthalmichthys nobilis,GCF_019924925.1,fndc5b,gene
0,fndc5b,fndc5b,22328531,22362173,-,fndc5b,NC_069738.1,7723719.0,fndc5b,S009,Hypophthalmichthys nobilis,GCF_019924925.1,fndc5b,gene
1,marcksl1b,marcksl1b,22533668,22536400,+,marcksl1b,NC_069738.1,7892522.0,marcksl1b,S009,Hypophthalmichthys nobilis,GCF_019924925.1,fndc5b,gene
2,hdac1,hdac1,22539036,22546304,+,hdac1,NC_069738.1,7904799.0,hdac1,S009,Hypophthalmichthys nobilis,GCF_019924925.1,fndc5b,gene
3,eif3i,eif3i,22545800,22552856,-,eif3i,NC_069738.1,7916559.0,eif3i,S009,Hypophthalmichthys nobilis,GCF_019924925.1,fndc5b,gene
4,txlna,txlna,22553175,22562490,-,txlna,NC_069738.1,7929269.0,txlna,S009,Hypophthalmichthys nobilis,GCF_019924925.1,fndc5b,gene
5,si:ch73-130a3.4,si:ch73-130a3.4,22562895,22564947,+,LOC113538889,NC_069719.1,15328739.0,LOC113538889,S009,Hypophthalmichthys nobilis,GCF_019924925.1,fndc5b,gene
6,kpna6,kpna6,22567235,22586156,-,kpna6,NC_069738.1,7947782.0,kpna6,S009,Hypophthalmichthys nobilis,GCF_019924925.1,fndc5b,gene
7,khdrbs1b,khdrbs1b,22835950,22846867,-,khdrbs1b,NC_069738.1,8206498.0,khdrbs1b,S009,Hypophthalmichthys nobilis,GCF_019924925.1,fndc5b,gene
8,tspan13b,tspan13b,22859932,22869562,+,tspan13b,NC_069738.1,8231216.0,tspan13b,S009,Hypophthalmichthys nobilis,GCF_019924925.1,fndc5b,gene
9,agr2,agr2,22869921,22872589,-,agr2,NC_069738.1,8239165.0,agr2,S009,Hypophthalmichthys nobilis,GCF_019924925.1,fndc5b,gene
10,ppp1r10,ppp1r10,22876006,22888702,-,ppp1r10,NC_069738.1,8249561.0,ppp1r10,S009,Hypophthalmichthys nobilis,GCF_019924925.1,fndc5b,gene
-10,pawr,pawr,19880805,19948936,+,pawr,NC_069727.1,1244173.0,pawr,S010,Micropterus salmoides,GCF_014851395.1,igf1,gene
-9,syt1a,syt1a,19958896,20152033,+,syt1b,NC_069715.1,30855953.0,syt1b,S010,Micropterus salmoides,GCF_014851395.1,igf1,gene
-8,LOC119918004,LOC119918004,20153999,20160614,+,LOC113531873,NC_069727.1,19122599.0,LOC113531873,S010,Micropterus salmoides,GCF_014851395.1,igf1,gene
-7,LOC119918003,LOC119918003,20160737,20191523,-,ppfibp1a,NC_069727.1,19147086.0,ppfibp1a,S010,Micropterus salmoides,GCF_014851395.1,igf1,gene
-6,syt10,syt10,20254246,20268139,+,syt10,NC_069727.1,19233608.0,syt10,S010,Micropterus salmoides,GCF_014851395.1,igf1,gene
-5,tnnt2c,tnnt2c,20282394,20285898,-,tnnt2c,NC_069727.1,19099463.0,tnnt2c,S010,Micropterus salmoides,GCF_014851395.1,igf1,gene
-4,LOC119917971,LOC119917971,20286994,20291208,+,,,,,S010,Micropterus salmoides,GCF_014851395.1,igf1,gene
-3,cry1a,cry1a,20291393,20304391,-,cry1a,NC_069727.1,19087651.0,cry1a,S010,Micropterus salmoides,GCF_014851395.1,igf1,gene
-2,btbd11a,btbd11a,20307505,20488310,+,btbd11a,NC_069727.1,18973911.0,btbd11a,S010,Micropterus salmoides,GCF_014851395.1,igf1,gene
-1,LOC119918209,LOC119918209,20499714,20507683,+,,,,,S010,Micropterus salmoides,GCF_014851395.1,igf1,gene
0,igf1,igf1,20514489,20533332,+,igf1,NC_069727.1,3412760.0,igf1,S010,Micropterus salmoides,GCF_014851395.1,igf1,gene
1,pmch,pmch,20537770,20540076,+,pmch,NC_069727.1,3434969.0,pmch,S010,Micropterus salmoides,GCF_014851395.1,igf1,gene
2,LOC119918399,LOC119918399,20540102,20555278,-,parpbp,NC_069727.1,3447896.0,parpbp,S010,Micropterus salmoides,GCF_014851395.1,igf1,gene
3,nup37,nup37,20555496,20568495,+,nup37,NC_069727.1,3469911.0,nup37,S010,Micropterus salmoides,GCF_014851395.1,igf1,gene
4,th2,th2,20573248,20579625,-,th2,NC_069727.1,3494833.0,th2,S010,Micropterus salmoides,GCF_014851395.1,igf1,gene
5,pah,pah,20579781,20594556,-,pah,NC_069727.1,3514787.0,pah,S010,Micropterus salmoides,GCF_014851395.1,igf1,gene
6,LOC119917960,LOC119917960,20594651,20671647,+,LOC113532275,NC_069727.1,3569837.0,LOC113532275,S010,Micropterus salmoides,GCF_014851395.1,igf1,gene
7,ascl1a,ascl1a,20675693,20677427,-,ascl1a,NC_069727.1,3532361.0,ascl1a,S010,Micropterus salmoides,GCF_014851395.1,igf1,gene
8,itfg2,itfg2,20681345,20693626,+,itfg2,NC_069718.1,26408280.0,itfg2,S010,Micropterus salmoides,GCF_014851395.1,igf1,gene
9,nrip2,nrip2,20712253,20742100,-,nrip2,NC_069718.1,26439892.0,nrip2,S010,Micropterus salmoides,GCF_014851395.1,igf1,gene
10,klhl42,klhl42,20745966,20750307,-,klhl42,NC_069718.1,26460837.0,klhl42,S010,Micropterus salmoides,GCF_014851395.1,igf1,gene
-10,LOC119918066,LOC119918066,19394072,19396856,+,,,,,S010,Micropterus salmoides,GCF_014851395.1,myf5,gene
-9,LOC119918064,LOC119918064,19397365,19401615,+,,,,,S010,Micropterus salmoides,GCF_014851395.1,myf5,gene
-8,zmp:0000000711,zmp:0000000711,19401302,19427326,-,tulp3,NC_069718.1,25954852.0,tulp3,S010,Micropterus salmoides,GCF_014851395.1,myf5,gene
-7,rhno1,rhno1,19428134,19430218,-,rhno1,NC_069727.1,9484017.0,rhno1,S010,Micropterus salmoides,GCF_014851395.1,myf5,gene
-6,foxm1,foxm1,19430314,19437600,+,foxm1,NC_069727.1,9478531.0,foxm1,S010,Micropterus salmoides,GCF_014851395.1,myf5,gene
-5,si:ch73-352p4.8,si:ch73-352p4.8,19436664,19444666,-,si:ch73-352p4.8,NC_069727.1,9471798.0,si:ch73-352p4.8,S010,Micropterus salmoides,GCF_014851395.1,myf5,gene
-4,LOC119918540,LOC119918540,19485153,19611652,+,,,,,S010,Micropterus salmoides,GCF_014851395.1,myf5,gene
-3,ppfia2,ppfia2,19611521,19663853,+,ppfia2,NC_069727.1,1617224.0,ppfia2,S010,Micropterus salmoides,GCF_014851395.1,myf5,gene
-2,acss3,acss3,19663781,19699711,-,acss3,NC_069727.1,1538071.0,acss3,S010,Micropterus salmoides,GCF_014851395.1,myf5,gene
-1,lin7a,lin7a,19707019,19745574,+,lin7a,NC_069727.1,1496032.0,lin7a,S010,Micropterus salmoides,GCF_014851395.1,myf5,gene
0,myf5,myf5,19750653,19753040,-,myf5,NC_069727.1,1462791.0,myf5,S010,Micropterus salmoides,GCF_014851395.1,myf5,gene
1,myf6,myf6,19756302,19758788,-,myf6,NC_069727.1,1444948.0,myf6,S010,Micropterus salmoides,GCF_014851395.1,myf5,gene
2,rps16,rps16,19791941,19794473,-,rps16,NC_069727.1,1408214.0,rps16,S010,Micropterus salmoides,GCF_014851395.1,myf5,gene
3,ppp1r12a,ppp1r12a,19813128,19869105,+,ppp1r12a,NC_069727.1,1323441.0,ppp1r12a,S010,Micropterus salmoides,GCF_014851395.1,myf5,gene
4,pawr,pawr,19880805,19948936,+,pawr,NC_069727.1,1244173.0,pawr,S010,Micropterus salmoides,GCF_014851395.1,myf5,gene
5,syt1a,syt1a,19958896,20152033,+,syt1b,NC_069715.1,30855953.0,syt1b,S010,Micropterus salmoides,GCF_014851395.1,myf5,gene
6,LOC119918004,LOC119918004,20153999,20160614,+,LOC113531873,NC_069727.1,19122599.0,LOC113531873,S010,Micropterus salmoides,GCF_014851395.1,myf5,gene
7,LOC119918003,LOC119918003,20160737,20191523,-,ppfibp1a,NC_069727.1,19147086.0,ppfibp1a,S010,Micropterus salmoides,GCF_014851395.1,myf5,gene
8,syt10,syt10,20254246,20268139,+,syt10,NC_069727.1,19233608.0,syt10,S010,Micropterus salmoides,GCF_014851395.1,myf5,gene
9,tnnt2c,tnnt2c,20282394,20285898,-,tnnt2c,NC_069727.1,19099463.0,tnnt2c,S010,Micropterus salmoides,GCF_014851395.1,myf5,gene
10,LOC119917971,LOC119917971,20286994,20291208,+,,,,,S010,Micropterus salmoides,GCF_014851395.1,myf5,gene
-10,LOC119918064,LOC119918064,19397365,19401615,+,,,,,S010,Micropterus salmoides,GCF_014851395.1,myf6,gene
-9,zmp:0000000711,zmp:0000000711,19401302,19427326,-,tulp3,NC_069718.1,25954852.0,tulp3,S010,Micropterus salmoides,GCF_014851395.1,myf6,gene
-8,rhno1,rhno1,19428134,19430218,-,rhno1,NC_069727.1,9484017.0,rhno1,S010,Micropterus salmoides,GCF_014851395.1,myf6,gene
-7,foxm1,foxm1,19430314,19437600,+,foxm1,NC_069727.1,9478531.0,foxm1,S010,Micropterus salmoides,GCF_014851395.1,myf6,gene
-6,si:ch73-352p4.8,si:ch73-352p4.8,19436664,19444666,-,si:ch73-352p4.8,NC_069727.1,9471798.0,si:ch73-352p4.8,S010,Micropterus salmoides,GCF_014851395.1,myf6,gene
-5,LOC119918540,LOC119918540,19485153,19611652,+,,,,,S010,Micropterus salmoides,GCF_014851395.1,myf6,gene
-4,ppfia2,ppfia2,19611521,19663853,+,ppfia2,NC_069727.1,1617224.0,ppfia2,S010,Micropterus salmoides,GCF_014851395.1,myf6,gene
-3,acss3,acss3,19663781,19699711,-,acss3,NC_069727.1,1538071.0,acss3,S010,Micropterus salmoides,GCF_014851395.1,myf6,gene
-2,lin7a,lin7a,19707019,19745574,+,lin7a,NC_069727.1,1496032.0,lin7a,S010,Micropterus salmoides,GCF_014851395.1,myf6,gene
-1,myf5,myf5,19750653,19753040,-,myf5,NC_069727.1,1462791.0,myf5,S010,Micropterus salmoides,GCF_014851395.1,myf6,gene
0,myf6,myf6,19756302,19758788,-,myf6,NC_069727.1,1444948.0,myf6,S010,Micropterus salmoides,GCF_014851395.1,myf6,gene
1,rps16,rps16,19791941,19794473,-,rps16,NC_069727.1,1408214.0,rps16,S010,Micropterus salmoides,GCF_014851395.1,myf6,gene
2,ppp1r12a,ppp1r12a,19813128,19869105,+,ppp1r12a,NC_069727.1,1323441.0,ppp1r12a,S010,Micropterus salmoides,GCF_014851395.1,myf6,gene
3,pawr,pawr,19880805,19948936,+,pawr,NC_069727.1,1244173.0,pawr,S010,Micropterus salmoides,GCF_014851395.1,myf6,gene
4,syt1a,syt1a,19958896,20152033,+,syt1b,NC_069715.1,30855953.0,syt1b,S010,Micropterus salmoides,GCF_014851395.1,myf6,gene
5,LOC119918004,LOC119918004,20153999,20160614,+,LOC113531873,NC_069727.1,19122599.0,LOC113531873,S010,Micropterus salmoides,GCF_014851395.1,myf6,gene
6,LOC119918003,LOC119918003,20160737,20191523,-,ppfibp1a,NC_069727.1,19147086.0,ppfibp1a,S010,Micropterus salmoides,GCF_014851395.1,myf6,gene
7,syt10,syt10,20254246,20268139,+,syt10,NC_069727.1,19233608.0,syt10,S010,Micropterus salmoides,GCF_014851395.1,myf6,gene
8,tnnt2c,tnnt2c,20282394,20285898,-,tnnt2c,NC_069727.1,19099463.0,tnnt2c,S010,Micropterus salmoides,GCF_014851395.1,myf6,gene
9,LOC119917971,LOC119917971,20286994,20291208,+,,,,,S010,Micropterus salmoides,GCF_014851395.1,myf6,gene
10,cry1a,cry1a,20291393,20304391,-,cry1a,NC_069727.1,19087651.0,cry1a,S010,Micropterus salmoides,GCF_014851395.1,myf6,gene
-10,Q5Y98_016605,Q5Y98_016605,15913184,15927249,+,kiaa0232,NC_069713.1,2570998.0,kiaa0232,S013,Lateolabrax maculatus,GCA_031216445.1,SORCS2,gene
-9,tbc1d14,Q5Y98_017046,15928009,15955703,+,LOC113524096,NC_069713.1,2531672.0,LOC113524096,S013,Lateolabrax maculatus,GCA_031216445.1,SORCS2,gene
-8,ccl36.1,Q5Y98_016621,15961509,15962675,+,LOC128318107,NC_069713.1,2982896.0,LOC128318107,S013,Lateolabrax maculatus,GCA_031216445.1,SORCS2,gene
-7,Q5Y98_016995,Q5Y98_016995,15963343,15967799,+,,,,,S013,Lateolabrax maculatus,GCA_031216445.1,SORCS2,gene
-6,Q5Y98_016632,Q5Y98_016632,15976269,15981814,+,ccl32b.3,NC_069731.1,12943681.0,ccl32b.3,S013,Lateolabrax maculatus,GCA_031216445.1,SORCS2,gene
-5,Q5Y98_017399,Q5Y98_017399,15982464,15990561,+,,,,,S013,Lateolabrax maculatus,GCA_031216445.1,SORCS2,gene
-4,Q5Y98_017403,Q5Y98_017403,15990587,15994890,+,,,,,S013,Lateolabrax maculatus,GCA_031216445.1,SORCS2,gene
-3,cfap184,Q5Y98_017401,15995980,15999000,-,,,,,S013,Lateolabrax maculatus,GCA_031216445.1,SORCS2,gene
-2,tada2b,Q5Y98_017402,15999156,16005509,+,tada2b,NC_069713.1,3248940.0,tada2b,S013,Lateolabrax maculatus,GCA_031216445.1,SORCS2,gene
-1,grpel1,Q5Y98_017404,16006730,16010831,-,grpel1,NC_069713.1,3260983.0,grpel1,S013,Lateolabrax maculatus,GCA_031216445.1,SORCS2,gene
0,sorcs2,Q5Y98_017247,16026221,16283471,+,sorcs2,NC_069713.1,3409160.0,sorcs2,S013,Lateolabrax maculatus,GCA_031216445.1,SORCS2,gene
1,afap1,Q5Y98_017315,16295324,16377100,-,afap1,NC_069721.1,23572573.0,afap1,S013,Lateolabrax maculatus,GCA_031216445.1,SORCS2,gene
2,ablim2,Q5Y98_017006,16380608,16463026,-,ablim2,NC_069721.1,23475341.0,ablim2,S013,Lateolabrax maculatus,GCA_031216445.1,SORCS2,gene
3,zcchc4,Q5Y98_017344,16465440,16473441,+,zcchc4,NC_069721.1,23411549.0,zcchc4,S013,Lateolabrax maculatus,GCA_031216445.1,SORCS2,gene
4,Q5Y98_017343,Q5Y98_017343,16467291,16471090,-,si:dkey-219e21.4,NC_069721.1,23412095.0,si:dkey-219e21.4,S013,Lateolabrax maculatus,GCA_031216445.1,SORCS2,gene
5,pde5ab,Q5Y98_017342,16479775,16553756,+,pde5ab,NC_069713.1,21526184.0,pde5ab,S013,Lateolabrax maculatus,GCA_031216445.1,SORCS2,gene
6,mad2l1,Q5Y98_017345,16554142,16557655,-,mad2l1,NC_069713.1,21550285.0,mad2l1,S013,Lateolabrax maculatus,GCA_031216445.1,SORCS2,gene
7,arsj,Q5Y98_016891,16585164,16599306,+,arsj,NC_069713.1,21571803.0,arsj,S013,Lateolabrax maculatus,GCA_031216445.1,SORCS2,gene
8,camk2d1,Q5Y98_017008,16610830,16691439,+,camk2d1,NC_069713.1,21627001.0,camk2d1,S013,Lateolabrax maculatus,GCA_031216445.1,SORCS2,gene
9,ank2b,Q5Y98_017005,16692229,16774050,-,ank2b,NC_069713.1,21722389.0,ank2b,S013,Lateolabrax maculatus,GCA_031216445.1,SORCS2,gene
10,aco1,Q5Y98_016818,16884144,16896533,+,aco1,NC_069713.1,19628254.0,aco1,S013,Lateolabrax maculatus,GCA_031216445.1,SORCS2,gene
-10,Q5Y98_016605,Q5Y98_016605,15913184,15927249,+,kiaa0232,NC_069713.1,2570998.0,kiaa0232,S014,Lateolabrax maculatus,GCA_031216445.1,SORCS2,gene
-9,tbc1d14,Q5Y98_017046,15928009,15955703,+,LOC113524096,NC_069713.1,2531672.0,LOC113524096,S014,Lateolabrax maculatus,GCA_031216445.1,SORCS2,gene
-8,ccl36.1,Q5Y98_016621,15961509,15962675,+,LOC128318107,NC_069713.1,2982896.0,LOC128318107,S014,Lateolabrax maculatus,GCA_031216445.1,SORCS2,gene
-7,Q5Y98_016995,Q5Y98_016995,15963343,15967799,+,,,,,S014,Lateolabrax maculatus,GCA_031216445.1,SORCS2,gene
-6,Q5Y98_016632,Q5Y98_016632,15976269,15981814,+,ccl32b.3,NC_069731.1,12943681.0,ccl32b.3,S014,Lateolabrax maculatus,GCA_031216445.1,SORCS2,gene
-5,Q5Y98_017399,Q5Y98_017399,15982464,15990561,+,,,,,S014,Lateolabrax maculatus,GCA_031216445.1,SORCS2,gene
-4,Q5Y98_017403,Q5Y98_017403,15990587,15994890,+,,,,,S014,Lateolabrax maculatus,GCA_031216445.1,SORCS2,gene
-3,cfap184,Q5Y98_017401,15995980,15999000,-,,,,,S014,Lateolabrax maculatus,GCA_031216445.1,SORCS2,gene
-2,tada2b,Q5Y98_017402,15999156,16005509,+,tada2b,NC_069713.1,3248940.0,tada2b,S014,Lateolabrax maculatus,GCA_031216445.1,SORCS2,gene
-1,grpel1,Q5Y98_017404,16006730,16010831,-,grpel1,NC_069713.1,3260983.0,grpel1,S014,Lateolabrax maculatus,GCA_031216445.1,SORCS2,gene
0,sorcs2,Q5Y98_017247,16026221,16283471,+,sorcs2,NC_069713.1,3409160.0,sorcs2,S014,Lateolabrax maculatus,GCA_031216445.1,SORCS2,gene
1,afap1,Q5Y98_017315,16295324,16377100,-,afap1,NC_069721.1,23572573.0,afap1,S014,Lateolabrax maculatus,GCA_031216445.1,SORCS2,gene
2,ablim2,Q5Y98_017006,16380608,16463026,-,ablim2,NC_069721.1,23475341.0,ablim2,S014,Lateolabrax maculatus,GCA_031216445.1,SORCS2,gene
3,zcchc4,Q5Y98_017344,16465440,16473441,+,zcchc4,NC_069721.1,23411549.0,zcchc4,S014,Lateolabrax maculatus,GCA_031216445.1,SORCS2,gene
4,Q5Y98_017343,Q5Y98_017343,16467291,16471090,-,si:dkey-219e21.4,NC_069721.1,23412095.0,si:dkey-219e21.4,S014,Lateolabrax maculatus,GCA_031216445.1,SORCS2,gene
5,pde5ab,Q5Y98_017342,16479775,16553756,+,pde5ab,NC_069713.1,21526184.0,pde5ab,S014,Lateolabrax maculatus,GCA_031216445.1,SORCS2,gene
6,mad2l1,Q5Y98_017345,16554142,16557655,-,mad2l1,NC_069713.1,21550285.0,mad2l1,S014,Lateolabrax maculatus,GCA_031216445.1,SORCS2,gene
7,arsj,Q5Y98_016891,16585164,16599306,+,arsj,NC_069713.1,21571803.0,arsj,S014,Lateolabrax maculatus,GCA_031216445.1,SORCS2,gene
8,camk2d1,Q5Y98_017008,16610830,16691439,+,camk2d1,NC_069713.1,21627001.0,camk2d1,S014,Lateolabrax maculatus,GCA_031216445.1,SORCS2,gene
9,ank2b,Q5Y98_017005,16692229,16774050,-,ank2b,NC_069713.1,21722389.0,ank2b,S014,Lateolabrax maculatus,GCA_031216445.1,SORCS2,gene
10,aco1,Q5Y98_016818,16884144,16896533,+,aco1,NC_069713.1,19628254.0,aco1,S014,Lateolabrax maculatus,GCA_031216445.1,SORCS2,gene
-10,Q5Y98_016703,Q5Y98_016703,6459957,6461798,-,,,,,S015,Lateolabrax maculatus,GCA_031216445.1,SLC7A8,gene
-9,Q5Y98_017187,Q5Y98_017187,6466386,6468283,-,,,,,S015,Lateolabrax maculatus,GCA_031216445.1,SLC7A8,gene
-8,Q5Y98_017184,Q5Y98_017184,6472914,6474766,-,,,,,S015,Lateolabrax maculatus,GCA_031216445.1,SLC7A8,gene
-7,Q5Y98_017201,Q5Y98_017201,6479109,6487813,-,,,,,S015,Lateolabrax maculatus,GCA_031216445.1,SLC7A8,gene
-6,nat8l,Q5Y98_017203,6487900,6504359,+,nat8l,NC_069713.1,11367649.0,nat8l,S015,Lateolabrax maculatus,GCA_031216445.1,SLC7A8,gene
-5,poln,Q5Y98_017188,6504360,6561002,-,poln,NC_069713.1,11401654.0,poln,S015,Lateolabrax maculatus,GCA_031216445.1,SLC7A8,gene
-4,haus3,Q5Y98_017412,6561200,6566400,-,haus3,NC_069713.1,11432445.0,haus3,S015,Lateolabrax maculatus,GCA_031216445.1,SLC7A8,gene
-3,Q5Y98_016495,Q5Y98_016495,6566468,6571056,+,ptgr1.1,NC_069713.1,11438766.0,ptgr1.1,S015,Lateolabrax maculatus,GCA_031216445.1,SLC7A8,gene
-2,txnb,Q5Y98_016496,6572399,6576390,+,txn,NC_069713.1,11454855.0,txn,S015,Lateolabrax maculatus,GCA_031216445.1,SLC7A8,gene
-1,svep1,Q5Y98_016494,6576443,6661400,-,svep1,NC_069713.1,11500800.0,svep1,S015,Lateolabrax maculatus,GCA_031216445.1,SLC7A8,gene
0,slc7a8a,Q5Y98_017195,6679225,6700938,+,slc7a8a,NC_069713.1,11575940.0,slc7a8a,S015,Lateolabrax maculatus,GCA_031216445.1,SLC7A8,gene
1,nedd8,Q5Y98_017209,6701626,6704590,-,nedd8,NC_069713.1,11589636.0,nedd8,S015,Lateolabrax maculatus,GCA_031216445.1,SLC7A8,gene
2,gmpr2,Q5Y98_017200,6704745,6709326,+,LOC113540353,NC_069713.1,11595267.0,LOC113540353,S015,Lateolabrax maculatus,GCA_031216445.1,SLC7A8,gene
3,Q5Y98_017196,Q5Y98_017196,6709321,6711596,-,,,,,S015,Lateolabrax maculatus,GCA_031216445.1,SLC7A8,gene
4,Q5Y98_017197,Q5Y98_017197,6711727,6713525,-,,,,,S015,Lateolabrax maculatus,GCA_031216445.1,SLC7A8,gene
5,homezb,Q5Y98_017198,6713542,6717267,+,,,,,S015,Lateolabrax maculatus,GCA_031216445.1,SLC7A8,gene
6,cideb,Q5Y98_017206,6716865,6719539,-,cideb,NC_069713.1,11979473.0,cideb,S015,Lateolabrax maculatus,GCA_031216445.1,SLC7A8,gene
7,tinf2,Q5Y98_017193,6720378,6725216,+,tinf2,NC_069713.1,11970693.0,tinf2,S015,Lateolabrax maculatus,GCA_031216445.1,SLC7A8,gene
8,dhrs4,Q5Y98_017202,6724208,6728052,-,dhrs4,NC_069713.1,11964940.0,dhrs4,S015,Lateolabrax maculatus,GCA_031216445.1,SLC7A8,gene
9,efs,Q5Y98_017191,6728448,6738072,+,efs,NC_069713.1,11946808.0,efs,S015,Lateolabrax maculatus,GCA_031216445.1,SLC7A8,gene
10,acin1b,Q5Y98_017189,6738209,6760220,+,acin1b,NC_069713.1,11926870.0,acin1b,S015,Lateolabrax maculatus,GCA_031216445.1,SLC7A8,gene
-10,pxnb,pxnb,8663703,8685477,+,pxnb,NC_069717.1,16562024.0,pxnb,S017,Oreochromis niloticus,GCF_001858045.2,galnt9,gene
-9,rnf181,rnf181,8686261,8688462,+,rnf181,NC_069733.1,2096063.0,rnf181,S017,Oreochromis niloticus,GCF_001858045.2,galnt9,gene
-8,LOC100702356,LOC100702356,8689350,8700452,-,tmem150ab,NC_069736.1,4443936.0,tmem150ab,S017,Oreochromis niloticus,GCF_001858045.2,galnt9,gene
-7,LOC100702093,LOC100702093,8704634,8709019,+,,,,,S017,Oreochromis niloticus,GCF_001858045.2,galnt9,gene
-6,LOC100701549,LOC100701549,8716496,8718739,+,,,,,S017,Oreochromis niloticus,GCF_001858045.2,galnt9,gene
-5,idua,idua,8719121,8726581,-,idua,NC_069733.1,610343.0,idua,S017,Oreochromis niloticus,GCF_001858045.2,galnt9,gene
-4,LOC100706472,LOC100706472,8727906,8740494,-,tnksa,NC_069724.1,12061250.0,tnksa,S017,Oreochromis niloticus,GCF_001858045.2,galnt9,gene
-3,piwil2,piwil2,8754442,8771044,-,piwil2,NC_069733.1,16735393.0,piwil2,S017,Oreochromis niloticus,GCF_001858045.2,galnt9,gene
-2,htr7c,htr7c,8776439,8810425,+,htr7c,NC_069733.1,16680696.0,htr7c,S017,Oreochromis niloticus,GCF_001858045.2,galnt9,gene
-1,atad1a,atad1a,8856473,8869558,-,atad1a,NC_069733.1,19280989.0,atad1a,S017,Oreochromis niloticus,GCF_001858045.2,galnt9,gene
0,galnt9,galnt9,8913231,9007028,-,galnt9,NC_069733.1,19362993.0,galnt9,S017,Oreochromis niloticus,GCF_001858045.2,galnt9,gene
1,fbrsl1,fbrsl1,9155657,9432144,+,fbrsl1,NC_069733.1,19643700.0,fbrsl1,S017,Oreochromis niloticus,GCF_001858045.2,galnt9,gene
2,chfr,chfr,9439793,9459112,+,chfr,NC_069733.1,19837496.0,chfr,S017,Oreochromis niloticus,GCF_001858045.2,galnt9,gene
3,si:dkey-112e17.1,si:dkey-112e17.1,9459307,9484408,-,si:dkey-112e17.1,NC_069733.1,19892288.0,si:dkey-112e17.1,S017,Oreochromis niloticus,GCF_001858045.2,galnt9,gene
4,golga3,golga3,9489309,9505418,+,golga3,NC_069733.1,890475.0,golga3,S017,Oreochromis niloticus,GCF_001858045.2,galnt9,gene
5,ankle2,ankle2,9505620,9520867,+,ankle2,NC_069733.1,911219.0,ankle2,S017,Oreochromis niloticus,GCF_001858045.2,galnt9,gene
6,pgam5,pgam5,9521094,9525299,-,pgam5,NC_069733.1,921564.0,pgam5,S017,Oreochromis niloticus,GCF_001858045.2,galnt9,gene
7,zdhhc8b,zdhhc8b,9525996,9594577,+,zdhhc8b,NC_069733.1,19927353.0,zdhhc8b,S017,Oreochromis niloticus,GCF_001858045.2,galnt9,gene
8,ranbp1,ranbp1,9593930,9598556,-,ranbp1,NC_069733.1,868898.0,ranbp1,S017,Oreochromis niloticus,GCF_001858045.2,galnt9,gene
9,trmt2a,trmt2a,9599831,9604301,+,trmt2a,NC_069733.1,18646551.0,trmt2a,S017,Oreochromis niloticus,GCF_001858045.2,galnt9,gene
10,dgcr8,dgcr8,9604613,9617492,-,dgcr8,NC_069733.1,18631168.0,dgcr8,S017,Oreochromis niloticus,GCF_001858045.2,galnt9,gene
-10,smyd3,smyd3,25955007,26047104,+,smyd3,NC_069719.1,29477102.0,smyd3,S017,Oreochromis niloticus,GCF_001858045.2,esrrg,gene
-9,kif26ba,kif26ba,26049964,26141078,-,kif26ba,NC_069719.1,29529514.0,kif26ba,S017,Oreochromis niloticus,GCF_001858045.2,esrrg,gene
-8,si:dkey-127k13.1,si:dkey-127k13.1,26142781,26150046,+,si:dkey-127k13.1,NC_069713.1,27372690.0,si:dkey-127k13.1,S017,Oreochromis niloticus,GCF_001858045.2,esrrg,gene
-7,ahctf1,ahctf1,26151731,26172428,+,ahctf1,NC_069719.1,29367424.0,ahctf1,S017,Oreochromis niloticus,GCF_001858045.2,esrrg,gene
-6,kif28,kif28,26174131,26183301,+,kif28,NC_069719.1,29388728.0,kif28,S017,Oreochromis niloticus,GCF_001858045.2,esrrg,gene
-5,LOC100702483,LOC100702483,26183710,26215786,-,,,,,S017,Oreochromis niloticus,GCF_001858045.2,esrrg,gene
-4,krtcap3,krtcap3,26216219,26220504,-,LOC113538827,NC_069719.1,13035704.0,LOC113538827,S017,Oreochromis niloticus,GCF_001858045.2,esrrg,gene
-3,LOC100703022,LOC100703022,26220645,26231818,-,,,,,S017,Oreochromis niloticus,GCF_001858045.2,esrrg,gene
-2,kctd3,kctd3,26232798,26244659,+,kctd3,NC_069719.1,24040643.0,kctd3,S017,Oreochromis niloticus,GCF_001858045.2,esrrg,gene
-1,ush2a,ush2a,26246351,26454521,-,ush2a,NC_069719.1,23928278.0,ush2a,S017,Oreochromis niloticus,GCF_001858045.2,esrrg,gene
0,esrrga,esrrga,26470882,26644822,-,esrrga,NC_069719.1,23773737.0,esrrga,S017,Oreochromis niloticus,GCF_001858045.2,esrrg,gene
1,LOC112846874,LOC112846874,26591510,26597675,+,,,,,S017,Oreochromis niloticus,GCF_001858045.2,esrrg,gene
2,spata17,spata17,26733808,26795671,+,spata17,NC_069719.1,23544949.0,spata17,S017,Oreochromis niloticus,GCF_001858045.2,esrrg,gene
3,greb1,greb1,26821853,26845070,+,greb1,NC_069719.1,23475753.0,greb1,S017,Oreochromis niloticus,GCF_001858045.2,esrrg,gene
4,lpin1a,lpin1a,26850528,26868392,+,,,,,S017,Oreochromis niloticus,GCF_001858045.2,esrrg,gene
5,LOC100692289,LOC100692289,26869315,26872733,+,,,,,S017,Oreochromis niloticus,GCF_001858045.2,esrrg,gene
6,LOC112846884,LOC112846884,26873027,26880102,-,LOC113544412,NC_069737.1,8846219.0,LOC113544412,S017,Oreochromis niloticus,GCF_001858045.2,esrrg,gene
7,ddias,ddias,26881215,26887943,-,ddias,NC_069724.1,9209411.0,ddias,S017,Oreochromis niloticus,GCF_001858045.2,esrrg,gene
8,LOC102081220,LOC102081220,26894949,26901540,+,,,,,S017,Oreochromis niloticus,GCF_001858045.2,esrrg,gene
9,LOC100705710,LOC100705710,26907055,26921407,+,,,,,S017,Oreochromis niloticus,GCF_001858045.2,esrrg,gene
10,irf1a,irf1a,26922149,26929379,+,irf1a,NC_069737.1,8873500.0,irf1a,S017,Oreochromis niloticus,GCF_001858045.2,esrrg,gene
-10,lmnl3,lmnl3,4980800,4989451,+,lmnl3,NC_069720.1,10500597.0,lmnl3,S018,Epinephelus tukula,GCF_041903045.1,CCDC102A,gene
-9,marchf3,marchf3,4990349,4998209,-,,,,,S018,Epinephelus tukula,GCF_041903045.1,CCDC102A,gene
-8,gjd6,gjd6,5004762,5005967,+,gjd6,NC_069720.1,10513015.0,gjd6,S018,Epinephelus tukula,GCF_041903045.1,CCDC102A,gene
-7,sh3gl3a,sh3gl3a,5018811,5065082,-,sh3gl3a,NC_069720.1,10535948.0,sh3gl3a,S018,Epinephelus tukula,GCF_041903045.1,CCDC102A,gene
-6,bnc1,bnc1,5084353,5108184,-,bnc1,NC_069715.1,697031.0,bnc1,S018,Epinephelus tukula,GCF_041903045.1,CCDC102A,gene
-5,tssk6,tssk6,5222349,5226256,+,tssk6,NC_069726.1,18769782.0,tssk6,S018,Epinephelus tukula,GCF_041903045.1,CCDC102A,gene
-4,LOC117259694,LOC117259694,5226997,5235161,-,LOC113546650,NC_069716.1,28058288.0,LOC113546650,S018,Epinephelus tukula,GCF_041903045.1,CCDC102A,gene
-3,hdgfl3,hdgfl3,5241135,5256884,+,hdgfl3,NC_069715.1,721517.0,hdgfl3,S018,Epinephelus tukula,GCF_041903045.1,CCDC102A,gene
-2,LOC117267788,LOC117267788,5260062,5269997,+,rbb4l,NC_069720.1,21097761.0,rbb4l,S018,Epinephelus tukula,GCF_041903045.1,CCDC102A,gene
-1,txlng,txlng,5270114,5281710,-,txlng,NC_069720.1,21086946.0,txlng,S018,Epinephelus tukula,GCF_041903045.1,CCDC102A,gene
0,ccdc102a,ccdc102a,5288197,5389217,+,ccdc102a,NC_069720.1,807434.0,ccdc102a,S018,Epinephelus tukula,GCF_041903045.1,CCDC102A,gene
1,dok4,dok4,5459401,5557765,+,dok4,NC_069720.1,889790.0,dok4,S018,Epinephelus tukula,GCF_041903045.1,CCDC102A,gene
2,nadsyn1,nadsyn1,5568344,5586298,+,nadsyn1,NC_069720.1,4309877.0,nadsyn1,S018,Epinephelus tukula,GCF_041903045.1,CCDC102A,gene
3,tpcn2,tpcn2,5588744,5625093,+,tpcn2,NC_069720.1,4333498.0,tpcn2,S018,Epinephelus tukula,GCF_041903045.1,CCDC102A,gene
4,pop4,pop4,5628678,5642328,+,pop4,NC_069734.1,306965.0,pop4,S018,Epinephelus tukula,GCF_041903045.1,CCDC102A,gene
5,plekhf1,plekhf1,5646330,5648081,+,plekhf1,NC_069734.1,367880.0,plekhf1,S018,Epinephelus tukula,GCF_041903045.1,CCDC102A,gene
6,pcsk6,pcsk6,5659882,5687727,+,pcsk6,NC_069720.1,8693222.0,pcsk6,S018,Epinephelus tukula,GCF_041903045.1,CCDC102A,gene
7,rwdd3,rwdd3,5692645,5700121,-,rwdd3,NC_069723.1,18487997.0,rwdd3,S018,Epinephelus tukula,GCF_041903045.1,CCDC102A,gene
8,prmt3,prmt3,5700599,5792232,+,prmt3,NC_069720.1,26463704.0,prmt3,S018,Epinephelus tukula,GCF_041903045.1,CCDC102A,gene
9,slc6a5,slc6a5,5796440,5831751,+,slc6a5,NC_069720.1,26515422.0,slc6a5,S018,Epinephelus tukula,GCF_041903045.1,CCDC102A,gene
10,LOC117259899,LOC117259899,5977624,6443472,+,LOC113523924,NC_069720.1,26662470.0,LOC113523924,S018,Epinephelus tukula,GCF_041903045.1,CCDC102A,gene
-10,LOC117269879,LOC117269879,21629097,21642646,-,,,,,S018,Epinephelus tukula,GCF_041903045.1,NTRK2,gene
-9,frmd3,frmd3,21648161,21737941,-,frmd3,NC_069717.1,23993298.0,frmd3,S018,Epinephelus tukula,GCF_041903045.1,NTRK2,gene
-8,LOC117263974,LOC117263974,21738434,21748186,+,,,,,S018,Epinephelus tukula,GCF_041903045.1,NTRK2,gene
-7,LOC117264420,LOC117264420,21753035,21761202,-,,,,,S018,Epinephelus tukula,GCF_041903045.1,NTRK2,gene
-6,gkap1,gkap1,21762454,21771178,-,gkap1,NC_069717.1,24017342.0,gkap1,S018,Epinephelus tukula,GCF_041903045.1,NTRK2,gene
-5,LOC117264759,LOC117264759,21772158,21783865,-,,,,,S018,Epinephelus tukula,GCF_041903045.1,NTRK2,gene
-4,qng1,qng1,21785544,21795721,-,qng1,NC_069717.1,24023599.0,qng1,S018,Epinephelus tukula,GCF_041903045.1,NTRK2,gene
-3,hnrnpk,hnrnpk,21796818,21811640,-,,,,,S018,Epinephelus tukula,GCF_041903045.1,NTRK2,gene
-2,rmi1,rmi1,21811746,21822743,+,rmi1,NC_069717.1,24038958.0,rmi1,S018,Epinephelus tukula,GCF_041903045.1,NTRK2,gene
-1,LOC117252931,LOC117252931,21853717,21873508,-,,,,,S018,Epinephelus tukula,GCF_041903045.1,NTRK2,gene
0,ntrk2a,ntrk2a,21878686,22007210,+,ntrk2a,NC_069717.1,24073839.0,ntrk2a,S018,Epinephelus tukula,GCF_041903045.1,NTRK2,gene
1,agtpbp1,agtpbp1,22053480,22088845,-,agtpbp1,NC_069717.1,24124687.0,agtpbp1,S018,Epinephelus tukula,GCF_041903045.1,NTRK2,gene
2,naa35,naa35,22089026,22100041,+,naa35,NC_069717.1,24145232.0,naa35,S018,Epinephelus tukula,GCF_041903045.1,NTRK2,gene
3,golm1,golm1,22103748,22113505,-,golm1,NC_069717.1,24157376.0,golm1,S018,Epinephelus tukula,GCF_041903045.1,NTRK2,gene
4,lmbrd2a,lmbrd2a,22115497,22126865,-,,,,,S018,Epinephelus tukula,GCF_041903045.1,NTRK2,gene
5,slc1a3a,slc1a3a,22140910,22160655,+,,,,,S018,Epinephelus tukula,GCF_041903045.1,NTRK2,gene
6,nipbla,nipbla,22168237,22202924,+,nipblb,NC_069726.1,4343445.0,nipblb,S018,Epinephelus tukula,GCF_041903045.1,NTRK2,gene
7,ndc80,ndc80,22203602,22213002,+,ndc80,NC_069719.1,10505649.0,ndc80,S018,Epinephelus tukula,GCF_041903045.1,NTRK2,gene
8,LOC117252964,LOC117252964,22238524,22242002,-,,,,,S018,Epinephelus tukula,GCF_041903045.1,NTRK2,gene
9,egflam,egflam,22258290,22298532,+,LOC113525539,NC_069733.1,112067.0,LOC113525539,S018,Epinephelus tukula,GCF_041903045.1,NTRK2,gene
10,opn4xb,opn4xb,22321853,22336645,+,,,,,S018,Epinephelus tukula,GCF_041903045.1,NTRK2,gene
-10,npffr2a,npffr2a,7674176,7729224,+,npffr2a,NC_069733.1,11634771.0,npffr2a,S018,Epinephelus tukula,GCF_041903045.1,CTSL,gene
-9,adamts3,adamts3,7772486,7999509,-,adamts3,NC_069733.1,11534805.0,adamts3,S018,Epinephelus tukula,GCF_041903045.1,CTSL,gene
-8,smarca2,smarca2,8087439,8160207,-,smarca2,NC_069733.1,11453616.0,smarca2,S018,Epinephelus tukula,GCF_041903045.1,CTSL,gene
-7,dmrt2a,dmrt2a,8269321,8274412,-,dmrt2a,NC_069733.1,11387817.0,dmrt2a,S018,Epinephelus tukula,GCF_041903045.1,CTSL,gene
-6,dmrt3a,dmrt3a,8286171,8290189,-,dmrt3a,NC_069733.1,11379323.0,dmrt3a,S018,Epinephelus tukula,GCF_041903045.1,CTSL,gene
-5,dmrt1,dmrt1,8304622,8342115,-,dmrt1,NC_069733.1,11360944.0,dmrt1,S018,Epinephelus tukula,GCF_041903045.1,CTSL,gene
-4,LOC117253036,LOC117253036,8346713,8354323,+,cfap157,NC_069733.1,8721425.0,cfap157,S018,Epinephelus tukula,GCF_041903045.1,CTSL,gene
-3,kank1a,kank1a,8355261,8447792,-,kank1a,NC_069733.1,11323773.0,kank1a,S018,Epinephelus tukula,GCF_041903045.1,CTSL,gene
-2,LOC117251881,LOC117251881,8454626,8461611,+,,,,,S018,Epinephelus tukula,GCF_041903045.1,CTSL,gene
-1,fbp2,fbp2,8463641,8486591,+,fbp2,NC_069733.1,11282005.0,fbp2,S018,Epinephelus tukula,GCF_041903045.1,CTSL,gene
0,ctsla,ctsla,8493467,8499982,-,ctsla,NC_069733.1,11271231.0,ctsla,S018,Epinephelus tukula,GCF_041903045.1,CTSL,gene
1,dapk1,dapk1,8508155,8627539,-,dapk1,NC_069733.1,11231939.0,dapk1,S018,Epinephelus tukula,GCF_041903045.1,CTSL,gene
2,LOC117252580,LOC117252580,8634239,8704371,-,,,,,S018,Epinephelus tukula,GCF_041903045.1,CTSL,gene
3,LOC117252584,LOC117252584,8716622,8795385,+,LOC113537027,NC_069733.1,14939822.0,LOC113537027,S018,Epinephelus tukula,GCF_041903045.1,CTSL,gene
4,LOC117252862,LOC117252862,8813224,8815975,+,,,,,S018,Epinephelus tukula,GCF_041903045.1,CTSL,gene
5,ckap2l,ckap2l,8819960,8834761,+,ckap2l,NC_069733.1,14910444.0,ckap2l,S018,Epinephelus tukula,GCF_041903045.1,CTSL,gene
6,LOC117252418,LOC117252418,8920119,8923385,-,,,,,S018,Epinephelus tukula,GCF_041903045.1,CTSL,gene
7,h2az2a,h2az2a,8924538,8927148,+,LOC113537011,NC_069733.1,14869106.0,LOC113537011,S018,Epinephelus tukula,GCF_041903045.1,CTSL,gene
8,hs3st1l2,hs3st1l2,8939151,8983399,-,hs3st1l2,NC_069733.1,14841267.0,hs3st1l2,S018,Epinephelus tukula,GCF_041903045.1,CTSL,gene
9,LOC117252977,LOC117252977,9036966,9040464,+,,,,,S018,Epinephelus tukula,GCF_041903045.1,CTSL,gene
10,LOC144464244,LOC144464244,9044095,9047582,+,,,,,S018,Epinephelus tukula,GCF_041903045.1,CTSL,gene
-10,cd164,cd164,19338556,19354969,+,cd164,NC_069739.1,11328269.0,cd164,S018,Epinephelus tukula,GCF_041903045.1,OTOF,gene
-9,cep57l1,cep57l1,19360905,19366539,-,cep57l1,NC_069739.1,11312571.0,cep57l1,S018,Epinephelus tukula,GCF_041903045.1,OTOF,gene
-8,sesn1,sesn1,19368131,19445136,+,sesn1,NC_069739.1,11282532.0,sesn1,S018,Epinephelus tukula,GCF_041903045.1,OTOF,gene
-7,armc2,armc2,19443422,19466954,-,armc2,NC_069739.1,11251259.0,armc2,S018,Epinephelus tukula,GCF_041903045.1,OTOF,gene
-6,foxo3b,foxo3b,19496366,19553075,-,foxo3b,NC_069739.1,11214048.0,foxo3b,S018,Epinephelus tukula,GCF_041903045.1,OTOF,gene
-5,afg1lb,afg1lb,19555957,19606593,-,,,,,S018,Epinephelus tukula,GCF_041903045.1,OTOF,gene
-4,snx3,snx3,19606878,19625369,+,snx3,NC_069739.1,11152290.0,snx3,S018,Epinephelus tukula,GCF_041903045.1,OTOF,gene
-3,nr2e1,nr2e1,19627662,19637521,-,nr2e1,NC_069739.1,11135932.0,nr2e1,S018,Epinephelus tukula,GCF_041903045.1,OTOF,gene
-2,ostm1,ostm1,19664671,19673755,+,ostm1,NC_069739.1,11104346.0,ostm1,S018,Epinephelus tukula,GCF_041903045.1,OTOF,gene
-1,LOC117270641,LOC117270641,19682056,19692481,+,,,,,S018,Epinephelus tukula,GCF_041903045.1,OTOF,gene
0,otofa,otofa,19691446,19827515,-,otofa,NC_069728.1,11859554.0,otofa,S018,Epinephelus tukula,GCF_041903045.1,OTOF,gene
1,fndc1,fndc1,19836173,19898394,+,fndc1,NC_069728.1,11800823.0,fndc1,S018,Epinephelus tukula,GCF_041903045.1,OTOF,gene
2,sod2,sod2,19941026,19944937,-,sod2,NC_069728.1,11751832.0,sod2,S018,Epinephelus tukula,GCF_041903045.1,OTOF,gene
3,wtap,wtap,19948093,19955068,+,wtap,NC_069728.1,11744996.0,wtap,S018,Epinephelus tukula,GCF_041903045.1,OTOF,gene
4,acat2,acat2,19956541,19962731,+,acat2,NC_069728.1,11736022.0,acat2,S018,Epinephelus tukula,GCF_041903045.1,OTOF,gene
5,tcp1,tcp1,19962789,19968866,-,tcp1,NC_069725.1,24550637.0,tcp1,S018,Epinephelus tukula,GCF_041903045.1,OTOF,gene
6,LOC117271299,LOC117271299,19972638,20026734,-,LOC113530539,NC_069725.1,24580251.0,LOC113530539,S018,Epinephelus tukula,GCF_041903045.1,OTOF,gene
7,LOC144466534,LOC144466534,20084991,20090033,+,,,,,S018,Epinephelus tukula,GCF_041903045.1,OTOF,gene
8,paplnb,paplnb,20092419,20100751,+,,,,,S018,Epinephelus tukula,GCF_041903045.1,OTOF,gene
9,erh,erh,20100891,20103439,+,erh,NC_069739.1,10436877.0,erh,S018,Epinephelus tukula,GCF_041903045.1,OTOF,gene
10,smek1,smek1,20103742,20119573,+,smek1,NC_069739.1,10448471.0,smek1,S018,Epinephelus tukula,GCF_041903045.1,OTOF,gene
-10,LOC144464461,LOC144464461,4635071,4640832,-,,,,,S018,Epinephelus tukula,GCF_041903045.1,nes,gene
-9,LOC144464460,LOC144464460,4651851,4664226,+,,,,,S018,Epinephelus tukula,GCF_041903045.1,nes,gene
-8,LOC117266300,LOC117266300,4663095,4682015,+,LOC113524038,NC_069718.1,28480346.0,LOC113524038,S018,Epinephelus tukula,GCF_041903045.1,nes,gene
-7,LOC117266301,LOC117266301,4682018,4693535,-,,,,,S018,Epinephelus tukula,GCF_041903045.1,nes,gene
-6,mettl25b,mettl25b,4693904,4703731,-,mettl25b,NC_069710.1,19631510.0,mettl25b,S018,Epinephelus tukula,GCF_041903045.1,nes,gene
-5,isg20l2,isg20l2,4705707,4713580,+,isg20l2,NC_069710.1,19637180.0,isg20l2,S018,Epinephelus tukula,GCF_041903045.1,nes,gene
-4,bcan,bcan,4724168,4765243,+,bcan,NC_069710.1,19652284.0,bcan,S018,Epinephelus tukula,GCF_041903045.1,nes,gene
-3,hapln2,hapln2,4771246,4782613,-,hapln2,NC_069710.1,19661678.0,hapln2,S018,Epinephelus tukula,GCF_041903045.1,nes,gene
-2,rhbg,rhbg,4801246,4824249,+,rhbg,NC_069710.1,19680616.0,rhbg,S018,Epinephelus tukula,GCF_041903045.1,nes,gene
-1,mef2d,mef2d,4938730,5083284,+,mef2d,NC_069710.1,19755223.0,mef2d,S018,Epinephelus tukula,GCF_041903045.1,nes,gene
0,nes,nes,5110380,5126356,-,nes,NC_069710.1,19790995.0,nes,S018,Epinephelus tukula,GCF_041903045.1,nes,gene
1,LOC117266357,LOC117266357,5139532,5161935,+,,,,,S018,Epinephelus tukula,GCF_041903045.1,nes,gene
2,LOC117266056,LOC117266056,5162551,5166931,+,,,,,S018,Epinephelus tukula,GCF_041903045.1,nes,gene
3,LOC117266057,LOC117266057,5171487,5181319,+,,,,,S018,Epinephelus tukula,GCF_041903045.1,nes,gene
4,LOC117265242,LOC117265242,5183571,5185132,+,,,,,S018,Epinephelus tukula,GCF_041903045.1,nes,gene
5,capn7,capn7,5187390,5211482,+,capn7,NC_069710.1,4260610.0,capn7,S018,Epinephelus tukula,GCF_041903045.1,nes,gene
6,sh3bp5b,sh3bp5b,5223342,5288835,-,sh3bp5b,NC_069710.1,4276885.0,sh3bp5b,S018,Epinephelus tukula,GCF_041903045.1,nes,gene
7,LOC117266469,LOC117266469,5301322,5312898,-,,,,,S018,Epinephelus tukula,GCF_041903045.1,nes,gene
8,LOC117265350,LOC117265350,5320350,5351361,-,,,,,S018,Epinephelus tukula,GCF_041903045.1,nes,gene
9,LOC117265351,LOC117265351,5341288,5347970,+,,,,,S018,Epinephelus tukula,GCF_041903045.1,nes,gene
10,LOC117265464,LOC117265464,5352876,5364189,+,,,,,S018,Epinephelus tukula,GCF_041903045.1,nes,gene
-10,ABG768_014424,ABG768_014424,29132068,29137562,+,heca,NC_069739.1,12380046.0,heca,S025,Culter alburnus,GCA_040182925.1,aig1,gene
-9,ABG768_014425,ABG768_014425,29143713,29170494,-,txlnba,NC_069739.1,12365197.0,txlnba,S025,Culter alburnus,GCA_040182925.1,aig1,gene
-8,ABG768_014426,ABG768_014426,29185822,29188232,-,,,,,S025,Culter alburnus,GCA_040182925.1,aig1,gene
-7,ABG768_014427,ABG768_014427,29395783,29406065,-,,,,,S025,Culter alburnus,GCA_040182925.1,aig1,gene
-6,ABG768_014428,ABG768_014428,29410875,29412886,+,,,,,S025,Culter alburnus,GCA_040182925.1,aig1,gene
-5,ABG768_014429,ABG768_014429,29414463,29455757,+,vta1,NC_069739.1,12341109.0,vta1,S025,Culter alburnus,GCA_040182925.1,aig1,gene
-4,ABG768_014430,ABG768_014430,29462627,29503469,+,adgrg6,NC_069739.1,12301698.0,adgrg6,S025,Culter alburnus,GCA_040182925.1,aig1,gene
-3,ABG768_014431,ABG768_014431,29508285,29513241,-,si:ch211-202p1.5,NC_069739.1,12272708.0,si:ch211-202p1.5,S025,Culter alburnus,GCA_040182925.1,aig1,gene
-2,ABG768_014432,ABG768_014432,29525870,29570335,-,hivep2a,NC_069739.1,12029294.0,hivep2a,S025,Culter alburnus,GCA_040182925.1,aig1,gene
-1,ABG768_014433,ABG768_014433,29592355,29592756,+,,,,,S025,Culter alburnus,GCA_040182925.1,aig1,gene
0,ABG768_014434,ABG768_014434,29621420,29660332,+,aig1,NC_069739.1,12099479.0,aig1,S025,Culter alburnus,GCA_040182925.1,aig1,gene
1,ABG768_014435,ABG768_014435,29670116,29677298,-,adat2,NC_069739.1,12129311.0,adat2,S025,Culter alburnus,GCA_040182925.1,aig1,gene
2,ABG768_014436,ABG768_014436,29677476,29685068,+,pex3,NC_069739.1,12138178.0,pex3,S025,Culter alburnus,GCA_040182925.1,aig1,gene
3,ABG768_014437,ABG768_014437,29698127,29703106,+,atf3,NC_069739.1,12154522.0,atf3,S025,Culter alburnus,GCA_040182925.1,aig1,gene
4,ABG768_014438,ABG768_014438,29707596,29708428,-,batf3,NC_069739.1,12167465.0,batf3,S025,Culter alburnus,GCA_040182925.1,aig1,gene
5,ABG768_014439,ABG768_014439,29713470,29718285,-,nsl1,NC_069739.1,12173680.0,nsl1,S025,Culter alburnus,GCA_040182925.1,aig1,gene
6,ABG768_014440,ABG768_014440,29718371,29723142,+,,,,,S025,Culter alburnus,GCA_040182925.1,aig1,gene
7,ABG768_014441,ABG768_014441,29723229,29723608,-,LOC113529329,NC_069739.1,12187811.0,LOC113529329,S025,Culter alburnus,GCA_040182925.1,aig1,gene
8,ABG768_014442,ABG768_014442,29727386,29735876,+,flvcr1,NC_069739.1,12196259.0,flvcr1,S025,Culter alburnus,GCA_040182925.1,aig1,gene
9,ABG768_014443,ABG768_014443,29742196,29774972,+,,,,,S025,Culter alburnus,GCA_040182925.1,aig1,gene
10,ABG768_014444,ABG768_014444,29781438,29788320,-,angel2,NC_069739.1,12233389.0,angel2,S025,Culter alburnus,GCA_040182925.1,aig1,gene
-10,ABG768_023011,ABG768_023011,35785901,35787480,+,LOC113537065,NC_069733.1,14174388.0,LOC113537065,S025,Culter alburnus,GCA_040182925.1,cacna1b,gene
-9,ABG768_023012,ABG768_023012,35795588,35797175,+,,,,,S025,Culter alburnus,GCA_040182925.1,cacna1b,gene
-8,ABG768_023013,ABG768_023013,35804966,35832016,-,npdc1b,NC_069733.1,14193252.0,npdc1b,S025,Culter alburnus,GCA_040182925.1,cacna1b,gene
-7,ABG768_023014,ABG768_023014,35835055,35860269,-,niban2b,NC_069733.1,14231506.0,niban2b,S025,Culter alburnus,GCA_040182925.1,cacna1b,gene
-6,ABG768_023015,ABG768_023015,35861589,35872922,+,stxbp1b,NC_069733.1,14263504.0,stxbp1b,S025,Culter alburnus,GCA_040182925.1,cacna1b,gene
-5,ABG768_023016,ABG768_023016,35876285,35941083,-,whrnb,NC_069733.1,14315832.0,whrnb,S025,Culter alburnus,GCA_040182925.1,cacna1b,gene
-4,ABG768_023017,ABG768_023017,35945509,35955973,-,noxa1,NC_069733.1,14373008.0,noxa1,S025,Culter alburnus,GCA_040182925.1,cacna1b,gene
-3,ABG768_023018,ABG768_023018,35957807,35964504,+,dpp7,NC_069733.1,14383704.0,dpp7,S025,Culter alburnus,GCA_040182925.1,cacna1b,gene
-2,ABG768_023019,ABG768_023019,35964905,35972103,-,man1b1b,NC_069733.1,14395415.0,man1b1b,S025,Culter alburnus,GCA_040182925.1,cacna1b,gene
-1,ABG768_023020,ABG768_023020,35974330,36022024,-,si:dkey-61l1.4,NC_069733.1,14436116.0,si:dkey-61l1.4,S025,Culter alburnus,GCA_040182925.1,cacna1b,gene
0,ABG768_023021,ABG768_023021,36025365,36160082,-,cacna1ba,NC_069733.1,14533559.0,cacna1ba,S025,Culter alburnus,GCA_040182925.1,cacna1b,gene
1,ABG768_023022,ABG768_023022,36163746,36180739,-,ehmt1a,NC_069733.1,14608741.0,ehmt1a,S025,Culter alburnus,GCA_040182925.1,cacna1b,gene
2,ABG768_023023,ABG768_023023,36182025,36190710,-,arrdc1a,NC_069733.1,14627053.0,arrdc1a,S025,Culter alburnus,GCA_040182925.1,cacna1b,gene
3,ABG768_023024,ABG768_023024,36192096,36193145,-,LOC113537144,NC_069733.1,14644192.0,LOC113537144,S025,Culter alburnus,GCA_040182925.1,cacna1b,gene
4,ABG768_023025,ABG768_023025,36200132,36207170,-,nelfb,NC_069733.1,14656896.0,nelfb,S025,Culter alburnus,GCA_040182925.1,cacna1b,gene
5,ABG768_023026,ABG768_023026,36208787,36214304,-,,,,,S025,Culter alburnus,GCA_040182925.1,cacna1b,gene
6,ABG768_023027,ABG768_023027,36219914,36231194,-,LOC113536885,NC_069733.1,14670422.0,LOC113536885,S025,Culter alburnus,GCA_040182925.1,cacna1b,gene
7,ABG768_023028,ABG768_023028,36241801,36266510,-,grin1b,NC_069733.1,14702788.0,grin1b,S025,Culter alburnus,GCA_040182925.1,cacna1b,gene
8,ABG768_023029,ABG768_023029,36272738,36292940,+,tsc1a,NC_069733.1,14733406.0,tsc1a,S025,Culter alburnus,GCA_040182925.1,cacna1b,gene
9,ABG768_023030,ABG768_023030,36293037,36294354,-,spaca9,NC_069733.1,14743048.0,spaca9,S025,Culter alburnus,GCA_040182925.1,cacna1b,gene
10,ABG768_023031,ABG768_023031,36295356,36318685,+,ak8,NC_069733.1,14758553.0,ak8,S025,Culter alburnus,GCA_040182925.1,cacna1b,gene
-10,ABG768_026549,ABG768_026549,22214653,22228423,+,mapk4,NC_069717.1,13955293.0,mapk4,S025,Culter alburnus,GCA_040182925.1,pgm5,gene
-9,ABG768_026550,ABG768_026550,22234316,22270028,-,slc20a2,NC_069717.1,13930353.0,slc20a2,S025,Culter alburnus,GCA_040182925.1,pgm5,gene
-8,ABG768_026551,ABG768_026551,22273291,22286172,+,hsd17b3,NC_069717.1,13894907.0,hsd17b3,S025,Culter alburnus,GCA_040182925.1,pgm5,gene
-7,ABG768_026552,ABG768_026552,22295727,22309762,-,ercc6l2,NC_069717.1,13877096.0,ercc6l2,S025,Culter alburnus,GCA_040182925.1,pgm5,gene
-6,ABG768_026553,ABG768_026553,22332728,22394206,+,ptch1,NC_069717.1,13815211.0,ptch1,S025,Culter alburnus,GCA_040182925.1,pgm5,gene
-5,ABG768_026554,ABG768_026554,22432901,22457849,+,fancc,NC_069717.1,13751199.0,fancc,S025,Culter alburnus,GCA_040182925.1,pgm5,gene
-4,ABG768_026555,ABG768_026555,22466860,22549429,-,aopep,NC_069717.1,13699028.0,aopep,S025,Culter alburnus,GCA_040182925.1,pgm5,gene
-3,ABG768_026556,ABG768_026556,22553291,22590731,-,dock8,NC_069717.1,13632748.0,dock8,S025,Culter alburnus,GCA_040182925.1,pgm5,gene
-2,ABG768_026557,ABG768_026557,22613188,22630296,+,cbwd,NC_069717.1,7463084.0,cbwd,S025,Culter alburnus,GCA_040182925.1,pgm5,gene
-1,ABG768_026558,ABG768_026558,22631998,22632966,+,foxd5,NC_069717.1,7452606.0,foxd5,S025,Culter alburnus,GCA_040182925.1,pgm5,gene
0,ABG768_026559,ABG768_026559,22635243,22663906,+,pgm5,NC_069717.1,7438461.0,pgm5,S025,Culter alburnus,GCA_040182925.1,pgm5,gene
1,ABG768_026560,ABG768_026560,22666701,22719534,+,,,,,S025,Culter alburnus,GCA_040182925.1,pgm5,gene
2,ABG768_026561,ABG768_026561,22725233,22766381,+,,,,,S025,Culter alburnus,GCA_040182925.1,pgm5,gene
3,ABG768_026562,ABG768_026562,22774178,22778510,+,,,,,S025,Culter alburnus,GCA_040182925.1,pgm5,gene
4,ABG768_026563,ABG768_026563,22784690,22786564,+,LOC117597593,NC_069715.1,6055970.0,LOC117597593,S025,Culter alburnus,GCA_040182925.1,pgm5,gene
5,ABG768_026564,ABG768_026564,22790759,22806566,+,upb1,NC_069717.1,16623069.0,upb1,S025,Culter alburnus,GCA_040182925.1,pgm5,gene
6,ABG768_026565,ABG768_026565,22807720,22811551,-,gucd1,NC_069717.1,16587942.0,gucd1,S025,Culter alburnus,GCA_040182925.1,pgm5,gene
7,ABG768_026566,ABG768_026566,22812398,22813646,+,,,,,S025,Culter alburnus,GCA_040182925.1,pgm5,gene
8,ABG768_026567,ABG768_026567,22815286,22818843,+,,,,,S025,Culter alburnus,GCA_040182925.1,pgm5,gene
9,ABG768_026568,ABG768_026568,22818958,22825784,-,,,,,S025,Culter alburnus,GCA_040182925.1,pgm5,gene
10,ABG768_026569,ABG768_026569,22827225,22828190,+,,,,,S025,Culter alburnus,GCA_040182925.1,pgm5,gene
-10,ABG768_015106,ABG768_015106,12414961,12442317,-,tnfrsfa,NC_069724.1,18480375.0,tnfrsfa,S025,Culter alburnus,GCA_040182925.1,bcr,gene
-9,ABG768_015107,ABG768_015107,12471411,12548508,-,unc5da,NC_069724.1,18618221.0,unc5da,S025,Culter alburnus,GCA_040182925.1,bcr,gene
-8,ABG768_015108,ABG768_015108,12768187,12768352,-,,,,,S025,Culter alburnus,GCA_040182925.1,bcr,gene
-7,ABG768_015109,ABG768_015109,12929751,12936872,+,aqp3b,NC_069724.1,18863174.0,aqp3b,S025,Culter alburnus,GCA_040182925.1,bcr,gene
-6,ABG768_015110,ABG768_015110,12964486,12968994,+,vps29,NC_069724.1,22254333.0,vps29,S025,Culter alburnus,GCA_040182925.1,bcr,gene
-5,ABG768_015111,ABG768_015111,12970716,12973176,-,LOC113535709,NC_069724.1,22249839.0,LOC113535709,S025,Culter alburnus,GCA_040182925.1,bcr,gene
-4,ABG768_015112,ABG768_015112,12973291,12977490,+,gpn3,NC_069724.1,22245842.0,gpn3,S025,Culter alburnus,GCA_040182925.1,bcr,gene
-3,ABG768_015113,ABG768_015113,12977830,12981669,+,arpc3,NC_069724.1,22240471.0,arpc3,S025,Culter alburnus,GCA_040182925.1,bcr,gene
-2,ABG768_015114,ABG768_015114,12982632,12988888,-,ube2g1b,NC_069724.1,22236073.0,ube2g1b,S025,Culter alburnus,GCA_040182925.1,bcr,gene
-1,ABG768_015115,ABG768_015115,12994940,13033812,+,atp2a2b,NC_069724.1,22211842.0,atp2a2b,S025,Culter alburnus,GCA_040182925.1,bcr,gene
0,ABG768_015116,ABG768_015116,13039005,13109503,+,bcr,NC_069724.1,22151890.0,bcr,S025,Culter alburnus,GCA_040182925.1,bcr,gene
1,ABG768_015117,ABG768_015117,13123065,13127109,-,gfi1b,NC_069724.1,22106812.0,gfi1b,S025,Culter alburnus,GCA_040182925.1,bcr,gene
2,ABG768_015118,ABG768_015118,13131226,13156795,+,tsc1b,NC_069724.1,22089684.0,tsc1b,S025,Culter alburnus,GCA_040182925.1,bcr,gene
3,ABG768_015119,ABG768_015119,13208072,13214957,-,gtf3c4,NC_069724.1,22031367.0,gtf3c4,S025,Culter alburnus,GCA_040182925.1,bcr,gene
4,ABG768_015120,ABG768_015120,13230363,13230566,+,,,,,S025,Culter alburnus,GCA_040182925.1,bcr,gene
5,ABG768_015121,ABG768_015121,13254252,13257733,-,barhl1b,NC_069724.1,21991860.0,barhl1b,S025,Culter alburnus,GCA_040182925.1,bcr,gene
6,ABG768_015122,ABG768_015122,13296915,13313385,+,stom,NC_069724.1,21943403.0,stom,S025,Culter alburnus,GCA_040182925.1,bcr,gene
7,ABG768_015123,ABG768_015123,13313481,13332365,-,gsna,NC_069724.1,21924628.0,gsna,S025,Culter alburnus,GCA_040182925.1,bcr,gene
8,ABG768_015124,ABG768_015124,13343968,13344181,-,,,,,S025,Culter alburnus,GCA_040182925.1,bcr,gene
9,ABG768_015125,ABG768_015125,13433496,13547942,+,rxraa,NC_069724.1,21784381.0,rxraa,S025,Culter alburnus,GCA_040182925.1,bcr,gene
10,ABG768_015126,ABG768_015126,13462034,13462230,+,,,,,S025,Culter alburnus,GCA_040182925.1,bcr,gene
-10,myo10l1,myo10l1,14679767,14697032,-,,,,,S026,Channa maculata,GCF_033026475.1,HS6ST1,gene
-9,LOC137101723,LOC137101723,14697223,14722004,-,,,,,S026,Channa maculata,GCF_033026475.1,HS6ST1,gene
-8,atg9a,atg9a,14729186,14740291,+,atg9a,NC_069711.1,32374272.0,atg9a,S026,Channa maculata,GCF_033026475.1,HS6ST1,gene
-7,zgc:112416,zgc:112416,14740615,14743252,-,zgc:112416,NC_069711.1,32422813.0,zgc:112416,S026,Channa maculata,GCF_033026475.1,HS6ST1,gene
-6,pcnt,pcnt,14744032,14778261,+,pcnt,NC_069711.1,32400909.0,pcnt,S026,Channa maculata,GCF_033026475.1,HS6ST1,gene
-5,senp2,senp2,14779417,14787183,+,senp2,NC_069711.1,32433261.0,senp2,S026,Channa maculata,GCF_033026475.1,HS6ST1,gene
-4,LOC137101616,LOC137101616,14788179,14793092,+,,,,,S026,Channa maculata,GCF_033026475.1,HS6ST1,gene
-3,LOC137101615,LOC137101615,14793402,14799647,+,,,,,S026,Channa maculata,GCF_033026475.1,HS6ST1,gene
-2,LOC137101613,LOC137101613,14800551,14809269,+,,,,,S026,Channa maculata,GCF_033026475.1,HS6ST1,gene
-1,uggt1,uggt1,14810122,14834286,-,uggt1,NC_069713.1,31514170.0,uggt1,S026,Channa maculata,GCF_033026475.1,HS6ST1,gene
0,hs6st1a,hs6st1a,14838213,14890222,-,hs6st1b,NC_069731.1,12728604.0,hs6st1b,S026,Channa maculata,GCF_033026475.1,HS6ST1,gene
1,otomp,otomp,14992838,14999098,-,otomp,NC_069713.1,31279199.0,otomp,S026,Channa maculata,GCF_033026475.1,HS6ST1,gene
2,acvr1l,acvr1l,15001241,15009771,+,acvr1l,NC_069713.1,31265933.0,acvr1l,S026,Channa maculata,GCF_033026475.1,HS6ST1,gene
3,d2hgdh,d2hgdh,15008817,15014930,-,d2hgdh,NC_069713.1,31257010.0,d2hgdh,S026,Channa maculata,GCF_033026475.1,HS6ST1,gene
4,LOC137101897,LOC137101897,15015686,15024045,-,,,,,S026,Channa maculata,GCF_033026475.1,HS6ST1,gene
5,LOC137101901,LOC137101901,15024164,15030898,+,LOC113533213,NC_069730.1,15518597.0,LOC113533213,S026,Channa maculata,GCF_033026475.1,HS6ST1,gene
6,zgc:110158,zgc:110158,15031005,15066274,-,zgc:110158,NC_069713.1,31216090.0,zgc:110158,S026,Channa maculata,GCF_033026475.1,HS6ST1,gene
7,keap1a,keap1a,15089744,15106506,-,keap1a,NC_069713.1,31151186.0,keap1a,S026,Channa maculata,GCF_033026475.1,HS6ST1,gene
8,crlf1a,crlf1a,15117672,15135449,+,crlf1a,NC_069713.1,31121953.0,crlf1a,S026,Channa maculata,GCF_033026475.1,HS6ST1,gene
9,odf3l2a,odf3l2a,15137612,15139544,+,,,,,S026,Channa maculata,GCF_033026475.1,HS6ST1,gene
10,ebi3,ebi3,15139588,15142444,-,ebi3,NC_069713.1,31095420.0,ebi3,S026,Channa maculata,GCF_033026475.1,HS6ST1,gene
-10,LOC127508310,LOC127508310,3424380,3437971,-,,,,,S027,Ctenopharyngodon idella,GCF_019924925.1,UBL5,gene
-9,LOC127508295,LOC127508295,3438217,3444005,-,,,,,S027,Ctenopharyngodon idella,GCF_019924925.1,UBL5,gene
-8,LOC127517944,LOC127517944,3448421,3464592,-,,,,,S027,Ctenopharyngodon idella,GCF_019924925.1,UBL5,gene
-7,LOC127517972,LOC127517972,3465704,3488002,-,,,,,S027,Ctenopharyngodon idella,GCF_019924925.1,UBL5,gene
-6,LOC127517963,LOC127517963,3500317,3515109,-,,,,,S027,Ctenopharyngodon idella,GCF_019924925.1,UBL5,gene
-5,trip10b,trip10b,3515257,3527650,+,trip10b,NC_069735.1,18403555.0,trip10b,S027,Ctenopharyngodon idella,GCF_019924925.1,UBL5,gene
-4,LOC127518352,LOC127518352,3529843,3537299,+,,,,,S027,Ctenopharyngodon idella,GCF_019924925.1,UBL5,gene
-3,sh2d3a,sh2d3a,3537645,3549593,-,sh2d3a,NC_069735.1,18422200.0,sh2d3a,S027,Ctenopharyngodon idella,GCF_019924925.1,UBL5,gene
-2,LOC127517981,LOC127517981,3552863,3578773,+,LOC113525128,NC_069735.1,18464191.0,LOC113525128,S027,Ctenopharyngodon idella,GCF_019924925.1,UBL5,gene
-1,LOC127518372,LOC127518372,3572765,3582117,-,,,,,S027,Ctenopharyngodon idella,GCF_019924925.1,UBL5,gene
0,LOC127518363,LOC127518363,3578807,3582117,-,ubl5,NC_069735.1,18503631.0,ubl5,S027,Ctenopharyngodon idella,GCF_019924925.1,UBL5,gene
1,pin1,pin1,3583384,3586300,+,pin1,NC_069735.1,18512619.0,pin1,S027,Ctenopharyngodon idella,GCF_019924925.1,UBL5,gene
2,LOC127518316,LOC127518316,3587114,3630152,+,,,,,S027,Ctenopharyngodon idella,GCF_019924925.1,UBL5,gene
3,LOC127518338,LOC127518338,3587297,3607300,+,,,,,S027,Ctenopharyngodon idella,GCF_019924925.1,UBL5,gene
4,LOC127518334,LOC127518334,3601635,3602939,-,,,,,S027,Ctenopharyngodon idella,GCF_019924925.1,UBL5,gene
5,LOC127518260,LOC127518260,3610723,3636524,-,,,,,S027,Ctenopharyngodon idella,GCF_019924925.1,UBL5,gene
6,LOC127518331,LOC127518331,3627854,3637519,+,LOC117596145,NC_069735.1,18572244.0,LOC117596145,S027,Ctenopharyngodon idella,GCF_019924925.1,UBL5,gene
7,LOC127518299,LOC127518299,3659242,3660611,-,LOC113525124,NC_069735.1,18521778.0,LOC113525124,S027,Ctenopharyngodon idella,GCF_019924925.1,UBL5,gene
8,LOC127518303,LOC127518303,3681272,3689744,-,,,,,S027,Ctenopharyngodon idella,GCF_019924925.1,UBL5,gene
9,LOC127518272,LOC127518272,3688415,3700737,-,,,,,S027,Ctenopharyngodon idella,GCF_019924925.1,UBL5,gene
10,LOC127518286,LOC127518286,3691254,3700551,-,,,,,S027,Ctenopharyngodon idella,GCF_019924925.1,UBL5,gene
-10,LOC106567674,LOC106567674,75874377,75883253,-,derl2,NC_069736.1,14917189.0,derl2,W001,Salmo salar,GCF_965601325.1,MDH,gene
-9,mis12,mis12,75910539,75914534,+,mis12,NC_069736.1,14920868.0,mis12,W001,Salmo salar,GCF_965601325.1,MDH,gene
-8,LOC106567673,LOC106567673,75923390,75925599,-,,,,,W001,Salmo salar,GCF_965601325.1,MDH,gene
-7,LOC106567672,LOC106567672,75938022,76016238,+,mcama,NC_069736.1,14961321.0,mcama,W001,Salmo salar,GCF_965601325.1,MDH,gene
-6,LOC106567671,LOC106567671,76016699,76038261,-,,,,,W001,Salmo salar,GCF_965601325.1,MDH,gene
-5,polr2j,polr2j,76045603,76047873,+,polr2j,NC_069736.1,13988988.0,polr2j,W001,Salmo salar,GCF_965601325.1,MDH,gene
-4,LOC106567669,LOC106567669,76057691,76085660,+,,,,,W001,Salmo salar,GCF_965601325.1,MDH,gene
-3,LOC106567668,LOC106567668,76094931,76099207,+,,,,,W001,Salmo salar,GCF_965601325.1,MDH,gene
-2,LOC100380745,LOC100380745,76115875,76186048,+,ap2b1,NC_069736.1,13924018.0,ap2b1,W001,Salmo salar,GCF_965601325.1,MDH,gene
-1,LOC106567739,LOC106567739,76190561,76208351,+,,,,,W001,Salmo salar,GCF_965601325.1,MDH,gene
0,LOC100194641,LOC100194641,76247782,76255121,-,mdh2,NC_069726.1,500286.0,mdh2,W001,Salmo salar,GCF_965601325.1,MDH,gene
1,ska2,ska2,76270736,76298644,+,ska2,NC_069726.1,509664.0,ska2,W001,Salmo salar,GCF_965601325.1,MDH,gene
2,LOC106567667,LOC106567667,76334165,76400009,+,,,,,W001,Salmo salar,GCF_965601325.1,MDH,gene
3,LOC106567666,LOC106567666,76425531,76452661,-,trim37,NC_069726.1,672466.0,trim37,W001,Salmo salar,GCF_965601325.1,MDH,gene
4,LOC106567664,LOC106567664,76454691,76498079,-,rabgef1,NC_069726.1,654230.0,rabgef1,W001,Salmo salar,GCF_965601325.1,MDH,gene
5,LOC106567663,LOC106567663,76502181,76516065,-,,,,,W001,Salmo salar,GCF_965601325.1,MDH,gene
6,LOC145860066,LOC145860066,76520538,76523744,+,,,,,W001,Salmo salar,GCF_965601325.1,MDH,gene
7,LOC106567662,LOC106567662,76532797,76566530,-,,,,,W001,Salmo salar,GCF_965601325.1,MDH,gene
8,LOC123726240,LOC123726240,76575046,76577783,+,LOC113524176,NC_069726.1,638168.0,LOC113524176,W001,Salmo salar,GCF_965601325.1,MDH,gene
9,LOC106567661,LOC106567661,76577786,76594590,-,,,,,W001,Salmo salar,GCF_965601325.1,MDH,gene
10,LOC106568027,LOC106568027,76611546,76851802,-,cux1b,NC_069730.1,4501119.0,cux1b,W001,Salmo salar,GCF_965601325.1,MDH,gene
-10,pkha1,pkha1,7512534,7542186,-,,,,,W001,Salmo salar,GCF_965601325.1,FRA10AC1,gene
-9,LOC106589362,LOC106589362,7575350,7628081,+,waplb,NC_069721.1,600447.0,waplb,W001,Salmo salar,GCF_965601325.1,FRA10AC1,gene
-8,LOC106589364,LOC106589364,7769186,8224417,+,grid1b,NC_069721.1,376194.0,grid1b,W001,Salmo salar,GCF_965601325.1,FRA10AC1,gene
-7,LOC106589366,LOC106589366,8521960,8613316,-,ccser2b,NC_069721.1,85665.0,ccser2b,W001,Salmo salar,GCF_965601325.1,FRA10AC1,gene
-6,LOC106589367,LOC106589367,8613688,8617337,-,,,,,W001,Salmo salar,GCF_965601325.1,FRA10AC1,gene
-5,LOC145865484,LOC145865484,8626072,8628827,-,,,,,W001,Salmo salar,GCF_965601325.1,FRA10AC1,gene
-4,LOC106589368,LOC106589368,8643747,8667460,-,myof,NC_069721.1,8279191.0,myof,W001,Salmo salar,GCF_965601325.1,FRA10AC1,gene
-3,cep55l,cep55l,8668414,8679939,+,,,,,W001,Salmo salar,GCF_965601325.1,FRA10AC1,gene
-2,rbp4,rbp4,8689029,8690885,-,,,,,W001,Salmo salar,GCF_965601325.1,FRA10AC1,gene
-1,LOC106589370,LOC106589370,8698833,8717243,+,pde6c,NC_069721.1,6209533.0,pde6c,W001,Salmo salar,GCF_965601325.1,FRA10AC1,gene
0,fra10ac1,fra10ac1,8718774,8733813,-,fra10ac1,NC_069721.1,6222811.0,fra10ac1,W001,Salmo salar,GCF_965601325.1,FRA10AC1,gene
1,LOC106589372,LOC106589372,8748274,8761757,+,lgi1b,NC_069721.1,6236635.0,lgi1b,W001,Salmo salar,GCF_965601325.1,FRA10AC1,gene
2,LOC106589373,LOC106589373,8762442,8773860,+,slc35g1,NC_069721.1,6245662.0,slc35g1,W001,Salmo salar,GCF_965601325.1,FRA10AC1,gene
3,LOC106589374,LOC106589374,8800853,8866791,+,,,,,W001,Salmo salar,GCF_965601325.1,FRA10AC1,gene
4,noc3l,noc3l,8876554,8891420,-,noc3l,NC_069721.1,6356704.0,noc3l,W001,Salmo salar,GCF_965601325.1,FRA10AC1,gene
5,LOC106589376,LOC106589376,8891561,8912007,-,,,,,W001,Salmo salar,GCF_965601325.1,FRA10AC1,gene
6,LOC106589377,LOC106589377,8932989,8935928,+,,,,,W001,Salmo salar,GCF_965601325.1,FRA10AC1,gene
7,LOC106589378,LOC106589378,8942241,8957767,-,LOC113527434,NC_069721.1,6413387.0,LOC113527434,W001,Salmo salar,GCF_965601325.1,FRA10AC1,gene
8,LOC106589379,LOC106589379,8970902,8973273,+,,,,,W001,Salmo salar,GCF_965601325.1,FRA10AC1,gene
9,hecd2,hecd2,9018732,9062724,-,hectd2,NC_069721.1,9868707.0,hectd2,W001,Salmo salar,GCF_965601325.1,FRA10AC1,gene
10,LOC106589380,LOC106589380,9087233,9104553,-,pcgf5b,NC_069721.1,9910958.0,pcgf5b,W001,Salmo salar,GCF_965601325.1,FRA10AC1,gene
-10,mad2l2,mad2l2,33382502,33401038,+,mad2l2,NC_069717.1,7567532.0,mad2l2,W001,Salmo salar,GCF_965601325.1,E2F,gene
-9,LOC106566890,LOC106566890,33625932,33906460,-,,,,,W001,Salmo salar,GCF_965601325.1,E2F,gene
-8,LOC106566891,LOC106566891,33981695,34013096,-,,,,,W001,Salmo salar,GCF_965601325.1,E2F,gene
-7,LOC106566893,LOC106566893,34072874,34075103,-,,,,,W001,Salmo salar,GCF_965601325.1,E2F,gene
-6,LOC106566894,LOC106566894,34080478,34084641,+,,,,,W001,Salmo salar,GCF_965601325.1,E2F,gene
-5,LOC106566895,LOC106566895,34084783,34151585,-,,,,,W001,Salmo salar,GCF_965601325.1,E2F,gene
-4,LOC106566896,LOC106566896,34178217,34290861,-,,,,,W001,Salmo salar,GCF_965601325.1,E2F,gene
-3,LOC106566897,LOC106566897,34367905,34388513,-,calcrl2,NC_069725.1,21442817.0,calcrl2,W001,Salmo salar,GCF_965601325.1,E2F,gene
-2,LOC106566898,LOC106566898,34431253,34451209,+,itchb,NC_069725.1,23394981.0,itchb,W001,Salmo salar,GCF_965601325.1,E2F,gene
-1,znf341,znf341,34451124,34459269,-,,,,,W001,Salmo salar,GCF_965601325.1,E2F,gene
0,e2f1,e2f1,34459662,34464228,+,e2f1,NC_069725.1,23361901.0,e2f1,W001,Salmo salar,GCF_965601325.1,E2F,gene
1,LOC106566900,LOC106566900,34464341,34473838,+,,,,,W001,Salmo salar,GCF_965601325.1,E2F,gene
2,LOC106566902,LOC106566902,34516432,34553374,+,,,,,W001,Salmo salar,GCF_965601325.1,E2F,gene
3,LOC106566903,LOC106566903,34561430,34598812,+,LOC113530288,NC_069725.1,23268937.0,LOC113530288,W001,Salmo salar,GCF_965601325.1,E2F,gene
4,LOC106566905,LOC106566905,34598131,34609836,-,tti1,NC_069725.1,23241063.0,tti1,W001,Salmo salar,GCF_965601325.1,E2F,gene
5,ct077,ct077,34610565,34611689,+,,,,,W001,Salmo salar,GCF_965601325.1,E2F,gene
6,tgm2a,tgm2a,34614029,34622629,-,tgm2a,NC_069725.1,23224977.0,tgm2a,W001,Salmo salar,GCF_965601325.1,E2F,gene
7,LOC106566904,LOC106566904,34622873,34652057,-,,,,,W001,Salmo salar,GCF_965601325.1,E2F,gene
8,LOC106566907,LOC106566907,34821026,34851117,+,,,,,W001,Salmo salar,GCF_965601325.1,E2F,gene
9,LOC106566908,LOC106566908,34864058,34888037,+,,,,,W001,Salmo salar,GCF_965601325.1,E2F,gene
10,si:ch73-217n20.1,si:ch73-217n20.1,34898473,34906521,+,si:ch73-217n20.1,NC_069725.1,23020001.0,si:ch73-217n20.1,W001,Salmo salar,GCF_965601325.1,E2F,gene
-10,LOC106580237,LOC106580237,12140635,12173412,+,LOC113540008,NC_069713.1,24067825.0,LOC113540008,W002,Salmo salar,GCF_965601325.1,POMT1,gene
-9,LOC106580235,LOC106580235,12213718,12247991,+,,,,,W002,Salmo salar,GCF_965601325.1,POMT1,gene
-8,LOC100196865,LOC100196865,12333764,12345406,+,olfm1a,NC_069733.1,6481124.0,olfm1a,W002,Salmo salar,GCF_965601325.1,POMT1,gene
-7,LOC106580130,LOC106580130,12376188,12408188,-,,,,,W002,Salmo salar,GCF_965601325.1,POMT1,gene
-6,LOC106580129,LOC106580129,12527577,12756848,+,,,,,W002,Salmo salar,GCF_965601325.1,POMT1,gene
-5,LOC106580128,LOC106580128,12797949,12829742,+,phf19,NC_069717.1,6510168.0,phf19,W002,Salmo salar,GCF_965601325.1,POMT1,gene
-4,LOC106580127,LOC106580127,12848349,12969145,+,,,,,W002,Salmo salar,GCF_965601325.1,POMT1,gene
-3,LOC106580126,LOC106580126,12983194,13030874,-,ntng2a,NC_069717.1,6685415.0,ntng2a,W002,Salmo salar,GCF_965601325.1,POMT1,gene
-2,LOC106580125,LOC106580125,13031931,13135361,+,,,,,W002,Salmo salar,GCF_965601325.1,POMT1,gene
-1,LOC106580123,LOC106580123,13177366,13230936,+,rapgef1a,NC_069717.1,6826698.0,rapgef1a,W002,Salmo salar,GCF_965601325.1,POMT1,gene
0,pomt1,pomt1,13272168,13286669,+,pomt1,NC_069733.1,7642737.0,pomt1,W002,Salmo salar,GCF_965601325.1,POMT1,gene
1,card9,card9,13319795,13324711,-,,,,,W002,Salmo salar,GCF_965601325.1,POMT1,gene
2,LOC106580121,LOC106580121,13327726,13356143,-,,,,,W002,Salmo salar,GCF_965601325.1,POMT1,gene
3,entr1,entr1,13366643,13371154,-,entr1,NC_069733.1,7686898.0,entr1,W002,Salmo salar,GCF_965601325.1,POMT1,gene
4,LOC106580118,LOC106580118,13371171,13379326,+,chek2,NC_069733.1,20464487.0,chek2,W002,Salmo salar,GCF_965601325.1,POMT1,gene
5,gstt2,gstt2,13378289,13381870,-,gstt2,NC_069733.1,20455453.0,gstt2,W002,Salmo salar,GCF_965601325.1,POMT1,gene
6,slc2a11b,slc2a11b,13387290,13406284,-,,,,,W002,Salmo salar,GCF_965601325.1,POMT1,gene
7,si:dkey-98f17.5,si:dkey-98f17.5,13407127,13424168,+,si:dkey-98f17.5,NC_069733.1,15393085.0,si:dkey-98f17.5,W002,Salmo salar,GCF_965601325.1,POMT1,gene
8,LOC106580115,LOC106580115,13425713,13477772,-,LOC113536904,NC_069733.1,15361417.0,LOC113536904,W002,Salmo salar,GCF_965601325.1,POMT1,gene
9,lztr1,lztr1,13481354,13494052,-,lztr1,NC_069733.1,15327137.0,lztr1,W002,Salmo salar,GCF_965601325.1,POMT1,gene
10,gal3st1a,gal3st1a,13496070,13517359,-,gal3st1a,NC_069733.1,15242420.0,gal3st1a,W002,Salmo salar,GCF_965601325.1,POMT1,gene
-10,LOC123727133,LOC123727133,75878220,75883575,-,wfdc2,NC_069725.1,14138598.0,wfdc2,W002,Salmo salar,GCF_965601325.1,AGRN,gene
-9,mfn2,mfn2,75911706,75936110,-,mfn2,NC_069717.1,22902008.0,mfn2,W002,Salmo salar,GCF_965601325.1,AGRN,gene
-8,plod1a,plod1a,75936855,75953203,-,plod1a,NC_069717.1,22882234.0,plod1a,W002,Salmo salar,GCF_965601325.1,AGRN,gene
-7,brpf3b,brpf3b,75966968,75980354,-,brpf3b,NC_069717.1,5839351.0,brpf3b,W002,Salmo salar,GCF_965601325.1,AGRN,gene
-6,mapk13,mapk13,75984996,75992746,-,mapk13,NC_069717.1,5821889.0,mapk13,W002,Salmo salar,GCF_965601325.1,AGRN,gene
-5,tafa5l,tafa5l,76037051,76078344,-,tafa5l,NC_069717.1,5731598.0,tafa5l,W002,Salmo salar,GCF_965601325.1,AGRN,gene
-4,mtor,mtor,76114071,76248220,-,mtor,NC_069717.1,22227251.0,mtor,W002,Salmo salar,GCF_965601325.1,AGRN,gene
-3,LOC106572191,LOC106572191,76216050,76220193,+,,,,,W002,Salmo salar,GCF_965601325.1,AGRN,gene
-2,LOC106572192,LOC106572192,76233301,76235361,-,,,,,W002,Salmo salar,GCF_965601325.1,AGRN,gene
-1,LOC106572188,LOC106572188,76266847,76270192,-,,,,,W002,Salmo salar,GCF_965601325.1,AGRN,gene
0,LOC106572186,LOC106572186,76307039,76566753,+,agrn,NC_069725.1,8853258.0,agrn,W002,Salmo salar,GCF_965601325.1,AGRN,gene
1,LOC106572187,LOC106572187,76576563,76638381,+,,,,,W002,Salmo salar,GCF_965601325.1,AGRN,gene
2,LOC106572190,LOC106572190,76641334,76648838,-,,,,,W002,Salmo salar,GCF_965601325.1,AGRN,gene
3,LOC106572185,LOC106572185,76682741,76723250,+,,,,,W002,Salmo salar,GCF_965601325.1,AGRN,gene
4,prex1,prex1,76723732,76831948,+,prex1,NC_069717.1,11860808.0,prex1,W002,Salmo salar,GCF_965601325.1,AGRN,gene
5,LOC106572183,LOC106572183,76835444,76878801,+,,,,,W002,Salmo salar,GCF_965601325.1,AGRN,gene
6,LOC106572184,LOC106572184,76839833,76845581,+,,,,,W002,Salmo salar,GCF_965601325.1,AGRN,gene
7,LOC106572182,LOC106572182,76891789,76965171,+,chrna4b,NC_069720.1,21018422.0,chrna4b,W002,Salmo salar,GCF_965601325.1,AGRN,gene
8,LOC106572181,LOC106572181,77009637,77011916,-,,,,,W002,Salmo salar,GCF_965601325.1,AGRN,gene
9,rtel1,rtel1,77012132,77068062,-,rtel1,NC_069720.1,21051081.0,rtel1,W002,Salmo salar,GCF_965601325.1,AGRN,gene
10,LOC106572179,LOC106572179,77077518,77089898,+,,,,,W002,Salmo salar,GCF_965601325.1,AGRN,gene
-10,LOC106607191,LOC106607191,39829541,39842214,-,,,,,W002,Salmo salar,GCF_965601325.1,NOTCH3,gene
-9,LOC106607192,LOC106607192,39842289,39852346,+,,,,,W002,Salmo salar,GCF_965601325.1,NOTCH3,gene
-8,LOC100194731,LOC100194731,39860938,39864351,+,,,,,W002,Salmo salar,GCF_965601325.1,NOTCH3,gene
-7,LOC106607196,LOC106607196,39869313,39872347,+,,,,,W002,Salmo salar,GCF_965601325.1,NOTCH3,gene
-6,LOC106607195,LOC106607195,39873662,39888224,+,kat7a,NC_069722.1,3191536.0,kat7a,W002,Salmo salar,GCF_965601325.1,NOTCH3,gene
-5,tac4,tac4,39888412,39889943,-,tac4,NC_069722.1,18476110.0,tac4,W002,Salmo salar,GCF_965601325.1,NOTCH3,gene
-4,shfl,shfl,39897248,39904861,-,shfl,NC_069732.1,4845504.0,shfl,W002,Salmo salar,GCF_965601325.1,NOTCH3,gene
-3,LOC106607200,LOC106607200,39916456,39922944,+,,,,,W002,Salmo salar,GCF_965601325.1,NOTCH3,gene
-2,LOC145850298,LOC145850298,39922319,39925501,+,,,,,W002,Salmo salar,GCF_965601325.1,NOTCH3,gene
-1,mfap4,mfap4,39925505,39926971,-,LOC113525124,NC_069735.1,18521778.0,LOC113525124,W002,Salmo salar,GCF_965601325.1,NOTCH3,gene
0,LOC106607201,LOC106607201,39927376,39979719,-,notch3,NC_069732.1,4877110.0,notch3,W002,Salmo salar,GCF_965601325.1,NOTCH3,gene
1,LOC106607202,LOC106607202,40046062,40054418,-,,,,,W002,Salmo salar,GCF_965601325.1,NOTCH3,gene
2,LOC106607203,LOC106607203,40070217,40159058,+,col5a3a,NC_069732.1,5034384.0,col5a3a,W002,Salmo salar,GCF_965601325.1,NOTCH3,gene
3,LOC106607204,LOC106607204,40179355,40264288,+,olfm2a,NC_069732.1,5177025.0,olfm2a,W002,Salmo salar,GCF_965601325.1,NOTCH3,gene
4,LOC106607205,LOC106607205,40308107,40336862,-,,,,,W002,Salmo salar,GCF_965601325.1,NOTCH3,gene
5,icam5,icam5,40336931,40345324,-,icam5,NC_069732.1,5373307.0,icam5,W002,Salmo salar,GCF_965601325.1,NOTCH3,gene
6,LOC106607207,LOC106607207,40346435,40352232,-,,,,,W002,Salmo salar,GCF_965601325.1,NOTCH3,gene
7,p2ry11,p2ry11,40377709,40379547,+,LOC113535910,NC_069732.1,5536721.0,LOC113535910,W002,Salmo salar,GCF_965601325.1,NOTCH3,gene
8,LOC106607209,LOC106607209,40384990,40391078,+,eif3g,NC_069732.1,5546765.0,eif3g,W002,Salmo salar,GCF_965601325.1,NOTCH3,gene
9,LOC106607210,LOC106607210,40391565,40413679,-,,,,,W002,Salmo salar,GCF_965601325.1,NOTCH3,gene
10,LOC106607212,LOC106607212,40415432,40447534,-,,,,,W002,Salmo salar,GCF_965601325.1,NOTCH3,gene
-10,LOC106607040,LOC106607040,36404577,36462137,-,,,,,W002,Salmo salar,GCF_965601325.1,MYH9,gene
-9,rbp,rbp,36481547,36491647,+,,,,,W002,Salmo salar,GCF_965601325.1,MYH9,gene
-8,LOC123743536,LOC123743536,36491423,36499932,+,,,,,W002,Salmo salar,GCF_965601325.1,MYH9,gene
-7,LOC106607037,LOC106607037,36503546,36505416,-,,,,,W002,Salmo salar,GCF_965601325.1,MYH9,gene
-6,LOC106607036,LOC106607036,36555742,36570535,+,hook2,NC_069738.1,3995356.0,hook2,W002,Salmo salar,GCF_965601325.1,MYH9,gene
-5,LOC106607035,LOC106607035,36576025,36578073,+,trir,NC_069738.1,4013206.0,trir,W002,Salmo salar,GCF_965601325.1,MYH9,gene
-4,LOC106607034,LOC106607034,36578351,36588742,-,,,,,W002,Salmo salar,GCF_965601325.1,MYH9,gene
-3,LOC106607033,LOC106607033,36589094,36596175,-,,,,,W002,Salmo salar,GCF_965601325.1,MYH9,gene
-2,LOC106607032,LOC106607032,36600099,36606985,-,,,,,W002,Salmo salar,GCF_965601325.1,MYH9,gene
-1,LOC106607031,LOC106607031,36609278,36618419,-,slc25a38a,NC_069738.1,4348923.0,slc25a38a,W002,Salmo salar,GCF_965601325.1,MYH9,gene
0,LOC100380669,LOC100380669,36618569,36651046,-,myh9b,NC_069738.1,4316049.0,myh9b,W002,Salmo salar,GCF_965601325.1,MYH9,gene
1,LOC106607030,LOC106607030,36662633,36669588,-,,,,,W002,Salmo salar,GCF_965601325.1,MYH9,gene
2,LOC106607029,LOC106607029,36669741,36673664,+,LOC113534792,NC_069738.1,4256817.0,LOC113534792,W002,Salmo salar,GCF_965601325.1,MYH9,gene
3,LOC106601163,LOC106601163,36678660,36686595,+,si:ch211-106h11.3,NC_069738.1,4234046.0,si:ch211-106h11.3,W002,Salmo salar,GCF_965601325.1,MYH9,gene
4,ddx39,ddx39,36687870,36695070,-,ddx39ab,NC_069738.1,4220661.0,ddx39ab,W002,Salmo salar,GCF_965601325.1,MYH9,gene
5,LOC106607027,LOC106607027,36695698,36701413,-,si:ch211-106h11.1,NC_069738.1,4207615.0,si:ch211-106h11.1,W002,Salmo salar,GCF_965601325.1,MYH9,gene
6,LOC106607008,LOC106607008,36702876,36708855,+,,,,,W002,Salmo salar,GCF_965601325.1,MYH9,gene
7,LOC106607026,LOC106607026,36720594,36726864,+,LOC113534607,NC_069738.1,4183524.0,LOC113534607,W002,Salmo salar,GCF_965601325.1,MYH9,gene
8,LOC106607025,LOC106607025,36726289,36737341,-,engl,NC_069738.1,4170703.0,engl,W002,Salmo salar,GCF_965601325.1,MYH9,gene
9,LOC106607024,LOC106607024,36754087,36790311,-,,,,,W002,Salmo salar,GCF_965601325.1,MYH9,gene
10,LOC106607023,LOC106607023,36799066,36831462,-,,,,,W002,Salmo salar,GCF_965601325.1,MYH9,gene
-10,siae,siae,69411478,69426580,+,siae,NC_069715.1,24890778.0,siae,W002,Salmo salar,GCF_965601325.1,MYO18AB,gene
-9,LOC106581216,LOC106581216,69429878,69443865,+,,,,,W002,Salmo salar,GCF_965601325.1,MYO18AB,gene
-8,tbrg1,tbrg1,69443842,69449488,-,tbrg1,NC_069715.1,7360876.0,tbrg1,W002,Salmo salar,GCF_965601325.1,MYO18AB,gene
-7,mmp20b,mmp20b,69450596,69471494,-,mmp20b,NC_069723.1,11517716.0,mmp20b,W002,Salmo salar,GCF_965601325.1,MYO18AB,gene
-6,LOC106581219,LOC106581219,69502504,69507539,+,,,,,W002,Salmo salar,GCF_965601325.1,MYO18AB,gene
-5,LOC106581222,LOC106581222,69521576,69531654,-,tsku,NC_069723.1,21627788.0,tsku,W002,Salmo salar,GCF_965601325.1,MYO18AB,gene
-4,LOC106581221,LOC106581221,69533923,69588535,-,,,,,W002,Salmo salar,GCF_965601325.1,MYO18AB,gene
-3,LOC106581220,LOC106581220,69754244,69764166,-,,,,,W002,Salmo salar,GCF_965601325.1,MYO18AB,gene
-2,LOC106581238,LOC106581238,70073481,70085602,-,,,,,W002,Salmo salar,GCF_965601325.1,MYO18AB,gene
-1,LOC106581239,LOC106581239,70087868,70295631,-,sez6b,NC_069723.1,10916329.0,sez6b,W002,Salmo salar,GCF_965601325.1,MYO18AB,gene
0,LOC106581247,LOC106581247,70335744,70505216,-,myo18ab,NC_069723.1,10756447.0,myo18ab,W002,Salmo salar,GCF_965601325.1,MYO18AB,gene
1,LOC123723881,LOC123723881,70525711,70543906,-,,,,,W002,Salmo salar,GCF_965601325.1,MYO18AB,gene
2,LOC106581250,LOC106581250,70544718,70607205,-,,,,,W002,Salmo salar,GCF_965601325.1,MYO18AB,gene
3,LOC106581251,LOC106581251,70628816,70643823,-,,,,,W002,Salmo salar,GCF_965601325.1,MYO18AB,gene
4,LOC106581252,LOC106581252,70645763,70692810,-,cuedc1b,NC_069723.1,13081238.0,cuedc1b,W002,Salmo salar,GCF_965601325.1,MYO18AB,gene
5,LOC106581258,LOC106581258,70700572,70717463,-,,,,,W002,Salmo salar,GCF_965601325.1,MYO18AB,gene
6,LOC106581261,LOC106581261,70719844,70721612,+,,,,,W002,Salmo salar,GCF_965601325.1,MYO18AB,gene
7,LOC106581254,LOC106581254,70734031,70842501,+,,,,,W002,Salmo salar,GCF_965601325.1,MYO18AB,gene
8,LOC106581259,LOC106581259,70785634,70789852,-,,,,,W002,Salmo salar,GCF_965601325.1,MYO18AB,gene
9,evi2b,evi2b,70794226,70796986,-,,,,,W002,Salmo salar,GCF_965601325.1,MYO18AB,gene
10,LOC106581262,LOC106581262,70804080,70814867,-,,,,,W002,Salmo salar,GCF_965601325.1,MYO18AB,gene
-10,pak2b,pak2b,66812879,66839267,+,,,,,W004,Oncorhynchus mykiss,GCF_013265735.2,Sox2,gene
-9,rpp21,rpp21,66881994,66884028,+,rpp21,NC_069720.1,13268073.0,rpp21,W004,Oncorhynchus mykiss,GCF_013265735.2,Sox2,gene
-8,aqp12,aqp12,66883689,66885402,-,aqp12,NC_069720.1,13264935.0,aqp12,W004,Oncorhynchus mykiss,GCF_013265735.2,Sox2,gene
-7,gpc5b,gpc5b,66891208,66987322,+,,,,,W004,Oncorhynchus mykiss,GCF_013265735.2,Sox2,gene
-6,LOC110524403,LOC110524403,67003157,67057676,+,,,,,W004,Oncorhynchus mykiss,GCF_013265735.2,Sox2,gene
-5,ankmy1,ankmy1,67055659,67068645,-,ankmy1,NC_069720.1,13130922.0,ankmy1,W004,Oncorhynchus mykiss,GCF_013265735.2,Sox2,gene
-4,LOC110524404,LOC110524404,67080011,67288985,+,,,,,W004,Oncorhynchus mykiss,GCF_013265735.2,Sox2,gene
-3,LOC110524406,LOC110524406,67426327,67449696,+,lrrc24,NC_069730.1,17039503.0,lrrc24,W004,Oncorhynchus mykiss,GCF_013265735.2,Sox2,gene
-2,fxr1,fxr1,67491153,67511405,+,fxr1,NC_069720.1,11903096.0,fxr1,W004,Oncorhynchus mykiss,GCF_013265735.2,Sox2,gene
-1,LOC118936331,LOC118936331,67511452,67513347,-,,,,,W004,Oncorhynchus mykiss,GCF_013265735.2,Sox2,gene
0,sox2,sox2,67622271,67624355,+,sox2,NC_069720.1,11776287.0,sox2,W004,Oncorhynchus mykiss,GCF_013265735.2,Sox2,gene
1,lrrc40,lrrc40,67802829,67810322,+,lrrc40,NC_069711.1,20590477.0,lrrc40,W004,Oncorhynchus mykiss,GCF_013265735.2,Sox2,gene
2,lrrc7,lrrc7,67810595,67983549,-,lrrc7,NC_069711.1,20660697.0,lrrc7,W004,Oncorhynchus mykiss,GCF_013265735.2,Sox2,gene
3,depdc1a,depdc1a,67987179,67995354,+,depdc1a,NC_069717.1,11330804.0,depdc1a,W004,Oncorhynchus mykiss,GCF_013265735.2,Sox2,gene
4,LOC110524415,LOC110524415,67996354,68000277,+,,,,,W004,Oncorhynchus mykiss,GCF_013265735.2,Sox2,gene
5,si:ch211-198n5.11,si:ch211-198n5.11,68002085,68009594,-,si:ch211-198n5.11,NC_069717.1,11306880.0,si:ch211-198n5.11,W004,Oncorhynchus mykiss,GCF_013265735.2,Sox2,gene
6,LOC110524419,LOC110524419,68010191,68052897,+,,,,,W004,Oncorhynchus mykiss,GCF_013265735.2,Sox2,gene
7,LOC110524417,LOC110524417,68052908,68114236,-,,,,,W004,Oncorhynchus mykiss,GCF_013265735.2,Sox2,gene
8,slc5a9,slc5a9,68184226,68190916,-,slc5a9,NC_069717.1,10594166.0,slc5a9,W004,Oncorhynchus mykiss,GCF_013265735.2,Sox2,gene
9,LOC110524422,LOC110524422,68193752,68200853,+,gclm,NC_069717.1,10603757.0,gclm,W004,Oncorhynchus mykiss,GCF_013265735.2,Sox2,gene
10,LOC110524423,LOC110524423,68212224,68214236,+,,,,,W004,Oncorhynchus mykiss,GCF_013265735.2,Sox2,gene
-10,pfc,pfc,52158213,52166905,-,,,,,W004,Oncorhynchus mykiss,GCF_013265735.2,Trim33,gene
-9,LOC110532337,LOC110532337,52174010,52176441,+,,,,,W004,Oncorhynchus mykiss,GCF_013265735.2,Trim33,gene
-8,LOC110532339,LOC110532339,52182228,52189437,+,,,,,W004,Oncorhynchus mykiss,GCF_013265735.2,Trim33,gene
-7,tpk2,tpk2,52189483,52194093,-,tpk2,NC_069717.1,1486776.0,tpk2,W004,Oncorhynchus mykiss,GCF_013265735.2,Trim33,gene
-6,si:dkey-6n6.1,si:dkey-6n6.1,52207226,52216054,+,si:dkey-6n6.1,NC_069717.1,1496854.0,si:dkey-6n6.1,W004,Oncorhynchus mykiss,GCF_013265735.2,Trim33,gene
-5,dedd,dedd,52229754,52234943,+,dedd,NC_069717.1,1530501.0,dedd,W004,Oncorhynchus mykiss,GCF_013265735.2,Trim33,gene
-4,LOC110531200,LOC110531200,52246372,52250891,+,,,,,W004,Oncorhynchus mykiss,GCF_013265735.2,Trim33,gene
-3,LOC110532344,LOC110532344,52260178,52294856,+,,,,,W004,Oncorhynchus mykiss,GCF_013265735.2,Trim33,gene
-2,LOC101268902,LOC101268902,52295184,52310423,-,,,,,W004,Oncorhynchus mykiss,GCF_013265735.2,Trim33,gene
-1,slc66a1,slc66a1,52318113,52322900,-,slc66a1,NC_069717.1,5867194.0,slc66a1,W004,Oncorhynchus mykiss,GCF_013265735.2,Trim33,gene
0,LOC110532346,LOC110532346,52329120,52355630,-,trim33,NC_069717.1,5887831.0,trim33,W004,Oncorhynchus mykiss,GCF_013265735.2,Trim33,gene
1,LOC110532350,LOC110532350,52365761,52371772,-,,,,,W004,Oncorhynchus mykiss,GCF_013265735.2,Trim33,gene
2,dennd2c,dennd2c,52372062,52406309,-,dennd2c,NC_069717.1,5928510.0,dennd2c,W004,Oncorhynchus mykiss,GCF_013265735.2,Trim33,gene
3,LOC110532352,LOC110532352,52406449,52443628,-,,,,,W004,Oncorhynchus mykiss,GCF_013265735.2,Trim33,gene
4,LOC110532354,LOC110532354,52452708,52473256,-,csde1,NC_069717.1,13566199.0,csde1,W004,Oncorhynchus mykiss,GCF_013265735.2,Trim33,gene
5,sike1,sike1,52485523,52488233,+,sike1,NC_069725.1,8310447.0,sike1,W004,Oncorhynchus mykiss,GCF_013265735.2,Trim33,gene
6,LOC118936401,LOC118936401,52502997,52504594,+,htr6,NC_069725.1,8320075.0,htr6,W004,Oncorhynchus mykiss,GCF_013265735.2,Trim33,gene
7,htr6,htr6,52513511,52514463,+,,,,,W004,Oncorhynchus mykiss,GCF_013265735.2,Trim33,gene
8,tmco4,tmco4,52514565,52530602,-,tmco4,NC_069725.1,8326950.0,tmco4,W004,Oncorhynchus mykiss,GCF_013265735.2,Trim33,gene
9,vwa1,vwa1,52550127,52567525,+,vwa1,NC_069725.1,8347579.0,vwa1,W004,Oncorhynchus mykiss,GCF_013265735.2,Trim33,gene
10,otud3,otud3,52581057,52587282,-,,,,,W004,Oncorhynchus mykiss,GCF_013265735.2,Trim33,gene
-10,LOC110533859,LOC110533859,39143458,39147684,+,nono,NC_069736.1,17636868.0,nono,W004,Oncorhynchus mykiss,GCF_013265735.2,Ksr1,gene
-9,LOC110533860,LOC110533860,39157811,39185057,+,,,,,W004,Oncorhynchus mykiss,GCF_013265735.2,Ksr1,gene
-8,rpl36a,rpl36a,39183759,39185578,-,rpl36a,NC_069736.1,17595426.0,rpl36a,W004,Oncorhynchus mykiss,GCF_013265735.2,Ksr1,gene
-7,LOC110533863,LOC110533863,39227030,39234212,+,LOC113544811,NC_069726.1,3416013.0,LOC113544811,W004,Oncorhynchus mykiss,GCF_013265735.2,Ksr1,gene
-6,LOC110533864,LOC110533864,39310186,39634685,-,msi2b,NC_069723.1,12781748.0,msi2b,W004,Oncorhynchus mykiss,GCF_013265735.2,Ksr1,gene
-5,LOC110533865,LOC110533865,39641988,39671377,-,,,,,W004,Oncorhynchus mykiss,GCF_013265735.2,Ksr1,gene
-4,LOC110533868,LOC110533868,39704518,39706579,+,,,,,W004,Oncorhynchus mykiss,GCF_013265735.2,Ksr1,gene
-3,LOC110533867,LOC110533867,39707335,39710492,+,,,,,W004,Oncorhynchus mykiss,GCF_013265735.2,Ksr1,gene
-2,LOC110533869,LOC110533869,39771290,39775768,-,LOC113544747,NC_069726.1,3798201.0,LOC113544747,W004,Oncorhynchus mykiss,GCF_013265735.2,Ksr1,gene
-1,LOC110533108,LOC110533108,39789877,39808636,-,,,,,W004,Oncorhynchus mykiss,GCF_013265735.2,Ksr1,gene
0,ksr1a,ksr1a,39843126,39893728,-,,,,,W004,Oncorhynchus mykiss,GCF_013265735.2,Ksr1,gene
1,LOC110533871,LOC110533871,39904172,39919322,-,,,,,W004,Oncorhynchus mykiss,GCF_013265735.2,Ksr1,gene
2,LOC110533872,LOC110533872,39920761,39964811,-,vezf1a,NC_069726.1,3890689.0,vezf1a,W004,Oncorhynchus mykiss,GCF_013265735.2,Ksr1,gene
3,LOC110533109,LOC110533109,39975170,39977790,+,,,,,W004,Oncorhynchus mykiss,GCF_013265735.2,Ksr1,gene
4,LOC110533873,LOC110533873,39983042,40090027,+,myo18aa,NC_069726.1,3945612.0,myo18aa,W004,Oncorhynchus mykiss,GCF_013265735.2,Ksr1,gene
5,LOC110533874,LOC110533874,40152031,40360429,+,sez6a,NC_069726.1,4073593.0,sez6a,W004,Oncorhynchus mykiss,GCF_013265735.2,Ksr1,gene
6,LOC110533875,LOC110533875,40366196,40378922,+,,,,,W004,Oncorhynchus mykiss,GCF_013265735.2,Ksr1,gene
7,LOC110533877,LOC110533877,40391376,40393654,+,LOC113544790,NC_069726.1,4161211.0,LOC113544790,W004,Oncorhynchus mykiss,GCF_013265735.2,Ksr1,gene
8,LOC110533880,LOC110533880,40470019,40475795,+,,,,,W004,Oncorhynchus mykiss,GCF_013265735.2,Ksr1,gene
9,aatf,aatf,40479739,40495940,+,aatf,NC_069736.1,15611730.0,aatf,W004,Oncorhynchus mykiss,GCF_013265735.2,Ksr1,gene
10,LOC110533878,LOC110533878,40496720,40547393,-,,,,,W004,Oncorhynchus mykiss,GCF_013265735.2,Ksr1,gene
-10,crcp,crcp,38003915,38006475,+,crcp,NC_069724.1,7049993.0,crcp,W006,Salmo salar,GCF_965601325.1,VTN,gene
-9,tpst1l,tpst1l,38038712,38052681,+,tpst1l,NC_069724.1,7038247.0,tpst1l,W006,Salmo salar,GCF_965601325.1,VTN,gene
-8,ncbp3,ncbp3,38158279,38183902,+,ncbp3,NC_069724.1,6934069.0,ncbp3,W006,Salmo salar,GCF_965601325.1,VTN,gene
-7,pcf11,pcf11,38213490,38255171,-,pcf11,NC_069724.1,9198205.0,pcf11,W006,Salmo salar,GCF_965601325.1,VTN,gene
-6,ccdc90b,ccdc90b,38257147,38279019,-,ccdc90b,NC_069724.1,9188632.0,ccdc90b,W006,Salmo salar,GCF_965601325.1,VTN,gene
-5,alg8,alg8,38278766,38322170,+,alg8,NC_069724.1,9181325.0,alg8,W006,Salmo salar,GCF_965601325.1,VTN,gene
-4,LOC106602844,LOC106602844,38338245,38383408,+,,,,,W006,Salmo salar,GCF_965601325.1,VTN,gene
-3,rap1gap2b,rap1gap2b,38395343,38487178,-,,,,,W006,Salmo salar,GCF_965601325.1,VTN,gene
-2,st6gal1,st6gal1,38540919,38706132,-,st6gal1,NC_069724.1,7003507.0,st6gal1,W006,Salmo salar,GCF_965601325.1,VTN,gene
-1,aldh3a2b,aldh3a2b,38718785,38745526,-,aldh3a2b,NC_069724.1,3092037.0,aldh3a2b,W006,Salmo salar,GCF_965601325.1,VTN,gene
0,vtnb,vtnb,38804646,38850692,-,vtnb,NC_069724.1,3077352.0,vtnb,W006,Salmo salar,GCF_965601325.1,VTN,gene
1,LOC106602849,LOC106602849,38878645,38942101,+,slc13a2,NC_069724.1,3060410.0,slc13a2,W006,Salmo salar,GCF_965601325.1,VTN,gene
2,LOC106602850,LOC106602850,38998950,39002515,+,cryba1b,NC_069724.1,3025138.0,cryba1b,W006,Salmo salar,GCF_965601325.1,VTN,gene
3,LOC106602851,LOC106602851,39037729,39057217,-,trarg1b,NC_069724.1,3000831.0,trarg1b,W006,Salmo salar,GCF_965601325.1,VTN,gene
4,LOC106602853,LOC106602853,39071976,39134328,-,,,,,W006,Salmo salar,GCF_965601325.1,VTN,gene
5,LOC106602855,LOC106602855,39146333,39150800,-,,,,,W006,Salmo salar,GCF_965601325.1,VTN,gene
6,LOC106602857,LOC106602857,39151542,39173120,+,,,,,W006,Salmo salar,GCF_965601325.1,VTN,gene
7,LOC106602856,LOC106602856,39173214,39208508,-,,,,,W006,Salmo salar,GCF_965601325.1,VTN,gene
8,spns2,spns2,39267941,39404056,+,spns2,NC_069736.1,8298845.0,spns2,W006,Salmo salar,GCF_965601325.1,VTN,gene
9,ruvbl2,ruvbl2,39422937,39437998,-,ruvbl2,NC_069736.1,8360667.0,ruvbl2,W006,Salmo salar,GCF_965601325.1,VTN,gene
10,ftr83,ftr83,39467540,39479176,-,ftr83,NC_069736.1,8373662.0,ftr83,W006,Salmo salar,GCF_965601325.1,VTN,gene
-10,LOC106605509,LOC106605509,66312554,66317907,-,,,,,W006,Salmo salar,GCF_965601325.1,MRAP2,gene
-9,LOC106605511,LOC106605511,66344616,66354439,+,nod1,NC_069731.1,50075.0,nod1,W006,Salmo salar,GCF_965601325.1,MRAP2,gene
-8,LOC106605512,LOC106605512,66356439,66469811,-,,,,,W006,Salmo salar,GCF_965601325.1,MRAP2,gene
-7,LOC106605516,LOC106605516,66605699,66608015,-,,,,,W006,Salmo salar,GCF_965601325.1,MRAP2,gene
-6,LOC106605507,LOC106605507,66613568,66811772,-,,,,,W006,Salmo salar,GCF_965601325.1,MRAP2,gene
-5,LOC106605506,LOC106605506,66820023,66834603,-,LOC113525569,NC_069731.1,78804.0,LOC113525569,W006,Salmo salar,GCF_965601325.1,MRAP2,gene
-4,LOC106605505,LOC106605505,66996748,67135010,-,tsnare1,NC_069710.1,4439822.0,tsnare1,W006,Salmo salar,GCF_965601325.1,MRAP2,gene
-3,LOC106605503,LOC106605503,67190140,67287162,+,,,,,W006,Salmo salar,GCF_965601325.1,MRAP2,gene
-2,si:ch211-198c19.1,si:ch211-198c19.1,67480596,67481795,+,si:ch211-198c19.1,NC_069710.1,4739634.0,si:ch211-198c19.1,W006,Salmo salar,GCF_965601325.1,MRAP2,gene
-1,LOC106605496,LOC106605496,67487848,67531436,+,,,,,W006,Salmo salar,GCF_965601325.1,MRAP2,gene
0,LOC106605485,LOC106605485,67532537,67543904,-,mrap2a,NC_069710.1,4809318.0,mrap2a,W006,Salmo salar,GCF_965601325.1,MRAP2,gene
1,LOC106605501,LOC106605501,67547984,67570571,-,,,,,W006,Salmo salar,GCF_965601325.1,MRAP2,gene
2,LOC106605499,LOC106605499,67634324,67663857,-,,,,,W006,Salmo salar,GCF_965601325.1,MRAP2,gene
3,ascc3,ascc3,67666916,67840126,-,ascc3,NC_069710.1,16600464.0,ascc3,W006,Salmo salar,GCF_965601325.1,MRAP2,gene
4,LOC106605492,LOC106605492,67872781,68232962,+,,,,,W006,Salmo salar,GCF_965601325.1,MRAP2,gene
5,LOC106605653,LOC106605653,68513253,68527323,+,,,,,W006,Salmo salar,GCF_965601325.1,MRAP2,gene
6,LOC106605650,LOC106605650,68527826,68537353,-,bves,NC_069710.1,16128326.0,bves,W006,Salmo salar,GCF_965601325.1,MRAP2,gene
7,popdc3,popdc3,68537768,68539968,-,popdc3,NC_069710.1,16122556.0,popdc3,W006,Salmo salar,GCF_965601325.1,MRAP2,gene
8,stx12,stx12,68552736,68559591,-,,,,,W006,Salmo salar,GCF_965601325.1,MRAP2,gene
9,LOC106605649,LOC106605649,68562305,68565695,-,LOC113534038,NC_069710.1,16101804.0,LOC113534038,W006,Salmo salar,GCF_965601325.1,MRAP2,gene
10,LOC106605647,LOC106605647,68565680,68576615,+,slc25a32b,NC_069731.1,2845736.0,slc25a32b,W006,Salmo salar,GCF_965601325.1,MRAP2,gene
-10,kiss2,kiss2,12910167,12910974,+,kiss2,NC_069727.1,2890109.0,kiss2,W007,Cyprinus carpio,GCF_018340385.1,igf1,gene
-9,ldhba,ldhba,12911264,12915903,-,ldhba,NC_069727.1,2903625.0,ldhba,W007,Cyprinus carpio,GCF_018340385.1,igf1,gene
-8,slc25a3a,slc25a3a,12919513,12924292,-,slc25a3a,NC_069727.1,2927098.0,slc25a3a,W007,Cyprinus carpio,GCF_018340385.1,igf1,gene
-7,LOC109070098,LOC109070098,12924905,12937624,-,,,,,W007,Cyprinus carpio,GCF_018340385.1,igf1,gene
-6,LOC109070093,LOC109070093,12937992,12944063,-,,,,,W007,Cyprinus carpio,GCF_018340385.1,igf1,gene
-5,etnk1,etnk1,12946257,12959498,+,,,,,W007,Cyprinus carpio,GCF_018340385.1,igf1,gene
-4,sox5,sox5,12993039,13198218,-,sox5,NC_069727.1,3176472.0,sox5,W007,Cyprinus carpio,GCF_018340385.1,igf1,gene
-3,dnai7,dnai7,13219237,13226236,+,,,,,W007,Cyprinus carpio,GCF_018340385.1,igf1,gene
-2,LOC109077438,LOC109077438,13226349,13255607,-,lrmp,NC_069727.1,3357033.0,lrmp,W007,Cyprinus carpio,GCF_018340385.1,igf1,gene
-1,bcat1,bcat1,13256067,13266201,+,bcat1,NC_069727.1,3322682.0,bcat1,W007,Cyprinus carpio,GCF_018340385.1,igf1,gene
0,igf1,igf1,13274615,13287917,+,igf1,NC_069727.1,3412760.0,igf1,W007,Cyprinus carpio,GCF_018340385.1,igf1,gene
1,pmch,pmch,13293598,13295253,+,,,,,W007,Cyprinus carpio,GCF_018340385.1,igf1,gene
2,LOC109072411,LOC109072411,13295205,13313080,-,parpbp,NC_069727.1,3447896.0,parpbp,W007,Cyprinus carpio,GCF_018340385.1,igf1,gene
3,nup37,nup37,13312384,13323695,+,nup37,NC_069727.1,3469911.0,nup37,W007,Cyprinus carpio,GCF_018340385.1,igf1,gene
4,th2,th2,13328106,13332302,-,th2,NC_069727.1,3494833.0,th2,W007,Cyprinus carpio,GCF_018340385.1,igf1,gene
5,pah,pah,13332577,13344466,-,pah,NC_069727.1,3514787.0,pah,W007,Cyprinus carpio,GCF_018340385.1,igf1,gene
6,ascl1a,ascl1a,13347373,13349100,+,ascl1a,NC_069727.1,3532361.0,ascl1a,W007,Cyprinus carpio,GCF_018340385.1,igf1,gene
7,LOC109080206,LOC109080206,13352774,13400596,-,LOC113532275,NC_069727.1,3569837.0,LOC113532275,W007,Cyprinus carpio,GCF_018340385.1,igf1,gene
8,recql,recql,13415051,13422588,+,,,,,W007,Cyprinus carpio,GCF_018340385.1,igf1,gene
9,itfg2,itfg2,13423775,13432716,+,itfg2,NC_069718.1,26408280.0,itfg2,W007,Cyprinus carpio,GCF_018340385.1,igf1,gene
10,nrip2,nrip2,13441186,13465942,-,nrip2,NC_069718.1,26439892.0,nrip2,W007,Cyprinus carpio,GCF_018340385.1,igf1,gene
-10,kcnn1b,kcnn1b,7546798,7578305,-,kcnn1b,NC_069717.1,604527.0,kcnn1b,W007,Cyprinus carpio,GCF_018340385.1,igf3,gene
-9,ccdc124,ccdc124,7585996,7592849,-,,,,,W007,Cyprinus carpio,GCF_018340385.1,igf3,gene
-8,slc5a5,slc5a5,7594709,7601490,+,slc5a5,NC_069717.1,672833.0,slc5a5,W007,Cyprinus carpio,GCF_018340385.1,igf3,gene
-7,jak3,jak3,7601675,7629398,+,jak3,NC_069717.1,701228.0,jak3,W007,Cyprinus carpio,GCF_018340385.1,igf3,gene
-6,LOC109099585,LOC109099585,7635644,7642894,-,,,,,W007,Cyprinus carpio,GCF_018340385.1,igf3,gene
-5,LOC122138225,LOC122138225,7660644,7663174,-,,,,,W007,Cyprinus carpio,GCF_018340385.1,igf3,gene
-4,LOC109083431,LOC109083431,7671510,7676291,-,LOC113525136,NC_069717.1,758350.0,LOC113525136,W007,Cyprinus carpio,GCF_018340385.1,igf3,gene
-3,LOC109070895,LOC109070895,7720403,7733028,+,lonrf1l,NC_069717.1,833215.0,lonrf1l,W007,Cyprinus carpio,GCF_018340385.1,igf3,gene
-2,LOC109099244,LOC109099244,7757319,7797351,+,doc2d,NC_069717.1,896471.0,doc2d,W007,Cyprinus carpio,GCF_018340385.1,igf3,gene
-1,LOC109068760,LOC109068760,7797453,7803832,-,serping1,NC_069717.1,919317.0,serping1,W007,Cyprinus carpio,GCF_018340385.1,igf3,gene
0,LOC109068761,LOC109068761,7806569,7810440,-,igf3,NC_069717.1,941690.0,igf3,W007,Cyprinus carpio,GCF_018340385.1,igf3,gene
1,LOC109068762,LOC109068762,7810636,7814088,-,,,,,W007,Cyprinus carpio,GCF_018340385.1,igf3,gene
2,LOC109068745,LOC109068745,7814546,7843686,-,,,,,W007,Cyprinus carpio,GCF_018340385.1,igf3,gene
3,LOC109064551,LOC109064551,7845499,7849708,+,,,,,W007,Cyprinus carpio,GCF_018340385.1,igf3,gene
4,LOC109064552,LOC109064552,7849602,7858855,-,dedd,NC_069717.1,1530501.0,dedd,W007,Cyprinus carpio,GCF_018340385.1,igf3,gene
5,LOC122138226,LOC122138226,7859709,7862602,-,si:ch211-229n2.7,NC_069717.1,1524605.0,si:ch211-229n2.7,W007,Cyprinus carpio,GCF_018340385.1,igf3,gene
6,bgna,bgna,7862828,7869936,-,,,,,W007,Cyprinus carpio,GCF_018340385.1,igf3,gene
7,si:dkey-6n6.1,si:dkey-6n6.1,7871252,7880096,-,si:dkey-6n6.1,NC_069717.1,1496854.0,si:dkey-6n6.1,W007,Cyprinus carpio,GCF_018340385.1,igf3,gene
8,LOC109045975,LOC109045975,7885571,7893348,+,,,,,W007,Cyprinus carpio,GCF_018340385.1,igf3,gene
9,rhoaa,rhoaa,7893162,7898601,-,,,,,W007,Cyprinus carpio,GCF_018340385.1,igf3,gene
10,ndufb11,ndufb11,7899417,7900957,-,ndufb11,NC_069717.1,1475925.0,ndufb11,W007,Cyprinus carpio,GCF_018340385.1,igf3,gene
-10,LOC109112344,LOC109112344,13622980,13634583,+,,,,,W007,Cyprinus carpio,GCF_018340385.1,grb10,gene
-9,LOC109112341,LOC109112341,13693920,13735574,+,nfatc1,NC_069732.1,7636383.0,nfatc1,W007,Cyprinus carpio,GCF_018340385.1,grb10,gene
-8,LOC109066293,LOC109066293,13737942,13744629,-,si:ch73-196l6.5,NC_069732.1,7662647.0,si:ch73-196l6.5,W007,Cyprinus carpio,GCF_018340385.1,grb10,gene
-7,LOC109066292,LOC109066292,13745101,13756347,-,,,,,W007,Cyprinus carpio,GCF_018340385.1,grb10,gene
-6,LOC109112337,LOC109112337,13760529,13774123,-,eppk1,NC_069732.1,7694283.0,eppk1,W007,Cyprinus carpio,GCF_018340385.1,grb10,gene
-5,LOC109112338,LOC109112338,13779284,13873576,-,pleca,NC_069732.1,7791053.0,pleca,W007,Cyprinus carpio,GCF_018340385.1,grb10,gene
-4,LOC122134199,LOC122134199,13894867,13898588,-,LOC113536220,NC_069732.1,7878577.0,LOC113536220,W007,Cyprinus carpio,GCF_018340385.1,grb10,gene
-3,LOC109060883,LOC109060883,13907798,13910783,+,trhrb,NC_069732.1,7897050.0,trhrb,W007,Cyprinus carpio,GCF_018340385.1,grb10,gene
-2,LOC109060881,LOC109060881,13918612,13941595,-,,,,,W007,Cyprinus carpio,GCF_018340385.1,grb10,gene
-1,LOC109060882,LOC109060882,13944095,13946657,+,,,,,W007,Cyprinus carpio,GCF_018340385.1,grb10,gene
0,LOC109079331,LOC109079331,13985839,14039131,-,grb10a,NC_069738.1,11963541.0,grb10a,W007,Cyprinus carpio,GCF_018340385.1,grb10,gene
1,LOC109104071,LOC109104071,14041642,14054804,-,matcap2,NC_069738.1,5358761.0,matcap2,W007,Cyprinus carpio,GCF_018340385.1,grb10,gene
2,LOC109104070,LOC109104070,14055476,14061411,-,chtopa,NC_069738.1,5351548.0,chtopa,W007,Cyprinus carpio,GCF_018340385.1,grb10,gene
3,LOC109104068,LOC109104068,14062894,14066469,+,,,,,W007,Cyprinus carpio,GCF_018340385.1,grb10,gene
4,LOC109090805,LOC109090805,14066609,14085826,+,,,,,W007,Cyprinus carpio,GCF_018340385.1,grb10,gene
5,LOC109090804,LOC109090804,14094826,14122325,+,syt11a,NC_069738.1,5300222.0,syt11a,W007,Cyprinus carpio,GCF_018340385.1,grb10,gene
6,LOC109060263,LOC109060263,14124889,14136486,+,,,,,W007,Cyprinus carpio,GCF_018340385.1,grb10,gene
7,LOC109060277,LOC109060277,14136771,14140359,+,pex11b,NC_069738.1,5273523.0,pex11b,W007,Cyprinus carpio,GCF_018340385.1,grb10,gene
8,LOC109046190,LOC109046190,14168158,14170215,-,zgc:64022,NC_069738.1,5246039.0,zgc:64022,W007,Cyprinus carpio,GCF_018340385.1,grb10,gene
9,LOC109060275,LOC109060275,14172802,14176969,-,,,,,W007,Cyprinus carpio,GCF_018340385.1,grb10,gene
10,LOC109104905,LOC109104905,14242538,14244074,-,,,,,W007,Cyprinus carpio,GCF_018340385.1,grb10,gene
-10,LOC109068740,LOC109068740,16680375,16685951,+,,,,,W007,Cyprinus carpio,GCF_018340385.1,igf1r,gene
-9,LOC109110130,LOC109110130,16696642,16705719,+,calb2a,NC_069715.1,14834053.0,calb2a,W007,Cyprinus carpio,GCF_018340385.1,igf1r,gene
-8,LOC122140433,LOC122140433,16709346,16725629,+,got2a,NC_069715.1,14818467.0,got2a,W007,Cyprinus carpio,GCF_018340385.1,igf1r,gene
-7,si:dkey-12e7.4,si:dkey-12e7.4,16725802,16729639,+,si:dkey-12e7.4,NC_069715.1,14812408.0,si:dkey-12e7.4,W007,Cyprinus carpio,GCF_018340385.1,igf1r,gene
-6,LOC109110128,LOC109110128,16731300,16734975,+,,,,,W007,Cyprinus carpio,GCF_018340385.1,igf1r,gene
-5,LOC109110126,LOC109110126,16745057,16759555,-,,,,,W007,Cyprinus carpio,GCF_018340385.1,igf1r,gene
-4,LOC109059335,LOC109059335,16763317,16770218,-,kmt5b,NC_069715.1,14761512.0,kmt5b,W007,Cyprinus carpio,GCF_018340385.1,igf1r,gene
-3,si:dkey-12e7.1,si:dkey-12e7.1,16772374,16774764,+,si:dkey-12e7.1,NC_069715.1,14751565.0,si:dkey-12e7.1,W007,Cyprinus carpio,GCF_018340385.1,igf1r,gene
-2,LOC109059313,LOC109059313,16777099,16786027,+,,,,,W007,Cyprinus carpio,GCF_018340385.1,igf1r,gene
-1,LOC109059337,LOC109059337,16786362,16790858,-,arpin,NC_069715.1,14735470.0,arpin,W007,Cyprinus carpio,GCF_018340385.1,igf1r,gene
0,LOC109104460,LOC109104460,16803696,16899214,+,igf1ra,NC_069715.1,14661976.0,igf1ra,W007,Cyprinus carpio,GCF_018340385.1,igf1r,gene
1,pgpep1l,pgpep1l,16903231,16904847,-,pgpep1l,NC_069715.1,14611548.0,pgpep1l,W007,Cyprinus carpio,GCF_018340385.1,igf1r,gene
2,synm,synm,16905216,16914107,+,synm,NC_069715.1,14605030.0,synm,W007,Cyprinus carpio,GCF_018340385.1,igf1r,gene
3,LOC109109982,LOC109109982,16931287,16974868,+,cttnbp2,NC_069715.1,14551084.0,cttnbp2,W007,Cyprinus carpio,GCF_018340385.1,igf1r,gene
4,LOC109110485,LOC109110485,16974272,17001195,-,cftr,NC_069715.1,14518677.0,cftr,W007,Cyprinus carpio,GCF_018340385.1,igf1r,gene
5,LOC122140436,LOC122140436,17003570,17019552,+,asz1,NC_069715.1,14490173.0,asz1,W007,Cyprinus carpio,GCF_018340385.1,igf1r,gene
6,dennd11,dennd11,17021065,17029141,+,,,,,W007,Cyprinus carpio,GCF_018340385.1,igf1r,gene
7,LOC109109969,LOC109109969,17030543,17044627,+,,,,,W007,Cyprinus carpio,GCF_018340385.1,igf1r,gene
8,wee2,wee2,17052844,17058485,-,wee2,NC_069715.1,14428997.0,wee2,W007,Cyprinus carpio,GCF_018340385.1,igf1r,gene
9,LOC109109106,LOC109109106,17058969,17066174,+,dennd11,NC_069715.1,14418399.0,dennd11,W007,Cyprinus carpio,GCF_018340385.1,igf1r,gene
10,LOC109109972,LOC109109972,17066291,17069945,-,agk,NC_069715.1,14407919.0,agk,W007,Cyprinus carpio,GCF_018340385.1,igf1r,gene
-10,LOC109057732,LOC109057732,9442379,9552985,-,,,,,W007,Cyprinus carpio,GCF_018340385.1,notch2,gene
-9,LOC109095370,LOC109095370,9563145,9571105,-,abhd17ab,NC_069717.1,2403747.0,abhd17ab,W007,Cyprinus carpio,GCF_018340385.1,notch2,gene
-8,zgc:77486,zgc:77486,9573403,9582550,-,zgc:77486,NC_069717.1,2432283.0,zgc:77486,W007,Cyprinus carpio,GCF_018340385.1,notch2,gene
-7,LOC109095368,LOC109095368,9583472,9587723,-,plin3,NC_069717.1,2446075.0,plin3,W007,Cyprinus carpio,GCF_018340385.1,notch2,gene
-6,LOC109061708,LOC109061708,9589043,9616206,-,,,,,W007,Cyprinus carpio,GCF_018340385.1,notch2,gene
-5,LOC109095467,LOC109095467,9624025,9641536,-,colgalt2b,NC_069717.1,2528120.0,colgalt2b,W007,Cyprinus carpio,GCF_018340385.1,notch2,gene
-4,LOC109095479,LOC109095479,9644561,9666506,-,,,,,W007,Cyprinus carpio,GCF_018340385.1,notch2,gene
-3,LOC109095466,LOC109095466,9667262,9678816,-,edem3,NC_069717.1,2609347.0,edem3,W007,Cyprinus carpio,GCF_018340385.1,notch2,gene
-2,npl,npl,9679870,9684200,+,npl,NC_069717.1,2625989.0,npl,W007,Cyprinus carpio,GCF_018340385.1,notch2,gene
-1,LOC109095475,LOC109095475,9686874,9695958,+,,,,,W007,Cyprinus carpio,GCF_018340385.1,notch2,gene
0,notch2,notch2,9707199,9766289,+,notch2,NC_069717.1,2717118.0,notch2,W007,Cyprinus carpio,GCF_018340385.1,notch2,gene
1,LOC109094997,LOC109094997,9766705,9775062,+,,,,,W007,Cyprinus carpio,GCF_018340385.1,notch2,gene
2,LOC109057715,LOC109057715,9776109,9780359,-,,,,,W007,Cyprinus carpio,GCF_018340385.1,notch2,gene
3,LOC109096041,LOC109096041,9780667,9784008,+,,,,,W007,Cyprinus carpio,GCF_018340385.1,notch2,gene
4,LOC109078173,LOC109078173,9784492,9785811,-,,,,,W007,Cyprinus carpio,GCF_018340385.1,notch2,gene
5,LOC109062851,LOC109062851,9794014,9795671,+,,,,,W007,Cyprinus carpio,GCF_018340385.1,notch2,gene
6,LOC109062849,LOC109062849,9798915,9801210,+,,,,,W007,Cyprinus carpio,GCF_018340385.1,notch2,gene
7,trabd2b,trabd2b,9885569,9941124,-,,,,,W007,Cyprinus carpio,GCF_018340385.1,notch2,gene
8,lpxn,lpxn,9958337,9962064,-,,,,,W007,Cyprinus carpio,GCF_018340385.1,notch2,gene
9,znf692,znf692,9962226,9969955,+,znf692,NC_069717.1,3073362.0,znf692,W007,Cyprinus carpio,GCF_018340385.1,notch2,gene
10,fcho1,fcho1,9970803,10009365,+,,,,,W007,Cyprinus carpio,GCF_018340385.1,notch2,gene
-10,LOC109062052,LOC109062052,2375955,2397227,-,,,,,W007,Cyprinus carpio,GCF_018340385.1,sfrp2,gene
-9,LOC122134286,LOC122134286,2425423,2427751,-,,,,,W007,Cyprinus carpio,GCF_018340385.1,sfrp2,gene
-8,LOC122136006,LOC122136006,2439802,2440659,+,dctpp1,NC_069737.1,6485195.0,dctpp1,W007,Cyprinus carpio,GCF_018340385.1,sfrp2,gene
-7,LOC109100105,LOC109100105,2527281,2602329,-,,,,,W007,Cyprinus carpio,GCF_018340385.1,sfrp2,gene
-6,tmem154,tmem154,2663627,2673973,-,tmem154,NC_069737.1,6284615.0,tmem154,W007,Cyprinus carpio,GCF_018340385.1,sfrp2,gene
-5,LOC109066137,LOC109066137,2675738,2685641,+,mnd1,NC_069737.1,6269447.0,mnd1,W007,Cyprinus carpio,GCF_018340385.1,sfrp2,gene
-4,LOC109085868,LOC109085868,2687039,2735023,+,,,,,W007,Cyprinus carpio,GCF_018340385.1,sfrp2,gene
-3,LOC109085875,LOC109085875,2738826,2744107,-,,,,,W007,Cyprinus carpio,GCF_018340385.1,sfrp2,gene
-2,LOC109110523,LOC109110523,2760703,2781388,-,,,,,W007,Cyprinus carpio,GCF_018340385.1,sfrp2,gene
-1,LOC109110029,LOC109110029,2782619,2797606,-,,,,,W007,Cyprinus carpio,GCF_018340385.1,sfrp2,gene
0,LOC109110030,LOC109110030,2798757,2802373,-,sfrp2,NC_069737.1,38664.0,sfrp2,W007,Cyprinus carpio,GCF_018340385.1,sfrp2,gene
1,plrg1,plrg1,2830473,2839382,+,plrg1,NC_069737.1,6211759.0,plrg1,W007,Cyprinus carpio,GCF_018340385.1,sfrp2,gene
2,fgg,fgg,2841811,2845388,-,fgg,NC_069737.1,130352.0,fgg,W007,Cyprinus carpio,GCF_018340385.1,sfrp2,gene
3,LOC109053612,LOC109053612,2854249,2856021,+,lrata,NC_069737.1,157000.0,lrata,W007,Cyprinus carpio,GCF_018340385.1,sfrp2,gene
4,LOC109083472,LOC109083472,2860778,2862098,+,npy2r,NC_069737.1,181052.0,npy2r,W007,Cyprinus carpio,GCF_018340385.1,sfrp2,gene
5,LOC109080981,LOC109080981,2864359,2870339,-,map9,NC_069737.1,197160.0,map9,W007,Cyprinus carpio,GCF_018340385.1,sfrp2,gene
6,LOC109069221,LOC109069221,2882738,2890453,+,,,,,W007,Cyprinus carpio,GCF_018340385.1,sfrp2,gene
7,LOC109069220,LOC109069220,2891129,2915740,+,,,,,W007,Cyprinus carpio,GCF_018340385.1,sfrp2,gene
8,LOC109050032,LOC109050032,2917686,2919127,+,,,,,W007,Cyprinus carpio,GCF_018340385.1,sfrp2,gene
9,LOC122146654,LOC122146654,2938648,2942609,-,si:ch211-145b13.6,NC_069737.1,359007.0,si:ch211-145b13.6,W007,Cyprinus carpio,GCF_018340385.1,sfrp2,gene
10,LOC109079889,LOC109079889,2949299,2952736,-,,,,,W007,Cyprinus carpio,GCF_018340385.1,sfrp2,gene
-10,LOC109106916,LOC109106916,20189796,20230318,+,pnpla8,NC_069718.1,21054428.0,pnpla8,W007,Cyprinus carpio,GCF_018340385.1,srpk2,gene
-9,LOC109066829,LOC109066829,20233240,20303649,+,,,,,W007,Cyprinus carpio,GCF_018340385.1,srpk2,gene
-8,cntn1a,cntn1a,20323001,20402324,+,cntn1a,NC_069718.1,20914145.0,cntn1a,W007,Cyprinus carpio,GCF_018340385.1,srpk2,gene
-7,LOC109064641,LOC109064641,20445369,20450322,+,,,,,W007,Cyprinus carpio,GCF_018340385.1,srpk2,gene
-6,LOC109050964,LOC109050964,20499253,20526343,+,LOC113530072,NC_069718.1,21083705.0,LOC113530072,W007,Cyprinus carpio,GCF_018340385.1,srpk2,gene
-5,LOC109104917,LOC109104917,20527162,20543117,-,LOC113529776,NC_069718.1,21097528.0,LOC113529776,W007,Cyprinus carpio,GCF_018340385.1,srpk2,gene
-4,aqp9a,aqp9a,20544292,20592744,-,aqp9a,NC_069718.1,21109198.0,aqp9a,W007,Cyprinus carpio,GCF_018340385.1,srpk2,gene
-3,LOC109071120,LOC109071120,20603305,20624231,-,LOC113529775,NC_069718.1,21119639.0,LOC113529775,W007,Cyprinus carpio,GCF_018340385.1,srpk2,gene
-2,LOC109106925,LOC109106925,20645379,20646692,+,pclaf,NC_069718.1,20262962.0,pclaf,W007,Cyprinus carpio,GCF_018340385.1,srpk2,gene
-1,zgc:114188,zgc:114188,20654495,20656924,+,zgc:114188,NC_069718.1,20226431.0,zgc:114188,W007,Cyprinus carpio,GCF_018340385.1,srpk2,gene
0,srpk2,srpk2,20669645,20745348,-,,,,,W007,Cyprinus carpio,GCF_018340385.1,srpk2,gene
1,LOC122135652,LOC122135652,20782194,20813715,+,,,,,W007,Cyprinus carpio,GCF_018340385.1,srpk2,gene
2,acanb,acanb,20856057,20865074,+,acanb,NC_069716.1,22814724.0,acanb,W007,Cyprinus carpio,GCF_018340385.1,srpk2,gene
3,LOC109050632,LOC109050632,20867781,20871284,-,,,,,W007,Cyprinus carpio,GCF_018340385.1,srpk2,gene
4,LOC109112013,LOC109112013,20953415,20958697,-,,,,,W007,Cyprinus carpio,GCF_018340385.1,srpk2,gene
5,LOC122135734,LOC122135734,20963308,20964539,+,,,,,W007,Cyprinus carpio,GCF_018340385.1,srpk2,gene
6,nt5dc3,nt5dc3,20964789,20972394,+,,,,,W007,Cyprinus carpio,GCF_018340385.1,srpk2,gene
7,parietopsin,parietopsin,20974463,20977519,+,LOC113531955,NC_069727.1,7280300.0,LOC113531955,W007,Cyprinus carpio,GCF_018340385.1,srpk2,gene
8,cax2,cax2,20981398,20989768,-,cax2,NC_069716.1,24232309.0,cax2,W007,Cyprinus carpio,GCF_018340385.1,srpk2,gene
9,LOC109065155,LOC109065155,20990283,20993661,-,,,,,W007,Cyprinus carpio,GCF_018340385.1,srpk2,gene
10,LOC109050681,LOC109050681,21090431,21098988,-,,,,,W007,Cyprinus carpio,GCF_018340385.1,srpk2,gene
-10,ABVT39_014355,ABVT39_014355,11559421,11566149,-,gjb9b,NC_069732.1,11309522.0,gjb9b,W008,Epinephelus coioides,GCA_051314025.1,adgrb2,gene
-9,ABVT39_027723,ABVT39_027723,11623530,11691455,-,,,,,W008,Epinephelus coioides,GCA_051314025.1,adgrb2,gene
-8,ABVT39_006090,ABVT39_006090,11722100,11722372,-,,,,,W008,Epinephelus coioides,GCA_051314025.1,adgrb2,gene
-7,ABVT39_011386,ABVT39_011386,11859730,11887797,-,LOC113536281,NC_069732.1,11095744.0,LOC113536281,W008,Epinephelus coioides,GCA_051314025.1,adgrb2,gene
-6,ABVT39_013417,ABVT39_013417,11889684,12177770,+,csmd2,NC_069732.1,10929656.0,csmd2,W008,Epinephelus coioides,GCA_051314025.1,adgrb2,gene
-5,ABVT39_019062,ABVT39_019062,12182102,12196840,+,,,,,W008,Epinephelus coioides,GCA_051314025.1,adgrb2,gene
-4,ABVT39_025295,ABVT39_025295,12392328,12419877,-,angpt2b,NC_069732.1,10637815.0,angpt2b,W008,Epinephelus coioides,GCA_051314025.1,adgrb2,gene
-3,ABVT39_001874,ABVT39_001874,12456898,12476748,+,col9a2,NC_069738.1,8931112.0,col9a2,W008,Epinephelus coioides,GCA_051314025.1,adgrb2,gene
-2,ABVT39_007566,ABVT39_007566,12498454,12588773,-,col16a1,NC_069738.1,8994038.0,col16a1,W008,Epinephelus coioides,GCA_051314025.1,adgrb2,gene
-1,ABVT39_014486,ABVT39_014486,12677108,12677383,+,,,,,W008,Epinephelus coioides,GCA_051314025.1,adgrb2,gene
0,ABVT39_025855,ABVT39_025855,12678918,12860928,-,adgrb2,NC_069738.1,9304836.0,adgrb2,W008,Epinephelus coioides,GCA_051314025.1,adgrb2,gene
1,ABVT39_003875,ABVT39_003875,12948146,12948408,-,,,,,W008,Epinephelus coioides,GCA_051314025.1,adgrb2,gene
2,ABVT39_010149,ABVT39_010149,13127137,13127741,-,,,,,W008,Epinephelus coioides,GCA_051314025.1,adgrb2,gene
3,ABVT39_016444,ABVT39_016444,13294985,13308122,+,,,,,W008,Epinephelus coioides,GCA_051314025.1,adgrb2,gene
4,ABVT39_001582,ABVT39_001582,13308142,13308913,+,,,,,W008,Epinephelus coioides,GCA_051314025.1,adgrb2,gene
5,ABVT39_009691,ABVT39_009691,13678205,13707971,-,ptp4a2b,NC_069732.1,10490343.0,ptp4a2b,W008,Epinephelus coioides,GCA_051314025.1,adgrb2,gene
6,ABVT39_012411,ABVT39_012411,13711569,13776356,-,col8a2,NC_069732.1,10527779.0,col8a2,W008,Epinephelus coioides,GCA_051314025.1,adgrb2,gene
7,ABVT39_011183,ABVT39_011183,13864795,13869563,-,trappc3,NC_069732.1,10607147.0,trappc3,W008,Epinephelus coioides,GCA_051314025.1,adgrb2,gene
8,ABVT39_021068,ABVT39_021068,13870490,13894301,+,smap2,NC_069738.1,8901934.0,smap2,W008,Epinephelus coioides,GCA_051314025.1,adgrb2,gene
9,ABVT39_027090,ABVT39_027090,13903933,13951094,-,rims3,NC_069738.1,5802422.0,rims3,W008,Epinephelus coioides,GCA_051314025.1,adgrb2,gene
10,ABVT39_013787,ABVT39_013787,13958372,13963509,-,nup42,NC_069718.1,793623.0,nup42,W008,Epinephelus coioides,GCA_051314025.1,adgrb2,gene
-10,ABVT39_018917,ABVT39_018917,22938854,22971767,-,kirrel3l,NC_069723.1,19127628.0,kirrel3l,W008,Epinephelus coioides,GCA_051314025.1,csnk2a1,gene
-9,ABVT39_021657,ABVT39_021657,23005375,23122337,+,nphs1,NC_069723.1,19339477.0,nphs1,W008,Epinephelus coioides,GCA_051314025.1,csnk2a1,gene
-8,ABVT39_006952,ABVT39_006952,23123041,23139135,-,,,,,W008,Epinephelus coioides,GCA_051314025.1,csnk2a1,gene
-7,ABVT39_009514,ABVT39_009514,23138324,23159869,+,,,,,W008,Epinephelus coioides,GCA_051314025.1,csnk2a1,gene
-6,ABVT39_015178,ABVT39_015178,23161586,23178853,+,,,,,W008,Epinephelus coioides,GCA_051314025.1,csnk2a1,gene
-5,ABVT39_018536,ABVT39_018536,23186229,23197790,+,fxyd6l,NC_069710.1,7913369.0,fxyd6l,W008,Epinephelus coioides,GCA_051314025.1,csnk2a1,gene
-4,ABVT39_025066,ABVT39_025066,23200052,23209477,-,LOC113545484,NC_069710.1,26654255.0,LOC113545484,W008,Epinephelus coioides,GCA_051314025.1,csnk2a1,gene
-3,ABVT39_006450,ABVT39_006450,23216523,23218993,+,hcst,NC_069710.1,8437026.0,hcst,W008,Epinephelus coioides,GCA_051314025.1,csnk2a1,gene
-2,ABVT39_012039,ABVT39_012039,23221627,23223948,+,tyrobp,NC_069710.1,8448005.0,tyrobp,W008,Epinephelus coioides,GCA_051314025.1,csnk2a1,gene
-1,ABVT39_015482,ABVT39_015482,23223071,23225640,-,,,,,W008,Epinephelus coioides,GCA_051314025.1,csnk2a1,gene
0,ABVT39_005520,ABVT39_005520,23227342,23234663,+,csnk2a1,NC_069710.1,20298848.0,csnk2a1,W008,Epinephelus coioides,GCA_051314025.1,csnk2a1,gene
1,ABVT39_028235,ABVT39_028235,23237950,23242828,+,LOC113526829,NC_069710.1,7948008.0,LOC113526829,W008,Epinephelus coioides,GCA_051314025.1,csnk2a1,gene
2,ABVT39_018291,ABVT39_018291,23255120,23263257,+,,,,,W008,Epinephelus coioides,GCA_051314025.1,csnk2a1,gene
3,ABVT39_010185,ABVT39_010185,23263500,23267375,-,kcnk5b,NC_069728.1,22140190.0,kcnk5b,W008,Epinephelus coioides,GCA_051314025.1,csnk2a1,gene
4,ABVT39_005395,ABVT39_005395,23272472,23315542,+,,,,,W008,Epinephelus coioides,GCA_051314025.1,csnk2a1,gene
5,ABVT39_027176,ABVT39_027176,23316428,23321235,-,,,,,W008,Epinephelus coioides,GCA_051314025.1,csnk2a1,gene
6,ABVT39_021556,ABVT39_021556,23321424,23323186,-,,,,,W008,Epinephelus coioides,GCA_051314025.1,csnk2a1,gene
7,ABVT39_013267,ABVT39_013267,23324201,23326348,+,,,,,W008,Epinephelus coioides,GCA_051314025.1,csnk2a1,gene
8,ABVT39_010005,ABVT39_010005,23326439,23338259,-,LOC113542548,NC_069710.1,22207727.0,LOC113542548,W008,Epinephelus coioides,GCA_051314025.1,csnk2a1,gene
9,ABVT39_007796,ABVT39_007796,23339045,23347257,-,tnxba,NC_069710.1,22192516.0,tnxba,W008,Epinephelus coioides,GCA_051314025.1,csnk2a1,gene
10,ABVT39_028323,ABVT39_028323,23357510,23389752,-,,,,,W008,Epinephelus coioides,GCA_051314025.1,csnk2a1,gene
-10,ABVT39_007627,ABVT39_007627,35092367,35108763,-,itcha,NC_069711.1,10864627.0,itcha,W008,Epinephelus coioides,GCA_051314025.1,cers5,gene
-9,ABVT39_015749,ABVT39_015749,35112025,35115472,+,bloc1s1,NC_069729.1,14070847.0,bloc1s1,W008,Epinephelus coioides,GCA_051314025.1,cers5,gene
-8,ABVT39_006299,ABVT39_006299,35118485,35124102,+,rdh5,NC_069729.1,14084007.0,rdh5,W008,Epinephelus coioides,GCA_051314025.1,cers5,gene
-7,ABVT39_007049,ABVT39_007049,35126443,35148595,+,gls2b,NC_069729.1,14100191.0,gls2b,W008,Epinephelus coioides,GCA_051314025.1,cers5,gene
-6,ABVT39_019009,ABVT39_019009,35159489,35165385,-,,,,,W008,Epinephelus coioides,GCA_051314025.1,cers5,gene
-5,ABVT39_026867,ABVT39_026867,35172041,35178864,-,,,,,W008,Epinephelus coioides,GCA_051314025.1,cers5,gene
-4,ABVT39_017498,ABVT39_017498,35179185,35184353,-,cela1.6,NC_069729.1,14119375.0,cela1.6,W008,Epinephelus coioides,GCA_051314025.1,cers5,gene
-3,ABVT39_004141,ABVT39_004141,35209605,35447126,+,,,,,W008,Epinephelus coioides,GCA_051314025.1,cers5,gene
-2,ABVT39_011408,ABVT39_011408,35457789,35482391,+,smarcd1,NC_069729.1,14486059.0,smarcd1,W008,Epinephelus coioides,GCA_051314025.1,cers5,gene
-1,ABVT39_006082,ABVT39_006082,35485429,35494709,+,gpd1b,NC_069729.1,14501351.0,gpd1b,W008,Epinephelus coioides,GCA_051314025.1,cers5,gene
0,ABVT39_023777,ABVT39_023777,35497536,35532293,+,cers5,NC_069729.1,14534988.0,cers5,W008,Epinephelus coioides,GCA_051314025.1,cers5,gene
1,ABVT39_017946,ABVT39_017946,35532820,35536400,-,LOC113537859,NC_069729.1,14557228.0,LOC113537859,W008,Epinephelus coioides,GCA_051314025.1,cers5,gene
2,ABVT39_015384,ABVT39_015384,35536590,35539040,+,LOC113537860,NC_069729.1,14560709.0,LOC113537860,W008,Epinephelus coioides,GCA_051314025.1,cers5,gene
3,ABVT39_010193,ABVT39_010193,35541351,35565029,-,ppp4r1,NC_069710.1,5006753.0,ppp4r1,W008,Epinephelus coioides,GCA_051314025.1,cers5,gene
4,ABVT39_000615,ABVT39_000615,35565306,35579854,+,rab22a,NC_069711.1,3773972.0,rab22a,W008,Epinephelus coioides,GCA_051314025.1,cers5,gene
5,ABVT39_022671,ABVT39_022671,35587299,35609474,+,vapb,NC_069711.1,3804850.0,vapb,W008,Epinephelus coioides,GCA_051314025.1,cers5,gene
6,ABVT39_019433,ABVT39_019433,35628407,35648238,-,,,,,W008,Epinephelus coioides,GCA_051314025.1,cers5,gene
7,ABVT39_013397,ABVT39_013397,35701731,35731194,-,LOC113537983,NC_069729.1,20705526.0,LOC113537983,W008,Epinephelus coioides,GCA_051314025.1,cers5,gene
8,ABVT39_016211,ABVT39_016211,35733327,35753354,-,,,,,W008,Epinephelus coioides,GCA_051314025.1,cers5,gene
9,ABVT39_009664,ABVT39_009664,35758044,35766794,-,LOC113532087,NC_069711.1,10163118.0,LOC113532087,W008,Epinephelus coioides,GCA_051314025.1,cers5,gene
10,ABVT39_000820,ABVT39_000820,35805781,35806458,-,,,,,W008,Epinephelus coioides,GCA_051314025.1,cers5,gene
-10,ABVT39_000065,ABVT39_000065,5658351,5663651,+,,,,,W008,Epinephelus coioides,GCA_051314025.1,col22a1,gene
-9,ABVT39_026885,ABVT39_026885,5675987,5688231,+,,,,,W008,Epinephelus coioides,GCA_051314025.1,col22a1,gene
-8,ABVT39_015783,ABVT39_015783,5698807,5731812,-,,,,,W008,Epinephelus coioides,GCA_051314025.1,col22a1,gene
-7,ABVT39_005051,ABVT39_005051,5746949,5758799,+,,,,,W008,Epinephelus coioides,GCA_051314025.1,col22a1,gene
-6,ABVT39_025210,ABVT39_025210,5813482,5992804,+,khdrbs3,NC_069718.1,4454095.0,khdrbs3,W008,Epinephelus coioides,GCA_051314025.1,col22a1,gene
-5,ABVT39_024183,ABVT39_024183,6017517,6017785,+,,,,,W008,Epinephelus coioides,GCA_051314025.1,col22a1,gene
-4,ABVT39_016195,ABVT39_016195,6085877,6151392,+,,,,,W008,Epinephelus coioides,GCA_051314025.1,col22a1,gene
-3,ABVT39_027638,ABVT39_027638,6164131,6164352,+,,,,,W008,Epinephelus coioides,GCA_051314025.1,col22a1,gene
-2,ABVT39_019804,ABVT39_019804,6177906,6248301,-,fam135b,NC_069718.1,4654654.0,fam135b,W008,Epinephelus coioides,GCA_051314025.1,col22a1,gene
-1,ABVT39_020797,ABVT39_020797,6265961,6307477,+,LOC113523835,NC_069718.1,4720956.0,LOC113523835,W008,Epinephelus coioides,GCA_051314025.1,col22a1,gene
0,ABVT39_007429,ABVT39_007429,6308088,6398758,-,col22a1,NC_069718.1,4775649.0,col22a1,W008,Epinephelus coioides,GCA_051314025.1,col22a1,gene
1,ABVT39_001116,ABVT39_001116,6409352,6412457,-,,,,,W008,Epinephelus coioides,GCA_051314025.1,col22a1,gene
2,ABVT39_023035,ABVT39_023035,6427553,6479324,-,kcnk9,NC_069718.1,4881731.0,kcnk9,W008,Epinephelus coioides,GCA_051314025.1,col22a1,gene
3,ABVT39_010405,ABVT39_010405,6515726,6834358,-,trappc9,NC_069718.1,5057966.0,trappc9,W008,Epinephelus coioides,GCA_051314025.1,col22a1,gene
4,ABVT39_025558,ABVT39_025558,6841022,6847247,-,sh3bgrl3,NC_069738.1,15198191.0,sh3bgrl3,W008,Epinephelus coioides,GCA_051314025.1,col22a1,gene
5,ABVT39_005140,ABVT39_005140,6857970,6865762,-,,,,,W008,Epinephelus coioides,GCA_051314025.1,col22a1,gene
6,ABVT39_012494,ABVT39_012494,6872011,6877063,-,,,,,W008,Epinephelus coioides,GCA_051314025.1,col22a1,gene
7,ABVT39_020113,ABVT39_020113,6891993,6902715,+,tmem222b,NC_069738.1,15160925.0,tmem222b,W008,Epinephelus coioides,GCA_051314025.1,col22a1,gene
8,ABVT39_012256,ABVT39_012256,6903433,6907610,+,tpbga,NC_069738.1,15152065.0,tpbga,W008,Epinephelus coioides,GCA_051314025.1,col22a1,gene
9,ABVT39_011863,ABVT39_011863,6919059,6921244,+,,,,,W008,Epinephelus coioides,GCA_051314025.1,col22a1,gene
10,ABVT39_003735,ABVT39_003735,6925256,6933969,-,,,,,W008,Epinephelus coioides,GCA_051314025.1,col22a1,gene
-10,ABVT39_025636,ABVT39_025636,39530035,39555904,-,,,,,W008,Epinephelus coioides,GCA_051314025.1,dnd1,gene
-9,ABVT39_012329,ABVT39_012329,39559367,39578586,+,trappc11,NC_069718.1,9088003.0,trappc11,W008,Epinephelus coioides,GCA_051314025.1,dnd1,gene
-8,ABVT39_000710,ABVT39_000710,39627072,39627464,-,,,,,W008,Epinephelus coioides,GCA_051314025.1,dnd1,gene
-7,ABVT39_022820,ABVT39_022820,39631368,39639262,+,sil1,NC_069716.1,12174387.0,sil1,W008,Epinephelus coioides,GCA_051314025.1,dnd1,gene
-6,ABVT39_012283,ABVT39_012283,39640710,39686338,+,uvssa,NC_069716.1,8418828.0,uvssa,W008,Epinephelus coioides,GCA_051314025.1,dnd1,gene
-5,ABVT39_015994,ABVT39_015994,39691580,39698971,-,nkx1.2lb,NC_069716.1,8434368.0,nkx1.2lb,W008,Epinephelus coioides,GCA_051314025.1,dnd1,gene
-4,ABVT39_020737,ABVT39_020737,39873969,39887079,+,tctn1,NC_069726.1,20499568.0,tctn1,W008,Epinephelus coioides,GCA_051314025.1,dnd1,gene
-3,ABVT39_010960,ABVT39_010960,39887294,39896322,-,hvcn1,NC_069726.1,20488039.0,hvcn1,W008,Epinephelus coioides,GCA_051314025.1,dnd1,gene
-2,ABVT39_023507,ABVT39_023507,39905038,39940978,-,c7h4orf47,NC_069716.1,17746891.0,c7h4orf47,W008,Epinephelus coioides,GCA_051314025.1,dnd1,gene
-1,ABVT39_011916,ABVT39_011916,40089894,40195638,-,,,,,W008,Epinephelus coioides,GCA_051314025.1,dnd1,gene
0,ABVT39_007056,ABVT39_007056,40290536,40307433,+,dnd1,NC_069718.1,9055467.0,dnd1,W008,Epinephelus coioides,GCA_051314025.1,dnd1,gene
1,ABVT39_016838,ABVT39_016838,40309215,40323032,-,hars,NC_069718.1,9071127.0,hars,W008,Epinephelus coioides,GCA_051314025.1,dnd1,gene
2,ABVT39_022018,ABVT39_022018,40324499,40340218,+,ugl,NC_069716.1,4343488.0,ugl,W008,Epinephelus coioides,GCA_051314025.1,dnd1,gene
3,ABVT39_001531,ABVT39_001531,40356114,40366561,-,,,,,W008,Epinephelus coioides,GCA_051314025.1,dnd1,gene
4,ABVT39_011360,ABVT39_011360,40608837,40609241,-,,,,,W008,Epinephelus coioides,GCA_051314025.1,dnd1,gene
5,ABVT39_015076,ABVT39_015076,40610932,40633250,+,,,,,W008,Epinephelus coioides,GCA_051314025.1,dnd1,gene
6,ABVT39_000194,ABVT39_000194,40651257,40651847,-,,,,,W008,Epinephelus coioides,GCA_051314025.1,dnd1,gene
7,ABVT39_022049,ABVT39_022049,40653880,40654200,+,,,,,W008,Epinephelus coioides,GCA_051314025.1,dnd1,gene
8,ABVT39_018964,ABVT39_018964,40658177,40658950,+,,,,,W008,Epinephelus coioides,GCA_051314025.1,dnd1,gene
9,ABVT39_010070,ABVT39_010070,40658984,40659457,+,,,,,W008,Epinephelus coioides,GCA_051314025.1,dnd1,gene
10,ABVT39_028004,ABVT39_028004,40701104,40701602,+,,,,,W008,Epinephelus coioides,GCA_051314025.1,dnd1,gene
-10,ABVT39_018340,ABVT39_018340,50251552,50252574,-,,,,,W008,Epinephelus coioides,GCA_051314025.1,dzank1,gene
-9,ABVT39_025692,ABVT39_025692,50261296,50271271,-,spast,NC_069735.1,15218078.0,spast,W008,Epinephelus coioides,GCA_051314025.1,dzank1,gene
-8,ABVT39_019221,ABVT39_019221,50278752,50291034,+,psen2,NC_069735.1,15602615.0,psen2,W008,Epinephelus coioides,GCA_051314025.1,dzank1,gene
-7,ABVT39_002334,ABVT39_002334,50293858,50299943,-,dpy30,NC_069735.1,15611879.0,dpy30,W008,Epinephelus coioides,GCA_051314025.1,dzank1,gene
-6,ABVT39_009066,ABVT39_009066,50306837,50322147,-,srd5a2a,NC_069735.1,15587459.0,srd5a2a,W008,Epinephelus coioides,GCA_051314025.1,dzank1,gene
-5,ABVT39_017173,ABVT39_017173,50326813,50330892,-,,,,,W008,Epinephelus coioides,GCA_051314025.1,dzank1,gene
-4,ABVT39_005364,ABVT39_005364,50330944,50366999,+,,,,,W008,Epinephelus coioides,GCA_051314025.1,dzank1,gene
-3,ABVT39_022384,ABVT39_022384,50332857,50333111,-,,,,,W008,Epinephelus coioides,GCA_051314025.1,dzank1,gene
-2,ABVT39_013366,ABVT39_013366,50375927,50401828,-,,,,,W008,Epinephelus coioides,GCA_051314025.1,dzank1,gene
-1,ABVT39_018441,ABVT39_018441,50404247,50419597,+,kat14,NC_069734.1,15904320.0,kat14,W008,Epinephelus coioides,GCA_051314025.1,dzank1,gene
0,ABVT39_012406,ABVT39_012406,50424104,50446470,-,dzank1,NC_069734.1,15896318.0,dzank1,W008,Epinephelus coioides,GCA_051314025.1,dzank1,gene
1,ABVT39_006100,ABVT39_006100,50448427,50449007,-,,,,,W008,Epinephelus coioides,GCA_051314025.1,dzank1,gene
2,ABVT39_024976,ABVT39_024976,50454596,50460663,+,polr3f,NC_069734.1,15887788.0,polr3f,W008,Epinephelus coioides,GCA_051314025.1,dzank1,gene
3,ABVT39_018647,ABVT39_018647,50464801,50530340,+,sptbn1,NC_069720.1,6067588.0,sptbn1,W008,Epinephelus coioides,GCA_051314025.1,dzank1,gene
4,ABVT39_009019,ABVT39_009019,50528006,50530195,-,,,,,W008,Epinephelus coioides,GCA_051314025.1,dzank1,gene
5,ABVT39_002967,ABVT39_002967,50534491,50534896,-,,,,,W008,Epinephelus coioides,GCA_051314025.1,dzank1,gene
6,ABVT39_007980,ABVT39_007980,50536459,50588272,+,eml6,NC_069720.1,5998006.0,eml6,W008,Epinephelus coioides,GCA_051314025.1,dzank1,gene
7,ABVT39_003474,ABVT39_003474,50595886,50627039,+,mtif2,NC_069715.1,23698335.0,mtif2,W008,Epinephelus coioides,GCA_051314025.1,dzank1,gene
8,ABVT39_024101,ABVT39_024101,50627067,50637863,-,sde2,NC_069734.1,16238906.0,sde2,W008,Epinephelus coioides,GCA_051314025.1,dzank1,gene
9,ABVT39_016053,ABVT39_016053,50640726,50642811,+,mrps28,NC_069734.1,16234631.0,mrps28,W008,Epinephelus coioides,GCA_051314025.1,dzank1,gene
10,ABVT39_024451,ABVT39_024451,50650438,50687857,-,capn1b,NC_069734.1,16217724.0,capn1b,W008,Epinephelus coioides,GCA_051314025.1,dzank1,gene
-10,ABVT39_010704,ABVT39_010704,16967658,16987246,-,zgc:64106,NC_069724.1,21156691.0,zgc:64106,W008,Epinephelus coioides,GCA_051314025.1,dnai1,gene
-9,ABVT39_028203,ABVT39_028203,16995018,17022308,+,aqp7,NC_069724.1,21144752.0,aqp7,W008,Epinephelus coioides,GCA_051314025.1,dnai1,gene
-8,ABVT39_026080,ABVT39_026080,17001778,17004603,-,tpgs2,NC_069724.1,21139606.0,tpgs2,W008,Epinephelus coioides,GCA_051314025.1,dnai1,gene
-7,ABVT39_009818,ABVT39_009818,17033086,17131261,-,celf4,NC_069724.1,21071050.0,celf4,W008,Epinephelus coioides,GCA_051314025.1,dnai1,gene
-6,ABVT39_001542,ABVT39_001542,17167840,17170770,-,si:dkey-56d12.4,NC_069720.1,7507312.0,si:dkey-56d12.4,W008,Epinephelus coioides,GCA_051314025.1,dnai1,gene
-5,ABVT39_004237,ABVT39_004237,17446363,17454402,+,,,,,W008,Epinephelus coioides,GCA_051314025.1,dnai1,gene
-4,ABVT39_017227,ABVT39_017227,17491098,17500491,-,myorg,NC_069724.1,20674733.0,myorg,W008,Epinephelus coioides,GCA_051314025.1,dnai1,gene
-3,ABVT39_013289,ABVT39_013289,17505164,17507708,-,,,,,W008,Epinephelus coioides,GCA_051314025.1,dnai1,gene
-2,ABVT39_021543,ABVT39_021543,17508930,17516519,-,zgc:109965,NC_069724.1,20660631.0,zgc:109965,W008,Epinephelus coioides,GCA_051314025.1,dnai1,gene
-1,ABVT39_004714,ABVT39_004714,17522230,17534240,-,,,,,W008,Epinephelus coioides,GCA_051314025.1,dnai1,gene
0,ABVT39_012923,ABVT39_012923,17536893,17561429,+,dnai1.2,NC_069724.1,21502953.0,dnai1.2,W008,Epinephelus coioides,GCA_051314025.1,dnai1,gene
1,ABVT39_017217,ABVT39_017217,17591601,17618831,-,,,,,W008,Epinephelus coioides,GCA_051314025.1,dnai1,gene
2,ABVT39_023372,ABVT39_023372,17631703,17637661,-,,,,,W008,Epinephelus coioides,GCA_051314025.1,dnai1,gene
3,ABVT39_020859,ABVT39_020859,17641463,17665450,+,,,,,W008,Epinephelus coioides,GCA_051314025.1,dnai1,gene
4,ABVT39_000370,ABVT39_000370,17666286,17668129,+,,,,,W008,Epinephelus coioides,GCA_051314025.1,dnai1,gene
5,ABVT39_004484,ABVT39_004484,17669592,17716810,+,cita,NC_069736.1,7409521.0,cita,W008,Epinephelus coioides,GCA_051314025.1,dnai1,gene
6,ABVT39_012338,ABVT39_012338,17725334,17728385,+,,,,,W008,Epinephelus coioides,GCA_051314025.1,dnai1,gene
7,ABVT39_021676,ABVT39_021676,17732143,17736657,-,,,,,W008,Epinephelus coioides,GCA_051314025.1,dnai1,gene
8,ABVT39_001315,ABVT39_001315,17739572,17740348,-,,,,,W008,Epinephelus coioides,GCA_051314025.1,dnai1,gene
9,ABVT39_013472,ABVT39_013472,17743067,17779693,+,,,,,W008,Epinephelus coioides,GCA_051314025.1,dnai1,gene
10,ABVT39_014387,ABVT39_014387,17780771,17782072,-,im:7136021,NC_069719.1,22034072.0,im:7136021,W008,Epinephelus coioides,GCA_051314025.1,dnai1,gene
-10,ABVT39_012800,ABVT39_012800,3299326,3299931,+,,,,,W008,Epinephelus coioides,GCA_051314025.1,fat3,gene
-9,ABVT39_006721,ABVT39_006721,3310675,3494310,+,usp32,NC_069723.1,10657500.0,usp32,W008,Epinephelus coioides,GCA_051314025.1,fat3,gene
-8,ABVT39_021214,ABVT39_021214,3501416,3503784,+,,,,,W008,Epinephelus coioides,GCA_051314025.1,fat3,gene
-7,ABVT39_006308,ABVT39_006308,3511291,3511746,+,,,,,W008,Epinephelus coioides,GCA_051314025.1,fat3,gene
-6,ABVT39_009384,ABVT39_009384,3517299,3518168,-,,,,,W008,Epinephelus coioides,GCA_051314025.1,fat3,gene
-5,ABVT39_015322,ABVT39_015322,3520157,3522614,-,,,,,W008,Epinephelus coioides,GCA_051314025.1,fat3,gene
-4,ABVT39_019191,ABVT39_019191,3527673,3530942,+,tmem97,NC_069723.1,10625427.0,tmem97,W008,Epinephelus coioides,GCA_051314025.1,fat3,gene
-3,ABVT39_002758,ABVT39_002758,3539090,3639164,+,ulk2,NC_069723.1,10037986.0,ulk2,W008,Epinephelus coioides,GCA_051314025.1,fat3,gene
-2,ABVT39_006656,ABVT39_006656,3648780,3667082,+,LOC113532713,NC_069723.1,10062091.0,LOC113532713,W008,Epinephelus coioides,GCA_051314025.1,fat3,gene
-1,ABVT39_013117,ABVT39_013117,3667509,3680165,+,LOC113532712,NC_069723.1,10074389.0,LOC113532712,W008,Epinephelus coioides,GCA_051314025.1,fat3,gene
0,ABVT39_006834,ABVT39_006834,3862352,4098953,+,fat3a,NC_069723.1,2486409.0,fat3a,W008,Epinephelus coioides,GCA_051314025.1,fat3,gene
1,ABVT39_013106,ABVT39_013106,4113784,4154342,+,ints4,NC_069715.1,23408796.0,ints4,W008,Epinephelus coioides,GCA_051314025.1,fat3,gene
2,ABVT39_001239,ABVT39_001239,4154527,4159241,-,aamdc,NC_069715.1,23417573.0,aamdc,W008,Epinephelus coioides,GCA_051314025.1,fat3,gene
3,ABVT39_007246,ABVT39_007246,4177010,4274080,+,,,,,W008,Epinephelus coioides,GCA_051314025.1,fat3,gene
4,ABVT39_016924,ABVT39_016924,4287490,4302154,+,LOC113532896,NC_069723.1,13006889.0,LOC113532896,W008,Epinephelus coioides,GCA_051314025.1,fat3,gene
5,ABVT39_022917,ABVT39_022917,4305316,4542324,+,,,,,W008,Epinephelus coioides,GCA_051314025.1,fat3,gene
6,ABVT39_004952,ABVT39_004952,4600843,4680453,-,pipox,NC_069723.1,10818023.0,pipox,W008,Epinephelus coioides,GCA_051314025.1,fat3,gene
7,ABVT39_011680,ABVT39_011680,4689916,4722489,+,,,,,W008,Epinephelus coioides,GCA_051314025.1,fat3,gene
8,ABVT39_021074,ABVT39_021074,4722530,5210283,+,,,,,W008,Epinephelus coioides,GCA_051314025.1,fat3,gene
9,ABVT39_026909,ABVT39_026909,5254454,5263595,+,,,,,W008,Epinephelus coioides,GCA_051314025.1,fat3,gene
10,ABVT39_011297,ABVT39_011297,5263895,5264872,+,,,,,W008,Epinephelus coioides,GCA_051314025.1,fat3,gene
-10,ABVT39_021283,ABVT39_021283,43066481,43072152,+,,,,,W008,Epinephelus coioides,GCA_051314025.1,lrrk2,gene
-9,ABVT39_001101,ABVT39_001101,43078404,43111234,+,,,,,W008,Epinephelus coioides,GCA_051314025.1,lrrk2,gene
-8,ABVT39_008936,ABVT39_008936,43116123,43125906,-,rnf141,NC_069715.1,12363216.0,rnf141,W008,Epinephelus coioides,GCA_051314025.1,lrrk2,gene
-7,ABVT39_016794,ABVT39_016794,43130170,43134011,-,,,,,W008,Epinephelus coioides,GCA_051314025.1,lrrk2,gene
-6,ABVT39_025536,ABVT39_025536,43219446,43223912,-,borcs5,NC_069716.1,27497737.0,borcs5,W008,Epinephelus coioides,GCA_051314025.1,lrrk2,gene
-5,ABVT39_014150,ABVT39_014150,43225653,43247359,-,smc1b,NC_069716.1,26499698.0,smc1b,W008,Epinephelus coioides,GCA_051314025.1,lrrk2,gene
-4,ABVT39_023410,ABVT39_023410,43249119,43256769,-,cpa4,NC_069716.1,26513237.0,cpa4,W008,Epinephelus coioides,GCA_051314025.1,lrrk2,gene
-3,ABVT39_001519,ABVT39_001519,43276100,43376098,-,,,,,W008,Epinephelus coioides,GCA_051314025.1,lrrk2,gene
-2,ABVT39_011821,ABVT39_011821,43399832,43475810,-,kif21a,NC_069718.1,16389577.0,kif21a,W008,Epinephelus coioides,GCA_051314025.1,lrrk2,gene
-1,ABVT39_017305,ABVT39_017305,43484228,43494208,-,slc2a13b,NC_069718.1,16417469.0,slc2a13b,W008,Epinephelus coioides,GCA_051314025.1,lrrk2,gene
0,ABVT39_026594,ABVT39_026594,43496620,43543708,+,lrrk2,NC_069718.1,16436752.0,lrrk2,W008,Epinephelus coioides,GCA_051314025.1,lrrk2,gene
1,ABVT39_004780,ABVT39_004780,43545621,43572125,-,slc6a15,NC_069715.1,11998887.0,slc6a15,W008,Epinephelus coioides,GCA_051314025.1,lrrk2,gene
2,ABVT39_000836,ABVT39_000836,43600292,43650863,+,lrriq1,NC_069715.1,12042420.0,lrriq1,W008,Epinephelus coioides,GCA_051314025.1,lrrk2,gene
3,ABVT39_020357,ABVT39_020357,43658552,43665976,+,alx1,NC_069715.1,12072297.0,alx1,W008,Epinephelus coioides,GCA_051314025.1,lrrk2,gene
4,ABVT39_015659,ABVT39_015659,43761679,43782446,-,rassf9,NC_069715.1,12123421.0,rassf9,W008,Epinephelus coioides,GCA_051314025.1,lrrk2,gene
5,ABVT39_001330,ABVT39_001330,43786196,43797058,+,nts,NC_069715.1,12135070.0,nts,W008,Epinephelus coioides,GCA_051314025.1,lrrk2,gene
6,ABVT39_020581,ABVT39_020581,43825837,43833626,-,mgat4c,NC_069715.1,12212671.0,mgat4c,W008,Epinephelus coioides,GCA_051314025.1,lrrk2,gene
7,ABVT39_007248,ABVT39_007248,43843573,43843792,+,,,,,W008,Epinephelus coioides,GCA_051314025.1,lrrk2,gene
8,ABVT39_004532,ABVT39_004532,43851436,43851660,+,,,,,W008,Epinephelus coioides,GCA_051314025.1,lrrk2,gene
9,ABVT39_027312,ABVT39_027312,44009305,44009924,-,,,,,W008,Epinephelus coioides,GCA_051314025.1,lrrk2,gene
10,ABVT39_016904,ABVT39_016904,44027103,44035839,-,,,,,W008,Epinephelus coioides,GCA_051314025.1,lrrk2,gene
-10,egf,egf,37701107,37722854,-,egf,NC_069716.1,1262956.0,egf,W010,Oncorhynchus mykiss,GCF_013265735.2,ETFDH,gene
-9,LOC110505119,LOC110505119,37729355,37748054,-,lrit3a,NC_069716.1,1283398.0,lrit3a,W010,Oncorhynchus mykiss,GCF_013265735.2,ETFDH,gene
-8,LOC110505120,LOC110505120,37756601,37794098,-,gpm6aa,NC_069716.1,1301026.0,gpm6aa,W010,Oncorhynchus mykiss,GCF_013265735.2,ETFDH,gene
-7,LOC110505121,LOC110505121,37811348,37815994,-,,,,,W010,Oncorhynchus mykiss,GCF_013265735.2,ETFDH,gene
-6,LOC110505123,LOC110505123,37901120,38082815,+,,,,,W010,Oncorhynchus mykiss,GCF_013265735.2,ETFDH,gene
-5,LOC110505124,LOC110505124,38094562,38099366,+,,,,,W010,Oncorhynchus mykiss,GCF_013265735.2,ETFDH,gene
-4,pdgfc,pdgfc,38162170,38249531,-,pdgfc,NC_069716.1,1472778.0,pdgfc,W010,Oncorhynchus mykiss,GCF_013265735.2,ETFDH,gene
-3,LOC100499599,LOC100499599,38350721,38421549,+,gria2b,NC_069716.1,1371493.0,gria2b,W010,Oncorhynchus mykiss,GCF_013265735.2,ETFDH,gene
-2,LOC110505131,LOC110505131,38662146,38668996,+,,,,,W010,Oncorhynchus mykiss,GCF_013265735.2,ETFDH,gene
-1,LOC110505132,LOC110505132,38793954,38904137,+,,,,,W010,Oncorhynchus mykiss,GCF_013265735.2,ETFDH,gene
0,etfdh,etfdh,38921353,38940599,+,etfdh,NC_069716.1,4745626.0,etfdh,W010,Oncorhynchus mykiss,GCF_013265735.2,ETFDH,gene
1,LOC110505134,LOC110505134,38940637,38950778,-,ppid,NC_069716.1,4756165.0,ppid,W010,Oncorhynchus mykiss,GCF_013265735.2,ETFDH,gene
2,LOC110505135,LOC110505135,38963354,38967510,-,LOC113542947,NC_069716.1,4764367.0,LOC113542947,W010,Oncorhynchus mykiss,GCF_013265735.2,ETFDH,gene
3,LOC110504162,LOC110504162,38968135,39096498,+,,,,,W010,Oncorhynchus mykiss,GCF_013265735.2,ETFDH,gene
4,LOC110505137,LOC110505137,39292185,39455774,-,fstl5,NC_069716.1,5125383.0,fstl5,W010,Oncorhynchus mykiss,GCF_013265735.2,ETFDH,gene
5,LOC110505140,LOC110505140,39487069,39509026,+,,,,,W010,Oncorhynchus mykiss,GCF_013265735.2,ETFDH,gene
6,LOC110505141,LOC110505141,39536989,39619170,+,ldb2a,NC_069716.1,5330178.0,ldb2a,W010,Oncorhynchus mykiss,GCF_013265735.2,ETFDH,gene
7,LOC110505143,LOC110505143,39621116,39654712,+,,,,,W010,Oncorhynchus mykiss,GCF_013265735.2,ETFDH,gene
8,LOC110505144,LOC110505144,39680141,39803189,+,,,,,W010,Oncorhynchus mykiss,GCF_013265735.2,ETFDH,gene
9,LOC110505146,LOC110505146,39804761,39806616,+,,,,,W010,Oncorhynchus mykiss,GCF_013265735.2,ETFDH,gene
10,LOC110505147,LOC110505147,39807054,39808293,+,fgfbp1a,NC_069716.1,5468372.0,fgfbp1a,W010,Oncorhynchus mykiss,GCF_013265735.2,ETFDH,gene
-10,sash3,sash3,40796317,40813587,-,,,,,W010,Oncorhynchus mykiss,GCF_013265735.2,LAMP2,gene
-9,xpnpep2,xpnpep2,40818338,40843559,-,xpnpep2,NC_069716.1,15601752.0,xpnpep2,W010,Oncorhynchus mykiss,GCF_013265735.2,LAMP2,gene
-8,apln,apln,40944317,40975300,+,apln,NC_069716.1,15531318.0,apln,W010,Oncorhynchus mykiss,GCF_013265735.2,LAMP2,gene
-7,vimr2,vimr2,41005756,41026799,-,vimr2,NC_069716.1,15493414.0,vimr2,W010,Oncorhynchus mykiss,GCF_013265735.2,LAMP2,gene
-6,ocrl,ocrl,41027068,41067706,-,ocrl,NC_069716.1,15470451.0,ocrl,W010,Oncorhynchus mykiss,GCF_013265735.2,LAMP2,gene
-5,si:ch73-335m24.2,si:ch73-335m24.2,41067855,41077311,-,si:ch73-335m24.2,NC_069716.1,15441527.0,si:ch73-335m24.2,W010,Oncorhynchus mykiss,GCF_013265735.2,LAMP2,gene
-4,clic2,clic2,41082640,41087797,+,clic2,NC_069716.1,15432956.0,clic2,W010,Oncorhynchus mykiss,GCF_013265735.2,LAMP2,gene
-3,urp1,urp1,41088245,41090451,-,urp1,NC_069716.1,15429090.0,urp1,W010,Oncorhynchus mykiss,GCF_013265735.2,LAMP2,gene
-2,LOC110505171,LOC110505171,41096589,41099550,+,c1galt1c1,NC_069716.1,15654676.0,c1galt1c1,W010,Oncorhynchus mykiss,GCF_013265735.2,LAMP2,gene
-1,LOC110505172,LOC110505172,41119150,41135502,+,,,,,W010,Oncorhynchus mykiss,GCF_013265735.2,LAMP2,gene
0,lamp2,lamp2,41142287,41154984,+,lamp2,NC_069716.1,15680806.0,lamp2,W010,Oncorhynchus mykiss,GCF_013265735.2,LAMP2,gene
1,LOC110505176,LOC110505176,41158585,41165769,-,atp1b4,NC_069716.1,15687915.0,atp1b4,W010,Oncorhynchus mykiss,GCF_013265735.2,LAMP2,gene
2,LOC110505177,LOC110505177,41167574,41192351,+,,,,,W010,Oncorhynchus mykiss,GCF_013265735.2,LAMP2,gene
3,LOC110505178,LOC110505178,41198232,41205593,-,zbtb33,NC_069716.1,15718375.0,zbtb33,W010,Oncorhynchus mykiss,GCF_013265735.2,LAMP2,gene
4,LOC110505179,LOC110505179,41208284,41215743,+,nkap,NC_069716.1,15726450.0,nkap,W010,Oncorhynchus mykiss,GCF_013265735.2,LAMP2,gene
5,LOC110505181,LOC110505181,41227590,41232363,+,,,,,W010,Oncorhynchus mykiss,GCF_013265735.2,LAMP2,gene
6,LOC100136046,LOC100136046,41232617,41264548,+,rpl39,NC_069716.1,15745547.0,rpl39,W010,Oncorhynchus mykiss,GCF_013265735.2,LAMP2,gene
7,pttg1,pttg1,41242551,41244159,-,pttg1,NC_069716.1,15043578.0,pttg1,W010,Oncorhynchus mykiss,GCF_013265735.2,LAMP2,gene
8,LOC110505183,LOC110505183,41245345,41274161,+,septin6,NC_069716.1,15764119.0,septin6,W010,Oncorhynchus mykiss,GCF_013265735.2,LAMP2,gene
9,LOC110505185,LOC110505185,41279670,41284806,+,nkrf,NC_069716.1,16103426.0,nkrf,W010,Oncorhynchus mykiss,GCF_013265735.2,LAMP2,gene
10,LOC110505186,LOC110505186,41285430,41289716,-,,,,,W010,Oncorhynchus mykiss,GCF_013265735.2,LAMP2,gene
-10,LOC110492056,LOC110492056,42615407,42663808,-,,,,,W010,Oncorhynchus mykiss,GCF_013265735.2,TNFRSF5A,gene
-9,LOC110492057,LOC110492057,42674355,42713896,-,LOC113530442,NC_069725.1,18142116.0,LOC113530442,W010,Oncorhynchus mykiss,GCF_013265735.2,TNFRSF5A,gene
-8,LOC110492058,LOC110492058,42714241,42725617,-,,,,,W010,Oncorhynchus mykiss,GCF_013265735.2,TNFRSF5A,gene
-7,LOC110492059,LOC110492059,42767849,42773348,-,zfp64,NC_069725.1,18213357.0,zfp64,W010,Oncorhynchus mykiss,GCF_013265735.2,TNFRSF5A,gene
-6,LOC110492060,LOC110492060,42863451,42909107,+,LOC113530861,NC_069725.1,18350291.0,LOC113530861,W010,Oncorhynchus mykiss,GCF_013265735.2,TNFRSF5A,gene
-5,LOC110492061,LOC110492061,42968159,42975719,-,,,,,W010,Oncorhynchus mykiss,GCF_013265735.2,TNFRSF5A,gene
-4,LOC110492062,LOC110492062,42985882,43000895,-,,,,,W010,Oncorhynchus mykiss,GCF_013265735.2,TNFRSF5A,gene
-3,pfd4,pfd4,43009496,43011939,+,pfdn4,NC_069725.1,18477776.0,pfdn4,W010,Oncorhynchus mykiss,GCF_013265735.2,TNFRSF5A,gene
-2,LOC110492903,LOC110492903,43046572,43048442,+,,,,,W010,Oncorhynchus mykiss,GCF_013265735.2,TNFRSF5A,gene
-1,LOC110491060,LOC110491060,43117471,43124619,-,cbln4,NC_069725.1,18558801.0,cbln4,W010,Oncorhynchus mykiss,GCF_013265735.2,TNFRSF5A,gene
0,cd40,cd40,43192633,43208975,+,,,,,W010,Oncorhynchus mykiss,GCF_013265735.2,TNFRSF5A,gene
1,LOC110492905,LOC110492905,43210914,43212485,-,,,,,W010,Oncorhynchus mykiss,GCF_013265735.2,TNFRSF5A,gene
2,LOC110492063,LOC110492063,43217803,43243705,-,,,,,W010,Oncorhynchus mykiss,GCF_013265735.2,TNFRSF5A,gene
3,LOC110492064,LOC110492064,43253172,43326500,-,,,,,W010,Oncorhynchus mykiss,GCF_013265735.2,TNFRSF5A,gene
4,nol9,nol9,43340635,43347748,-,nol9,NC_069725.1,19960361.0,nol9,W010,Oncorhynchus mykiss,GCF_013265735.2,TNFRSF5A,gene
5,zbtb48,zbtb48,43347584,43354612,+,,,,,W010,Oncorhynchus mykiss,GCF_013265735.2,TNFRSF5A,gene
6,LOC110492067,LOC110492067,43356495,43375265,-,,,,,W010,Oncorhynchus mykiss,GCF_013265735.2,TNFRSF5A,gene
7,LOC110491061,LOC110491061,43411247,43492354,+,syt6a,NC_069725.1,20061401.0,syt6a,W010,Oncorhynchus mykiss,GCF_013265735.2,TNFRSF5A,gene
8,LOC110492068,LOC110492068,43497182,43503930,-,olfml3a,NC_069725.1,20100584.0,olfml3a,W010,Oncorhynchus mykiss,GCF_013265735.2,TNFRSF5A,gene
9,LOC110492069,LOC110492069,43534694,43564442,-,,,,,W010,Oncorhynchus mykiss,GCF_013265735.2,TNFRSF5A,gene
10,LOC110492070,LOC110492070,43564449,43575819,+,,,,,W010,Oncorhynchus mykiss,GCF_013265735.2,TNFRSF5A,gene
-10,LOC110492080,LOC110492080,43968778,43981151,+,,,,,W010,Oncorhynchus mykiss,GCF_013265735.2,cd34a,gene
-9,LOC110492081,LOC110492081,43991364,43997840,-,dnajc16,NC_069725.1,21183560.0,dnajc16,W010,Oncorhynchus mykiss,GCF_013265735.2,cd34a,gene
-8,casp9,casp9,43997896,44002556,+,casp9,NC_069725.1,18744255.0,casp9,W010,Oncorhynchus mykiss,GCF_013265735.2,cd34a,gene
-7,LOC110491067,LOC110491067,44005966,44161356,+,,,,,W010,Oncorhynchus mykiss,GCF_013265735.2,cd34a,gene
-6,LOC110492082,LOC110492082,44174095,44199731,+,,,,,W010,Oncorhynchus mykiss,GCF_013265735.2,cd34a,gene
-5,LOC110492084,LOC110492084,44222698,44417816,+,magi3a,NC_069725.1,19680453.0,magi3a,W010,Oncorhynchus mykiss,GCF_013265735.2,cd34a,gene
-4,LOC110492086,LOC110492086,44418264,44430021,+,LOC113530319,NC_069725.1,19602125.0,LOC113530319,W010,Oncorhynchus mykiss,GCF_013265735.2,cd34a,gene
-3,LOC110492085,LOC110492085,44429876,44449494,-,,,,,W010,Oncorhynchus mykiss,GCF_013265735.2,cd34a,gene
-2,LOC100136105,LOC100136105,44464824,44484041,+,,,,,W010,Oncorhynchus mykiss,GCF_013265735.2,cd34a,gene
-1,c4bp,c4bp,44495537,44515541,+,,,,,W010,Oncorhynchus mykiss,GCF_013265735.2,cd34a,gene
0,cd34a,cd34a,44560201,44596213,-,,,,,W010,Oncorhynchus mykiss,GCF_013265735.2,cd34a,gene
1,plxna2,plxna2,44621739,44964691,-,,,,,W010,Oncorhynchus mykiss,GCF_013265735.2,cd34a,gene
2,LOC110492092,LOC110492092,45303720,45307537,-,,,,,W010,Oncorhynchus mykiss,GCF_013265735.2,cd34a,gene
3,LOC110492093,LOC110492093,45308346,45315784,-,LOC113530386,NC_069725.1,17307671.0,LOC113530386,W010,Oncorhynchus mykiss,GCF_013265735.2,cd34a,gene
4,slc48a1a,slc48a1a,45315948,45320376,-,slc48a1a,NC_069725.1,17299118.0,slc48a1a,W010,Oncorhynchus mykiss,GCF_013265735.2,cd34a,gene
5,rapgef3,rapgef3,45328722,45378232,+,rapgef3,NC_069725.1,17267775.0,rapgef3,W010,Oncorhynchus mykiss,GCF_013265735.2,cd34a,gene
6,itga5,itga5,45378265,45432804,-,itga5,NC_069725.1,17223809.0,itga5,W010,Oncorhynchus mykiss,GCF_013265735.2,cd34a,gene
7,csrnp2,csrnp2,45493913,45505194,-,csrnp2,NC_069725.1,17145940.0,csrnp2,W010,Oncorhynchus mykiss,GCF_013265735.2,cd34a,gene
8,LOC110492099,LOC110492099,45506079,45523249,-,,,,,W010,Oncorhynchus mykiss,GCF_013265735.2,cd34a,gene
9,pou6f1,pou6f1,45525987,45536632,-,pou6f1,NC_069725.1,17020204.0,pou6f1,W010,Oncorhynchus mykiss,GCF_013265735.2,cd34a,gene
10,LOC110492102,LOC110492102,45537660,45541777,+,,,,,W010,Oncorhynchus mykiss,GCF_013265735.2,cd34a,gene
-10,LOC118938704,LOC118938704,19720960,19722934,-,,,,,W010,Oncorhynchus mykiss,GCF_013265735.2,mcts1,gene
-9,LOC110488956,LOC110488956,19738207,19753902,-,,,,,W010,Oncorhynchus mykiss,GCF_013265735.2,mcts1,gene
-8,LOC110488957,LOC110488957,19756005,19771671,-,,,,,W010,Oncorhynchus mykiss,GCF_013265735.2,mcts1,gene
-7,LOC110488958,LOC110488958,19789786,19845909,-,trpc3,NC_069718.1,8582821.0,trpc3,W010,Oncorhynchus mykiss,GCF_013265735.2,mcts1,gene
-6,LOC110488959,LOC110488959,19898094,19941014,+,zdhhc9,NC_069716.1,15635185.0,zdhhc9,W010,Oncorhynchus mykiss,GCF_013265735.2,mcts1,gene
-5,LOC110488960,LOC110488960,19948368,19960700,-,sash3,NC_069716.1,15616526.0,sash3,W010,Oncorhynchus mykiss,GCF_013265735.2,mcts1,gene
-4,LOC118938705,LOC118938705,20115525,20130254,-,,,,,W010,Oncorhynchus mykiss,GCF_013265735.2,mcts1,gene
-3,LOC110488962,LOC110488962,20135179,20165062,-,,,,,W010,Oncorhynchus mykiss,GCF_013265735.2,mcts1,gene
-2,LOC110488963,LOC110488963,20186071,20191531,+,,,,,W010,Oncorhynchus mykiss,GCF_013265735.2,mcts1,gene
-1,LOC110488964,LOC110488964,20200328,20202340,+,,,,,W010,Oncorhynchus mykiss,GCF_013265735.2,mcts1,gene
0,mcts1,mcts1,20206253,20215508,-,mcts1,NC_069716.1,15660096.0,mcts1,W010,Oncorhynchus mykiss,GCF_013265735.2,mcts1,gene
1,LOC110488965,LOC110488965,20216200,20253685,+,cul4b,NC_069716.1,15669824.0,cul4b,W010,Oncorhynchus mykiss,GCF_013265735.2,mcts1,gene
2,LOC110488967,LOC110488967,20265984,20273649,-,,,,,W010,Oncorhynchus mykiss,GCF_013265735.2,mcts1,gene
3,tmem255a,tmem255a,20274982,20295212,+,tmem255a,NC_069716.1,15705997.0,tmem255a,W010,Oncorhynchus mykiss,GCF_013265735.2,mcts1,gene
4,zbtb33,zbtb33,20304374,20308443,-,,,,,W010,Oncorhynchus mykiss,GCF_013265735.2,mcts1,gene
5,LOC110488973,LOC110488973,20308637,20314136,+,,,,,W010,Oncorhynchus mykiss,GCF_013265735.2,mcts1,gene
6,ndufa1,ndufa1,20315629,20316614,-,ndufa1,NC_069716.1,15730466.0,ndufa1,W010,Oncorhynchus mykiss,GCF_013265735.2,mcts1,gene
7,upf3b,upf3b,20316740,20325242,+,upf3b,NC_069716.1,15734003.0,upf3b,W010,Oncorhynchus mykiss,GCF_013265735.2,mcts1,gene
8,LOC110488974,LOC110488974,20325337,20326892,+,,,,,W010,Oncorhynchus mykiss,GCF_013265735.2,mcts1,gene
9,sowahd,sowahd,20326726,20331372,-,sowahd,NC_069716.1,15747727.0,sowahd,W010,Oncorhynchus mykiss,GCF_013265735.2,mcts1,gene
10,LOC110488975,LOC110488975,20332797,20374856,+,,,,,W010,Oncorhynchus mykiss,GCF_013265735.2,mcts1,gene
-10,cttn,cttn,47543058,47574220,+,LOC113526680,NC_069715.1,21598192.0,LOC113526680,W011,Epinephelus lanceolatus,GCF_041903045.1,ABHD17C,gene
-9,shank2a,shank2a,47592835,48036041,-,LOC113526575,NC_069715.1,21538383.0,LOC113526575,W011,Epinephelus lanceolatus,GCF_041903045.1,ABHD17C,gene
-8,LOC117254898,LOC117254898,48090598,48151694,-,LOC113526806,NC_069715.1,21402892.0,LOC113526806,W011,Epinephelus lanceolatus,GCF_041903045.1,ABHD17C,gene
-7,LOC117251500,LOC117251500,48160068,48170793,-,LOC113526860,NC_069715.1,27401372.0,LOC113526860,W011,Epinephelus lanceolatus,GCF_041903045.1,ABHD17C,gene
-6,LOC117269820,LOC117269820,48182123,48188586,-,guca1g,NC_069716.1,24825026.0,guca1g,W011,Epinephelus lanceolatus,GCF_041903045.1,ABHD17C,gene
-5,LOC117251769,LOC117251769,48203607,48206158,-,,,,,W011,Epinephelus lanceolatus,GCF_041903045.1,ABHD17C,gene
-4,LOC117257462,LOC117257462,48209786,48211220,-,,,,,W011,Epinephelus lanceolatus,GCF_041903045.1,ABHD17C,gene
-3,tlnrd1,tlnrd1,48228240,48229964,-,tlnrd1,NC_069720.1,9800706.0,tlnrd1,W011,Epinephelus lanceolatus,GCF_041903045.1,ABHD17C,gene
-2,mesd,mesd,48236195,48242427,+,mesd,NC_069720.1,9791658.0,mesd,W011,Epinephelus lanceolatus,GCF_041903045.1,ABHD17C,gene
-1,cemip,cemip,48318602,48701615,-,cemip,NC_069720.1,9718430.0,cemip,W011,Epinephelus lanceolatus,GCF_041903045.1,ABHD17C,gene
0,abhd17c,abhd17c,48724861,48772599,-,abhd17c,NC_069720.1,9595220.0,abhd17c,W011,Epinephelus lanceolatus,GCF_041903045.1,ABHD17C,gene
1,arnt2,arnt2,48842154,48992025,-,arnt2,NC_069720.1,9501120.0,arnt2,W011,Epinephelus lanceolatus,GCF_041903045.1,ABHD17C,gene
2,ctxnd1,ctxnd1,49166044,49194568,+,LOC113536412,NC_069720.1,9425464.0,LOC113536412,W011,Epinephelus lanceolatus,GCF_041903045.1,ABHD17C,gene
3,LOC144458260,LOC144458260,49167726,49178470,+,,,,,W011,Epinephelus lanceolatus,GCF_041903045.1,ABHD17C,gene
4,fah,fah,49283384,49372470,-,fah,NC_069720.1,9393031.0,fah,W011,Epinephelus lanceolatus,GCF_041903045.1,ABHD17C,gene
5,efl1,efl1,49378347,49668277,+,efl1,NC_069720.1,10212712.0,efl1,W011,Epinephelus lanceolatus,GCF_041903045.1,ABHD17C,gene
6,LOC144458793,LOC144458793,49706598,49707844,+,,,,,W011,Epinephelus lanceolatus,GCF_041903045.1,ABHD17C,gene
7,LOC144465060,LOC144465060,49731728,49732636,-,,,,,W011,Epinephelus lanceolatus,GCF_041903045.1,ABHD17C,gene
8,mex3b,mex3b,49829505,49834630,+,mex3b,NC_069720.1,10100879.0,mex3b,W011,Epinephelus lanceolatus,GCF_041903045.1,ABHD17C,gene
9,c1qtnf4,c1qtnf4,50058018,50205783,+,c1qtnf4,NC_069734.1,12549514.0,c1qtnf4,W011,Epinephelus lanceolatus,GCF_041903045.1,ABHD17C,gene
10,ndufs3,ndufs3,50237471,50277341,-,ndufs3,NC_069734.1,12532901.0,ndufs3,W011,Epinephelus lanceolatus,GCF_041903045.1,ABHD17C,gene
-10,gabra6a,gabra6a,37127652,37135170,-,gabra6a,NC_069718.1,8189728.0,gabra6a,W012,Larimichthys crocea,GCF_000972845.2,fgf1,gene
-9,nudcd2,nudcd2,37135165,37138473,+,nudcd2,NC_069718.1,8177134.0,nudcd2,W012,Larimichthys crocea,GCF_000972845.2,fgf1,gene
-8,ccng1,ccng1,37138336,37142500,-,ccng1,NC_069718.1,8173926.0,ccng1,W012,Larimichthys crocea,GCF_000972845.2,fgf1,gene
-7,septin8,septin8,37143134,37154816,-,septin8a,NC_069724.1,324626.0,septin8a,W012,Larimichthys crocea,GCF_000972845.2,fgf1,gene
-6,sowahab,sowahab,37153620,37154978,+,sowahab,NC_069718.1,8532876.0,sowahab,W012,Larimichthys crocea,GCF_000972845.2,fgf1,gene
-5,gdf9,gdf9,37157072,37159755,+,gdf9,NC_069718.1,8539393.0,gdf9,W012,Larimichthys crocea,GCF_000972845.2,fgf1,gene
-4,uqcrq,uqcrq,37162085,37166134,+,LOC113542864,NC_069716.1,12211983.0,LOC113542864,W012,Larimichthys crocea,GCF_000972845.2,fgf1,gene
-3,hspa4b,hspa4b,37169276,37178645,+,hspa4b,NC_069718.1,9923842.0,hspa4b,W012,Larimichthys crocea,GCF_000972845.2,fgf1,gene
-2,gnpda1,gnpda1,37180005,37183544,+,gnpda1,NC_069718.1,9912448.0,gnpda1,W012,Larimichthys crocea,GCF_000972845.2,fgf1,gene
-1,ndfip1,ndfip1,37187509,37193963,+,,,,,W012,Larimichthys crocea,GCF_000972845.2,fgf1,gene
0,fgf1a,fgf1a,37193488,37197674,-,fgf1a,NC_069718.1,9896304.0,fgf1a,W012,Larimichthys crocea,GCF_000972845.2,fgf1,gene
1,nr3c1,nr3c1,37198010,37219046,-,nr3c1,NC_069718.1,9868246.0,nr3c1,W012,Larimichthys crocea,GCF_000972845.2,fgf1,gene
2,LOC104938323,LOC104938323,37224194,37235161,+,kctd16a,NC_069718.1,9813753.0,kctd16a,W012,Larimichthys crocea,GCF_000972845.2,fgf1,gene
3,sh3rf2,sh3rf2,37249960,37265995,+,sh3rf2,NC_069718.1,9745562.0,sh3rf2,W012,Larimichthys crocea,GCF_000972845.2,fgf1,gene
4,kif3a,kif3a,37268601,37280890,+,kif3a,NC_069718.1,9716042.0,kif3a,W012,Larimichthys crocea,GCF_000972845.2,fgf1,gene
5,LOC113746563,LOC113746563,37280483,37282248,-,,,,,W012,Larimichthys crocea,GCF_000972845.2,fgf1,gene
6,atrx,atrx,37285427,37314668,+,atrx,NC_069716.1,9349829.0,atrx,W012,Larimichthys crocea,GCF_000972845.2,fgf1,gene
7,fgf16,fgf16,37316757,37322858,-,fgf16,NC_069716.1,9383254.0,fgf16,W012,Larimichthys crocea,GCF_000972845.2,fgf1,gene
8,zdhhc15b,zdhhc15b,37373938,37379351,+,zdhhc15b,NC_069716.1,9444708.0,zdhhc15b,W012,Larimichthys crocea,GCF_000972845.2,fgf1,gene
9,uprt,uprt,37380295,37386972,-,LOC113542799,NC_069716.1,9455971.0,LOC113542799,W012,Larimichthys crocea,GCF_000972845.2,fgf1,gene
10,abcb7,abcb7,37386990,37408454,+,abcb7,NC_069716.1,9479981.0,abcb7,W012,Larimichthys crocea,GCF_000972845.2,fgf1,gene
-10,nudcd2,nudcd2,37135165,37138473,+,nudcd2,NC_069718.1,8177134.0,nudcd2,W012,Larimichthys crocea,GCF_000972845.2,nr3c1,gene
-9,ccng1,ccng1,37138336,37142500,-,ccng1,NC_069718.1,8173926.0,ccng1,W012,Larimichthys crocea,GCF_000972845.2,nr3c1,gene
-8,septin8,septin8,37143134,37154816,-,septin8a,NC_069724.1,324626.0,septin8a,W012,Larimichthys crocea,GCF_000972845.2,nr3c1,gene
-7,sowahab,sowahab,37153620,37154978,+,sowahab,NC_069718.1,8532876.0,sowahab,W012,Larimichthys crocea,GCF_000972845.2,nr3c1,gene
-6,gdf9,gdf9,37157072,37159755,+,gdf9,NC_069718.1,8539393.0,gdf9,W012,Larimichthys crocea,GCF_000972845.2,nr3c1,gene
-5,uqcrq,uqcrq,37162085,37166134,+,LOC113542864,NC_069716.1,12211983.0,LOC113542864,W012,Larimichthys crocea,GCF_000972845.2,nr3c1,gene
-4,hspa4b,hspa4b,37169276,37178645,+,hspa4b,NC_069718.1,9923842.0,hspa4b,W012,Larimichthys crocea,GCF_000972845.2,nr3c1,gene
-3,gnpda1,gnpda1,37180005,37183544,+,gnpda1,NC_069718.1,9912448.0,gnpda1,W012,Larimichthys crocea,GCF_000972845.2,nr3c1,gene
-2,ndfip1,ndfip1,37187509,37193963,+,,,,,W012,Larimichthys crocea,GCF_000972845.2,nr3c1,gene
-1,fgf1a,fgf1a,37193488,37197674,-,fgf1a,NC_069718.1,9896304.0,fgf1a,W012,Larimichthys crocea,GCF_000972845.2,nr3c1,gene
0,nr3c1,nr3c1,37198010,37219046,-,nr3c1,NC_069718.1,9868246.0,nr3c1,W012,Larimichthys crocea,GCF_000972845.2,nr3c1,gene
1,LOC104938323,LOC104938323,37224194,37235161,+,kctd16a,NC_069718.1,9813753.0,kctd16a,W012,Larimichthys crocea,GCF_000972845.2,nr3c1,gene
2,sh3rf2,sh3rf2,37249960,37265995,+,sh3rf2,NC_069718.1,9745562.0,sh3rf2,W012,Larimichthys crocea,GCF_000972845.2,nr3c1,gene
3,kif3a,kif3a,37268601,37280890,+,kif3a,NC_069718.1,9716042.0,kif3a,W012,Larimichthys crocea,GCF_000972845.2,nr3c1,gene
4,LOC113746563,LOC113746563,37280483,37282248,-,,,,,W012,Larimichthys crocea,GCF_000972845.2,nr3c1,gene
5,atrx,atrx,37285427,37314668,+,atrx,NC_069716.1,9349829.0,atrx,W012,Larimichthys crocea,GCF_000972845.2,nr3c1,gene
6,fgf16,fgf16,37316757,37322858,-,fgf16,NC_069716.1,9383254.0,fgf16,W012,Larimichthys crocea,GCF_000972845.2,nr3c1,gene
7,zdhhc15b,zdhhc15b,37373938,37379351,+,zdhhc15b,NC_069716.1,9444708.0,zdhhc15b,W012,Larimichthys crocea,GCF_000972845.2,nr3c1,gene
8,uprt,uprt,37380295,37386972,-,LOC113542799,NC_069716.1,9455971.0,LOC113542799,W012,Larimichthys crocea,GCF_000972845.2,nr3c1,gene
9,abcb7,abcb7,37386990,37408454,+,abcb7,NC_069716.1,9479981.0,abcb7,W012,Larimichthys crocea,GCF_000972845.2,nr3c1,gene
10,nexmifb,nexmifb,37416189,37461790,+,nexmifb,NC_069716.1,9537414.0,nexmifb,W012,Larimichthys crocea,GCF_000972845.2,nr3c1,gene
-10,LOC104930205,LOC104930205,2748968,2760655,-,,,,,W012,Larimichthys crocea,GCF_000972845.2,fabp2,gene
-9,LOC104930186,LOC104930186,2775888,2782914,+,,,,,W012,Larimichthys crocea,GCF_000972845.2,fabp2,gene
-8,LOC104930206,LOC104930206,2785068,2790253,+,ccdc149b,NC_069712.1,2282725.0,ccdc149b,W012,Larimichthys crocea,GCF_000972845.2,fabp2,gene
-7,sod3,sod3,2791529,2793068,-,sod3b,NC_069712.1,2346756.0,sod3b,W012,Larimichthys crocea,GCF_000972845.2,fabp2,gene
-6,LOC104930207,LOC104930207,2795342,2803246,+,,,,,W012,Larimichthys crocea,GCF_000972845.2,fabp2,gene
-5,LOC104930208,LOC104930208,2803984,2813159,-,LOC113531660,NC_069719.1,284070.0,LOC113531660,W012,Larimichthys crocea,GCF_000972845.2,fabp2,gene
-4,LOC104930188,LOC104930188,2814943,2818939,-,,,,,W012,Larimichthys crocea,GCF_000972845.2,fabp2,gene
-3,synpo2b,synpo2b,2823017,2827961,+,synpo2b,NC_069737.1,346172.0,synpo2b,W012,Larimichthys crocea,GCF_000972845.2,fabp2,gene
-2,myoz2b,myoz2b,2831453,2836226,+,myoz2b,NC_069737.1,336391.0,myoz2b,W012,Larimichthys crocea,GCF_000972845.2,fabp2,gene
-1,usp53b,usp53b,2838689,2856697,+,usp53b,NC_069737.1,315846.0,usp53b,W012,Larimichthys crocea,GCF_000972845.2,fabp2,gene
0,fabp2,fabp2,2858509,2859968,-,fabp2,NC_069737.1,301050.0,fabp2,W012,Larimichthys crocea,GCF_000972845.2,fabp2,gene
1,gucy1b1,gucy1b1,2862548,2877939,-,gucy1b1,NC_069737.1,252645.0,gucy1b1,W012,Larimichthys crocea,GCF_000972845.2,fabp2,gene
2,gucy1a1,gucy1a1,2878743,2888045,-,gucy1a1,NC_069737.1,227624.0,gucy1a1,W012,Larimichthys crocea,GCF_000972845.2,fabp2,gene
3,ufsp2,ufsp2,2896275,2906767,+,ufsp2,NC_069737.1,14992968.0,ufsp2,W012,Larimichthys crocea,GCF_000972845.2,fabp2,gene
4,cfap97,cfap97,2909223,2943458,+,cfap97,NC_069737.1,15002119.0,cfap97,W012,Larimichthys crocea,GCF_000972845.2,fabp2,gene
5,slc25a4,slc25a4,2917043,2919287,-,slc25a4,NC_069737.1,15008947.0,slc25a4,W012,Larimichthys crocea,GCF_000972845.2,fabp2,gene
6,helt,helt,2946867,2948656,-,helt,NC_069737.1,15038220.0,helt,W012,Larimichthys crocea,GCF_000972845.2,fabp2,gene
7,acsl1a,acsl1a,2953751,2971338,+,acsl1a,NC_069737.1,15058745.0,acsl1a,W012,Larimichthys crocea,GCF_000972845.2,fabp2,gene
8,primpol,primpol,2968949,2975968,-,primpol,NC_069737.1,14128851.0,primpol,W012,Larimichthys crocea,GCF_000972845.2,fabp2,gene
9,si:ch211-145b13.6,si:ch211-145b13.6,2979408,2982007,+,,,,,W012,Larimichthys crocea,GCF_000972845.2,fabp2,gene
10,tacr3l,tacr3l,2984288,2990379,-,tacr3l,NC_069737.1,552691.0,tacr3l,W012,Larimichthys crocea,GCF_000972845.2,fabp2,gene
-10,LOC104919233,LOC104919233,11755757,11762648,+,cpsf6,NC_069720.1,27332101.0,cpsf6,W012,Larimichthys crocea,GCF_000972845.2,cyp2r1,gene
-9,polr2l,polr2l,11762971,11764187,-,polr2l,NC_069720.1,27324094.0,polr2l,W012,Larimichthys crocea,GCF_000972845.2,cyp2r1,gene
-8,dagla,dagla,11769703,11804705,+,dagla,NC_069720.1,27297995.0,dagla,W012,Larimichthys crocea,GCF_000972845.2,cyp2r1,gene
-7,ext2,ext2,11808098,11827222,+,ext2,NC_069720.1,1818714.0,ext2,W012,Larimichthys crocea,GCF_000972845.2,cyp2r1,gene
-6,alx4a,alx4a,11826780,11849436,-,alx4a,NC_069720.1,1773904.0,alx4a,W012,Larimichthys crocea,GCF_000972845.2,cyp2r1,gene
-5,caprin1a,caprin1a,11877678,11885113,+,,,,,W012,Larimichthys crocea,GCF_000972845.2,cyp2r1,gene
-4,nucb2a,nucb2a,11885007,11893651,-,nucb2a,NC_069720.1,1676742.0,nucb2a,W012,Larimichthys crocea,GCF_000972845.2,cyp2r1,gene
-3,plekha7b,plekha7b,11893121,11965244,+,plekha7b,NC_069720.1,1592994.0,plekha7b,W012,Larimichthys crocea,GCF_000972845.2,cyp2r1,gene
-2,sox6,sox6,11970957,12105152,+,sox6,NC_069720.1,1425596.0,sox6,W012,Larimichthys crocea,GCF_000972845.2,cyp2r1,gene
-1,calca,calca,12205082,12207860,-,calca,NC_069720.1,49297.0,calca,W012,Larimichthys crocea,GCF_000972845.2,cyp2r1,gene
0,cyp2r1,cyp2r1,12214036,12218521,+,LOC113536444,NC_069720.1,56204.0,LOC113536444,W012,Larimichthys crocea,GCF_000972845.2,cyp2r1,gene
1,pde3b,pde3b,12219838,12270440,-,pde3b,NC_069720.1,86256.0,pde3b,W012,Larimichthys crocea,GCF_000972845.2,cyp2r1,gene
2,copb1,copb1,12274135,12283342,+,copb1,NC_069720.1,147644.0,copb1,W012,Larimichthys crocea,GCF_000972845.2,cyp2r1,gene
3,rras2,rras2,12286211,12317222,+,rras2,NC_069720.1,194157.0,rras2,W012,Larimichthys crocea,GCF_000972845.2,cyp2r1,gene
4,tub,tub,12319673,12363359,+,tub,NC_069720.1,253809.0,tub,W012,Larimichthys crocea,GCF_000972845.2,cyp2r1,gene
5,ric3a,ric3a,12368257,12373813,-,,,,,W012,Larimichthys crocea,GCF_000972845.2,cyp2r1,gene
6,lmo1,lmo1,12400092,12425325,-,lmo1,NC_069720.1,341601.0,lmo1,W012,Larimichthys crocea,GCF_000972845.2,cyp2r1,gene
7,stk33,stk33,12536483,12551062,-,stk33,NC_069720.1,485677.0,stk33,W012,Larimichthys crocea,GCF_000972845.2,cyp2r1,gene
8,trim66,trim66,12559403,12589002,-,trim66,NC_069720.1,522033.0,trim66,W012,Larimichthys crocea,GCF_000972845.2,cyp2r1,gene
9,dennd2b,dennd2b,12590241,12639248,-,dennd2b,NC_069720.1,577305.0,dennd2b,W012,Larimichthys crocea,GCF_000972845.2,cyp2r1,gene
10,tmem9b,tmem9b,12640577,12645383,-,tmem9b,NC_069720.1,619113.0,tmem9b,W012,Larimichthys crocea,GCF_000972845.2,cyp2r1,gene
-10,ahcyl2b,ahcyl2b,12542701,12584712,-,ahcyl2b,NC_069727.1,15973980.0,ahcyl2b,W012,Larimichthys crocea,GCF_000972845.2,ppara,gene
-9,tmem209,tmem209,12585408,12591320,-,tmem209,NC_069727.1,16002143.0,tmem209,W012,Larimichthys crocea,GCF_000972845.2,ppara,gene
-8,prdm4,prdm4,12592288,12597515,-,prdm4,NC_069727.1,2782508.0,prdm4,W012,Larimichthys crocea,GCF_000972845.2,ppara,gene
-7,LOC113744094,LOC113744094,12600053,12600529,+,LOC113532302,NC_069727.1,15349822.0,LOC113532302,W012,Larimichthys crocea,GCF_000972845.2,ppara,gene
-6,sapcd1,sapcd1,12605199,12609988,-,sapcd1,NC_069727.1,15357662.0,sapcd1,W012,Larimichthys crocea,GCF_000972845.2,ppara,gene
-5,cdkn1d,cdkn1d,12622466,12627649,+,cdkn1d,NC_069727.1,15378597.0,cdkn1d,W012,Larimichthys crocea,GCF_000972845.2,ppara,gene
-4,slc37a3,slc37a3,12630564,12637199,-,slc37a3,NC_069727.1,15392482.0,slc37a3,W012,Larimichthys crocea,GCF_000972845.2,ppara,gene
-3,LOC104933561,LOC104933561,12638170,12648416,+,,,,,W012,Larimichthys crocea,GCF_000972845.2,ppara,gene
-2,LOC104933552,LOC104933552,12719610,12720008,-,cdkn1ba,NC_069727.1,17459839.0,cdkn1ba,W012,Larimichthys crocea,GCF_000972845.2,ppara,gene
-1,cdpf1,cdpf1,12721843,12723729,-,cdpf1,NC_069727.1,17453546.0,cdpf1,W012,Larimichthys crocea,GCF_000972845.2,ppara,gene
0,pparaa,pparaa,12724662,12735652,-,,,,,W012,Larimichthys crocea,GCF_000972845.2,ppara,gene
1,wnt7ba,wnt7ba,12781903,12794513,+,,,,,W012,Larimichthys crocea,GCF_000972845.2,ppara,gene
2,atxn10,atxn10,12793448,12805009,-,atxn10,NC_069727.1,17352843.0,atxn10,W012,Larimichthys crocea,GCF_000972845.2,ppara,gene
3,LOC104933497,LOC104933497,12807084,12819300,-,,,,,W012,Larimichthys crocea,GCF_000972845.2,ppara,gene
4,trim24,trim24,12821461,12830851,-,trim24,NC_069727.1,14627641.0,trim24,W012,Larimichthys crocea,GCF_000972845.2,ppara,gene
5,LOC104933494,LOC104933494,12831094,12837101,+,LOC113531734,NC_069727.1,14614308.0,LOC113531734,W012,Larimichthys crocea,GCF_000972845.2,ppara,gene
6,kdm5a,kdm5a,12837893,12852753,+,kdm5a,NC_069727.1,14595426.0,kdm5a,W012,Larimichthys crocea,GCF_000972845.2,ppara,gene
7,LOC104933485,LOC104933485,12854216,12862580,+,LOC113532402,NC_069727.1,14576462.0,LOC113532402,W012,Larimichthys crocea,GCF_000972845.2,ppara,gene
8,usp15,usp15,12863888,12882146,+,LOC113531895,NC_069727.1,14555806.0,LOC113531895,W012,Larimichthys crocea,GCF_000972845.2,ppara,gene
9,LOC104933464,LOC104933464,12892217,12917008,-,LOC113531699,NC_069727.1,14523536.0,LOC113531699,W012,Larimichthys crocea,GCF_000972845.2,ppara,gene
10,il17rel,il17rel,12917606,12932544,+,il17rel,NC_069727.1,14495008.0,il17rel,W012,Larimichthys crocea,GCF_000972845.2,ppara,gene
-10,LOC104926832,LOC104926832,11045179,11054116,-,,,,,W012,Larimichthys crocea,GCF_000972845.2,col1a1,gene
-9,rpain,rpain,11057782,11060420,+,rpain,NC_069736.1,6734357.0,rpain,W012,Larimichthys crocea,GCF_000972845.2,col1a1,gene
-8,LOC104926834,LOC104926834,11061389,11068915,+,,,,,W012,Larimichthys crocea,GCF_000972845.2,col1a1,gene
-7,LOC104926836,LOC104926836,11069086,11078951,+,,,,,W012,Larimichthys crocea,GCF_000972845.2,col1a1,gene
-6,LOC104926837,LOC104926837,11091781,11120051,-,,,,,W012,Larimichthys crocea,GCF_000972845.2,col1a1,gene
-5,nags,nags,11181108,11187901,+,nags,NC_069722.1,10151884.0,nags,W012,Larimichthys crocea,GCF_000972845.2,col1a1,gene
-4,LOC104936977,LOC104936977,11192269,11230889,+,,,,,W012,Larimichthys crocea,GCF_000972845.2,col1a1,gene
-3,LOC104932218,LOC104932218,11232481,11246777,+,LOC113545812,NC_069711.1,3829633.0,LOC113545812,W012,Larimichthys crocea,GCF_000972845.2,col1a1,gene
-2,coa3b,coa3b,11247634,11249478,-,,,,,W012,Larimichthys crocea,GCF_000972845.2,col1a1,gene
-1,LOC109139130,LOC109139130,11250865,11253032,+,,,,,W012,Larimichthys crocea,GCF_000972845.2,col1a1,gene
0,col1a1a,col1a1a,11315394,11335074,+,col1a1a,NC_069722.1,10075707.0,col1a1a,W012,Larimichthys crocea,GCF_000972845.2,col1a1,gene
1,LOC104932216,LOC104932216,11347144,11358924,+,,,,,W012,Larimichthys crocea,GCF_000972845.2,col1a1,gene
2,LOC104932215,LOC104932215,11363096,11368492,-,,,,,W012,Larimichthys crocea,GCF_000972845.2,col1a1,gene
3,LOC104929949,LOC104929949,11369269,11371321,-,,,,,W012,Larimichthys crocea,GCF_000972845.2,col1a1,gene
4,pex12,pex12,11374578,11380736,+,pex12,NC_069736.1,13936878.0,pex12,W012,Larimichthys crocea,GCF_000972845.2,col1a1,gene
5,hdac5,hdac5,11386629,11438504,-,hdac5,NC_069732.1,2961610.0,hdac5,W012,Larimichthys crocea,GCF_000972845.2,col1a1,gene
6,cyb561,cyb561,11446399,11456123,+,LOC113546198,NC_069732.1,2882353.0,LOC113546198,W012,Larimichthys crocea,GCF_000972845.2,col1a1,gene
7,tanc2a,tanc2a,11459605,11512750,-,,,,,W012,Larimichthys crocea,GCF_000972845.2,col1a1,gene
8,LOC113747032,LOC113747032,11518223,11522243,-,,,,,W012,Larimichthys crocea,GCF_000972845.2,col1a1,gene
9,LOC113747004,LOC113747004,11637727,11640803,-,,,,,W012,Larimichthys crocea,GCF_000972845.2,col1a1,gene
10,LOC113747003,LOC113747003,11640834,11645294,-,LOC117598271,NC_069731.1,14711510.0,LOC117598271,W012,Larimichthys crocea,GCF_000972845.2,col1a1,gene
-10,daxx,daxx,10520612,10528289,-,daxx,NC_069738.1,15381143.0,daxx,W012,Larimichthys crocea,GCF_000972845.2,col11a2,gene
-9,tapbp.1,tapbp.1,10529748,10534298,-,LOC113543098,NC_069712.1,3632043.0,LOC113543098,W012,Larimichthys crocea,GCF_000972845.2,col11a2,gene
-8,LOC104933397,LOC104933397,10541996,10556964,+,LOC113528146,NC_069733.1,1209095.0,LOC113528146,W012,Larimichthys crocea,GCF_000972845.2,col11a2,gene
-7,psmb8a,psmb8a,10559087,10562546,-,LOC113537508,NC_069735.1,11491461.0,LOC113537508,W012,Larimichthys crocea,GCF_000972845.2,col11a2,gene
-6,psmb13a,psmb13a,10563561,10566413,-,psmb13a,NC_069735.1,11503064.0,psmb13a,W012,Larimichthys crocea,GCF_000972845.2,col11a2,gene
-5,psmb12,psmb12,10566351,10569461,+,psmb12,NC_069735.1,11484384.0,psmb12,W012,Larimichthys crocea,GCF_000972845.2,col11a2,gene
-4,psmb9a,psmb9a,10569773,10572782,+,psmb9a,NC_069735.1,11478580.0,psmb9a,W012,Larimichthys crocea,GCF_000972845.2,col11a2,gene
-3,tap2a,tap2a,10573016,10577861,+,LOC113537638,NC_069735.1,11473141.0,LOC113537638,W012,Larimichthys crocea,GCF_000972845.2,col11a2,gene
-2,brd2a,brd2a,10586095,10597632,+,,,,,W012,Larimichthys crocea,GCF_000972845.2,col11a2,gene
-1,hsd17b8,hsd17b8,10603250,10606116,+,,,,,W012,Larimichthys crocea,GCF_000972845.2,col11a2,gene
0,col11a2,col11a2,10607081,10649604,-,col11a2,NC_069738.1,15496912.0,col11a2,W012,Larimichthys crocea,GCF_000972845.2,col11a2,gene
1,rxrba,rxrba,10661985,10682913,-,rxrba,NC_069738.1,15409052.0,rxrba,W012,Larimichthys crocea,GCF_000972845.2,col11a2,gene
2,LOC104933395,LOC104933395,10694059,10703190,+,LOC113535929,NC_069732.1,8026050.0,LOC113535929,W012,Larimichthys crocea,GCF_000972845.2,col11a2,gene
3,gdf6b,gdf6b,10720600,10724458,-,gdf6b,NC_069732.1,7996543.0,gdf6b,W012,Larimichthys crocea,GCF_000972845.2,col11a2,gene
4,pkhd1l1.1,pkhd1l1.1,10724961,10754380,-,pkhd1l1.1,NC_069732.1,7968013.0,pkhd1l1.1,W012,Larimichthys crocea,GCF_000972845.2,col11a2,gene
5,LOC104929252,LOC104929252,10758464,10774891,-,eny2,NC_069710.1,2904253.0,eny2,W012,Larimichthys crocea,GCF_000972845.2,col11a2,gene
6,nudcd1,nudcd1,10775053,10802445,+,nudcd1,NC_069732.1,7925325.0,nudcd1,W012,Larimichthys crocea,GCF_000972845.2,col11a2,gene
7,trhrb,trhrb,10809894,10814604,-,trhrb,NC_069732.1,7897050.0,trhrb,W012,Larimichthys crocea,GCF_000972845.2,col11a2,gene
8,LOC104929253,LOC104929253,10824036,10825396,+,,,,,W012,Larimichthys crocea,GCF_000972845.2,col11a2,gene
9,LOC104929254,LOC104929254,10846496,10855107,+,,,,,W012,Larimichthys crocea,GCF_000972845.2,col11a2,gene
10,pleca,pleca,10857143,10942019,+,pleca,NC_069732.1,7791053.0,pleca,W012,Larimichthys crocea,GCF_000972845.2,col11a2,gene
-10,inhbb,inhbb,4605758,4614831,+,inhbb,NC_069714.1,13681351.0,inhbb,W012,Larimichthys crocea,GCF_000972845.2,col18a1,gene
-9,gli2a,gli2a,4720651,4799899,+,gli2a,NC_069714.1,13584543.0,gli2a,W012,Larimichthys crocea,GCF_000972845.2,col18a1,gene
-8,LOC104940379,LOC104940379,4814590,4832920,-,LOC113524337,NC_069714.1,13541230.0,LOC113524337,W012,Larimichthys crocea,GCF_000972845.2,col18a1,gene
-7,tfcp2l1,tfcp2l1,4835222,4846629,-,,,,,W012,Larimichthys crocea,GCF_000972845.2,col18a1,gene
-6,clasp1a,clasp1a,4847486,4933028,-,clasp1a,NC_069714.1,13495859.0,clasp1a,W012,Larimichthys crocea,GCF_000972845.2,col18a1,gene
-5,nifk,nifk,4934293,4938169,-,nifk,NC_069714.1,13462621.0,nifk,W012,Larimichthys crocea,GCF_000972845.2,col18a1,gene
-4,LOC104930439,LOC104930439,4939297,4949247,+,si:dkey-219c10.4,NC_069714.1,13443725.0,si:dkey-219c10.4,W012,Larimichthys crocea,GCF_000972845.2,col18a1,gene
-3,LOC104930438,LOC104930438,4954974,4959180,-,,,,,W012,Larimichthys crocea,GCF_000972845.2,col18a1,gene
-2,ctdsp1,ctdsp1,4962031,4983992,+,ctdsp1,NC_069714.1,23842678.0,ctdsp1,W012,Larimichthys crocea,GCF_000972845.2,col18a1,gene
-1,obsl1b,obsl1b,4983748,5024026,-,obsl1b,NC_069714.1,23807088.0,obsl1b,W012,Larimichthys crocea,GCF_000972845.2,col18a1,gene
0,col18a1a,col18a1a,5028947,5104085,+,col18a1a,NC_069714.1,23733623.0,col18a1a,W012,Larimichthys crocea,GCF_000972845.2,col18a1,gene
1,pcbp3,pcbp3,5112073,5175267,+,pcbp3,NC_069714.1,23648394.0,pcbp3,W012,Larimichthys crocea,GCF_000972845.2,col18a1,gene
2,lrrc3,lrrc3,5192138,5197648,+,lrrc3,NC_069714.1,23581734.0,lrrc3,W012,Larimichthys crocea,GCF_000972845.2,col18a1,gene
3,LOC104930428,LOC104930428,5232746,5252166,+,,,,,W012,Larimichthys crocea,GCF_000972845.2,col18a1,gene
4,calcrla,calcrla,5288524,5315090,-,calcrla,NC_069714.1,27637554.0,calcrla,W012,Larimichthys crocea,GCF_000972845.2,col18a1,gene
5,tfpia,tfpia,5317104,5353944,-,tfpia,NC_069714.1,27582618.0,tfpia,W012,Larimichthys crocea,GCF_000972845.2,col18a1,gene
6,gulp1a,gulp1a,5417508,5489005,+,gulp1a,NC_069714.1,27472797.0,gulp1a,W012,Larimichthys crocea,GCF_000972845.2,col18a1,gene
7,col5a2a,col5a2a,5490040,5527504,-,col5a2a,NC_069714.1,27344531.0,col5a2a,W012,Larimichthys crocea,GCF_000972845.2,col18a1,gene
8,slc4a3,slc4a3,5550378,5602326,+,slc4a3,NC_069714.1,22715142.0,slc4a3,W012,Larimichthys crocea,GCF_000972845.2,col18a1,gene
9,LOC104921682,LOC104921682,5618550,5636290,+,,,,,W012,Larimichthys crocea,GCF_000972845.2,col18a1,gene
10,igfbp5b,igfbp5b,5644574,5655157,-,igfbp5b,NC_069714.1,22787900.0,igfbp5b,W012,Larimichthys crocea,GCF_000972845.2,col18a1,gene
-10,LOC104937910,LOC104937910,34991658,35195576,-,LOC113529863,NC_069718.1,11554704.0,LOC113529863,W012,Larimichthys crocea,GCF_000972845.2,fgf18,gene
-9,LOC104937916,LOC104937916,35063732,35066181,-,,,,,W012,Larimichthys crocea,GCF_000972845.2,fgf18,gene
-8,LOC109138884,LOC109138884,35077291,35080406,-,LOC117599355,NC_069726.1,1844052.0,LOC117599355,W012,Larimichthys crocea,GCF_000972845.2,fgf18,gene
-7,LOC113745767,LOC113745767,35099277,35101828,-,,,,,W012,Larimichthys crocea,GCF_000972845.2,fgf18,gene
-6,LOC109138900,LOC109138900,35175380,35177884,-,LOC128318924,NC_069718.1,11476299.0,LOC128318924,W012,Larimichthys crocea,GCF_000972845.2,fgf18,gene
-5,LOC113745770,LOC113745770,35185203,35191411,-,,,,,W012,Larimichthys crocea,GCF_000972845.2,fgf18,gene
-4,LOC104939404,LOC104939404,35196709,35199230,-,LOC117598041,NC_069718.1,11458033.0,LOC117598041,W012,Larimichthys crocea,GCF_000972845.2,fgf18,gene
-3,LOC104939402,LOC104939402,35203802,35232726,-,,,,,W012,Larimichthys crocea,GCF_000972845.2,fgf18,gene
-2,LOC113746611,LOC113746611,35232935,35240469,-,LOC113529865,NC_069718.1,11436552.0,LOC113529865,W012,Larimichthys crocea,GCF_000972845.2,fgf18,gene
-1,si:ch73-233f7.1,si:ch73-233f7.1,35246303,35253088,-,si:ch73-233f7.1,NC_069718.1,11400589.0,si:ch73-233f7.1,W012,Larimichthys crocea,GCF_000972845.2,fgf18,gene
0,fgf18a,fgf18a,35286530,35299206,+,fgf18a,NC_069718.1,11374929.0,fgf18a,W012,Larimichthys crocea,GCF_000972845.2,fgf18,gene
1,fbxw11a,fbxw11a,35298836,35311721,-,fbxw11b,NC_069726.1,1935604.0,fbxw11b,W012,Larimichthys crocea,GCF_000972845.2,fgf18,gene
2,etf1a,etf1a,35313151,35320435,-,etf1a,NC_069718.1,11300270.0,etf1a,W012,Larimichthys crocea,GCF_000972845.2,fgf18,gene
3,spock1,spock1,35475459,35574161,+,spock1,NC_069718.1,11168705.0,spock1,W012,Larimichthys crocea,GCF_000972845.2,fgf18,gene
4,bicc2,bicc2,35577918,35589061,-,bicc2,NC_069718.1,10864446.0,bicc2,W012,Larimichthys crocea,GCF_000972845.2,fgf18,gene
5,dele1,dele1,35594360,35609212,+,dele1,NC_069722.1,21132855.0,dele1,W012,Larimichthys crocea,GCF_000972845.2,fgf18,gene
6,apbb2a,apbb2a,35609635,35647073,+,,,,,W012,Larimichthys crocea,GCF_000972845.2,fgf18,gene
7,LOC104927293,LOC104927293,35647189,35690600,-,LOC113528290,NC_069722.1,21202284.0,LOC113528290,W012,Larimichthys crocea,GCF_000972845.2,fgf18,gene
8,LOC104933250,LOC104933250,35704102,35708692,-,LOC113528020,NC_069722.1,21235728.0,LOC113528020,W012,Larimichthys crocea,GCF_000972845.2,fgf18,gene
9,ube2ka,ube2ka,35713594,35719005,-,ube2ka,NC_069722.1,21245757.0,ube2ka,W012,Larimichthys crocea,GCF_000972845.2,fgf18,gene
10,klb,klb,35720074,35726465,-,klb,NC_069722.1,21255860.0,klb,W012,Larimichthys crocea,GCF_000972845.2,fgf18,gene
-10,LOC104928356,LOC104928356,12560979,12590669,+,slc16a1b,NC_069717.1,10241113.0,slc16a1b,W012,Larimichthys crocea,GCF_000972845.2,ccm2l,gene
-9,LOC104928361,LOC104928361,12589259,12601127,-,,,,,W012,Larimichthys crocea,GCF_000972845.2,ccm2l,gene
-8,LOC104928357,LOC104928357,12603397,12608372,-,,,,,W012,Larimichthys crocea,GCF_000972845.2,ccm2l,gene
-7,fam120c,fam120c,12610082,12630526,+,fam120c,NC_069725.1,11678338.0,fam120c,W012,Larimichthys crocea,GCF_000972845.2,ccm2l,gene
-6,hsd17b10,hsd17b10,12636897,12640491,+,hsd17b10,NC_069725.1,11705977.0,hsd17b10,W012,Larimichthys crocea,GCF_000972845.2,ccm2l,gene
-5,LOC109140235,LOC109140235,12662892,12668069,+,,,,,W012,Larimichthys crocea,GCF_000972845.2,ccm2l,gene
-4,LOC113744034,LOC113744034,12668606,12675009,+,,,,,W012,Larimichthys crocea,GCF_000972845.2,ccm2l,gene
-3,LOC104928364,LOC104928364,12675027,12692115,+,,,,,W012,Larimichthys crocea,GCF_000972845.2,ccm2l,gene
-2,LOC109140241,LOC109140241,12692883,12700256,+,,,,,W012,Larimichthys crocea,GCF_000972845.2,ccm2l,gene
-1,cables2b,cables2b,12708015,12737166,-,cables2b,NC_069725.1,13673068.0,cables2b,W012,Larimichthys crocea,GCF_000972845.2,ccm2l,gene
0,ccm2l,ccm2l,12740186,12750725,-,ccm2l,NC_069725.1,13648364.0,ccm2l,W012,Larimichthys crocea,GCF_000972845.2,ccm2l,gene
1,xkr7b,xkr7b,12755672,12831739,-,xkr7b,NC_069725.1,13607778.0,xkr7b,W012,Larimichthys crocea,GCF_000972845.2,ccm2l,gene
2,sox18,sox18,12883976,12891062,-,sox18,NC_069725.1,13544715.0,sox18,W012,Larimichthys crocea,GCF_000972845.2,ccm2l,gene
3,tcea2,tcea2,12931275,12940659,+,tcea2,NC_069725.1,13513062.0,tcea2,W012,Larimichthys crocea,GCF_000972845.2,ccm2l,gene
4,rgs19,rgs19,12944657,12985767,-,rgs19,NC_069725.1,13478369.0,rgs19,W012,Larimichthys crocea,GCF_000972845.2,ccm2l,gene
5,LOC104931844,LOC104931844,13014412,13018333,-,LOC113528219,NC_069722.1,3082535.0,LOC113528219,W012,Larimichthys crocea,GCF_000972845.2,ccm2l,gene
6,oprl1,oprl1,13046495,13123575,-,oprl1,NC_069725.1,13333931.0,oprl1,W012,Larimichthys crocea,GCF_000972845.2,ccm2l,gene
7,npbwr2b,npbwr2b,13218740,13223513,-,npbwr2b,NC_069725.1,13251638.0,npbwr2b,W012,Larimichthys crocea,GCF_000972845.2,ccm2l,gene
8,tmem81,tmem81,13396731,13399265,-,tmem81,NC_069717.1,11814665.0,tmem81,W012,Larimichthys crocea,GCF_000972845.2,ccm2l,gene
9,LOC104933566,LOC104933566,13401631,13406115,+,,,,,W012,Larimichthys crocea,GCF_000972845.2,ccm2l,gene
10,LOC104934341,LOC104934341,13415595,13442724,+,cry3a,NC_069717.1,11494011.0,cry3a,W012,Larimichthys crocea,GCF_000972845.2,ccm2l,gene
-10,LOC104940220,LOC104940220,676687,680984,-,zgc:77375,NC_069729.1,13572222.0,zgc:77375,W012,Larimichthys crocea,GCF_000972845.2,bmp7,gene
-9,cnbpa,cnbpa,681108,685152,-,cnbpb,NC_069729.1,13541174.0,cnbpb,W012,Larimichthys crocea,GCF_000972845.2,bmp7,gene
-8,raf1a,raf1a,684210,700693,+,raf1a,NC_069725.1,683845.0,raf1a,W012,Larimichthys crocea,GCF_000972845.2,bmp7,gene
-7,syn2a,syn2a,705575,716143,-,syn2a,NC_069725.1,623831.0,syn2a,W012,Larimichthys crocea,GCF_000972845.2,bmp7,gene
-6,vgll4a,vgll4a,718272,724992,+,vgll4a,NC_069725.1,607078.0,vgll4a,W012,Larimichthys crocea,GCF_000972845.2,bmp7,gene
-5,slc6a1a,slc6a1a,736765,745860,-,,,,,W012,Larimichthys crocea,GCF_000972845.2,bmp7,gene
-4,tnnc1a,tnnc1a,764073,768546,+,,,,,W012,Larimichthys crocea,GCF_000972845.2,bmp7,gene
-3,LOC104919616,LOC104919616,775825,779954,-,,,,,W012,Larimichthys crocea,GCF_000972845.2,bmp7,gene
-2,LOC104919653,LOC104919653,782414,788079,-,,,,,W012,Larimichthys crocea,GCF_000972845.2,bmp7,gene
-1,spo11,spo11,790206,796379,-,spo11,NC_069725.1,16359870.0,spo11,W012,Larimichthys crocea,GCF_000972845.2,bmp7,gene
0,bmp7b,bmp7b,802498,825275,+,bmp7a,NC_069729.1,5465213.0,bmp7a,W012,Larimichthys crocea,GCF_000972845.2,bmp7,gene
1,irf10,irf10,827264,832561,+,irf10,NC_069725.1,3506618.0,irf10,W012,Larimichthys crocea,GCF_000972845.2,bmp7,gene
2,zmp:0000000926,zmp:0000000926,832414,848932,-,zmp:0000000926,NC_069725.1,3472211.0,zmp:0000000926,W012,Larimichthys crocea,GCF_000972845.2,bmp7,gene
3,LOC104919620,LOC104919620,863349,875049,+,,,,,W012,Larimichthys crocea,GCF_000972845.2,bmp7,gene
4,cdh26.1,cdh26.1,880176,890832,+,cdh26.1,NC_069725.1,3367725.0,cdh26.1,W012,Larimichthys crocea,GCF_000972845.2,bmp7,gene
5,cdh26.2,cdh26.2,893686,901555,+,,,,,W012,Larimichthys crocea,GCF_000972845.2,bmp7,gene
6,mtg2,mtg2,905631,908697,-,mtg2,NC_069725.1,3195797.0,mtg2,W012,Larimichthys crocea,GCF_000972845.2,bmp7,gene
7,LOC104919626,LOC104919626,909439,918020,-,LOC113545547,NC_069725.1,3180116.0,LOC113545547,W012,Larimichthys crocea,GCF_000972845.2,bmp7,gene
8,lsm14b,lsm14b,918686,921384,-,,,,,W012,Larimichthys crocea,GCF_000972845.2,bmp7,gene
9,LOC104919628,LOC104919628,924086,938173,+,,,,,W012,Larimichthys crocea,GCF_000972845.2,bmp7,gene
10,LOC104919629,LOC104919629,956898,1177113,-,LOC113545692,NC_069725.1,2975812.0,LOC113545692,W012,Larimichthys crocea,GCF_000972845.2,bmp7,gene
-10,LOC100699485,LOC100699485,24311371,24313961,-,,,,,W015,Oreochromis niloticus,GCF_001858045.2,RAB31,gene
-9,ly97.3,ly97.3,24314835,24316314,+,ly97.3,NC_069730.1,15040916.0,ly97.3,W015,Oreochromis niloticus,GCF_001858045.2,RAB31,gene
-8,rheb,rheb,24317187,24325942,-,rheb,NC_069710.1,5596017.0,rheb,W015,Oreochromis niloticus,GCF_001858045.2,RAB31,gene
-7,LOC100690296,LOC100690296,24335762,24338270,+,LOC113533544,NC_069730.1,15256768.0,LOC113533544,W015,Oreochromis niloticus,GCF_001858045.2,RAB31,gene
-6,LOC100690029,LOC100690029,24342175,24504480,+,LOC113533549,NC_069730.1,15147949.0,LOC113533549,W015,Oreochromis niloticus,GCF_001858045.2,RAB31,gene
-5,tmem200cb,tmem200cb,24527410,24533207,+,LOC113533365,NC_069730.1,15309697.0,LOC113533365,W015,Oreochromis niloticus,GCF_001858045.2,RAB31,gene
-4,epb41l3b,epb41l3b,24534409,24587160,+,epb41l3a,NC_069710.1,5108343.0,epb41l3a,W015,Oreochromis niloticus,GCF_001858045.2,RAB31,gene
-3,LOC100712380,LOC100712380,24588951,24591755,+,,,,,W015,Oreochromis niloticus,GCF_001858045.2,RAB31,gene
-2,LOC100712112,LOC100712112,24634090,24658196,+,LOC113533638,NC_069730.1,15397507.0,LOC113533638,W015,Oreochromis niloticus,GCF_001858045.2,RAB31,gene
-1,vapal,vapal,24660749,24675620,-,vapa,NC_069710.1,5021629.0,vapa,W015,Oreochromis niloticus,GCF_001858045.2,RAB31,gene
0,rab31,rab31,24678299,24688415,-,rab31,NC_069730.1,14672618.0,rab31,W015,Oreochromis niloticus,GCF_001858045.2,RAB31,gene
1,ralbp1,ralbp1,24690562,24701014,-,ralbp1,NC_069730.1,14657838.0,ralbp1,W015,Oreochromis niloticus,GCF_001858045.2,RAB31,gene
2,twsg1a,twsg1a,24703517,24728572,-,twsg1b,NC_069710.1,4994722.0,twsg1b,W015,Oreochromis niloticus,GCF_001858045.2,RAB31,gene
3,ankrd12,ankrd12,24728919,24766199,-,ankrd12,NC_069730.1,14187113.0,ankrd12,W015,Oreochromis niloticus,GCF_001858045.2,RAB31,gene
4,ndufv2,ndufv2,24767941,24775337,-,ndufv2,NC_069730.1,14159772.0,ndufv2,W015,Oreochromis niloticus,GCF_001858045.2,RAB31,gene
5,acss2l,acss2l,24776750,24789297,+,acss2l,NC_069730.1,14139913.0,acss2l,W015,Oreochromis niloticus,GCF_001858045.2,RAB31,gene
6,mtcl1,mtcl1,24806694,24885118,-,LOC113533270,NC_069730.1,14087077.0,LOC113533270,W015,Oreochromis niloticus,GCF_001858045.2,RAB31,gene
7,rab12,rab12,24885377,24896223,-,rab12,NC_069730.1,14047101.0,rab12,W015,Oreochromis niloticus,GCF_001858045.2,RAB31,gene
8,napgb,napgb,24899146,24905983,+,napgb,NC_069730.1,14032908.0,napgb,W015,Oreochromis niloticus,GCF_001858045.2,RAB31,gene
9,piezo2b,piezo2b,24909035,24999554,-,LOC113533233,NC_069730.1,13983793.0,LOC113533233,W015,Oreochromis niloticus,GCF_001858045.2,RAB31,gene
10,LOC100696456,LOC100696456,25051510,25064838,+,LOC113533381,NC_069730.1,13926980.0,LOC113533381,W015,Oreochromis niloticus,GCF_001858045.2,RAB31,gene
-10,si:ch211-212d10.2,si:ch211-212d10.2,40484754,40489116,-,si:ch73-314g15.3,NC_069734.1,6597591.0,si:ch73-314g15.3,W015,Oreochromis niloticus,GCF_001858045.2,FSTL3,gene
-9,LOC100693053,LOC100693053,40512340,40514074,+,,,,,W015,Oreochromis niloticus,GCF_001858045.2,FSTL3,gene
-8,LOC100692779,LOC100692779,40516272,40518011,+,,,,,W015,Oreochromis niloticus,GCF_001858045.2,FSTL3,gene
-7,LOC100692510,LOC100692510,40536262,40538365,+,,,,,W015,Oreochromis niloticus,GCF_001858045.2,FSTL3,gene
-6,LOC100692241,LOC100692241,40546953,40549013,+,,,,,W015,Oreochromis niloticus,GCF_001858045.2,FSTL3,gene
-5,LOC100691973,LOC100691973,40566073,40568290,+,,,,,W015,Oreochromis niloticus,GCF_001858045.2,FSTL3,gene
-4,LOC100691703,LOC100691703,40575611,40577538,+,,,,,W015,Oreochromis niloticus,GCF_001858045.2,FSTL3,gene
-3,midn,midn,40679580,40708220,-,midn,NC_069720.1,16032366.0,midn,W015,Oreochromis niloticus,GCF_001858045.2,FSTL3,gene
-2,atp5f1d,atp5f1d,40727848,40734662,-,atp5f1d,NC_069720.1,16057594.0,atp5f1d,W015,Oreochromis niloticus,GCF_001858045.2,FSTL3,gene
-1,cbarpb,cbarpb,40736047,40751905,+,cbarpb,NC_069720.1,16073132.0,cbarpb,W015,Oreochromis niloticus,GCF_001858045.2,FSTL3,gene
0,fstl3,fstl3,40774239,40778967,+,fstl3,NC_069720.1,16111478.0,fstl3,W015,Oreochromis niloticus,GCF_001858045.2,FSTL3,gene
1,LOC100691165,LOC100691165,40787299,40793871,+,,,,,W015,Oreochromis niloticus,GCF_001858045.2,FSTL3,gene
2,bsg,bsg,40794828,40808665,+,bsg,NC_069720.1,16131252.0,bsg,W015,Oreochromis niloticus,GCF_001858045.2,FSTL3,gene
3,hcn2b,hcn2b,40810609,40853227,+,hcn2b,NC_069720.1,16156071.0,hcn2b,W015,Oreochromis niloticus,GCF_001858045.2,FSTL3,gene
4,polrmt,polrmt,40861962,40907760,-,polrmt,NC_069720.1,16199534.0,polrmt,W015,Oreochromis niloticus,GCF_001858045.2,FSTL3,gene
5,fgf22,fgf22,40914153,40938415,+,fgf22,NC_069720.1,16245655.0,fgf22,W015,Oreochromis niloticus,GCF_001858045.2,FSTL3,gene
6,LOC100689822,LOC100689822,40947139,40948614,+,,,,,W015,Oreochromis niloticus,GCF_001858045.2,FSTL3,gene
7,LOC100701614,LOC100701614,40950366,40970117,+,,,,,W015,Oreochromis niloticus,GCF_001858045.2,FSTL3,gene
8,LOC100712441,LOC100712441,40963316,40966026,+,,,,,W015,Oreochromis niloticus,GCF_001858045.2,FSTL3,gene
9,LOC100712172,LOC100712172,40974623,40977193,+,,,,,W015,Oreochromis niloticus,GCF_001858045.2,FSTL3,gene
10,LOC100711902,LOC100711902,40983163,40984510,+,,,,,W015,Oreochromis niloticus,GCF_001858045.2,FSTL3,gene
-10,LOC112843477,LOC112843477,33839287,33842220,-,,,,,W015,Oreochromis niloticus,GCF_001858045.2,NPR1,gene
-9,LOC100696522,LOC100696522,33883287,34148222,-,ptprua,NC_069738.1,11217494.0,ptprua,W015,Oreochromis niloticus,GCF_001858045.2,NPR1,gene
-8,gmeb1,gmeb1,34192874,34208543,-,gmeb1,NC_069738.1,11019524.0,gmeb1,W015,Oreochromis niloticus,GCF_001858045.2,NPR1,gene
-7,rab42a,rab42a,34211072,34217400,-,rab42a,NC_069738.1,11005786.0,rab42a,W015,Oreochromis niloticus,GCF_001858045.2,NPR1,gene
-6,ctps1a,ctps1a,34220575,34230288,-,ctps1a,NC_069738.1,10987907.0,ctps1a,W015,Oreochromis niloticus,GCF_001858045.2,NPR1,gene
-5,LOC100708518,LOC100708518,34377292,34382322,+,,,,,W015,Oreochromis niloticus,GCF_001858045.2,NPR1,gene
-4,LOC109196337,LOC109196337,34385069,34386866,+,,,,,W015,Oreochromis niloticus,GCF_001858045.2,NPR1,gene
-3,LOC106098120,LOC106098120,34426625,34431645,-,,,,,W015,Oreochromis niloticus,GCF_001858045.2,NPR1,gene
-2,LOC112841743,LOC112841743,34435382,34440869,-,,,,,W015,Oreochromis niloticus,GCF_001858045.2,NPR1,gene
-1,ints3,ints3,34444502,34468370,-,ints3,NC_069738.1,6484802.0,ints3,W015,Oreochromis niloticus,GCF_001858045.2,NPR1,gene
0,npr1a,npr1a,34473236,34512259,-,npr1a,NC_069738.1,6425781.0,npr1a,W015,Oreochromis niloticus,GCF_001858045.2,NPR1,gene
1,LOC100695994,LOC100695994,34525285,34538243,-,,,,,W015,Oreochromis niloticus,GCF_001858045.2,NPR1,gene
2,LOC102078020,LOC102078020,34545349,34552491,-,,,,,W015,Oreochromis niloticus,GCF_001858045.2,NPR1,gene
3,dnai2b,dnai2b,34566971,34583061,+,dnai2b,NC_069721.1,16682283.0,dnai2b,W015,Oreochromis niloticus,GCF_001858045.2,NPR1,gene
4,gon4la,gon4la,34589492,34606170,+,gon4la,NC_069738.1,6506361.0,gon4la,W015,Oreochromis niloticus,GCF_001858045.2,NPR1,gene
5,pdia8,pdia8,34612507,34624441,+,pdia8,NC_069738.1,6521013.0,pdia8,W015,Oreochromis niloticus,GCF_001858045.2,NPR1,gene
6,LOC112843426,LOC112843426,34925723,34927751,+,,,,,W015,Oreochromis niloticus,GCF_001858045.2,NPR1,gene
7,nxph1,nxph1,34947673,35025552,-,nxph1,NC_069738.1,8607292.0,nxph1,W015,Oreochromis niloticus,GCF_001858045.2,NPR1,gene
8,thsd7aa,thsd7aa,35033674,35306436,-,thsd7aa,NC_069738.1,8527771.0,thsd7aa,W015,Oreochromis niloticus,GCF_001858045.2,NPR1,gene
9,LOC112843505,LOC112843505,35037679,35044992,+,,,,,W015,Oreochromis niloticus,GCF_001858045.2,NPR1,gene
10,LOC106099046,LOC106099046,35329448,35331772,-,,,,,W015,Oreochromis niloticus,GCF_001858045.2,NPR1,gene
-10,rbm25b,rbm25b,14207705,14220935,+,,,,,W015,Oreochromis niloticus,GCF_001858045.2,EXTL3,gene
-9,eif2s1b,eif2s1b,14221695,14227404,-,eif2s1b,NC_069728.1,13080127.0,eif2s1b,W015,Oreochromis niloticus,GCF_001858045.2,EXTL3,gene
-8,atp6v1d,atp6v1d,14227467,14232044,+,atp6v1d,NC_069728.1,13087788.0,atp6v1d,W015,Oreochromis niloticus,GCF_001858045.2,EXTL3,gene
-7,pals1b,pals1b,14233188,14252069,-,,,,,W015,Oreochromis niloticus,GCF_001858045.2,EXTL3,gene
-6,gphnb,gphnb,14255339,14367172,-,gphnb,NC_069728.1,13149347.0,gphnb,W015,Oreochromis niloticus,GCF_001858045.2,EXTL3,gene
-5,fut8b,fut8b,14431125,14531236,-,fut8a,NC_069719.1,23112153.0,fut8a,W015,Oreochromis niloticus,GCF_001858045.2,EXTL3,gene
-4,tmem121ab,tmem121ab,14652155,14700286,+,tmem121ab,NC_069728.1,13589383.0,tmem121ab,W015,Oreochromis niloticus,GCF_001858045.2,EXTL3,gene
-3,slc24a4b,slc24a4b,14715743,14750599,-,slc24a4b,NC_069728.1,13662769.0,slc24a4b,W015,Oreochromis niloticus,GCF_001858045.2,EXTL3,gene
-2,cpsf2,cpsf2,14766051,14775227,-,cpsf2,NC_069728.1,13705162.0,cpsf2,W015,Oreochromis niloticus,GCF_001858045.2,EXTL3,gene
-1,riox1,riox1,14777659,14782999,-,riox1,NC_069728.1,13719032.0,riox1,W015,Oreochromis niloticus,GCF_001858045.2,EXTL3,gene
0,extl3,extl3,14786059,14826249,+,extl3,NC_069728.1,13738547.0,extl3,W015,Oreochromis niloticus,GCF_001858045.2,EXTL3,gene
1,syt14b,syt14b,14826399,14848624,-,,,,,W015,Oreochromis niloticus,GCF_001858045.2,EXTL3,gene
2,nt5c1bb,nt5c1bb,14851795,14857990,+,nt5c1bb,NC_069728.1,22117078.0,nt5c1bb,W015,Oreochromis niloticus,GCF_001858045.2,EXTL3,gene
3,si:dkey-174m14.3,si:dkey-174m14.3,14871410,14904820,+,si:dkey-174m14.3,NC_069728.1,22075235.0,si:dkey-174m14.3,W015,Oreochromis niloticus,GCF_001858045.2,EXTL3,gene
4,rdh14b,rdh14b,14908762,14914168,-,rdh14b,NC_069728.1,22065834.0,rdh14b,W015,Oreochromis niloticus,GCF_001858045.2,EXTL3,gene
5,LOC102078481,LOC102078481,14922337,14944891,+,,,,,W015,Oreochromis niloticus,GCF_001858045.2,EXTL3,gene
6,rngtt,rngtt,14946247,15052469,+,rngtt,NC_069739.1,8874344.0,rngtt,W015,Oreochromis niloticus,GCF_001858045.2,EXTL3,gene
7,LOC112842425,LOC112842425,14959556,14966789,-,,,,,W015,Oreochromis niloticus,GCF_001858045.2,EXTL3,gene
8,cnr1,cnr1,15101508,15105654,+,cnr1,NC_069739.1,8782649.0,cnr1,W015,Oreochromis niloticus,GCF_001858045.2,EXTL3,gene
9,akirin2,akirin2,15108115,15114041,+,LOC113539001,NC_069719.1,11555241.0,LOC113539001,W015,Oreochromis niloticus,GCF_001858045.2,EXTL3,gene
10,rars2,rars2,15115789,15124591,+,rars2,NC_069739.1,273417.0,rars2,W015,Oreochromis niloticus,GCF_001858045.2,EXTL3,gene
-10,LOC100701373,LOC100701373,25011100,25020962,-,,,,,W015,Oreochromis niloticus,GCF_001858045.2,UTP6,gene
-9,pld6,pld6,25022274,25028141,-,pld6,NC_069735.1,11562595.0,pld6,W015,Oreochromis niloticus,GCF_001858045.2,UTP6,gene
-8,LOC100701647,LOC100701647,25027641,25031415,+,,,,,W015,Oreochromis niloticus,GCF_001858045.2,UTP6,gene
-7,LOC100691640,LOC100691640,25046092,25109647,-,,,,,W015,Oreochromis niloticus,GCF_001858045.2,UTP6,gene
-6,palm3,palm3,25109735,25143359,+,palm3,NC_069711.1,35452619.0,palm3,W015,Oreochromis niloticus,GCF_001858045.2,UTP6,gene
-5,LOC109202420,LOC109202420,25151261,25154770,-,,,,,W015,Oreochromis niloticus,GCF_001858045.2,UTP6,gene
-4,misp3,misp3,25173140,25185978,+,misp3,NC_069711.1,35481028.0,misp3,W015,Oreochromis niloticus,GCF_001858045.2,UTP6,gene
-3,LOC102078754,LOC102078754,25192678,25199486,-,,,,,W015,Oreochromis niloticus,GCF_001858045.2,UTP6,gene
-2,rab11fip4b,rab11fip4b,25209824,25259770,+,,,,,W015,Oreochromis niloticus,GCF_001858045.2,UTP6,gene
-1,LOC100692714,LOC100692714,25261912,25267217,+,,,,,W015,Oreochromis niloticus,GCF_001858045.2,UTP6,gene
0,utp6,utp6,25330780,25344892,-,utp6,NC_069711.1,34539518.0,utp6,W015,Oreochromis niloticus,GCF_001858045.2,UTP6,gene
1,suz12b,suz12b,25348450,25359259,+,suz12b,NC_069711.1,34558931.0,suz12b,W015,Oreochromis niloticus,GCF_001858045.2,UTP6,gene
2,atad5b,atad5b,25360131,25366937,+,,,,,W015,Oreochromis niloticus,GCF_001858045.2,UTP6,gene
3,tefm,tefm,25366962,25370151,-,tefm,NC_069711.1,34589329.0,tefm,W015,Oreochromis niloticus,GCF_001858045.2,UTP6,gene
4,LOC100693530,LOC100693530,25370273,25377985,+,,,,,W015,Oreochromis niloticus,GCF_001858045.2,UTP6,gene
5,rhot1b,rhot1b,25379319,25393468,+,rhot1a,NC_069732.1,14914312.0,rhot1a,W015,Oreochromis niloticus,GCF_001858045.2,UTP6,gene
6,rhbdl3,rhbdl3,25402146,25469852,+,rhbdl3,NC_069711.1,34675237.0,rhbdl3,W015,Oreochromis niloticus,GCF_001858045.2,UTP6,gene
7,znf207b,znf207b,25477444,25483642,+,,,,,W015,Oreochromis niloticus,GCF_001858045.2,UTP6,gene
8,LOC102080579,LOC102080579,25483864,25492016,+,,,,,W015,Oreochromis niloticus,GCF_001858045.2,UTP6,gene
9,LOC102081387,LOC102081387,25505831,25511873,+,,,,,W015,Oreochromis niloticus,GCF_001858045.2,UTP6,gene
10,tnrc6c2,tnrc6c2,25513191,25567927,-,,,,,W015,Oreochromis niloticus,GCF_001858045.2,UTP6,gene
-10,LOC109079932,LOC109079932,13070040,13085634,+,,,,,W016,Cyprinus carpio,GCF_018340385.1,TOX,gene
-9,plcd1b,plcd1b,13086194,13105200,-,plcd1b,NC_069730.1,2861783.0,plcd1b,W016,Cyprinus carpio,GCF_018340385.1,TOX,gene
-8,LOC109103486,LOC109103486,13109522,13118172,+,afg3l2,NC_069730.1,2840285.0,afg3l2,W016,Cyprinus carpio,GCF_018340385.1,TOX,gene
-7,LOC109103061,LOC109103061,13182653,13183627,+,,,,,W016,Cyprinus carpio,GCF_018340385.1,TOX,gene
-6,LOC109103059,LOC109103059,13184737,13190536,-,ralab,NC_069730.1,2763597.0,ralab,W016,Cyprinus carpio,GCF_018340385.1,TOX,gene
-5,cb2h7orf25,cb2h7orf25,13191466,13194345,-,c21h7orf25,NC_069730.1,2756160.0,c21h7orf25,W016,Cyprinus carpio,GCF_018340385.1,TOX,gene
-4,LOC109078112,LOC109078112,13195263,13231956,+,fbxl7,NC_069730.1,2730266.0,fbxl7,W016,Cyprinus carpio,GCF_018340385.1,TOX,gene
-3,LOC109059637,LOC109059637,13251082,13303722,-,chd7,NC_069723.1,25958900.0,chd7,W016,Cyprinus carpio,GCF_018340385.1,TOX,gene
-2,LOC109062466,LOC109062466,13304474,13318102,-,rab2a,NC_069723.1,25892787.0,rab2a,W016,Cyprinus carpio,GCF_018340385.1,TOX,gene
-1,LOC109062444,LOC109062444,13331040,13343252,+,ca8,NC_069723.1,24926043.0,ca8,W016,Cyprinus carpio,GCF_018340385.1,TOX,gene
0,LOC109059857,LOC109059857,13386449,13445813,+,tox,NC_069723.1,24825875.0,tox,W016,Cyprinus carpio,GCF_018340385.1,TOX,gene
1,LOC109057064,LOC109057064,13452623,13455860,-,LOC113539292,NC_069723.1,24778987.0,LOC113539292,W016,Cyprinus carpio,GCF_018340385.1,TOX,gene
2,LOC109060480,LOC109060480,13476118,13519343,-,fam110b,NC_069723.1,24731203.0,fam110b,W016,Cyprinus carpio,GCF_018340385.1,TOX,gene
3,hs2st1a,hs2st1a,13532221,13548576,+,hs2st1a,NC_069723.1,24672859.0,hs2st1a,W016,Cyprinus carpio,GCF_018340385.1,TOX,gene
4,LOC109060401,LOC109060401,13552656,13555441,+,,,,,W016,Cyprinus carpio,GCF_018340385.1,TOX,gene
5,pkn2a,pkn2a,13556956,13587536,+,pkn2a,NC_069723.1,24577234.0,pkn2a,W016,Cyprinus carpio,GCF_018340385.1,TOX,gene
6,gtf2b,gtf2b,13588726,13593023,-,,,,,W016,Cyprinus carpio,GCF_018340385.1,TOX,gene
7,lrrc8da,lrrc8da,13593996,13599265,+,lrrc8da,NC_069723.1,24522846.0,lrrc8da,W016,Cyprinus carpio,GCF_018340385.1,TOX,gene
8,LOC109056866,LOC109056866,13602160,13618054,-,,,,,W016,Cyprinus carpio,GCF_018340385.1,TOX,gene
9,hfm1,hfm1,13618253,13645396,+,hfm1,NC_069723.1,24486292.0,hfm1,W016,Cyprinus carpio,GCF_018340385.1,TOX,gene
10,LOC109081107,LOC109081107,13645750,13647654,-,,,,,W016,Cyprinus carpio,GCF_018340385.1,TOX,gene
-10,LOC109058991,LOC109058991,20880125,20901051,+,sbno1,NC_069726.1,6248506.0,sbno1,W016,Cyprinus carpio,GCF_018340385.1,PLK2,gene
-9,LOC109059001,LOC109059001,20901651,20904521,+,,,,,W016,Cyprinus carpio,GCF_018340385.1,PLK2,gene
-8,LOC109085716,LOC109085716,20906513,20926404,+,,,,,W016,Cyprinus carpio,GCF_018340385.1,PLK2,gene
-7,LOC109053317,LOC109053317,20927104,20996305,+,LOC113544768,NC_069726.1,6316462.0,LOC113544768,W016,Cyprinus carpio,GCF_018340385.1,PLK2,gene
-6,LOC109096786,LOC109096786,21001115,21023354,-,,,,,W016,Cyprinus carpio,GCF_018340385.1,PLK2,gene
-5,LOC109088243,LOC109088243,21068456,21143039,-,zswim6,NC_069726.1,6453103.0,zswim6,W016,Cyprinus carpio,GCF_018340385.1,PLK2,gene
-4,LOC122134053,LOC122134053,21178847,21181713,+,,,,,W016,Cyprinus carpio,GCF_018340385.1,PLK2,gene
-3,depdc1b,depdc1b,21182271,21189912,+,depdc1b,NC_069726.1,6543970.0,depdc1b,W016,Cyprinus carpio,GCF_018340385.1,PLK2,gene
-2,LOC109086782,LOC109086782,21198396,21392063,+,,,,,W016,Cyprinus carpio,GCF_018340385.1,PLK2,gene
-1,LOC109086783,LOC109086783,21405550,21430351,-,LOC113544940,NC_069726.1,6761811.0,LOC113544940,W016,Cyprinus carpio,GCF_018340385.1,PLK2,gene
0,LOC109086785,LOC109086785,21436942,21441518,+,plk2a,NC_069726.1,6788722.0,plk2a,W016,Cyprinus carpio,GCF_018340385.1,PLK2,gene
1,LOC109097717,LOC109097717,21584970,21597082,-,mn1a,NC_069726.1,6903492.0,mn1a,W016,Cyprinus carpio,GCF_018340385.1,PLK2,gene
2,LOC109097718,LOC109097718,21598394,21619669,-,,,,,W016,Cyprinus carpio,GCF_018340385.1,PLK2,gene
3,LOC109097535,LOC109097535,21621159,21891804,-,,,,,W016,Cyprinus carpio,GCF_018340385.1,PLK2,gene
4,LOC109097454,LOC109097454,21892863,21899648,-,,,,,W016,Cyprinus carpio,GCF_018340385.1,PLK2,gene
5,LOC109097252,LOC109097252,21901630,21921756,-,rph3aa,NC_069726.1,7157113.0,rph3aa,W016,Cyprinus carpio,GCF_018340385.1,PLK2,gene
6,LOC109097254,LOC109097254,21926526,21939589,-,,,,,W016,Cyprinus carpio,GCF_018340385.1,PLK2,gene
7,LOC109097455,LOC109097455,21943516,21948209,+,tmed2,NC_069726.1,7199054.0,tmed2,W016,Cyprinus carpio,GCF_018340385.1,PLK2,gene
8,LOC109097253,LOC109097253,21948295,21957235,+,,,,,W016,Cyprinus carpio,GCF_018340385.1,PLK2,gene
9,LOC109082581,LOC109082581,21957830,21976966,+,,,,,W016,Cyprinus carpio,GCF_018340385.1,PLK2,gene
10,LOC109091467,LOC109091467,21978775,21989067,-,,,,,W016,Cyprinus carpio,GCF_018340385.1,PLK2,gene
-10,tmem175,tmem175,41117580,41130536,-,tmem175,NC_069733.1,12548034.0,tmem175,W017,Epinephelus fuscoguttatus,GCF_011397635.1,bmp2k,gene
-9,LOC125890122,LOC125890122,41329125,41333856,+,,,,,W017,Epinephelus fuscoguttatus,GCF_011397635.1,bmp2k,gene
-8,rasgef1ba,rasgef1ba,41341361,41381428,+,rasgef1ba,NC_069733.1,12501715.0,rasgef1ba,W017,Epinephelus fuscoguttatus,GCF_011397635.1,bmp2k,gene
-7,prkg2,prkg2,41399421,41454145,+,prkg2,NC_069733.1,12455799.0,prkg2,W017,Epinephelus fuscoguttatus,GCF_011397635.1,bmp2k,gene
-6,bmp3,bmp3,41455984,41470475,-,bmp3,NC_069733.1,12443346.0,bmp3,W017,Epinephelus fuscoguttatus,GCF_011397635.1,bmp2k,gene
-5,cfap299,cfap299,41474133,41603510,-,cfap299,NC_069733.1,12411337.0,cfap299,W017,Epinephelus fuscoguttatus,GCF_011397635.1,bmp2k,gene
-4,fgf5,fgf5,41614583,41638540,-,fgf5,NC_069733.1,12370696.0,fgf5,W017,Epinephelus fuscoguttatus,GCF_011397635.1,bmp2k,gene
-3,prdm8b,prdm8b,41664128,41670605,-,prdm8b,NC_069733.1,12347065.0,prdm8b,W017,Epinephelus fuscoguttatus,GCF_011397635.1,bmp2k,gene
-2,antxr2a,antxr2a,41728026,41847251,+,antxr2a,NC_069733.1,12300491.0,antxr2a,W017,Epinephelus fuscoguttatus,GCF_011397635.1,bmp2k,gene
-1,paqr3a,paqr3a,42095056,42118657,+,paqr3a,NC_069733.1,12149461.0,paqr3a,W017,Epinephelus fuscoguttatus,GCF_011397635.1,bmp2k,gene
0,bmp2k,bmp2k,42118718,42186093,-,bmp2k,NC_069733.1,12122589.0,bmp2k,W017,Epinephelus fuscoguttatus,GCF_011397635.1,bmp2k,gene
1,LOC125889960,LOC125889960,42201311,42225071,+,,,,,W017,Epinephelus fuscoguttatus,GCF_011397635.1,bmp2k,gene
2,LOC125889961,LOC125889961,42216159,42221121,+,,,,,W017,Epinephelus fuscoguttatus,GCF_011397635.1,bmp2k,gene
3,anxa3a,anxa3a,42228982,42244045,-,,,,,W017,Epinephelus fuscoguttatus,GCF_011397635.1,bmp2k,gene
4,fras1,fras1,42245893,42647990,-,fras1,NC_069733.1,12034600.0,fras1,W017,Epinephelus fuscoguttatus,GCF_011397635.1,bmp2k,gene
5,mrpl1,mrpl1,42657876,42673571,-,mrpl1,NC_069733.1,11968543.0,mrpl1,W017,Epinephelus fuscoguttatus,GCF_011397635.1,bmp2k,gene
6,cnot6l,cnot6l,42674131,42703079,+,cnot6l,NC_069733.1,11956647.0,cnot6l,W017,Epinephelus fuscoguttatus,GCF_011397635.1,bmp2k,gene
7,LOC125889644,LOC125889644,42703090,42724557,-,LOC128318081,NC_069713.1,2875451.0,LOC128318081,W017,Epinephelus fuscoguttatus,GCF_011397635.1,bmp2k,gene
8,fam102aa,fam102aa,42729737,42777704,-,,,,,W017,Epinephelus fuscoguttatus,GCF_011397635.1,bmp2k,gene
9,slc25a25a,slc25a25a,42785767,42794047,+,,,,,W017,Epinephelus fuscoguttatus,GCF_011397635.1,bmp2k,gene
10,zdhhc12a,zdhhc12a,42798359,42813547,+,,,,,W017,Epinephelus fuscoguttatus,GCF_011397635.1,bmp2k,gene
-10,LOC125896670,LOC125896670,16595426,16602901,-,LOC113545651,NC_069725.1,4385195.0,LOC113545651,W017,Epinephelus fuscoguttatus,GCF_011397635.1,wasf1,gene
-9,tmem18,tmem18,16682944,16686577,-,tmem18,NC_069725.1,4431165.0,tmem18,W017,Epinephelus fuscoguttatus,GCF_011397635.1,wasf1,gene
-8,LOC125896668,LOC125896668,16687543,16693506,-,si:dkey-126g1.9,NC_069725.1,4790420.0,si:dkey-126g1.9,W017,Epinephelus fuscoguttatus,GCF_011397635.1,wasf1,gene
-7,si:dkey-119f1.1,si:dkey-119f1.1,16695059,16711894,-,,,,,W017,Epinephelus fuscoguttatus,GCF_011397635.1,wasf1,gene
-6,ak9,ak9,16713836,16727839,-,ak9,NC_069728.1,2166167.0,ak9,W017,Epinephelus fuscoguttatus,GCF_011397635.1,wasf1,gene
-5,fig4a,fig4a,16728101,16828155,+,fig4a,NC_069739.1,9265263.0,fig4a,W017,Epinephelus fuscoguttatus,GCF_011397635.1,wasf1,gene
-4,mettl24,mettl24,16752534,17108539,-,mettl24,NC_069739.1,9438561.0,mettl24,W017,Epinephelus fuscoguttatus,GCF_011397635.1,wasf1,gene
-3,LOC125896664,LOC125896664,16838112,16841392,+,LOC113529322,NC_069739.1,9301279.0,LOC113529322,W017,Epinephelus fuscoguttatus,GCF_011397635.1,wasf1,gene
-2,ccdc167,ccdc167,16862568,16865929,-,ccdc167,NC_069727.1,9596874.0,ccdc167,W017,Epinephelus fuscoguttatus,GCF_011397635.1,wasf1,gene
-1,kif25,kif25,16866333,16878461,+,kif25,NC_069728.1,11725752.0,kif25,W017,Epinephelus fuscoguttatus,GCF_011397635.1,wasf1,gene
0,wasf1,wasf1,16882859,16996484,-,wasf1,NC_069739.1,9350522.0,wasf1,W017,Epinephelus fuscoguttatus,GCF_011397635.1,wasf1,gene
1,cdc40,cdc40,16998962,17030823,+,cdc40,NC_069739.1,9401245.0,cdc40,W017,Epinephelus fuscoguttatus,GCF_011397635.1,wasf1,gene
2,slc22a16,slc22a16,17120356,17142050,+,slc22a16,NC_069739.1,9469262.0,slc22a16,W017,Epinephelus fuscoguttatus,GCF_011397635.1,wasf1,gene
3,usta,usta,17149324,17242784,-,usta,NC_069739.1,9520645.0,usta,W017,Epinephelus fuscoguttatus,GCF_011397635.1,wasf1,gene
4,sash1a,sash1a,17253040,17509181,-,sash1a,NC_069739.1,9711160.0,sash1a,W017,Epinephelus fuscoguttatus,GCF_011397635.1,wasf1,gene
5,stxbp5a,stxbp5a,17658917,17826358,-,stxbp5a,NC_069739.1,11480183.0,stxbp5a,W017,Epinephelus fuscoguttatus,GCF_011397635.1,wasf1,gene
6,adgb,adgb,17844194,17923549,-,adgb,NC_069739.1,11412553.0,adgb,W017,Epinephelus fuscoguttatus,GCF_011397635.1,wasf1,gene
7,rab32a,rab32a,17927513,17957052,-,rab32a,NC_069739.1,11374376.0,rab32a,W017,Epinephelus fuscoguttatus,GCF_011397635.1,wasf1,gene
8,grm1a,grm1a,17960392,18018606,-,grm1a,NC_069739.1,11350335.0,grm1a,W017,Epinephelus fuscoguttatus,GCF_011397635.1,wasf1,gene
9,LOC125896651,LOC125896651,18026958,18032689,+,,,,,W017,Epinephelus fuscoguttatus,GCF_011397635.1,wasf1,gene
10,LOC125896655,LOC125896655,18035206,18046714,+,,,,,W017,Epinephelus fuscoguttatus,GCF_011397635.1,wasf1,gene
0,LOC125886197,LOC125886197,8252,23033,-,acyp2,NC_069720.1,6128471.0,acyp2,W017,Epinephelus fuscoguttatus,GCF_011397635.1,acyp2,gene
1,LOC125886196,LOC125886196,25053,38985,-,,,,,W017,Epinephelus fuscoguttatus,GCF_011397635.1,acyp2,gene
2,LOC125885888,LOC125885888,45138,57300,-,,,,,W017,Epinephelus fuscoguttatus,GCF_011397635.1,acyp2,gene
3,gemin6,gemin6,71846,73335,+,gemin6,NC_069720.1,5737431.0,gemin6,W017,Epinephelus fuscoguttatus,GCF_011397635.1,acyp2,gene
4,LOC125885879,LOC125885879,79253,152925,-,sos1,NC_069720.1,5764091.0,sos1,W017,Epinephelus fuscoguttatus,GCF_011397635.1,acyp2,gene
5,LOC125885885,LOC125885885,102718,106425,+,,,,,W017,Epinephelus fuscoguttatus,GCF_011397635.1,acyp2,gene
6,tmem178a,tmem178a,164420,177350,-,tmem178a,NC_069734.1,19616020.0,tmem178a,W017,Epinephelus fuscoguttatus,GCF_011397635.1,acyp2,gene
7,soul4,soul4,235680,244790,+,soul4,NC_069720.1,17290460.0,soul4,W017,Epinephelus fuscoguttatus,GCF_011397635.1,acyp2,gene
8,eif4a3,eif4a3,248037,267326,-,eif4a3,NC_069720.1,7302393.0,eif4a3,W017,Epinephelus fuscoguttatus,GCF_011397635.1,acyp2,gene
9,LOC125885880,LOC125885880,268101,284369,-,,,,,W017,Epinephelus fuscoguttatus,GCF_011397635.1,acyp2,gene
10,LOC125885882,LOC125885882,286785,294972,+,opn6a,NC_069720.1,7312745.0,opn6a,W017,Epinephelus fuscoguttatus,GCF_011397635.1,acyp2,gene
-10,scel,scel,19674170,19684033,+,scel,NC_069714.1,15884379.0,scel,W018,Larimichthys crocea,GCF_000972845.2,bcor,gene
-9,slain1a,slain1a,19685251,19695657,+,slain1a,NC_069714.1,15895719.0,slain1a,W018,Larimichthys crocea,GCF_000972845.2,bcor,gene
-8,LOC113748245,LOC113748245,19696183,19697844,-,,,,,W018,Larimichthys crocea,GCF_000972845.2,bcor,gene
-7,kbtbd7,kbtbd7,19700482,19704117,+,kbtbd7,NC_069714.1,15906465.0,kbtbd7,W018,Larimichthys crocea,GCF_000972845.2,bcor,gene
-6,LOC104938833,LOC104938833,19707132,19710786,+,zgc:101559,NC_069714.1,15911260.0,zgc:101559,W018,Larimichthys crocea,GCF_000972845.2,bcor,gene
-5,katnal1,katnal1,19712201,19722939,+,katnal1,NC_069723.1,23643428.0,katnal1,W018,Larimichthys crocea,GCF_000972845.2,bcor,gene
-4,tspan7,tspan7,19724868,19736009,+,tspan7b,NC_069734.1,18293913.0,tspan7b,W018,Larimichthys crocea,GCF_000972845.2,bcor,gene
-3,LOC113748131,LOC113748131,19739671,19741347,+,,,,,W018,Larimichthys crocea,GCF_000972845.2,bcor,gene
-2,mid1ip1a,mid1ip1a,19750573,19752600,+,,,,,W018,Larimichthys crocea,GCF_000972845.2,bcor,gene
-1,si:dkey-100n23.5,si:dkey-100n23.5,19756452,19808597,+,si:dkey-100n23.5,NC_069714.1,8683457.0,si:dkey-100n23.5,W018,Larimichthys crocea,GCF_000972845.2,bcor,gene
0,bcor,bcor,19817182,19850051,+,bcor,NC_069734.1,18102096.0,bcor,W018,Larimichthys crocea,GCF_000972845.2,bcor,gene
1,atp6ap2,atp6ap2,19852451,19858348,+,atp6ap2,NC_069734.1,18061810.0,atp6ap2,W018,Larimichthys crocea,GCF_000972845.2,bcor,gene
2,senp7,senp7,19867196,19883961,+,senp7,NC_069714.1,8701659.0,senp7,W018,Larimichthys crocea,GCF_000972845.2,bcor,gene
3,impg2a,impg2a,19884016,19906927,+,impg2a,NC_069714.1,8718547.0,impg2a,W018,Larimichthys crocea,GCF_000972845.2,bcor,gene
4,LOC113748234,LOC113748234,19917418,19919094,-,LOC113539332,NC_069723.1,23620451.0,LOC113539332,W018,Larimichthys crocea,GCF_000972845.2,bcor,gene
5,abi3bpa,abi3bpa,19941053,19970131,+,,,,,W018,Larimichthys crocea,GCF_000972845.2,bcor,gene
6,tfg,tfg,19972637,19988752,-,tfg,NC_069714.1,8784383.0,tfg,W018,Larimichthys crocea,GCF_000972845.2,bcor,gene
7,jagn1a,jagn1a,20013085,20016068,-,,,,,W018,Larimichthys crocea,GCF_000972845.2,bcor,gene
8,col8a1a,col8a1a,20016256,20049545,-,col8a1a,NC_069714.1,8804566.0,col8a1a,W018,Larimichthys crocea,GCF_000972845.2,bcor,gene
9,dcbld2,dcbld2,20049529,20065376,+,dcbld2,NC_069714.1,8858004.0,dcbld2,W018,Larimichthys crocea,GCF_000972845.2,bcor,gene
10,tmem30c,tmem30c,20064792,20070215,-,tmem30c,NC_069714.1,8884313.0,tmem30c,W018,Larimichthys crocea,GCF_000972845.2,bcor,gene
-10,LOC104937985,LOC104937985,7433319,7438549,+,,,,,W018,Larimichthys crocea,GCF_000972845.2,mstn,gene
-9,stat4,stat4,7447567,7466586,+,stat4,NC_069714.1,29594372.0,stat4,W018,Larimichthys crocea,GCF_000972845.2,mstn,gene
-8,LOC104920795,LOC104920795,7468054,7477769,+,,,,,W018,Larimichthys crocea,GCF_000972845.2,mstn,gene
-7,glsb,glsb,7479770,7513168,-,glsb,NC_069714.1,29687897.0,glsb,W018,Larimichthys crocea,GCF_000972845.2,mstn,gene
-6,fkbp7,fkbp7,7513848,7519244,+,fkbp7,NC_069714.1,27292106.0,fkbp7,W018,Larimichthys crocea,GCF_000972845.2,mstn,gene
-5,osgepl1,osgepl1,7520559,7523305,-,osgepl1,NC_069714.1,29479533.0,osgepl1,W018,Larimichthys crocea,GCF_000972845.2,mstn,gene
-4,adat3,adat3,7523277,7528663,+,adat3,NC_069714.1,29474880.0,adat3,W018,Larimichthys crocea,GCF_000972845.2,mstn,gene
-3,alkbh6,alkbh6,7523420,7525986,+,alkbh6,NC_069736.1,17490478.0,alkbh6,W018,Larimichthys crocea,GCF_000972845.2,mstn,gene
-2,ormdl1,ormdl1,7528356,7531940,-,ormdl1,NC_069714.1,29464096.0,ormdl1,W018,Larimichthys crocea,GCF_000972845.2,mstn,gene
-1,pms1,pms1,7532254,7547810,+,pms1,NC_069714.1,29438239.0,pms1,W018,Larimichthys crocea,GCF_000972845.2,mstn,gene
0,mstnb,mstnb,7561850,7564691,-,mstnb,NC_069714.1,29400907.0,mstnb,W018,Larimichthys crocea,GCF_000972845.2,mstn,gene
1,hibch,hibch,7575100,7609289,-,hibch,NC_069714.1,29356252.0,hibch,W018,Larimichthys crocea,GCF_000972845.2,mstn,gene
2,LOC104920785,LOC104920785,7611065,7612124,-,,,,,W018,Larimichthys crocea,GCF_000972845.2,mstn,gene
3,lss,lss,7618920,7627124,-,lss,NC_069714.1,21835098.0,lss,W018,Larimichthys crocea,GCF_000972845.2,mstn,gene
4,ftcdnl1,ftcdnl1,7628152,7634455,+,ftcdnl1,NC_069714.1,3449556.0,ftcdnl1,W018,Larimichthys crocea,GCF_000972845.2,mstn,gene
5,LOC104920803,LOC104920803,7637194,7705858,+,,,,,W018,Larimichthys crocea,GCF_000972845.2,mstn,gene
6,LOC104920802,LOC104920802,7714552,7731964,+,LOC113525638,NC_069735.1,20076672.0,LOC113525638,W018,Larimichthys crocea,GCF_000972845.2,mstn,gene
7,gpr39,gpr39,7732105,7784560,-,gpr39,NC_069714.1,20309578.0,gpr39,W018,Larimichthys crocea,GCF_000972845.2,mstn,gene
8,LOC109141267,LOC109141267,7761299,7762124,+,,,,,W018,Larimichthys crocea,GCF_000972845.2,mstn,gene
9,LOC104929826,LOC104929826,7787414,7804473,-,LOC113526228,NC_069714.1,20292860.0,LOC113526228,W018,Larimichthys crocea,GCF_000972845.2,mstn,gene
10,cih2orf69,cih2orf69,7806584,7814758,+,c5h2orf69,NC_069714.1,3443965.0,c5h2orf69,W018,Larimichthys crocea,GCF_000972845.2,mstn,gene
-10,LOC104922455,LOC104922455,17403715,17410285,-,,,,,W018,Larimichthys crocea,GCF_000972845.2,bambi,gene
-9,cul2,cul2,17413530,17425509,+,cul2,NC_069710.1,27340825.0,cul2,W018,Larimichthys crocea,GCF_000972845.2,bambi,gene
-8,LOC104922457,LOC104922457,17435907,17763233,+,,,,,W018,Larimichthys crocea,GCF_000972845.2,bambi,gene
-7,nrp1a,nrp1a,17902731,17962203,+,nrp1a,NC_069710.1,26710469.0,nrp1a,W018,Larimichthys crocea,GCF_000972845.2,bambi,gene
-6,itgb1a,itgb1a,17970078,18006212,+,itgb1a,NC_069710.1,7874171.0,itgb1a,W018,Larimichthys crocea,GCF_000972845.2,bambi,gene
-5,rab18a,rab18a,18007798,18018531,+,,,,,W018,Larimichthys crocea,GCF_000972845.2,bambi,gene
-4,mkxa,mkxa,18037125,18064096,-,mkxa,NC_069721.1,23665765.0,mkxa,W018,Larimichthys crocea,GCF_000972845.2,bambi,gene
-3,odad2,odad2,18076201,18117445,-,odad2,NC_069721.1,23735623.0,odad2,W018,Larimichthys crocea,GCF_000972845.2,bambi,gene
-2,mpp7a,mpp7a,18137504,18274010,-,mpp7a,NC_069721.1,23853184.0,mpp7a,W018,Larimichthys crocea,GCF_000972845.2,bambi,gene
-1,waca,waca,18276470,18296960,+,waca,NC_069721.1,15249573.0,waca,W018,Larimichthys crocea,GCF_000972845.2,bambi,gene
0,bambia,bambia,18303029,18306936,+,bambia,NC_069721.1,15269020.0,bambia,W018,Larimichthys crocea,GCF_000972845.2,bambi,gene
1,LOC104939595,LOC104939595,18496583,18519368,-,,,,,W018,Larimichthys crocea,GCF_000972845.2,bambi,gene
2,LOC109142033,LOC109142033,18503555,18507948,+,,,,,W018,Larimichthys crocea,GCF_000972845.2,bambi,gene
3,map3k8,map3k8,18536956,18544022,-,map3k8,NC_069721.1,15364374.0,map3k8,W018,Larimichthys crocea,GCF_000972845.2,bambi,gene
4,mtpap,mtpap,18544043,18554628,+,mtpap,NC_069721.1,15376104.0,mtpap,W018,Larimichthys crocea,GCF_000972845.2,bambi,gene
5,jcada,jcada,18588662,18609859,+,jcada,NC_069721.1,15410949.0,jcada,W018,Larimichthys crocea,GCF_000972845.2,bambi,gene
6,svila,svila,18656039,18731919,+,svila,NC_069721.1,15476928.0,svila,W018,Larimichthys crocea,GCF_000972845.2,bambi,gene
7,znf438,znf438,18771638,18817680,-,znf438,NC_069721.1,15570996.0,znf438,W018,Larimichthys crocea,GCF_000972845.2,bambi,gene
8,zeb1b,zeb1b,18830845,18875239,+,zeb1b,NC_069721.1,15636414.0,zeb1b,W018,Larimichthys crocea,GCF_000972845.2,bambi,gene
9,arhgap12b,arhgap12b,18894183,18945847,-,arhgap12b,NC_069721.1,15697796.0,arhgap12b,W018,Larimichthys crocea,GCF_000972845.2,bambi,gene
10,LOC104926299,LOC104926299,18947312,18964099,-,,,,,W018,Larimichthys crocea,GCF_000972845.2,bambi,gene
-10,calml4a,calml4a,3169450,3174491,-,calml4a,NC_069734.1,2665626.0,calml4a,W018,Larimichthys crocea,GCF_000972845.2,neo1,gene
-9,cln6a,cln6a,3174506,3183305,-,cln6a,NC_069734.1,2659866.0,cln6a,W018,Larimichthys crocea,GCF_000972845.2,neo1,gene
-8,LOC104920497,LOC104920497,3190382,3211037,+,,,,,W018,Larimichthys crocea,GCF_000972845.2,neo1,gene
-7,trip4,trip4,3213258,3289059,+,trip4,NC_069720.1,5190766.0,trip4,W018,Larimichthys crocea,GCF_000972845.2,neo1,gene
-6,znf609b,znf609b,3299319,3375119,+,znf609b,NC_069720.1,5128758.0,znf609b,W018,Larimichthys crocea,GCF_000972845.2,neo1,gene
-5,gramd2aa,gramd2aa,3378051,3409742,+,gramd2aa,NC_069720.1,5082873.0,gramd2aa,W018,Larimichthys crocea,GCF_000972845.2,neo1,gene
-4,senp8,senp8,3421064,3424470,-,senp8,NC_069720.1,5057356.0,senp8,W018,Larimichthys crocea,GCF_000972845.2,neo1,gene
-3,myo9aa,myo9aa,3424489,3538116,+,myo9aa,NC_069720.1,4998433.0,myo9aa,W018,Larimichthys crocea,GCF_000972845.2,neo1,gene
-2,scamp2l,scamp2l,3541820,3549756,+,scamp2l,NC_069720.1,4935514.0,scamp2l,W018,Larimichthys crocea,GCF_000972845.2,neo1,gene
-1,bbs4,bbs4,3553817,3569720,+,bbs4,NC_069718.1,22268439.0,bbs4,W018,Larimichthys crocea,GCF_000972845.2,neo1,gene
0,neo1a,neo1a,3635778,3795970,+,neo1a,NC_069720.1,4819095.0,neo1a,W018,Larimichthys crocea,GCF_000972845.2,neo1,gene
1,LOC104922794,LOC104922794,3801010,3808465,+,,,,,W018,Larimichthys crocea,GCF_000972845.2,neo1,gene
2,csnk1g1,csnk1g1,3810436,3845245,+,csnk1g1,NC_069720.1,4729446.0,csnk1g1,W018,Larimichthys crocea,GCF_000972845.2,neo1,gene
3,LOC104922792,LOC104922792,3846475,3851013,+,zgc:114188,NC_069718.1,20226431.0,zgc:114188,W018,Larimichthys crocea,GCF_000972845.2,neo1,gene
4,cpeb1b,cpeb1b,3853101,3866076,-,cpeb1b,NC_069734.1,9285726.0,cpeb1b,W018,Larimichthys crocea,GCF_000972845.2,neo1,gene
5,LOC104922790,LOC104922790,3869103,3880036,-,rbpms2a,NC_069718.1,24220794.0,rbpms2a,W018,Larimichthys crocea,GCF_000972845.2,neo1,gene
6,LOC104922789,LOC104922789,3905388,3909309,-,,,,,W018,Larimichthys crocea,GCF_000972845.2,neo1,gene
7,slc25a44b,slc25a44b,3910394,3917006,+,slc25a44b,NC_069734.1,9316836.0,slc25a44b,W018,Larimichthys crocea,GCF_000972845.2,neo1,gene
8,LOC104922787,LOC104922787,3920453,3929659,+,crabp1b,NC_069734.1,9330476.0,crabp1b,W018,Larimichthys crocea,GCF_000972845.2,neo1,gene
9,LOC104922785,LOC104922785,3930368,3946373,-,,,,,W018,Larimichthys crocea,GCF_000972845.2,neo1,gene
10,LOC104922784,LOC104922784,3948439,3965166,-,,,,,W018,Larimichthys crocea,GCF_000972845.2,neo1,gene
-10,LOC110522579,LOC110522579,37819431,37849092,-,papola,NC_069728.1,14848354.0,papola,W019,Oncorhynchus mykiss,GCF_013265735.2,THBS1,gene
-9,actc1a,actc1a,37870752,37878518,+,actc1a,NC_069728.1,10961086.0,actc1a,W019,Oncorhynchus mykiss,GCF_013265735.2,THBS1,gene
-8,LOC110521098,LOC110521098,37879402,37897524,+,,,,,W019,Oncorhynchus mykiss,GCF_013265735.2,THBS1,gene
-7,LOC110522584,LOC110522584,37897636,37899208,+,,,,,W019,Oncorhynchus mykiss,GCF_013265735.2,THBS1,gene
-6,LOC110521099,LOC110521099,37900140,37937895,-,,,,,W019,Oncorhynchus mykiss,GCF_013265735.2,THBS1,gene
-5,LOC110521100,LOC110521100,37969722,38234678,+,,,,,W019,Oncorhynchus mykiss,GCF_013265735.2,THBS1,gene
-4,aven,aven,38235530,38287894,-,aven,NC_069728.1,10819502.0,aven,W019,Oncorhynchus mykiss,GCF_013265735.2,THBS1,gene
-3,LOC110522580,LOC110522580,38288197,38291538,+,,,,,W019,Oncorhynchus mykiss,GCF_013265735.2,THBS1,gene
-2,emc7,emc7,38295052,38302700,-,emc7b,NC_069728.1,10798060.0,emc7b,W019,Oncorhynchus mykiss,GCF_013265735.2,THBS1,gene
-1,katnbl1,katnbl1,38303773,38309496,-,,,,,W019,Oncorhynchus mykiss,GCF_013265735.2,THBS1,gene
0,thbs1b,thbs1b,38626216,38651062,+,,,,,W019,Oncorhynchus mykiss,GCF_013265735.2,THBS1,gene
1,LOC118964498,LOC118964498,38679954,38686870,-,,,,,W019,Oncorhynchus mykiss,GCF_013265735.2,THBS1,gene
2,LOC110521102,LOC110521102,38765813,38805759,-,,,,,W019,Oncorhynchus mykiss,GCF_013265735.2,THBS1,gene
3,LOC110522589,LOC110522589,38809713,38814941,-,acot20,NC_069728.1,18147885.0,acot20,W019,Oncorhynchus mykiss,GCF_013265735.2,THBS1,gene
4,LOC118964474,LOC118964474,38825783,38885772,+,,,,,W019,Oncorhynchus mykiss,GCF_013265735.2,THBS1,gene
5,LOC110522591,LOC110522591,38890314,38897681,+,,,,,W019,Oncorhynchus mykiss,GCF_013265735.2,THBS1,gene
6,LOC110521103,LOC110521103,38899139,38906122,-,,,,,W019,Oncorhynchus mykiss,GCF_013265735.2,THBS1,gene
7,LOC110522592,LOC110522592,38921338,38942012,+,max,NC_069728.1,18234974.0,max,W019,Oncorhynchus mykiss,GCF_013265735.2,THBS1,gene
8,LOC110521104,LOC110521104,38960535,38994558,+,,,,,W019,Oncorhynchus mykiss,GCF_013265735.2,THBS1,gene
9,LOC110521105,LOC110521105,39035394,39186864,+,sipa1l1,NC_069728.1,18337626.0,sipa1l1,W019,Oncorhynchus mykiss,GCF_013265735.2,THBS1,gene
10,LOC118964499,LOC118964499,39112723,39113347,+,,,,,W019,Oncorhynchus mykiss,GCF_013265735.2,THBS1,gene
-10,LOC110501459,LOC110501459,15096036,15099690,-,,,,,W019,Oncorhynchus mykiss,GCF_013265735.2,PHGDH,gene
-9,mettl8,mettl8,15104378,15117153,+,mettl8,NC_069714.1,17402370.0,mettl8,W019,Oncorhynchus mykiss,GCF_013265735.2,PHGDH,gene
-8,LOC110501461,LOC110501461,15122642,15148331,+,,,,,W019,Oncorhynchus mykiss,GCF_013265735.2,PHGDH,gene
-7,LOC110501462,LOC110501462,15148842,15152914,-,,,,,W019,Oncorhynchus mykiss,GCF_013265735.2,PHGDH,gene
-6,LOC110501463,LOC110501463,15165903,15187152,-,gad1a,NC_069714.1,17357282.0,gad1a,W019,Oncorhynchus mykiss,GCF_013265735.2,PHGDH,gene
-5,LOC110501465,LOC110501465,15200372,15202635,-,,,,,W019,Oncorhynchus mykiss,GCF_013265735.2,PHGDH,gene
-4,LOC110501466,LOC110501466,15314159,15354447,-,,,,,W019,Oncorhynchus mykiss,GCF_013265735.2,PHGDH,gene
-3,mettl5,mettl5,15354532,15358880,+,mettl5,NC_069714.1,21496601.0,mettl5,W019,Oncorhynchus mykiss,GCF_013265735.2,PHGDH,gene
-2,LOC110501467,LOC110501467,15356850,15360327,-,,,,,W019,Oncorhynchus mykiss,GCF_013265735.2,PHGDH,gene
-1,klhl23,klhl23,15361643,15365568,-,klhl23,NC_069714.1,21502348.0,klhl23,W019,Oncorhynchus mykiss,GCF_013265735.2,PHGDH,gene
0,phgdh,phgdh,15365708,15379144,-,,,,,W019,Oncorhynchus mykiss,GCF_013265735.2,PHGDH,gene
1,LOC110501472,LOC110501472,15394975,15401706,-,,,,,W019,Oncorhynchus mykiss,GCF_013265735.2,PHGDH,gene
2,fastkd1,fastkd1,15401792,15415120,+,fastkd1,NC_069714.1,21529034.0,fastkd1,W019,Oncorhynchus mykiss,GCF_013265735.2,PHGDH,gene
3,klhl41a,klhl41a,15414900,15423802,-,klhl41a,NC_069714.1,21536291.0,klhl41a,W019,Oncorhynchus mykiss,GCF_013265735.2,PHGDH,gene
4,bbs5,bbs5,15424718,15433882,-,bbs5,NC_069714.1,21542639.0,bbs5,W019,Oncorhynchus mykiss,GCF_013265735.2,PHGDH,gene
5,col28a2a,col28a2a,15446052,15480514,-,,,,,W019,Oncorhynchus mykiss,GCF_013265735.2,PHGDH,gene
6,zgc:172182,zgc:172182,15497172,15501749,-,zgc:172182,NC_069714.1,21576346.0,zgc:172182,W019,Oncorhynchus mykiss,GCF_013265735.2,PHGDH,gene
7,lrp2a,lrp2a,15503060,15572907,+,lrp2a,NC_069714.1,21619687.0,lrp2a,W019,Oncorhynchus mykiss,GCF_013265735.2,PHGDH,gene
8,rdh1,rdh1,15577071,15580959,-,,,,,W019,Oncorhynchus mykiss,GCF_013265735.2,PHGDH,gene
9,dhrs9,dhrs9,15581319,15586397,-,,,,,W019,Oncorhynchus mykiss,GCF_013265735.2,PHGDH,gene
10,abcb11a,abcb11a,15590720,15607266,+,abcb11a,NC_069714.1,21678399.0,abcb11a,W019,Oncorhynchus mykiss,GCF_013265735.2,PHGDH,gene
-10,LOC110499409,LOC110499409,89830922,89883245,+,LOC113524732,NC_069716.1,30337729.0,LOC113524732,W019,Oncorhynchus mykiss,GCF_013265735.2,CAV-1,gene
-9,LOC110499418,LOC110499418,89883357,89894419,+,,,,,W019,Oncorhynchus mykiss,GCF_013265735.2,CAV-1,gene
-8,LOC110499430,LOC110499430,89924291,89929501,+,LOC113534536,NC_069715.1,3183554.0,LOC113534536,W019,Oncorhynchus mykiss,GCF_013265735.2,CAV-1,gene
-7,LOC110502295,LOC110502295,89937146,90043824,+,,,,,W019,Oncorhynchus mykiss,GCF_013265735.2,CAV-1,gene
-6,LOC110499460,LOC110499460,90044696,90125003,-,cftr,NC_069715.1,14518677.0,cftr,W019,Oncorhynchus mykiss,GCF_013265735.2,CAV-1,gene
-5,asz1,asz1,90130540,90170115,+,asz1,NC_069715.1,14490173.0,asz1,W019,Oncorhynchus mykiss,GCF_013265735.2,CAV-1,gene
-4,wnt2,wnt2,90183281,90196936,+,wnt2,NC_069715.1,14470845.0,wnt2,W019,Oncorhynchus mykiss,GCF_013265735.2,CAV-1,gene
-3,LOC110502310,LOC110502310,90197231,90298528,-,,,,,W019,Oncorhynchus mykiss,GCF_013265735.2,CAV-1,gene
-2,LOC110499482,LOC110499482,90300546,90321779,-,,,,,W019,Oncorhynchus mykiss,GCF_013265735.2,CAV-1,gene
-1,met,met,90338143,90427147,-,,,,,W019,Oncorhynchus mykiss,GCF_013265735.2,CAV-1,gene
0,cav1,cav1,90453696,90463528,-,cav1,NC_069716.1,27961038.0,cav1,W019,Oncorhynchus mykiss,GCF_013265735.2,CAV-1,gene
1,cav2,cav2,90464686,90470189,-,,,,,W019,Oncorhynchus mykiss,GCF_013265735.2,CAV-1,gene
2,tes,tes,90557570,90576473,-,,,,,W019,Oncorhynchus mykiss,GCF_013265735.2,CAV-1,gene
3,cpa5,cpa5,90577920,90594338,+,,,,,W019,Oncorhynchus mykiss,GCF_013265735.2,CAV-1,gene
4,LOC110499537,LOC110499537,90594450,90599294,+,,,,,W019,Oncorhynchus mykiss,GCF_013265735.2,CAV-1,gene
5,cep41,cep41,90599314,90606949,-,cep41,NC_069716.1,27858662.0,cep41,W019,Oncorhynchus mykiss,GCF_013265735.2,CAV-1,gene
6,poc1b,poc1b,90607090,90667412,+,poc1b,NC_069716.1,27830904.0,poc1b,W019,Oncorhynchus mykiss,GCF_013265735.2,CAV-1,gene
7,dusp6,dusp6,90701413,90706025,+,,,,,W019,Oncorhynchus mykiss,GCF_013265735.2,CAV-1,gene
8,si:dkey-106n21.1,si:dkey-106n21.1,90793248,90868325,+,si:dkey-106n21.1,NC_069716.1,27702503.0,si:dkey-106n21.1,W019,Oncorhynchus mykiss,GCF_013265735.2,CAV-1,gene
9,kitlga,kitlga,90938346,90971318,+,,,,,W019,Oncorhynchus mykiss,GCF_013265735.2,CAV-1,gene
10,tmtc3,tmtc3,91046731,91157443,-,tmtc3,NC_069716.1,27572900.0,tmtc3,W019,Oncorhynchus mykiss,GCF_013265735.2,CAV-1,gene
-10,mtch2,mtch2,57659916,57677811,-,mtch2,NC_069734.1,12778740.0,mtch2,W019,Oncorhynchus mykiss,GCF_013265735.2,CCND1,gene
-9,LOC110526217,LOC110526217,57713161,57716278,+,,,,,W019,Oncorhynchus mykiss,GCF_013265735.2,CCND1,gene
-8,LOC110526219,LOC110526219,57729444,57734935,+,LOC113546714,NC_069734.1,12644282.0,LOC113546714,W019,Oncorhynchus mykiss,GCF_013265735.2,CCND1,gene
-7,LOC110526218,LOC110526218,57744132,57760940,+,LOC113546713,NC_069734.1,12635713.0,LOC113546713,W019,Oncorhynchus mykiss,GCF_013265735.2,CCND1,gene
-6,fadd,fadd,57760921,57762496,-,fadd,NC_069720.1,4668220.0,fadd,W019,Oncorhynchus mykiss,GCF_013265735.2,CCND1,gene
-5,ano1a,ano1a,57763612,57808901,-,,,,,W019,Oncorhynchus mykiss,GCF_013265735.2,CCND1,gene
-4,LOC110526223,LOC110526223,57842994,57863756,+,,,,,W019,Oncorhynchus mykiss,GCF_013265735.2,CCND1,gene
-3,fgf3,fgf3,57916345,57921070,+,fgf3,NC_069720.1,4559606.0,fgf3,W019,Oncorhynchus mykiss,GCF_013265735.2,CCND1,gene
-2,LOC110526226,LOC110526226,57928778,57936266,+,fgf4,NC_069720.1,4547848.0,fgf4,W019,Oncorhynchus mykiss,GCF_013265735.2,CCND1,gene
-1,fgf19,fgf19,57941240,57943684,+,fgf19,NC_069720.1,4531078.0,fgf19,W019,Oncorhynchus mykiss,GCF_013265735.2,CCND1,gene
0,ccnd1,ccnd1,57955388,57962808,-,ccnd1,NC_069720.1,4510293.0,ccnd1,W019,Oncorhynchus mykiss,GCF_013265735.2,CCND1,gene
1,LOC110526229,LOC110526229,58112865,58136498,-,,,,,W019,Oncorhynchus mykiss,GCF_013265735.2,CCND1,gene
2,LOC110526231,LOC110526231,58142460,58150986,-,,,,,W019,Oncorhynchus mykiss,GCF_013265735.2,CCND1,gene
3,LOC110526232,LOC110526232,58151840,58158582,+,dhcr7,NC_069720.1,4293402.0,dhcr7,W019,Oncorhynchus mykiss,GCF_013265735.2,CCND1,gene
4,LOC110526932,LOC110526932,58194103,58218894,-,mmp15b,NC_069720.1,4236856.0,mmp15b,W019,Oncorhynchus mykiss,GCF_013265735.2,CCND1,gene
5,LOC110526234,LOC110526234,58218889,58228939,+,,,,,W019,Oncorhynchus mykiss,GCF_013265735.2,CCND1,gene
6,LOC110526233,LOC110526233,58228407,58236139,+,,,,,W019,Oncorhynchus mykiss,GCF_013265735.2,CCND1,gene
7,LOC110526235,LOC110526235,58236260,58243577,+,adgrg3,NC_069720.1,4171304.0,adgrg3,W019,Oncorhynchus mykiss,GCF_013265735.2,CCND1,gene
8,LOC110526238,LOC110526238,58260503,58263649,+,,,,,W019,Oncorhynchus mykiss,GCF_013265735.2,CCND1,gene
9,slc7a6,slc7a6,58263703,58285287,-,slc7a6,NC_069720.1,673374.0,slc7a6,W019,Oncorhynchus mykiss,GCF_013265735.2,CCND1,gene
10,LOC110526239,LOC110526239,58285924,58305609,-,si:dkey-181f22.4,NC_069720.1,691098.0,si:dkey-181f22.4,W019,Oncorhynchus mykiss,GCF_013265735.2,CCND1,gene
-10,si:ch73-359m17.2,si:ch73-359m17.2,32210923,32330576,-,,,,,W020,Hypophthalmichthys nobilis,GCF_019924925.1,prdm1b,gene
-9,LOC127500865,LOC127500865,32344008,32394481,-,LOC113524928,NC_069718.1,2107066.0,LOC113524928,W020,Hypophthalmichthys nobilis,GCF_019924925.1,prdm1b,gene
-8,atf6b,atf6b,32395875,32411848,-,atf6b,NC_069718.1,2183807.0,atf6b,W020,Hypophthalmichthys nobilis,GCF_019924925.1,prdm1b,gene
-7,LOC127500972,LOC127500972,32413753,32420965,+,LOC113545587,NC_069718.1,2461793.0,LOC113545587,W020,Hypophthalmichthys nobilis,GCF_019924925.1,prdm1b,gene
-6,LOC127500973,LOC127500973,32420788,32426512,-,LOC117598059,NC_069718.1,2887224.0,LOC117598059,W020,Hypophthalmichthys nobilis,GCF_019924925.1,prdm1b,gene
-5,rpl14,rpl14,32426739,32429904,-,rpl14,NC_069722.1,25366288.0,rpl14,W020,Hypophthalmichthys nobilis,GCF_019924925.1,prdm1b,gene
-4,sgo1,sgo1,32430691,32438447,-,sgo1,NC_069722.1,25356383.0,sgo1,W020,Hypophthalmichthys nobilis,GCF_019924925.1,prdm1b,gene
-3,anxa14,anxa14,32457337,32462910,-,anxa14,NC_069722.1,25312328.0,anxa14,W020,Hypophthalmichthys nobilis,GCF_019924925.1,prdm1b,gene
-2,crybg2,crybg2,32464311,32483655,-,crybg2,NC_069722.1,25273500.0,crybg2,W020,Hypophthalmichthys nobilis,GCF_019924925.1,prdm1b,gene
-1,LOC127501340,LOC127501340,32490537,32491668,-,,,,,W020,Hypophthalmichthys nobilis,GCF_019924925.1,prdm1b,gene
0,prdm1b,prdm1b,32514985,32528233,-,prdm1b,NC_069722.1,25222003.0,prdm1b,W020,Hypophthalmichthys nobilis,GCF_019924925.1,prdm1b,gene
1,LOC127500987,LOC127500987,32546921,32564857,+,LOC113523780,NC_069722.1,25179875.0,LOC113523780,W020,Hypophthalmichthys nobilis,GCF_019924925.1,prdm1b,gene
2,LOC127500986,LOC127500986,32567919,32684693,-,LOC113523790,NC_069722.1,25111044.0,LOC113523790,W020,Hypophthalmichthys nobilis,GCF_019924925.1,prdm1b,gene
3,cdca8,cdca8,32783371,32787730,-,cdca8,NC_069732.1,14893460.0,cdca8,W020,Hypophthalmichthys nobilis,GCF_019924925.1,prdm1b,gene
4,c19h1orf109,c19h1orf109,32787882,32789383,+,c19h1orf109,NC_069732.1,14887254.0,c19h1orf109,W020,Hypophthalmichthys nobilis,GCF_019924925.1,prdm1b,gene
5,cldn35,cldn35,32789533,32793637,-,cldn35,NC_069732.1,14883609.0,cldn35,W020,Hypophthalmichthys nobilis,GCF_019924925.1,prdm1b,gene
6,ago4,ago4,32795193,32813851,-,ago4,NC_069732.1,14868806.0,ago4,W020,Hypophthalmichthys nobilis,GCF_019924925.1,prdm1b,gene
7,LOC127500502,LOC127500502,32814441,32824017,+,LOC113536267,NC_069732.1,14852253.0,LOC113536267,W020,Hypophthalmichthys nobilis,GCF_019924925.1,prdm1b,gene
8,LOC127501579,LOC127501579,32826532,32828849,+,LOC113535933,NC_069732.1,14839419.0,LOC113535933,W020,Hypophthalmichthys nobilis,GCF_019924925.1,prdm1b,gene
9,psmb2,psmb2,32837714,32845827,+,psmb2,NC_069732.1,14820805.0,psmb2,W020,Hypophthalmichthys nobilis,GCF_019924925.1,prdm1b,gene
10,tfap2e,tfap2e,32846870,32855369,-,tfap2e,NC_069732.1,14807940.0,tfap2e,W020,Hypophthalmichthys nobilis,GCF_019924925.1,prdm1b,gene
-10,irx1b,irx1b,21690534,21693718,-,irx1b,NC_069738.1,7133752.0,irx1b,W020,Hypophthalmichthys nobilis,GCF_019924925.1,fndc5b,gene
-9,irx4b,irx4b,21751213,21755837,+,irx4b,NC_069738.1,7185754.0,irx4b,W020,Hypophthalmichthys nobilis,GCF_019924925.1,fndc5b,gene
-8,ndufs6,ndufs6,21763154,21765597,-,ndufs6,NC_069738.1,7196647.0,ndufs6,W020,Hypophthalmichthys nobilis,GCF_019924925.1,fndc5b,gene
-7,lpcat1,lpcat1,21768456,21798730,+,lpcat1,NC_069738.1,7213640.0,lpcat1,W020,Hypophthalmichthys nobilis,GCF_019924925.1,fndc5b,gene
-6,nrsn1l,nrsn1l,21810138,21817339,-,nrsn1l,NC_069738.1,7230970.0,nrsn1l,W020,Hypophthalmichthys nobilis,GCF_019924925.1,fndc5b,gene
-5,sox4a,sox4a,22018314,22021577,-,sox4a,NC_069738.1,7439578.0,sox4a,W020,Hypophthalmichthys nobilis,GCF_019924925.1,fndc5b,gene
-4,e2f3,e2f3,22265210,22280455,-,e2f3,NC_069738.1,7661939.0,e2f3,W020,Hypophthalmichthys nobilis,GCF_019924925.1,fndc5b,gene
-3,srfbp1,srfbp1,22281095,22286706,-,srfbp1,NC_069738.1,7670846.0,srfbp1,W020,Hypophthalmichthys nobilis,GCF_019924925.1,fndc5b,gene
-2,maco1a,maco1a,22286693,22303953,+,maco1a,NC_069738.1,7680514.0,maco1a,W020,Hypophthalmichthys nobilis,GCF_019924925.1,fndc5b,gene
-1,ldlrap1a,ldlrap1a,22305285,22322117,+,,,,,W020,Hypophthalmichthys nobilis,GCF_019924925.1,fndc5b,gene
0,fndc5b,fndc5b,22328531,22362173,-,fndc5b,NC_069738.1,7723719.0,fndc5b,W020,Hypophthalmichthys nobilis,GCF_019924925.1,fndc5b,gene
1,marcksl1b,marcksl1b,22533668,22536400,+,marcksl1b,NC_069738.1,7892522.0,marcksl1b,W020,Hypophthalmichthys nobilis,GCF_019924925.1,fndc5b,gene
2,hdac1,hdac1,22539036,22546304,+,hdac1,NC_069738.1,7904799.0,hdac1,W020,Hypophthalmichthys nobilis,GCF_019924925.1,fndc5b,gene
3,eif3i,eif3i,22545800,22552856,-,eif3i,NC_069738.1,7916559.0,eif3i,W020,Hypophthalmichthys nobilis,GCF_019924925.1,fndc5b,gene
4,txlna,txlna,22553175,22562490,-,txlna,NC_069738.1,7929269.0,txlna,W020,Hypophthalmichthys nobilis,GCF_019924925.1,fndc5b,gene
5,si:ch73-130a3.4,si:ch73-130a3.4,22562895,22564947,+,LOC113538889,NC_069719.1,15328739.0,LOC113538889,W020,Hypophthalmichthys nobilis,GCF_019924925.1,fndc5b,gene
6,kpna6,kpna6,22567235,22586156,-,kpna6,NC_069738.1,7947782.0,kpna6,W020,Hypophthalmichthys nobilis,GCF_019924925.1,fndc5b,gene
7,khdrbs1b,khdrbs1b,22835950,22846867,-,khdrbs1b,NC_069738.1,8206498.0,khdrbs1b,W020,Hypophthalmichthys nobilis,GCF_019924925.1,fndc5b,gene
8,tspan13b,tspan13b,22859932,22869562,+,tspan13b,NC_069738.1,8231216.0,tspan13b,W020,Hypophthalmichthys nobilis,GCF_019924925.1,fndc5b,gene
9,agr2,agr2,22869921,22872589,-,agr2,NC_069738.1,8239165.0,agr2,W020,Hypophthalmichthys nobilis,GCF_019924925.1,fndc5b,gene
10,ppp1r10,ppp1r10,22876006,22888702,-,ppp1r10,NC_069738.1,8249561.0,ppp1r10,W020,Hypophthalmichthys nobilis,GCF_019924925.1,fndc5b,gene
-10,LOC127502042,LOC127502042,23465490,23500152,-,,,,,W020,Hypophthalmichthys nobilis,GCF_019924925.1,lbr,gene
-9,LOC127502620,LOC127502620,23524923,23538735,-,,,,,W020,Hypophthalmichthys nobilis,GCF_019924925.1,lbr,gene
-8,LOC127502040,LOC127502040,23551362,23589845,-,,,,,W020,Hypophthalmichthys nobilis,GCF_019924925.1,lbr,gene
-7,tnfrsf21,tnfrsf21,23643671,23667201,-,tnfrsf21,NC_069728.1,2497877.0,tnfrsf21,W020,Hypophthalmichthys nobilis,GCF_019924925.1,lbr,gene
-6,cd2ap,cd2ap,23672632,23726352,+,cd2ap,NC_069728.1,2448569.0,cd2ap,W020,Hypophthalmichthys nobilis,GCF_019924925.1,lbr,gene
-5,opn5,opn5,23739569,23755638,+,,,,,W020,Hypophthalmichthys nobilis,GCF_019924925.1,lbr,gene
-4,ptchd4,ptchd4,23770905,23797118,-,ptchd4,NC_069728.1,2402392.0,ptchd4,W020,Hypophthalmichthys nobilis,GCF_019924925.1,lbr,gene
-3,LOC127502862,LOC127502862,23860876,23864784,-,,,,,W020,Hypophthalmichthys nobilis,GCF_019924925.1,lbr,gene
-2,cnih3,cnih3,23866399,23901456,+,cnih3,NC_069728.1,2358884.0,cnih3,W020,Hypophthalmichthys nobilis,GCF_019924925.1,lbr,gene
-1,si:dkey-1j5.4,si:dkey-1j5.4,23939128,23945274,-,si:dkey-1j5.4,NC_069728.1,2307209.0,si:dkey-1j5.4,W020,Hypophthalmichthys nobilis,GCF_019924925.1,lbr,gene
0,lbr,lbr,23951176,23961692,-,lbr,NC_069728.1,2291066.0,lbr,W020,Hypophthalmichthys nobilis,GCF_019924925.1,lbr,gene
1,enah,enah,23963184,24030961,-,enah,NC_069728.1,2240513.0,enah,W020,Hypophthalmichthys nobilis,GCF_019924925.1,lbr,gene
2,srp9,srp9,24064801,24065928,+,srp9,NC_069728.1,1751014.0,srp9,W020,Hypophthalmichthys nobilis,GCF_019924925.1,lbr,gene
3,ephx1,ephx1,24066820,24071493,+,,,,,W020,Hypophthalmichthys nobilis,GCF_019924925.1,lbr,gene
4,slc5a6a,slc5a6a,24071542,24090739,-,slc5a6a,NC_069728.1,1471173.0,slc5a6a,W020,Hypophthalmichthys nobilis,GCF_019924925.1,lbr,gene
5,rpl7l1,rpl7l1,24092861,24098203,-,rpl7l1,NC_069739.1,12463575.0,rpl7l1,W020,Hypophthalmichthys nobilis,GCF_019924925.1,lbr,gene
6,ncoa1,ncoa1,24099763,24163638,+,ncoa1,NC_069739.1,12429312.0,ncoa1,W020,Hypophthalmichthys nobilis,GCF_019924925.1,lbr,gene
7,ptrhd1,ptrhd1,24164594,24165412,-,ptrhd1,NC_069739.1,12399148.0,ptrhd1,W020,Hypophthalmichthys nobilis,GCF_019924925.1,lbr,gene
8,slc25a27,slc25a27,24165948,24171709,-,slc25a27,NC_069717.1,20094970.0,slc25a27,W020,Hypophthalmichthys nobilis,GCF_019924925.1,lbr,gene
9,abracl,abracl,24171723,24174264,+,LOC113533164,NC_069717.1,20104520.0,LOC113533164,W020,Hypophthalmichthys nobilis,GCF_019924925.1,lbr,gene
10,heca,heca,24175573,24181648,+,heca,NC_069739.1,12380046.0,heca,W020,Hypophthalmichthys nobilis,GCF_019924925.1,lbr,gene
-10,elp2,elp2,25283169,25308768,-,elp2,NC_069732.1,10055152.0,elp2,W020,Hypophthalmichthys nobilis,GCF_019924925.1,bmp8a,gene
-9,abitram,abitram,25308772,25310632,+,abitram,NC_069732.1,10072927.0,abitram,W020,Hypophthalmichthys nobilis,GCF_019924925.1,bmp8a,gene
-8,ctnnal1,ctnnal1,25311403,25368459,-,ctnnal1,NC_069732.1,10105353.0,ctnnal1,W020,Hypophthalmichthys nobilis,GCF_019924925.1,bmp8a,gene
-7,sla1a,sla1a,25386643,25391792,-,sla1a,NC_069732.1,10157243.0,sla1a,W020,Hypophthalmichthys nobilis,GCF_019924925.1,bmp8a,gene
-6,ccn4a,ccn4a,25408172,25413928,+,ccn4a,NC_069732.1,10178932.0,ccn4a,W020,Hypophthalmichthys nobilis,GCF_019924925.1,bmp8a,gene
-5,ndrg1a,ndrg1a,25413629,25423782,-,ndrg1a,NC_069732.1,10190650.0,ndrg1a,W020,Hypophthalmichthys nobilis,GCF_019924925.1,bmp8a,gene
-4,ntaq1,ntaq1,25427002,25439194,+,ntaq1,NC_069732.1,10217294.0,ntaq1,W020,Hypophthalmichthys nobilis,GCF_019924925.1,bmp8a,gene
-3,LOC127500794,LOC127500794,25434429,25435611,-,si:rp71-45k5.2,NC_069732.1,10213815.0,si:rp71-45k5.2,W020,Hypophthalmichthys nobilis,GCF_019924925.1,bmp8a,gene
-2,psma2b,psma2b,25438952,25441439,-,,,,,W020,Hypophthalmichthys nobilis,GCF_019924925.1,bmp8a,gene
-1,zgc:91910,zgc:91910,25442152,25444896,+,zgc:91910,NC_069732.1,10223519.0,zgc:91910,W020,Hypophthalmichthys nobilis,GCF_019924925.1,bmp8a,gene
0,bmp8a,bmp8a,25444464,25455923,-,bmp8a,NC_069732.1,10232673.0,bmp8a,W020,Hypophthalmichthys nobilis,GCF_019924925.1,bmp8a,gene
1,macf1a,macf1a,25456070,25638526,-,macf1a,NC_069732.1,10330647.0,macf1a,W020,Hypophthalmichthys nobilis,GCF_019924925.1,bmp8a,gene
2,ndufs5,ndufs5,25641457,25643171,-,ndufs5,NC_069732.1,10427997.0,ndufs5,W020,Hypophthalmichthys nobilis,GCF_019924925.1,bmp8a,gene
3,rnf19b,rnf19b,25643737,25665298,-,rnf19b,NC_069732.1,10441491.0,rnf19b,W020,Hypophthalmichthys nobilis,GCF_019924925.1,bmp8a,gene
4,ak2,ak2,25665888,25670852,-,ak2,NC_069732.1,10455966.0,ak2,W020,Hypophthalmichthys nobilis,GCF_019924925.1,bmp8a,gene
5,anln,anln,25672374,25687197,-,anln,NC_069732.1,10468258.0,anln,W020,Hypophthalmichthys nobilis,GCF_019924925.1,bmp8a,gene
6,ptp4a2b,ptp4a2b,25689018,25718095,-,ptp4a2b,NC_069732.1,10490343.0,ptp4a2b,W020,Hypophthalmichthys nobilis,GCF_019924925.1,bmp8a,gene
7,col8a2,col8a2,25720049,25779514,-,col8a2,NC_069732.1,10527779.0,col8a2,W020,Hypophthalmichthys nobilis,GCF_019924925.1,bmp8a,gene
8,trappc3,trappc3,25858233,25865421,-,trappc3,NC_069732.1,10607147.0,trappc3,W020,Hypophthalmichthys nobilis,GCF_019924925.1,bmp8a,gene
9,angpt2b,angpt2b,25894558,25925741,+,angpt2b,NC_069732.1,10637815.0,angpt2b,W020,Hypophthalmichthys nobilis,GCF_019924925.1,bmp8a,gene
10,csmd2,csmd2,26044696,26336606,-,csmd2,NC_069732.1,10929656.0,csmd2,W020,Hypophthalmichthys nobilis,GCF_019924925.1,bmp8a,gene
-10,smarcad1a,smarcad1a,19678222,19687032,+,smarcad1a,NC_069717.1,14000866.0,smarcad1a,W020,Hypophthalmichthys nobilis,GCF_019924925.1,ptch1,gene
-9,LOC127517772,LOC127517772,19688130,19689526,-,,,,,W020,Hypophthalmichthys nobilis,GCF_019924925.1,ptch1,gene
-8,prf1.5,prf1.5,19703058,19708937,-,prf1.5,NC_069717.1,13990228.0,prf1.5,W020,Hypophthalmichthys nobilis,GCF_019924925.1,ptch1,gene
-7,mpeg1.1,mpeg1.1,19713846,19723359,-,,,,,W020,Hypophthalmichthys nobilis,GCF_019924925.1,ptch1,gene
-6,LOC127517469,LOC127517469,19723605,19724267,-,,,,,W020,Hypophthalmichthys nobilis,GCF_019924925.1,ptch1,gene
-5,tspan36,tspan36,19733459,19740265,+,tspan36,NC_069717.1,13971777.0,tspan36,W020,Hypophthalmichthys nobilis,GCF_019924925.1,ptch1,gene
-4,mapk4,mapk4,19741042,19757771,+,mapk4,NC_069717.1,13955293.0,mapk4,W020,Hypophthalmichthys nobilis,GCF_019924925.1,ptch1,gene
-3,slc20a2,slc20a2,19759326,19804082,-,slc20a2,NC_069717.1,13930353.0,slc20a2,W020,Hypophthalmichthys nobilis,GCF_019924925.1,ptch1,gene
-2,hsd17b3,hsd17b3,19804978,19821517,+,hsd17b3,NC_069717.1,13894907.0,hsd17b3,W020,Hypophthalmichthys nobilis,GCF_019924925.1,ptch1,gene
-1,ercc6l2,ercc6l2,19816323,19839935,-,ercc6l2,NC_069717.1,13877096.0,ercc6l2,W020,Hypophthalmichthys nobilis,GCF_019924925.1,ptch1,gene
0,ptch1,ptch1,19861231,19926854,+,ptch1,NC_069717.1,13815211.0,ptch1,W020,Hypophthalmichthys nobilis,GCF_019924925.1,ptch1,gene
1,fancc,fancc,19949210,19984250,+,fancc,NC_069717.1,13751199.0,fancc,W020,Hypophthalmichthys nobilis,GCF_019924925.1,ptch1,gene
2,aopep,aopep,19985196,20077195,-,aopep,NC_069717.1,13699028.0,aopep,W020,Hypophthalmichthys nobilis,GCF_019924925.1,ptch1,gene
3,dock8,dock8,20077334,20129855,-,dock8,NC_069717.1,13632748.0,dock8,W020,Hypophthalmichthys nobilis,GCF_019924925.1,ptch1,gene
4,cbwd,cbwd,20132348,20145896,+,cbwd,NC_069717.1,7463084.0,cbwd,W020,Hypophthalmichthys nobilis,GCF_019924925.1,ptch1,gene
5,foxd5,foxd5,20145973,20150905,+,foxd5,NC_069717.1,7452606.0,foxd5,W020,Hypophthalmichthys nobilis,GCF_019924925.1,ptch1,gene
6,pgm5,pgm5,20151624,20175962,+,pgm5,NC_069717.1,7438461.0,pgm5,W020,Hypophthalmichthys nobilis,GCF_019924925.1,ptch1,gene
7,si:dkey-91m11.5,si:dkey-91m11.5,20177381,20226559,+,,,,,W020,Hypophthalmichthys nobilis,GCF_019924925.1,ptch1,gene
8,specc1la,specc1la,20228600,20264961,+,,,,,W020,Hypophthalmichthys nobilis,GCF_019924925.1,ptch1,gene
9,adora2aa,adora2aa,20265846,20277694,+,,,,,W020,Hypophthalmichthys nobilis,GCF_019924925.1,ptch1,gene
10,LOC127517289,LOC127517289,20279976,20284872,+,LOC117597593,NC_069715.1,6055970.0,LOC117597593,W020,Hypophthalmichthys nobilis,GCF_019924925.1,ptch1,gene
-10,slc4a10a,slc4a10a,12122647,12172642,-,slc4a10a,NC_069720.1,21622825.0,slc4a10a,W020,Hypophthalmichthys nobilis,GCF_019924925.1,col9a1a,gene
-9,tbr1a,tbr1a,12174569,12183381,-,,,,,W020,Hypophthalmichthys nobilis,GCF_019924925.1,col9a1a,gene
-8,psmd14,psmd14,12183502,12197237,-,psmd14,NC_069720.1,21582073.0,psmd14,W020,Hypophthalmichthys nobilis,GCF_019924925.1,col9a1a,gene
-7,rbms1a,rbms1a,12220793,12242860,+,rbms1a,NC_069720.1,21545437.0,rbms1a,W020,Hypophthalmichthys nobilis,GCF_019924925.1,col9a1a,gene
-6,itgb6,itgb6,12246086,12269512,+,itgb6,NC_069720.1,21517602.0,itgb6,W020,Hypophthalmichthys nobilis,GCF_019924925.1,col9a1a,gene
-5,pla2r1,pla2r1,12270044,12303551,+,pla2r1,NC_069720.1,21494910.0,pla2r1,W020,Hypophthalmichthys nobilis,GCF_019924925.1,col9a1a,gene
-4,ly75,ly75,12306629,12338664,+,ly75,NC_069720.1,21470443.0,ly75,W020,Hypophthalmichthys nobilis,GCF_019924925.1,col9a1a,gene
-3,myom2a,myom2a,12342976,12367462,+,myom2a,NC_069720.1,21442975.0,myom2a,W020,Hypophthalmichthys nobilis,GCF_019924925.1,col9a1a,gene
-2,lgsn,lgsn,12367578,12372168,-,lgsn,NC_069720.1,21427692.0,lgsn,W020,Hypophthalmichthys nobilis,GCF_019924925.1,col9a1a,gene
-1,ptp4a1,ptp4a1,12373818,12378681,+,ptp4a1,NC_069720.1,21417762.0,ptp4a1,W020,Hypophthalmichthys nobilis,GCF_019924925.1,col9a1a,gene
0,col9a1a,col9a1a,12378726,12396095,-,,,,,W020,Hypophthalmichthys nobilis,GCF_019924925.1,col9a1a,gene
1,LOC127522344,LOC127522344,12396464,12406407,+,hyls1,NC_069720.1,21394899.0,hyls1,W020,Hypophthalmichthys nobilis,GCF_019924925.1,col9a1a,gene
2,LOC127522342,LOC127522342,12398005,12403155,+,,,,,W020,Hypophthalmichthys nobilis,GCF_019924925.1,col9a1a,gene
3,mrpl4,mrpl4,12405779,12410383,-,mrpl4,NC_069720.1,21388388.0,mrpl4,W020,Hypophthalmichthys nobilis,GCF_019924925.1,col9a1a,gene
4,c11h6orf120,c11h6orf120,12410994,12414921,-,c11h6orf120,NC_069720.1,21381820.0,c11h6orf120,W020,Hypophthalmichthys nobilis,GCF_019924925.1,col9a1a,gene
5,prph,prph,12418160,12433865,-,prph,NC_069729.1,12461966.0,prph,W020,Hypophthalmichthys nobilis,GCF_019924925.1,col9a1a,gene
6,LOC127522680,LOC127522680,12437531,12440211,-,LOC117599887,NC_069729.1,12447546.0,LOC117599887,W020,Hypophthalmichthys nobilis,GCF_019924925.1,col9a1a,gene
7,LOC127522681,LOC127522681,12441001,12445384,+,,,,,W020,Hypophthalmichthys nobilis,GCF_019924925.1,col9a1a,gene
8,suox,suox,12449372,12507382,-,suox,NC_069729.1,12426420.0,suox,W020,Hypophthalmichthys nobilis,GCF_019924925.1,col9a1a,gene
9,mcrs1,mcrs1,12459124,12472533,-,mcrs1,NC_069729.1,12404494.0,mcrs1,W020,Hypophthalmichthys nobilis,GCF_019924925.1,col9a1a,gene
10,inpp1,inpp1,12480408,12490637,+,inpp1,NC_069729.1,17230946.0,inpp1,W020,Hypophthalmichthys nobilis,GCF_019924925.1,col9a1a,gene
-10,LOC127500787,LOC127500787,18220766,18244976,+,,,,,W020,Hypophthalmichthys nobilis,GCF_019924925.1,tgfbr2,gene
-9,LOC127500786,LOC127500786,18245359,18266879,-,,,,,W020,Hypophthalmichthys nobilis,GCF_019924925.1,tgfbr2,gene
-8,LOC127501332,LOC127501332,18268679,18281578,-,,,,,W020,Hypophthalmichthys nobilis,GCF_019924925.1,tgfbr2,gene
-7,LOC127500465,LOC127500465,18288472,18336166,-,,,,,W020,Hypophthalmichthys nobilis,GCF_019924925.1,tgfbr2,gene
-6,LOC127500467,LOC127500467,18304050,18325015,-,,,,,W020,Hypophthalmichthys nobilis,GCF_019924925.1,tgfbr2,gene
-5,LOC127500464,LOC127500464,18352093,18400520,-,,,,,W020,Hypophthalmichthys nobilis,GCF_019924925.1,tgfbr2,gene
-4,LOC127500469,LOC127500469,18371441,18378224,+,,,,,W020,Hypophthalmichthys nobilis,GCF_019924925.1,tgfbr2,gene
-3,LOC127501334,LOC127501334,18400615,18404169,+,,,,,W020,Hypophthalmichthys nobilis,GCF_019924925.1,tgfbr2,gene
-2,LOC127500468,LOC127500468,18406323,18414101,-,,,,,W020,Hypophthalmichthys nobilis,GCF_019924925.1,tgfbr2,gene
-1,LOC127501601,LOC127501601,18416882,18431589,-,,,,,W020,Hypophthalmichthys nobilis,GCF_019924925.1,tgfbr2,gene
0,tgfbr2a,tgfbr2a,18435338,18452650,-,,,,,W020,Hypophthalmichthys nobilis,GCF_019924925.1,tgfbr2,gene
1,LOC127501519,LOC127501519,18472361,18505513,-,,,,,W020,Hypophthalmichthys nobilis,GCF_019924925.1,tgfbr2,gene
2,eomesa,eomesa,18606070,18612204,+,eomesa,NC_069718.1,1628171.0,eomesa,W020,Hypophthalmichthys nobilis,GCF_019924925.1,tgfbr2,gene
3,ppp1r18,ppp1r18,18623563,18632488,-,ppp1r18,NC_069718.1,1257092.0,ppp1r18,W020,Hypophthalmichthys nobilis,GCF_019924925.1,tgfbr2,gene
4,nrm,nrm,18636357,18641099,-,nrm,NC_069718.1,1269728.0,nrm,W020,Hypophthalmichthys nobilis,GCF_019924925.1,tgfbr2,gene
5,LOC127501204,LOC127501204,18658945,18662407,-,,,,,W020,Hypophthalmichthys nobilis,GCF_019924925.1,tgfbr2,gene
6,LOC127500695,LOC127500695,18673050,18679416,-,,,,,W020,Hypophthalmichthys nobilis,GCF_019924925.1,tgfbr2,gene
7,LOC127500697,LOC127500697,18720816,18739144,-,,,,,W020,Hypophthalmichthys nobilis,GCF_019924925.1,tgfbr2,gene
8,LOC127500693,LOC127500693,18774187,18888245,-,,,,,W020,Hypophthalmichthys nobilis,GCF_019924925.1,tgfbr2,gene
9,LOC127500696,LOC127500696,18793021,18805573,-,,,,,W020,Hypophthalmichthys nobilis,GCF_019924925.1,tgfbr2,gene
10,glmp,glmp,18862830,18905914,+,glmp,NC_069718.1,900080.0,glmp,W020,Hypophthalmichthys nobilis,GCF_019924925.1,tgfbr2,gene
-10,mlphb,mlphb,12390230,12404096,+,,,,,W020,Hypophthalmichthys nobilis,GCF_019924925.1,hecw2a,gene
-9,prlh,prlh,12404249,12405706,+,,,,,W020,Hypophthalmichthys nobilis,GCF_019924925.1,hecw2a,gene
-8,rpe,rpe,12405383,12409653,-,rpe,NC_069714.1,2807554.0,rpe,W020,Hypophthalmichthys nobilis,GCF_019924925.1,hecw2a,gene
-7,ackr3a,ackr3a,12417434,12424184,-,,,,,W020,Hypophthalmichthys nobilis,GCF_019924925.1,hecw2a,gene
-6,LOC127518600,LOC127518600,12434716,12445339,-,,,,,W020,Hypophthalmichthys nobilis,GCF_019924925.1,hecw2a,gene
-5,LOC127518605,LOC127518605,12450796,12452380,-,,,,,W020,Hypophthalmichthys nobilis,GCF_019924925.1,hecw2a,gene
-4,lrrfip1a,lrrfip1a,12453176,12489970,+,lrrfip1a,NC_069714.1,2861081.0,lrrfip1a,W020,Hypophthalmichthys nobilis,GCF_019924925.1,hecw2a,gene
-3,tyw5,tyw5,12489841,12492358,-,tyw5,NC_069714.1,3347619.0,tyw5,W020,Hypophthalmichthys nobilis,GCF_019924925.1,hecw2a,gene
-2,maip1,maip1,12492673,12494805,+,maip1,NC_069714.1,3352515.0,maip1,W020,Hypophthalmichthys nobilis,GCF_019924925.1,hecw2a,gene
-1,pgap1,pgap1,12495030,12512184,+,pgap1,NC_069714.1,3367914.0,pgap1,W020,Hypophthalmichthys nobilis,GCF_019924925.1,hecw2a,gene
0,hecw2a,hecw2a,12513511,12541248,+,hecw2a,NC_069714.1,3402882.0,hecw2a,W020,Hypophthalmichthys nobilis,GCF_019924925.1,hecw2a,gene
1,stk17b,stk17b,12541927,12550681,+,stk17b,NC_069714.1,3433191.0,stk17b,W020,Hypophthalmichthys nobilis,GCF_019924925.1,hecw2a,gene
2,c9h2orf69,c9h2orf69,12551037,12555186,-,c5h2orf69,NC_069714.1,3443965.0,c5h2orf69,W020,Hypophthalmichthys nobilis,GCF_019924925.1,hecw2a,gene
3,ftcdnl1,ftcdnl1,12555387,12558607,+,ftcdnl1,NC_069714.1,3449556.0,ftcdnl1,W020,Hypophthalmichthys nobilis,GCF_019924925.1,hecw2a,gene
4,nabp1a,nabp1a,12559717,12564049,-,nabp1a,NC_069714.1,3455641.0,nabp1a,W020,Hypophthalmichthys nobilis,GCF_019924925.1,hecw2a,gene
5,cavin2a,cavin2a,12568099,12582229,-,cavin2a,NC_069714.1,3476142.0,cavin2a,W020,Hypophthalmichthys nobilis,GCF_019924925.1,hecw2a,gene
6,tmeff2a,tmeff2a,12587710,12657667,-,tmeff2a,NC_069714.1,3536922.0,tmeff2a,W020,Hypophthalmichthys nobilis,GCF_019924925.1,hecw2a,gene
7,slc39a10,slc39a10,12952478,12989012,+,slc39a10,NC_069714.1,4135819.0,slc39a10,W020,Hypophthalmichthys nobilis,GCF_019924925.1,hecw2a,gene
8,dnah7,dnah7,12986879,13056789,-,dnah7,NC_069714.1,4213862.0,dnah7,W020,Hypophthalmichthys nobilis,GCF_019924925.1,hecw2a,gene
9,rubcnl,rubcnl,13061461,13073845,-,rubcnl,NC_069714.1,1620426.0,rubcnl,W020,Hypophthalmichthys nobilis,GCF_019924925.1,hecw2a,gene
10,lrch1,lrch1,13071352,13118943,+,lrch1,NC_069714.1,1659507.0,lrch1,W020,Hypophthalmichthys nobilis,GCF_019924925.1,hecw2a,gene
-10,LOC127498765,LOC127498765,19130638,19341234,+,,,,,W020,Hypophthalmichthys nobilis,GCF_019924925.1,zbtb42,gene
-9,LOC127498768,LOC127498768,19292355,19300320,+,,,,,W020,Hypophthalmichthys nobilis,GCF_019924925.1,zbtb42,gene
-8,LOC127498528,LOC127498528,19379385,19382091,+,LOC113530110,NC_069719.1,20637332.0,LOC113530110,W020,Hypophthalmichthys nobilis,GCF_019924925.1,zbtb42,gene
-7,LOC127498529,LOC127498529,19383475,19385748,+,,,,,W020,Hypophthalmichthys nobilis,GCF_019924925.1,zbtb42,gene
-6,LOC127498246,LOC127498246,19420697,19424058,+,gchfr,NC_069719.1,20593370.0,gchfr,W020,Hypophthalmichthys nobilis,GCF_019924925.1,zbtb42,gene
-5,LOC127498244,LOC127498244,19424728,19482172,-,dnajc17,NC_069719.1,20554502.0,dnajc17,W020,Hypophthalmichthys nobilis,GCF_019924925.1,zbtb42,gene
-4,LOC127498245,LOC127498245,19440155,19446135,+,,,,,W020,Hypophthalmichthys nobilis,GCF_019924925.1,zbtb42,gene
-3,LOC127498241,LOC127498241,19484890,19520209,+,LOC113529670,NC_069719.1,20491737.0,LOC113529670,W020,Hypophthalmichthys nobilis,GCF_019924925.1,zbtb42,gene
-2,adss1,adss1,19521511,19532675,+,adss1,NC_069719.1,20475231.0,adss1,W020,Hypophthalmichthys nobilis,GCF_019924925.1,zbtb42,gene
-1,siva1,siva1,19536229,19539754,+,,,,,W020,Hypophthalmichthys nobilis,GCF_019924925.1,zbtb42,gene
0,zbtb42,zbtb42,19550057,19555133,-,zbtb42,NC_069719.1,20377830.0,zbtb42,W020,Hypophthalmichthys nobilis,GCF_019924925.1,zbtb42,gene
1,akt1,akt1,19562998,19618876,+,,,,,W020,Hypophthalmichthys nobilis,GCF_019924925.1,zbtb42,gene
2,cep170ba,cep170ba,19623307,19654105,+,,,,,W020,Hypophthalmichthys nobilis,GCF_019924925.1,zbtb42,gene
3,LOC127498267,LOC127498267,19656821,19670198,+,,,,,W020,Hypophthalmichthys nobilis,GCF_019924925.1,zbtb42,gene
4,srp14,srp14,19674418,19680980,+,srp14,NC_069719.1,20248512.0,srp14,W020,Hypophthalmichthys nobilis,GCF_019924925.1,zbtb42,gene
5,xgb,xgb,19681025,19699026,-,,,,,W020,Hypophthalmichthys nobilis,GCF_019924925.1,zbtb42,gene
6,LOC127498266,LOC127498266,19701283,19755397,-,LOC113538714,NC_069719.1,20194891.0,LOC113538714,W020,Hypophthalmichthys nobilis,GCF_019924925.1,zbtb42,gene
7,spint1a,spint1a,19757183,19774932,-,spint1a,NC_069719.1,20162492.0,spint1a,W020,Hypophthalmichthys nobilis,GCF_019924925.1,zbtb42,gene
8,ppp1r14d,ppp1r14d,19783236,19798475,+,,,,,W020,Hypophthalmichthys nobilis,GCF_019924925.1,zbtb42,gene
9,zfyve19,zfyve19,19800101,19811425,-,zfyve19,NC_069719.1,20115467.0,zfyve19,W020,Hypophthalmichthys nobilis,GCF_019924925.1,zbtb42,gene
10,bub1bb,bub1bb,19811811,19816100,+,bub1bb,NC_069719.1,20108026.0,bub1bb,W020,Hypophthalmichthys nobilis,GCF_019924925.1,zbtb42,gene
-10,si:ch211-91p5.3,si:ch211-91p5.3,18031385,18048014,+,si:ch211-91p5.3,NC_069735.1,7170032.0,si:ch211-91p5.3,W020,Hypophthalmichthys nobilis,GCF_019924925.1,sema7a,gene
-9,hyal6,hyal6,18063871,18073559,+,,,,,W020,Hypophthalmichthys nobilis,GCF_019924925.1,sema7a,gene
-8,LOC127507675,LOC127507675,18086177,18098428,+,,,,,W020,Hypophthalmichthys nobilis,GCF_019924925.1,sema7a,gene
-7,spam1,spam1,18098670,18104270,+,LOC113530148,NC_069718.1,18687676.0,LOC113530148,W020,Hypophthalmichthys nobilis,GCF_019924925.1,sema7a,gene
-6,gpr37a,gpr37a,18117962,18125013,-,gpr37a,NC_069718.1,18643707.0,gpr37a,W020,Hypophthalmichthys nobilis,GCF_019924925.1,sema7a,gene
-5,pot1,pot1,18125109,18171566,-,pot1,NC_069718.1,18616482.0,pot1,W020,Hypophthalmichthys nobilis,GCF_019924925.1,sema7a,gene
-4,grm8b,grm8b,18215728,18379239,-,grm8b,NC_069718.1,18494981.0,grm8b,W020,Hypophthalmichthys nobilis,GCF_019924925.1,sema7a,gene
-3,znf800a,znf800a,18380798,18395473,-,znf800a,NC_069718.1,18419847.0,znf800a,W020,Hypophthalmichthys nobilis,GCF_019924925.1,sema7a,gene
-2,si:dkey-42p14.3,si:dkey-42p14.3,18402425,18405770,-,si:dkey-42p14.3,NC_069718.1,18397234.0,si:dkey-42p14.3,W020,Hypophthalmichthys nobilis,GCF_019924925.1,sema7a,gene
-1,dldh,dldh,18407226,18415861,+,dldh,NC_069718.1,18391360.0,dldh,W020,Hypophthalmichthys nobilis,GCF_019924925.1,sema7a,gene
0,sema7a,sema7a,18426493,18442606,-,sema7a,NC_069718.1,16839075.0,sema7a,W020,Hypophthalmichthys nobilis,GCF_019924925.1,sema7a,gene
1,commd4,commd4,18443943,18447928,+,commd4,NC_069718.1,16846772.0,commd4,W020,Hypophthalmichthys nobilis,GCF_019924925.1,sema7a,gene
2,neil1,neil1,18448160,18463887,+,neil1,NC_069718.1,16851765.0,neil1,W020,Hypophthalmichthys nobilis,GCF_019924925.1,sema7a,gene
3,man2c1,man2c1,18454537,18479198,-,man2c1,NC_069718.1,16859300.0,man2c1,W020,Hypophthalmichthys nobilis,GCF_019924925.1,sema7a,gene
4,ca12,ca12,18481913,18503204,-,ca12,NC_069718.1,16875256.0,ca12,W020,Hypophthalmichthys nobilis,GCF_019924925.1,sema7a,gene
5,si:dkeyp-73b11.8,si:dkeyp-73b11.8,18514368,18519406,+,si:dkeyp-73b11.8,NC_069718.1,16885985.0,si:dkeyp-73b11.8,W020,Hypophthalmichthys nobilis,GCF_019924925.1,sema7a,gene
6,usp3,usp3,18521107,18537730,+,usp3,NC_069718.1,16893746.0,usp3,W020,Hypophthalmichthys nobilis,GCF_019924925.1,sema7a,gene
7,fbxl22,fbxl22,18542393,18556480,+,fbxl22,NC_069718.1,16902683.0,fbxl22,W020,Hypophthalmichthys nobilis,GCF_019924925.1,sema7a,gene
8,LOC127507008,LOC127507008,18607801,18617733,+,LOC113529940,NC_069718.1,16938934.0,LOC113529940,W020,Hypophthalmichthys nobilis,GCF_019924925.1,sema7a,gene
9,LOC127507759,LOC127507759,18620589,18628504,-,,,,,W020,Hypophthalmichthys nobilis,GCF_019924925.1,sema7a,gene
10,dapk2b,dapk2b,18630880,18672408,-,,,,,W020,Hypophthalmichthys nobilis,GCF_019924925.1,sema7a,gene
-2,myl4,myl4,14307,16683,-,myl4,NC_069738.1,4777655.0,myl4,W021,Lates calcarifer,GCF_001640805.2,gh1,gene
-1,scn4ab,scn4ab,18279,46415,+,scn4ab,NC_069738.1,4814666.0,scn4ab,W021,Lates calcarifer,GCF_001640805.2,gh1,gene
0,gh1,gh1,49532,51320,+,gh1,NC_069738.1,4925386.0,gh1,W021,Lates calcarifer,GCF_001640805.2,gh1,gene
1,cdc27,cdc27,51818,60846,+,cdc27,NC_069738.1,4648810.0,cdc27,W021,Lates calcarifer,GCF_001640805.2,gh1,gene
2,maptb,maptb,61733,66856,-,,,,,W021,Lates calcarifer,GCF_001640805.2,gh1,gene
3,crhr1,crhr1,68845,82988,-,,,,,W021,Lates calcarifer,GCF_001640805.2,gh1,gene
4,LOC127140818,LOC127140818,87193,88472,+,,,,,W021,Lates calcarifer,GCF_001640805.2,gh1,gene
5,itga2b,itga2b,89479,103401,+,itga2b,NC_069722.1,7878964.0,itga2b,W021,Lates calcarifer,GCF_001640805.2,gh1,gene
6,syngr1a,syngr1a,103543,109614,+,,,,,W021,Lates calcarifer,GCF_001640805.2,gh1,gene
7,ifnphi3,ifnphi3,110211,114026,-,,,,,W021,Lates calcarifer,GCF_001640805.2,gh1,gene
8,LOC108873245,LOC108873245,117564,120003,-,,,,,W021,Lates calcarifer,GCF_001640805.2,gh1,gene
9,LOC108873243,LOC108873243,120585,134770,+,LOC113528687,NC_069736.1,19684698.0,LOC113528687,W021,Lates calcarifer,GCF_001640805.2,gh1,gene
10,LOC108873251,LOC108873251,138914,158812,+,,,,,W021,Lates calcarifer,GCF_001640805.2,gh1,gene
-10,LOC110529598,LOC110529598,21816712,21822446,-,,,,,W022,Oncorhynchus mykiss,GCF_013265735.2,gnpat,gene
-9,LOC110529599,LOC110529599,21832528,21872462,-,igf2r,NC_069728.1,16966131.0,igf2r,W022,Oncorhynchus mykiss,GCF_013265735.2,gnpat,gene
-8,LOC110529600,LOC110529600,21874399,21876744,+,c30h1orf198,NC_069739.1,4574619.0,c30h1orf198,W022,Oncorhynchus mykiss,GCF_013265735.2,gnpat,gene
-7,LOC110529601,LOC110529601,21876894,21879588,+,,,,,W022,Oncorhynchus mykiss,GCF_013265735.2,gnpat,gene
-6,ttc13,ttc13,21887973,21905043,-,ttc13,NC_069739.1,4553640.0,ttc13,W022,Oncorhynchus mykiss,GCF_013265735.2,gnpat,gene
-5,LOC110529605,LOC110529605,21915516,21918789,-,fam89a,NC_069739.1,4534201.0,fam89a,W022,Oncorhynchus mykiss,GCF_013265735.2,gnpat,gene
-4,LOC110529207,LOC110529207,21921573,21926307,-,,,,,W022,Oncorhynchus mykiss,GCF_013265735.2,gnpat,gene
-3,LOC110529606,LOC110529606,21927010,21929650,+,exoc8,NC_069739.1,4523916.0,exoc8,W022,Oncorhynchus mykiss,GCF_013265735.2,gnpat,gene
-2,LOC110529607,LOC110529607,21931042,21958665,+,,,,,W022,Oncorhynchus mykiss,GCF_013265735.2,gnpat,gene
-1,c8h1orf131,c8h1orf131,21958205,21961107,-,c30h1orf131,NC_069739.1,4490345.0,c30h1orf131,W022,Oncorhynchus mykiss,GCF_013265735.2,gnpat,gene
0,gnpat,gnpat,21961001,21970793,+,gnpat,NC_069739.1,4481050.0,gnpat,W022,Oncorhynchus mykiss,GCF_013265735.2,gnpat,gene
1,LOC110529611,LOC110529611,22007750,22288163,-,LOC113529295,NC_069739.1,4371315.0,LOC113529295,W022,Oncorhynchus mykiss,GCF_013265735.2,gnpat,gene
2,LOC110529612,LOC110529612,22310381,22315605,-,,,,,W022,Oncorhynchus mykiss,GCF_013265735.2,gnpat,gene
3,LOC110529613,LOC110529613,22318493,22403025,+,scara5,NC_069739.1,4087350.0,scara5,W022,Oncorhynchus mykiss,GCF_013265735.2,gnpat,gene
4,LOC110529615,LOC110529615,22406165,22409857,+,,,,,W022,Oncorhynchus mykiss,GCF_013265735.2,gnpat,gene
5,LOC110529614,LOC110529614,22410004,22416404,-,,,,,W022,Oncorhynchus mykiss,GCF_013265735.2,gnpat,gene
6,LOC110529617,LOC110529617,22446715,22459584,-,scara3,NC_069728.1,15090287.0,scara3,W022,Oncorhynchus mykiss,GCF_013265735.2,gnpat,gene
7,LOC100136120,LOC100136120,22473965,22478556,+,,,,,W022,Oncorhynchus mykiss,GCF_013265735.2,gnpat,gene
8,LOC110529618,LOC110529618,22481780,22496418,-,reps1,NC_069728.1,15045057.0,reps1,W022,Oncorhynchus mykiss,GCF_013265735.2,gnpat,gene
9,LOC110531077,LOC110531077,22503872,22506362,+,,,,,W022,Oncorhynchus mykiss,GCF_013265735.2,gnpat,gene
10,LOC110529619,LOC110529619,22506844,22512029,+,,,,,W022,Oncorhynchus mykiss,GCF_013265735.2,gnpat,gene
-10,LOC110526374,LOC110526374,66085119,66098315,+,btbd10b,NC_069720.1,3671370.0,btbd10b,W022,Oncorhynchus mykiss,GCF_013265735.2,bcmo1,gene
-9,LOC100499618,LOC100499618,66098317,66122139,-,,,,,W022,Oncorhynchus mykiss,GCF_013265735.2,bcmo1,gene
-8,LOC110526375,LOC110526375,66179626,66181802,-,,,,,W022,Oncorhynchus mykiss,GCF_013265735.2,bcmo1,gene
-7,LOC110526376,LOC110526376,66184227,66252048,-,,,,,W022,Oncorhynchus mykiss,GCF_013265735.2,bcmo1,gene
-6,LOC110526378,LOC110526378,66259703,66271100,-,,,,,W022,Oncorhynchus mykiss,GCF_013265735.2,bcmo1,gene
-5,LOC110526379,LOC110526379,66277162,66326558,-,mical2a,NC_069720.1,3899497.0,mical2a,W022,Oncorhynchus mykiss,GCF_013265735.2,bcmo1,gene
-4,dkk3a,dkk3a,66327731,66332554,+,dkk3a,NC_069720.1,3936124.0,dkk3a,W022,Oncorhynchus mykiss,GCF_013265735.2,bcmo1,gene
-3,usp47,usp47,66332673,66354876,-,usp47,NC_069720.1,3957584.0,usp47,W022,Oncorhynchus mykiss,GCF_013265735.2,bcmo1,gene
-2,LOC110526383,LOC110526383,66360855,66398419,-,,,,,W022,Oncorhynchus mykiss,GCF_013265735.2,bcmo1,gene
-1,LOC110526384,LOC110526384,66401753,66405909,-,,,,,W022,Oncorhynchus mykiss,GCF_013265735.2,bcmo1,gene
0,bco1,bco1,66406013,66438607,-,bco1,NC_069720.1,4021960.0,bco1,W022,Oncorhynchus mykiss,GCF_013265735.2,bcmo1,gene
1,LOC110526385,LOC110526385,66448244,66452652,-,,,,,W022,Oncorhynchus mykiss,GCF_013265735.2,bcmo1,gene
2,pkd1l2a,pkd1l2a,66460723,66500000,+,pkd1l2a,NC_069720.1,4050256.0,pkd1l2a,W022,Oncorhynchus mykiss,GCF_013265735.2,bcmo1,gene
3,LOC110526388,LOC110526388,66506911,66565353,+,,,,,W022,Oncorhynchus mykiss,GCF_013265735.2,bcmo1,gene
4,LOC110526389,LOC110526389,66575490,66591573,+,,,,,W022,Oncorhynchus mykiss,GCF_013265735.2,bcmo1,gene
5,LOC110526391,LOC110526391,66592581,66596719,+,,,,,W022,Oncorhynchus mykiss,GCF_013265735.2,bcmo1,gene
6,LOC110526390,LOC110526390,66597778,66602137,+,,,,,W022,Oncorhynchus mykiss,GCF_013265735.2,bcmo1,gene
7,LOC110526392,LOC110526392,66609230,66647423,+,cpne7,NC_069720.1,3116873.0,cpne7,W022,Oncorhynchus mykiss,GCF_013265735.2,bcmo1,gene
8,LOC110526393,LOC110526393,66748816,66753440,+,LOC113536623,NC_069720.1,3018849.0,LOC113536623,W022,Oncorhynchus mykiss,GCF_013265735.2,bcmo1,gene
9,LOC110526948,LOC110526948,66756330,66776332,+,dhx38,NC_069720.1,3001113.0,dhx38,W022,Oncorhynchus mykiss,GCF_013265735.2,bcmo1,gene
10,LOC110526397,LOC110526397,66804358,66819558,-,,,,,W022,Oncorhynchus mykiss,GCF_013265735.2,bcmo1,gene
-10,LOC110485160,LOC110485160,36825231,36828499,-,,,,,W023,Oncorhynchus mykiss,GCF_013265735.2,STAT5B,gene
-9,LOC110486253,LOC110486253,36840781,36852060,-,,,,,W023,Oncorhynchus mykiss,GCF_013265735.2,STAT5B,gene
-8,LOC110486255,LOC110486255,36850070,36854713,+,nkiras2,NC_069722.1,6361382.0,nkiras2,W023,Oncorhynchus mykiss,GCF_013265735.2,STAT5B,gene
-7,LOC110485161,LOC110485161,36857430,37073395,-,,,,,W023,Oncorhynchus mykiss,GCF_013265735.2,STAT5B,gene
-6,LOC110485163,LOC110485163,37115439,37120056,-,,,,,W023,Oncorhynchus mykiss,GCF_013265735.2,STAT5B,gene
-5,LOC110486259,LOC110486259,37120588,37133109,-,kat2a,NC_069722.1,6491719.0,kat2a,W023,Oncorhynchus mykiss,GCF_013265735.2,STAT5B,gene
-4,LOC110486260,LOC110486260,37133819,37151534,-,,,,,W023,Oncorhynchus mykiss,GCF_013265735.2,STAT5B,gene
-3,LOC110485164,LOC110485164,37152429,37182020,-,,,,,W023,Oncorhynchus mykiss,GCF_013265735.2,STAT5B,gene
-2,LOC110486261,LOC110486261,37183781,37186986,-,hcrt,NC_069722.1,6569734.0,hcrt,W023,Oncorhynchus mykiss,GCF_013265735.2,STAT5B,gene
-1,LOC110486262,LOC110486262,37190627,37284114,-,,,,,W023,Oncorhynchus mykiss,GCF_013265735.2,STAT5B,gene
0,stat5,stat5,37293710,37395301,-,,,,,W023,Oncorhynchus mykiss,GCF_013265735.2,STAT5B,gene
1,rbtstat3,rbtstat3,37398223,37425416,-,,,,,W023,Oncorhynchus mykiss,GCF_013265735.2,STAT5B,gene
2,LOC110486263,LOC110486263,37426664,37455479,-,,,,,W023,Oncorhynchus mykiss,GCF_013265735.2,STAT5B,gene
3,LOC110486264,LOC110486264,37458234,37479500,+,,,,,W023,Oncorhynchus mykiss,GCF_013265735.2,STAT5B,gene
4,LOC110486265,LOC110486265,37486500,37502910,-,stk17al,NC_069722.1,6871306.0,stk17al,W023,Oncorhynchus mykiss,GCF_013265735.2,STAT5B,gene
5,LOC110487538,LOC110487538,37565631,37567727,+,,,,,W023,Oncorhynchus mykiss,GCF_013265735.2,STAT5B,gene
6,LOC110486266,LOC110486266,37580748,37586162,+,si:ch73-141c7.1,NC_069722.1,6290424.0,si:ch73-141c7.1,W023,Oncorhynchus mykiss,GCF_013265735.2,STAT5B,gene
7,LOC110486267,LOC110486267,37588948,37604528,-,mylk5,NC_069722.1,4193572.0,mylk5,W023,Oncorhynchus mykiss,GCF_013265735.2,STAT5B,gene
8,LOC110486268,LOC110486268,37609264,37617259,-,,,,,W023,Oncorhynchus mykiss,GCF_013265735.2,STAT5B,gene
9,LOC110485165,LOC110485165,37618087,37619016,+,,,,,W023,Oncorhynchus mykiss,GCF_013265735.2,STAT5B,gene
10,LOC110485166,LOC110485166,37628502,37631611,-,fzd2,NC_069722.1,4234297.0,fzd2,W023,Oncorhynchus mykiss,GCF_013265735.2,STAT5B,gene
-10,LOC110538184,LOC110538184,70034420,70046169,-,dnajc7,NC_069722.1,6348764.0,dnajc7,W023,Oncorhynchus mykiss,GCF_013265735.2,STAT3,gene
-9,LOC110538185,LOC110538185,70044585,70048245,+,,,,,W023,Oncorhynchus mykiss,GCF_013265735.2,STAT3,gene
-8,znf385c,znf385c,70056225,70259856,-,znf385c,NC_069722.1,6413172.0,znf385c,W023,Oncorhynchus mykiss,GCF_013265735.2,STAT3,gene
-7,dhx58,dhx58,70280718,70308202,-,dhx58,NC_069722.1,6481345.0,dhx58,W023,Oncorhynchus mykiss,GCF_013265735.2,STAT3,gene
-6,LOC110538187,LOC110538187,70308700,70318056,-,,,,,W023,Oncorhynchus mykiss,GCF_013265735.2,STAT3,gene
-5,rab5c,rab5c,70318706,70336297,-,,,,,W023,Oncorhynchus mykiss,GCF_013265735.2,STAT3,gene
-4,kcnh4a,kcnh4a,70336735,70367252,-,kcnh4a,NC_069722.1,6544187.0,kcnh4a,W023,Oncorhynchus mykiss,GCF_013265735.2,STAT3,gene
-3,hcrt,hcrt,70370066,70371951,-,,,,,W023,Oncorhynchus mykiss,GCF_013265735.2,STAT3,gene
-2,LOC110538191,LOC110538191,70375985,70464913,-,plcl5,NC_069722.1,6611221.0,plcl5,W023,Oncorhynchus mykiss,GCF_013265735.2,STAT3,gene
-1,LOC110538192,LOC110538192,70475743,70569019,-,stat5a,NC_069722.1,6703180.0,stat5a,W023,Oncorhynchus mykiss,GCF_013265735.2,STAT3,gene
0,LOC110538194,LOC110538194,70587166,70609969,-,stat3,NC_069722.1,6766808.0,stat3,W023,Oncorhynchus mykiss,GCF_013265735.2,STAT3,gene
1,LOC110538196,LOC110538196,70612291,70633997,-,,,,,W023,Oncorhynchus mykiss,GCF_013265735.2,STAT3,gene
2,LOC110538197,LOC110538197,70640964,70664813,+,,,,,W023,Oncorhynchus mykiss,GCF_013265735.2,STAT3,gene
3,LOC110538198,LOC110538198,70671846,70687807,-,,,,,W023,Oncorhynchus mykiss,GCF_013265735.2,STAT3,gene
4,LOC110538199,LOC110538199,70734239,70736353,+,hsd17b1,NC_069722.1,6282463.0,hsd17b1,W023,Oncorhynchus mykiss,GCF_013265735.2,STAT3,gene
5,si:ch73-141c7.1,si:ch73-141c7.1,70745535,70750237,+,,,,,W023,Oncorhynchus mykiss,GCF_013265735.2,STAT3,gene
6,LOC110538201,LOC110538201,70752514,70754545,+,,,,,W023,Oncorhynchus mykiss,GCF_013265735.2,STAT3,gene
7,LOC110538203,LOC110538203,70756654,70758166,+,,,,,W023,Oncorhynchus mykiss,GCF_013265735.2,STAT3,gene
8,LOC110538202,LOC110538202,70757919,70775014,-,,,,,W023,Oncorhynchus mykiss,GCF_013265735.2,STAT3,gene
9,LOC110538204,LOC110538204,70800367,70804955,-,,,,,W023,Oncorhynchus mykiss,GCF_013265735.2,STAT3,gene
10,LOC110538205,LOC110538205,70807167,70819174,+,moto,NC_069722.1,4242612.0,moto,W023,Oncorhynchus mykiss,GCF_013265735.2,STAT3,gene
-10,LOC110527803,LOC110527803,42960419,42982836,-,,,,,W023,Oncorhynchus mykiss,GCF_013265735.2,CISH,gene
-9,LOC110527804,LOC110527804,42985660,42991364,+,si:ch211-161c3.5,NC_069711.1,9004084.0,si:ch211-161c3.5,W023,Oncorhynchus mykiss,GCF_013265735.2,CISH,gene
-8,LOC110527805,LOC110527805,42991447,43001777,-,,,,,W023,Oncorhynchus mykiss,GCF_013265735.2,CISH,gene
-7,LOC110527807,LOC110527807,43003314,43027816,-,,,,,W023,Oncorhynchus mykiss,GCF_013265735.2,CISH,gene
-6,LOC110527808,LOC110527808,43027924,43035211,+,abhd14b,NC_069711.1,9039197.0,abhd14b,W023,Oncorhynchus mykiss,GCF_013265735.2,CISH,gene
-5,LOC110527806,LOC110527806,43034642,43329567,-,,,,,W023,Oncorhynchus mykiss,GCF_013265735.2,CISH,gene
-4,LOC110527809,LOC110527809,43428379,43433682,-,hyal2a,NC_069711.1,9378620.0,hyal2a,W023,Oncorhynchus mykiss,GCF_013265735.2,CISH,gene
-3,LOC110527812,LOC110527812,43436880,43439076,-,,,,,W023,Oncorhynchus mykiss,GCF_013265735.2,CISH,gene
-2,LOC110527811,LOC110527811,43439214,43458193,-,,,,,W023,Oncorhynchus mykiss,GCF_013265735.2,CISH,gene
-1,zmynd10,zmynd10,43457395,43466285,-,zmynd10,NC_069711.1,14953745.0,zmynd10,W023,Oncorhynchus mykiss,GCF_013265735.2,CISH,gene
0,cish,cish,43487093,43491299,-,cish,NC_069711.1,15679331.0,cish,W023,Oncorhynchus mykiss,GCF_013265735.2,CISH,gene
1,LOC110527813,LOC110527813,43492886,43506472,-,LOC113530515,NC_069711.1,15694326.0,LOC113530515,W023,Oncorhynchus mykiss,GCF_013265735.2,CISH,gene
2,wdr82,wdr82,43511541,43514743,-,wdr82,NC_069711.1,15706486.0,wdr82,W023,Oncorhynchus mykiss,GCF_013265735.2,CISH,gene
3,LOC110527816,LOC110527816,43526702,43537037,-,,,,,W023,Oncorhynchus mykiss,GCF_013265735.2,CISH,gene
4,mon1bb,mon1bb,43536997,43545817,+,mon1bb,NC_069729.1,10209004.0,mon1bb,W023,Oncorhynchus mykiss,GCF_013265735.2,CISH,gene
5,brpf3a,brpf3a,43545876,43572323,-,,,,,W023,Oncorhynchus mykiss,GCF_013265735.2,CISH,gene
6,si:dkey-183j2.10,si:dkey-183j2.10,43567660,43582311,+,,,,,W023,Oncorhynchus mykiss,GCF_013265735.2,CISH,gene
7,plch2b,plch2b,43582314,43596447,-,,,,,W023,Oncorhynchus mykiss,GCF_013265735.2,CISH,gene
8,skib,skib,43600549,43639637,-,,,,,W023,Oncorhynchus mykiss,GCF_013265735.2,CISH,gene
9,LOC110527821,LOC110527821,43645370,43663650,-,,,,,W023,Oncorhynchus mykiss,GCF_013265735.2,CISH,gene
10,kaznb,kaznb,43663809,43823887,-,,,,,W023,Oncorhynchus mykiss,GCF_013265735.2,CISH,gene
-10,drc5,drc5,14150137,14157979,+,tcte1,NC_069728.1,12970030.0,tcte1,W024,Oreochromis niloticus,GCF_001858045.2,FUT8,gene
-9,tmem151ba,tmem151ba,14158285,14166963,-,,,,,W024,Oreochromis niloticus,GCF_001858045.2,FUT8,gene
-8,nfkbie,nfkbie,14170858,14179535,+,nfkbie,NC_069728.1,13015555.0,nfkbie,W024,Oreochromis niloticus,GCF_001858045.2,FUT8,gene
-7,slc35b2,slc35b2,14183249,14188985,+,slc35b2,NC_069728.1,13032535.0,slc35b2,W024,Oreochromis niloticus,GCF_001858045.2,FUT8,gene
-6,hsp90ab1,hsp90ab1,14200755,14205390,-,hsp90ab1,NC_069728.1,13052666.0,hsp90ab1,W024,Oreochromis niloticus,GCF_001858045.2,FUT8,gene
-5,rbm25b,rbm25b,14207705,14220935,+,,,,,W024,Oreochromis niloticus,GCF_001858045.2,FUT8,gene
-4,eif2s1b,eif2s1b,14221695,14227404,-,eif2s1b,NC_069728.1,13080127.0,eif2s1b,W024,Oreochromis niloticus,GCF_001858045.2,FUT8,gene
-3,atp6v1d,atp6v1d,14227467,14232044,+,atp6v1d,NC_069728.1,13087788.0,atp6v1d,W024,Oreochromis niloticus,GCF_001858045.2,FUT8,gene
-2,pals1b,pals1b,14233188,14252069,-,,,,,W024,Oreochromis niloticus,GCF_001858045.2,FUT8,gene
-1,gphnb,gphnb,14255339,14367172,-,gphnb,NC_069728.1,13149347.0,gphnb,W024,Oreochromis niloticus,GCF_001858045.2,FUT8,gene
0,fut8b,fut8b,14431125,14531236,-,fut8a,NC_069719.1,23112153.0,fut8a,W024,Oreochromis niloticus,GCF_001858045.2,FUT8,gene
1,tmem121ab,tmem121ab,14652155,14700286,+,tmem121ab,NC_069728.1,13589383.0,tmem121ab,W024,Oreochromis niloticus,GCF_001858045.2,FUT8,gene
2,slc24a4b,slc24a4b,14715743,14750599,-,slc24a4b,NC_069728.1,13662769.0,slc24a4b,W024,Oreochromis niloticus,GCF_001858045.2,FUT8,gene
3,cpsf2,cpsf2,14766051,14775227,-,cpsf2,NC_069728.1,13705162.0,cpsf2,W024,Oreochromis niloticus,GCF_001858045.2,FUT8,gene
4,riox1,riox1,14777659,14782999,-,riox1,NC_069728.1,13719032.0,riox1,W024,Oreochromis niloticus,GCF_001858045.2,FUT8,gene
5,extl3,extl3,14786059,14826249,+,extl3,NC_069728.1,13738547.0,extl3,W024,Oreochromis niloticus,GCF_001858045.2,FUT8,gene
6,syt14b,syt14b,14826399,14848624,-,,,,,W024,Oreochromis niloticus,GCF_001858045.2,FUT8,gene
7,nt5c1bb,nt5c1bb,14851795,14857990,+,nt5c1bb,NC_069728.1,22117078.0,nt5c1bb,W024,Oreochromis niloticus,GCF_001858045.2,FUT8,gene
8,si:dkey-174m14.3,si:dkey-174m14.3,14871410,14904820,+,si:dkey-174m14.3,NC_069728.1,22075235.0,si:dkey-174m14.3,W024,Oreochromis niloticus,GCF_001858045.2,FUT8,gene
9,rdh14b,rdh14b,14908762,14914168,-,rdh14b,NC_069728.1,22065834.0,rdh14b,W024,Oreochromis niloticus,GCF_001858045.2,FUT8,gene
10,LOC102078481,LOC102078481,14922337,14944891,+,,,,,W024,Oreochromis niloticus,GCF_001858045.2,FUT8,gene
-10,nrbp2b,nrbp2b,14428887,14471217,-,nrbp2a,NC_069713.1,24719075.0,nrbp2a,W024,Oreochromis niloticus,GCF_001858045.2,SLC4A2,gene
-9,LOC106098870,LOC106098870,14484407,14485225,-,,,,,W024,Oreochromis niloticus,GCF_001858045.2,SLC4A2,gene
-8,LOC109203557,LOC109203557,14488811,14501877,+,,,,,W024,Oreochromis niloticus,GCF_001858045.2,SLC4A2,gene
-7,LOC109203556,LOC109203556,14524868,14527746,-,,,,,W024,Oreochromis niloticus,GCF_001858045.2,SLC4A2,gene
-6,LOC109194509,LOC109194509,14592849,14593787,-,LOC113534577,NC_069715.1,1739225.0,LOC113534577,W024,Oreochromis niloticus,GCF_001858045.2,SLC4A2,gene
-5,LOC106098862,LOC106098862,14610376,14611214,-,,,,,W024,Oreochromis niloticus,GCF_001858045.2,SLC4A2,gene
-4,LOC106098826,LOC106098826,14623723,14625318,-,,,,,W024,Oreochromis niloticus,GCF_001858045.2,SLC4A2,gene
-3,LOC100692589,LOC100692589,14625494,14629941,-,,,,,W024,Oreochromis niloticus,GCF_001858045.2,SLC4A2,gene
-2,LOC100692318,LOC100692318,14639673,14641971,-,,,,,W024,Oreochromis niloticus,GCF_001858045.2,SLC4A2,gene
-1,LOC100692049,LOC100692049,14643130,14644397,-,,,,,W024,Oreochromis niloticus,GCF_001858045.2,SLC4A2,gene
0,slc4a2b,slc4a2b,14649065,14696862,-,slc4a2a,NC_069713.1,24535780.0,slc4a2a,W024,Oreochromis niloticus,GCF_001858045.2,SLC4A2,gene
1,si:ch73-173p19.1,si:ch73-173p19.1,14701306,14715451,+,si:ch73-173p19.1,NC_069731.1,15651739.0,si:ch73-173p19.1,W024,Oreochromis niloticus,GCF_001858045.2,SLC4A2,gene
2,LOC100691777,LOC100691777,14715456,14721632,-,abcf2a,NC_069713.1,24594313.0,abcf2a,W024,Oreochromis niloticus,GCF_001858045.2,SLC4A2,gene
3,chpf2,chpf2,14721787,14730123,+,chpf2,NC_069713.1,22890930.0,chpf2,W024,Oreochromis niloticus,GCF_001858045.2,SLC4A2,gene
4,smarcd3b,smarcd3b,14732575,14773138,-,smarcd3b,NC_069713.1,22857241.0,smarcd3b,W024,Oreochromis niloticus,GCF_001858045.2,SLC4A2,gene
5,nfx1,nfx1,14794332,14812572,-,nfx1,NC_069713.1,22819615.0,nfx1,W024,Oreochromis niloticus,GCF_001858045.2,SLC4A2,gene
6,asap1b,asap1b,14814766,14897158,+,asap1b,NC_069731.1,11701145.0,asap1b,W024,Oreochromis niloticus,GCF_001858045.2,SLC4A2,gene
7,eef1a1l3,eef1a1l3,14898032,14900266,-,eef1a1l3,NC_069731.1,11750209.0,eef1a1l3,W024,Oreochromis niloticus,GCF_001858045.2,SLC4A2,gene
8,fam49bb,fam49bb,14903423,14944487,+,fam49bb,NC_069731.1,11784761.0,fam49bb,W024,Oreochromis niloticus,GCF_001858045.2,SLC4A2,gene
9,myca,myca,15106926,15110614,-,myca,NC_069731.1,11972066.0,myca,W024,Oreochromis niloticus,GCF_001858045.2,SLC4A2,gene
10,ankha,ankha,15126287,15139073,+,ankhb,NC_069713.1,24283671.0,ankhb,W024,Oreochromis niloticus,GCF_001858045.2,SLC4A2,gene
-10,LOC102077779,LOC102077779,28832656,28835204,+,,,,,W024,Oreochromis niloticus,GCF_001858045.2,ADAMTS9,gene
-9,LOC102077555,LOC102077555,28838012,28845577,+,,,,,W024,Oreochromis niloticus,GCF_001858045.2,ADAMTS9,gene
-8,LOC112841624,LOC112841624,28850765,28857184,+,,,,,W024,Oreochromis niloticus,GCF_001858045.2,ADAMTS9,gene
-7,LOC100708066,LOC100708066,28863526,28876204,+,,,,,W024,Oreochromis niloticus,GCF_001858045.2,ADAMTS9,gene
-6,LOC100709769,LOC100709769,28879911,28885154,+,LOC113535702,NC_069735.1,2602497.0,LOC113535702,W024,Oreochromis niloticus,GCF_001858045.2,ADAMTS9,gene
-5,thoc7,thoc7,28885195,28888065,-,thoc7,NC_069729.1,4010632.0,thoc7,W024,Oreochromis niloticus,GCF_001858045.2,ADAMTS9,gene
-4,atxn7,atxn7,28889865,28916542,+,LOC113539583,NC_069729.1,3991210.0,LOC113539583,W024,Oreochromis niloticus,GCF_001858045.2,ADAMTS9,gene
-3,psmd6,psmd6,28916997,28921024,-,psmd6,NC_069729.1,3968339.0,psmd6,W024,Oreochromis niloticus,GCF_001858045.2,ADAMTS9,gene
-2,slc2a9l1,slc2a9l1,28921703,28929432,-,slc2a9l1,NC_069729.1,3957257.0,slc2a9l1,W024,Oreochromis niloticus,GCF_001858045.2,ADAMTS9,gene
-1,prickle2b,prickle2b,28940206,29026716,-,prickle2b,NC_069729.1,3892388.0,prickle2b,W024,Oreochromis niloticus,GCF_001858045.2,ADAMTS9,gene
0,adamts9,adamts9,29035658,29076260,-,LOC113539463,NC_069729.1,3809738.0,LOC113539463,W024,Oreochromis niloticus,GCF_001858045.2,ADAMTS9,gene
1,magi1b,magi1b,29114491,29250067,-,,,,,W024,Oreochromis niloticus,GCF_001858045.2,ADAMTS9,gene
2,slc25a26,slc25a26,29287214,29343779,+,slc25a26,NC_069729.1,3531855.0,slc25a26,W024,Oreochromis niloticus,GCF_001858045.2,ADAMTS9,gene
3,lrig1,lrig1,29345759,29379801,-,lrig1,NC_069729.1,3505142.0,lrig1,W024,Oreochromis niloticus,GCF_001858045.2,ADAMTS9,gene
4,kbtbd8,kbtbd8,29435664,29444905,+,kbtbd8,NC_069729.1,3398266.0,kbtbd8,W024,Oreochromis niloticus,GCF_001858045.2,ADAMTS9,gene
5,LOC100706731,LOC100706731,29446132,29461254,+,,,,,W024,Oreochromis niloticus,GCF_001858045.2,ADAMTS9,gene
6,suclg2,suclg2,29504343,29606242,-,suclg2,NC_069729.1,3285154.0,suclg2,W024,Oreochromis niloticus,GCF_001858045.2,ADAMTS9,gene
7,tafa1b,tafa1b,29675861,29787772,+,,,,,W024,Oreochromis niloticus,GCF_001858045.2,ADAMTS9,gene
8,tafa4b,tafa4b,29817702,29856367,-,tafa4b,NC_069729.1,2943888.0,tafa4b,W024,Oreochromis niloticus,GCF_001858045.2,ADAMTS9,gene
9,eogt,eogt,29860078,29886066,-,eogt,NC_069729.1,2904019.0,eogt,W024,Oreochromis niloticus,GCF_001858045.2,ADAMTS9,gene
10,tmf1,tmf1,29886277,29896108,-,tmf1,NC_069729.1,2887098.0,tmf1,W024,Oreochromis niloticus,GCF_001858045.2,ADAMTS9,gene
-10,ccdc138,ccdc138,12208597,12227308,+,LOC113524363,NC_069714.1,468776.0,LOC113524363,W024,Oreochromis niloticus,GCF_001858045.2,HEG1,gene
-9,edar,edar,12232508,12276873,-,edar,NC_069714.1,492880.0,edar,W024,Oreochromis niloticus,GCF_001858045.2,HEG1,gene
-8,LOC100712011,LOC100712011,12275954,12383342,+,LOC113524321,NC_069714.1,541544.0,LOC113524321,W024,Oreochromis niloticus,GCF_001858045.2,HEG1,gene
-7,septin10,septin10,12386513,12395345,-,septin10,NC_069711.1,31300722.0,septin10,W024,Oreochromis niloticus,GCF_001858045.2,HEG1,gene
-6,sowahca,sowahca,12397015,12401009,+,LOC113538284,NC_069711.1,31311993.0,LOC113538284,W024,Oreochromis niloticus,GCF_001858045.2,HEG1,gene
-5,akap17a,akap17a,12405910,12413328,+,akap17a,NC_069714.1,626264.0,akap17a,W024,Oreochromis niloticus,GCF_001858045.2,HEG1,gene
-4,asmt,asmt,12415618,12430348,+,asmt,NC_069714.1,634508.0,asmt,W024,Oreochromis niloticus,GCF_001858045.2,HEG1,gene
-3,LOC100711195,LOC100711195,12481898,12534759,-,,,,,W024,Oreochromis niloticus,GCF_001858045.2,HEG1,gene
-2,znf148,znf148,12535560,12547075,+,znf148,NC_069714.1,21748497.0,znf148,W024,Oreochromis niloticus,GCF_001858045.2,HEG1,gene
-1,slc12a8,slc12a8,12548936,12569883,+,slc12a8,NC_069714.1,21733578.0,slc12a8,W024,Oreochromis niloticus,GCF_001858045.2,HEG1,gene
0,heg1,heg1,12570312,12582370,+,heg1,NC_069714.1,21716310.0,heg1,W024,Oreochromis niloticus,GCF_001858045.2,HEG1,gene
1,kansl1l,kansl1l,12587800,12603919,+,kansl1l,NC_069714.1,27789551.0,kansl1l,W024,Oreochromis niloticus,GCF_001858045.2,HEG1,gene
2,map2,map2,12605504,12696102,+,map2,NC_069714.1,27880302.0,map2,W024,Oreochromis niloticus,GCF_001858045.2,HEG1,gene
3,myl1,myl1,12696249,12701563,-,myl1,NC_069714.1,27948917.0,myl1,W024,Oreochromis niloticus,GCF_001858045.2,HEG1,gene
4,cps1,cps1,12711228,12774050,+,cps1,NC_069714.1,28015687.0,cps1,W024,Oreochromis niloticus,GCF_001858045.2,HEG1,gene
5,LOC109197668,LOC109197668,12793424,12845648,+,,,,,W024,Oreochromis niloticus,GCF_001858045.2,HEG1,gene
6,erbb4b,erbb4b,12838296,13128246,-,LOC113525375,NC_069714.1,28327712.0,LOC113525375,W024,Oreochromis niloticus,GCF_001858045.2,HEG1,gene
7,ikzf2,ikzf2,13141574,13180341,-,ikzf2,NC_069714.1,28578277.0,ikzf2,W024,Oreochromis niloticus,GCF_001858045.2,HEG1,gene
8,vwc2l,vwc2l,13331871,13357984,+,vwc2l,NC_069714.1,29105286.0,vwc2l,W024,Oreochromis niloticus,GCF_001858045.2,HEG1,gene
9,bard1,bard1,13361687,13384743,-,bard1,NC_069714.1,29160675.0,bard1,W024,Oreochromis niloticus,GCF_001858045.2,HEG1,gene
10,abca12,abca12,13387386,13444608,-,abca12,NC_069714.1,29248223.0,abca12,W024,Oreochromis niloticus,GCF_001858045.2,HEG1,gene
-10,si:ch211-214p13.9,si:ch211-214p13.9,19782267,19788378,+,LOC113526064,NC_069714.1,25336972.0,LOC113526064,W024,Oreochromis niloticus,GCF_001858045.2,COL4A1,gene
-9,zgc:113337,zgc:113337,19814010,19826937,-,zgc:113337,NC_069714.1,30099374.0,zgc:113337,W024,Oreochromis niloticus,GCF_001858045.2,COL4A1,gene
-8,si:ch73-390b10.2,si:ch73-390b10.2,19827848,19835424,+,si:ch73-390b10.2,NC_069714.1,12447162.0,si:ch73-390b10.2,W024,Oreochromis niloticus,GCF_001858045.2,COL4A1,gene
-7,pdzk1,pdzk1,19836479,19841370,-,pdzk1,NC_069714.1,12453653.0,pdzk1,W024,Oreochromis niloticus,GCF_001858045.2,COL4A1,gene
-6,cckbrb,cckbrb,19849293,19880178,+,,,,,W024,Oreochromis niloticus,GCF_001858045.2,COL4A1,gene
-5,nalf1b,nalf1b,19906206,19993015,-,LOC113546891,NC_069714.1,12585049.0,LOC113546891,W024,Oreochromis niloticus,GCF_001858045.2,COL4A1,gene
-4,abhd13,abhd13,20017131,20022243,+,abhd13,NC_069714.1,12642577.0,abhd13,W024,Oreochromis niloticus,GCF_001858045.2,COL4A1,gene
-3,tnfsf13b,tnfsf13b,20023407,20025580,+,tnfsf13b,NC_069714.1,12648704.0,tnfsf13b,W024,Oreochromis niloticus,GCF_001858045.2,COL4A1,gene
-2,myo16,myo16,20030777,20131174,+,myo16,NC_069714.1,12726409.0,myo16,W024,Oreochromis niloticus,GCF_001858045.2,COL4A1,gene
-1,irs2b,irs2b,20158239,20170975,-,irs2b,NC_069714.1,12853784.0,irs2b,W024,Oreochromis niloticus,GCF_001858045.2,COL4A1,gene
0,col4a1,col4a1,20196900,20243507,-,col4a1,NC_069714.1,12930724.0,col4a1,W024,Oreochromis niloticus,GCF_001858045.2,COL4A1,gene
1,col4a2,col4a2,20243619,20309356,+,col4a2,NC_069714.1,12986743.0,col4a2,W024,Oreochromis niloticus,GCF_001858045.2,COL4A1,gene
2,rab20,rab20,20309618,20315712,-,LOC113525968,NC_069714.1,13022442.0,LOC113525968,W024,Oreochromis niloticus,GCF_001858045.2,COL4A1,gene
3,naxd,naxd,20317303,20322652,+,naxd,NC_069714.1,13028169.0,naxd,W024,Oreochromis niloticus,GCF_001858045.2,COL4A1,gene
4,ing1,ing1,20322898,20328015,+,LOC113526152,NC_069714.1,29929588.0,LOC113526152,W024,Oreochromis niloticus,GCF_001858045.2,COL4A1,gene
5,ube2al,ube2al,20328759,20332550,-,,,,,W024,Oreochromis niloticus,GCF_001858045.2,COL4A1,gene
6,ankrd10b,ankrd10b,20333027,20347336,-,ankrd10a,NC_069735.1,8186161.0,ankrd10a,W024,Oreochromis niloticus,GCF_001858045.2,COL4A1,gene
7,sik1,sik1,20379280,20389863,+,LOC113525847,NC_069714.1,30015520.0,LOC113525847,W024,Oreochromis niloticus,GCF_001858045.2,COL4A1,gene
8,LOC112844143,LOC112844143,20458827,20460856,-,,,,,W024,Oreochromis niloticus,GCF_001858045.2,COL4A1,gene
9,u2af1,u2af1,20477328,20483568,-,,,,,W024,Oreochromis niloticus,GCF_001858045.2,COL4A1,gene
10,gabpa,gabpa,20484965,20492881,+,gabpa,NC_069714.1,14608895.0,gabpa,W024,Oreochromis niloticus,GCF_001858045.2,COL4A1,gene
-10,LOC109204255,LOC109204255,13800694,13801429,-,,,,,W024,Oreochromis niloticus,GCF_001858045.2,GDF6,gene
-9,LOC109204254,LOC109204254,13814111,13816937,-,,,,,W024,Oreochromis niloticus,GCF_001858045.2,GDF6,gene
-8,LOC100534415,LOC100534415,13818291,13821669,-,,,,,W024,Oreochromis niloticus,GCF_001858045.2,GDF6,gene
-7,LOC100697183,LOC100697183,13823939,13830029,+,,,,,W024,Oreochromis niloticus,GCF_001858045.2,GDF6,gene
-6,rspo2,rspo2,13834861,13896333,-,rspo2,NC_069710.1,3099627.0,rspo2,W024,Oreochromis niloticus,GCF_001858045.2,GDF6,gene
-5,eif3ea,eif3ea,13902418,13930128,-,,,,,W024,Oreochromis niloticus,GCF_001858045.2,GDF6,gene
-4,emc2,emc2,13938516,13963227,+,emc2,NC_069710.1,3006243.0,emc2,W024,Oreochromis niloticus,GCF_001858045.2,GDF6,gene
-3,tmem74,tmem74,14013153,14016804,-,LOC113526406,NC_069710.1,2959818.0,LOC113526406,W024,Oreochromis niloticus,GCF_001858045.2,GDF6,gene
-2,trhra,trhra,14031454,14041014,+,trhra,NC_069710.1,2947482.0,trhra,W024,Oreochromis niloticus,GCF_001858045.2,GDF6,gene
-1,eny2,eny2,14097405,14100295,+,,,,,W024,Oreochromis niloticus,GCF_001858045.2,GDF6,gene
0,gdf6a,gdf6a,14186981,14197160,-,gdf6a,NC_069710.1,2825976.0,gdf6a,W024,Oreochromis niloticus,GCF_001858045.2,GDF6,gene
1,sybu,sybu,14197207,14210809,+,sybu,NC_069710.1,2815317.0,sybu,W024,Oreochromis niloticus,GCF_001858045.2,GDF6,gene
2,ebag9,ebag9,14212736,14218313,-,ebag9,NC_069710.1,2801278.0,ebag9,W024,Oreochromis niloticus,GCF_001858045.2,GDF6,gene
3,ttk,ttk,14218834,14228877,+,ttk,NC_069710.1,3502783.0,ttk,W024,Oreochromis niloticus,GCF_001858045.2,GDF6,gene
4,bckdhb,bckdhb,14232456,14287745,+,bckdhb,NC_069710.1,3468900.0,bckdhb,W024,Oreochromis niloticus,GCF_001858045.2,GDF6,gene
5,tent5aa,tent5aa,14362828,14367721,-,tent5aa,NC_069710.1,3383200.0,tent5aa,W024,Oreochromis niloticus,GCF_001858045.2,GDF6,gene
6,ibtk,ibtk,14378394,14400148,-,ibtk,NC_069710.1,3362301.0,ibtk,W024,Oreochromis niloticus,GCF_001858045.2,GDF6,gene
7,tpbg,tpbg,14402921,14407209,+,tpbgb,NC_069710.1,3345137.0,tpbgb,W024,Oreochromis niloticus,GCF_001858045.2,GDF6,gene
8,ube3d,ube3d,14435078,14454164,-,ube3d,NC_069710.1,3315968.0,ube3d,W024,Oreochromis niloticus,GCF_001858045.2,GDF6,gene
9,dop1a,dop1a,14454920,14483018,+,dop1a,NC_069730.1,313305.0,dop1a,W024,Oreochromis niloticus,GCF_001858045.2,GDF6,gene
10,snap91a,snap91a,14484336,14540022,+,snap91a,NC_069730.1,349408.0,snap91a,W024,Oreochromis niloticus,GCF_001858045.2,GDF6,gene
-10,echdc3,echdc3,19400118,19404672,-,echdc3,NC_069718.1,25508871.0,echdc3,W024,Oreochromis niloticus,GCF_001858045.2,NUP107,gene
-9,LOC100695571,LOC100695571,19407833,19418147,-,LOC113532413,NC_069727.1,11506689.0,LOC113532413,W024,Oreochromis niloticus,GCF_001858045.2,NUP107,gene
-8,LOC100695840,LOC100695840,19426671,19437447,-,,,,,W024,Oreochromis niloticus,GCF_001858045.2,NUP107,gene
-7,LOC100696098,LOC100696098,19477070,19524374,+,srgap1b,NC_069727.1,6063856.0,srgap1b,W024,Oreochromis niloticus,GCF_001858045.2,NUP107,gene
-6,kics2,kics2,19525345,19529884,-,kics2,NC_069727.1,6096449.0,kics2,W024,Oreochromis niloticus,GCF_001858045.2,NUP107,gene
-5,tmem19,tmem19,19535700,19544884,+,tmem19,NC_069727.1,8929202.0,tmem19,W024,Oreochromis niloticus,GCF_001858045.2,NUP107,gene
-4,rab3ip,rab3ip,19545260,19558664,-,rab3ip,NC_069727.1,8640064.0,rab3ip,W024,Oreochromis niloticus,GCF_001858045.2,NUP107,gene
-3,proser2,proser2,19557837,19569604,+,LOC113530165,NC_069718.1,25519171.0,LOC113530165,W024,Oreochromis niloticus,GCF_001858045.2,NUP107,gene
-2,upf2,upf2,19571999,19592728,-,upf2,NC_069718.1,25544746.0,upf2,W024,Oreochromis niloticus,GCF_001858045.2,NUP107,gene
-1,slc35e3,slc35e3,19595374,19602762,-,slc35e3,NC_069727.1,2286475.0,slc35e3,W024,Oreochromis niloticus,GCF_001858045.2,NUP107,gene
0,nup107,nup107,19603714,19616922,+,nup107,NC_069727.1,2269766.0,nup107,W024,Oreochromis niloticus,GCF_001858045.2,NUP107,gene
1,mdm2,mdm2,19617962,19631023,+,mdm2,NC_069727.1,2304500.0,mdm2,W024,Oreochromis niloticus,GCF_001858045.2,NUP107,gene
2,LOC100697428,LOC100697428,19633384,19674863,+,,,,,W024,Oreochromis niloticus,GCF_001858045.2,NUP107,gene
3,LOC102081043,LOC102081043,19640532,19644807,+,,,,,W024,Oreochromis niloticus,GCF_001858045.2,NUP107,gene
4,LOC109194222,LOC109194222,19648313,19652552,+,,,,,W024,Oreochromis niloticus,GCF_001858045.2,NUP107,gene
5,LOC109195175,LOC109195175,19659968,19661737,+,,,,,W024,Oreochromis niloticus,GCF_001858045.2,NUP107,gene
6,LOC112842605,LOC112842605,19664987,19669310,+,,,,,W024,Oreochromis niloticus,GCF_001858045.2,NUP107,gene
7,LOC100697696,LOC100697696,19688680,19701075,+,,,,,W024,Oreochromis niloticus,GCF_001858045.2,NUP107,gene
8,LOC102080648,LOC102080648,19706002,19716029,-,,,,,W024,Oreochromis niloticus,GCF_001858045.2,NUP107,gene
9,LOC100707727,LOC100707727,19720702,19735710,-,,,,,W024,Oreochromis niloticus,GCF_001858045.2,NUP107,gene
10,LOC100697957,LOC100697957,19737542,19743925,+,,,,,W024,Oreochromis niloticus,GCF_001858045.2,NUP107,gene
-10,LOC100695086,LOC100695086,32817486,32854932,-,LOC113534334,NC_069715.1,5356979.0,LOC113534334,W025,Oreochromis niloticus,GCF_001858045.2,igf1rb,gene
-9,LOC100695353,LOC100695353,32878338,32890757,-,LOC113534360,NC_069715.1,5313328.0,LOC113534360,W025,Oreochromis niloticus,GCF_001858045.2,igf1rb,gene
-8,LOC102077296,LOC102077296,32898169,32906944,+,,,,,W025,Oreochromis niloticus,GCF_001858045.2,igf1rb,gene
-7,LOC106096445,LOC106096445,32910894,32921229,+,,,,,W025,Oreochromis niloticus,GCF_001858045.2,igf1rb,gene
-6,LOC102076948,LOC102076948,32924570,32938495,+,LOC113534806,NC_069715.1,5285864.0,LOC113534806,W025,Oreochromis niloticus,GCF_001858045.2,igf1rb,gene
-5,LOC100695615,LOC100695615,32941868,32999806,-,LOC113534732,NC_069715.1,5237858.0,LOC113534732,W025,Oreochromis niloticus,GCF_001858045.2,igf1rb,gene
-4,fam219b,fam219b,33003730,33012138,-,fam219b,NC_069715.1,5196389.0,fam219b,W025,Oreochromis niloticus,GCF_001858045.2,igf1rb,gene
-3,cox5ab,cox5ab,33013343,33016016,-,LOC113526324,NC_069715.1,27229189.0,LOC113526324,W025,Oreochromis niloticus,GCF_001858045.2,igf1rb,gene
-2,LOC100696143,LOC100696143,33017845,33056262,-,snap25b,NC_069719.1,29344188.0,snap25b,W025,Oreochromis niloticus,GCF_001858045.2,igf1rb,gene
-1,lrrc28,lrrc28,33061333,33067122,-,lrrc28,NC_069720.1,7690867.0,lrrc28,W025,Oreochromis niloticus,GCF_001858045.2,igf1rb,gene
0,igf1rb,igf1rb,33067415,33131211,-,igf1ra,NC_069715.1,14661976.0,igf1ra,W025,Oreochromis niloticus,GCF_001858045.2,igf1rb,gene
1,ap3s2,ap3s2,33141591,33150006,+,ap3s2,NC_069716.1,29898621.0,ap3s2,W025,Oreochromis niloticus,GCF_001858045.2,igf1rb,gene
2,anpepa,anpepa,33150849,33171702,+,anpepa,NC_069720.1,7813847.0,anpepa,W025,Oreochromis niloticus,GCF_001858045.2,igf1rb,gene
3,LOC100708125,LOC100708125,33172987,33187002,+,,,,,W025,Oreochromis niloticus,GCF_001858045.2,igf1rb,gene
4,LOC100696938,LOC100696938,33187803,33188752,-,mespaa,NC_069720.1,7826276.0,mespaa,W025,Oreochromis niloticus,GCF_001858045.2,igf1rb,gene
5,LOC102078011,LOC102078011,33195195,33196184,-,mespba,NC_069720.1,7835660.0,mespba,W025,Oreochromis niloticus,GCF_001858045.2,igf1rb,gene
6,sv2ba,sv2ba,33203162,33221776,-,sv2ba,NC_069720.1,7852388.0,sv2ba,W025,Oreochromis niloticus,GCF_001858045.2,igf1rb,gene
7,LOC100697740,LOC100697740,33229684,33354345,+,LOC113536658,NC_069720.1,7910659.0,LOC113536658,W025,Oreochromis niloticus,GCF_001858045.2,igf1rb,gene
8,ntrk3b,ntrk3b,33522640,33733231,-,ntrk3b,NC_069720.1,8083521.0,ntrk3b,W025,Oreochromis niloticus,GCF_001858045.2,igf1rb,gene
9,LOC112847089,LOC112847089,33811656,33814179,+,,,,,W025,Oreochromis niloticus,GCF_001858045.2,igf1rb,gene
10,mrpl46,mrpl46,33885423,33892429,-,mrpl46,NC_069720.1,8202341.0,mrpl46,W025,Oreochromis niloticus,GCF_001858045.2,igf1rb,gene
-10,klf13,klf13,52211460,52229207,+,klf13,NC_069718.1,17145147.0,klf13,W025,Oreochromis niloticus,GCF_001858045.2,rora,gene
-9,otud7a,otud7a,52236501,52258956,-,otud7a,NC_069718.1,17158527.0,otud7a,W025,Oreochromis niloticus,GCF_001858045.2,rora,gene
-8,LOC102081637,LOC102081637,52279921,52295199,+,LOC113529796,NC_069718.1,17249209.0,LOC113529796,W025,Oreochromis niloticus,GCF_001858045.2,rora,gene
-7,LOC109202907,LOC109202907,52295334,52304987,+,,,,,W025,Oreochromis niloticus,GCF_001858045.2,rora,gene
-6,LOC109202908,LOC109202908,52297609,52304987,+,,,,,W025,Oreochromis niloticus,GCF_001858045.2,rora,gene
-5,LOC109202906,LOC109202906,52300206,52301606,+,gcnt3,NC_069718.1,17261445.0,gcnt3,W025,Oreochromis niloticus,GCF_001858045.2,rora,gene
-4,bnip2,bnip2,52304783,52317138,-,bnip2,NC_069718.1,17287207.0,bnip2,W025,Oreochromis niloticus,GCF_001858045.2,rora,gene
-3,foxb1a,foxb1a,52344845,52348608,+,foxb1a,NC_069718.1,17335859.0,foxb1a,W025,Oreochromis niloticus,GCF_001858045.2,rora,gene
-2,anxa2a,anxa2a,52376824,52381343,-,anxa2a,NC_069718.1,17379072.0,anxa2a,W025,Oreochromis niloticus,GCF_001858045.2,rora,gene
-1,ice2,ice2,52381484,52390995,-,ice2,NC_069718.1,17392595.0,ice2,W025,Oreochromis niloticus,GCF_001858045.2,rora,gene
0,roraa,roraa,52393256,52582336,-,roraa,NC_069718.1,17519753.0,roraa,W025,Oreochromis niloticus,GCF_001858045.2,rora,gene
1,c2cd4a,c2cd4a,52642442,52645848,-,c2cd4a,NC_069718.1,17724882.0,c2cd4a,W025,Oreochromis niloticus,GCF_001858045.2,rora,gene
2,tln2b,tln2b,52646798,52732634,+,tln2b,NC_069718.1,17787333.0,tln2b,W025,Oreochromis niloticus,GCF_001858045.2,rora,gene
3,tpm1,tpm1,52745548,52756748,+,,,,,W025,Oreochromis niloticus,GCF_001858045.2,rora,gene
4,lactb,lactb,52759556,52763511,+,lactb,NC_069718.1,17884586.0,lactb,W025,Oreochromis niloticus,GCF_001858045.2,rora,gene
5,nrg4,nrg4,52764959,52766370,-,LOC113529460,NC_069718.1,17891603.0,LOC113529460,W025,Oreochromis niloticus,GCF_001858045.2,rora,gene
6,tmem266,tmem266,52768760,52796168,+,tmem266,NC_069718.1,17923080.0,tmem266,W025,Oreochromis niloticus,GCF_001858045.2,rora,gene
7,etfa,etfa,52795994,52803878,-,etfa,NC_069718.1,17956432.0,etfa,W025,Oreochromis niloticus,GCF_001858045.2,rora,gene
8,isl2a,isl2a,52805938,52810496,+,isl2a,NC_069718.1,17968858.0,isl2a,W025,Oreochromis niloticus,GCF_001858045.2,rora,gene
9,scaper,scaper,52812028,52868732,-,scaper,NC_069718.1,18022613.0,scaper,W025,Oreochromis niloticus,GCF_001858045.2,rora,gene
10,rcn2,rcn2,52869458,52875012,+,,,,,W025,Oreochromis niloticus,GCF_001858045.2,rora,gene
-10,rps27.1,rps27.1,17047610,17049986,+,rps27.1,NC_069738.1,14126695.0,rps27.1,W025,Oreochromis niloticus,GCF_001858045.2,efna3,gene
-9,LOC100707645,LOC100707645,17049789,17058977,-,,,,,W025,Oreochromis niloticus,GCF_001858045.2,efna3,gene
-8,chrna11,chrna11,17067300,17088130,+,chrna11,NC_069738.1,14090371.0,chrna11,W025,Oreochromis niloticus,GCF_001858045.2,efna3,gene
-7,snx27a,snx27a,17097531,17112248,-,snx27a,NC_069738.1,14037401.0,snx27a,W025,Oreochromis niloticus,GCF_001858045.2,efna3,gene
-6,LOC100696555,LOC100696555,17117911,17119993,-,icn2,NC_069710.1,25990872.0,icn2,W025,Oreochromis niloticus,GCF_001858045.2,efna3,gene
-5,LOC100696821,LOC100696821,17132963,17135067,-,,,,,W025,Oreochromis niloticus,GCF_001858045.2,efna3,gene
-4,LOC100697089,LOC100697089,17139545,17141180,-,s100a10b,NC_069710.1,25955074.0,s100a10b,W025,Oreochromis niloticus,GCF_001858045.2,efna3,gene
-3,trim46b,trim46b,17146774,17163229,+,trim46b,NC_069738.1,14008792.0,trim46b,W025,Oreochromis niloticus,GCF_001858045.2,efna3,gene
-2,dpm3,dpm3,17183331,17185168,+,dpm3,NC_069738.1,13974374.0,dpm3,W025,Oreochromis niloticus,GCF_001858045.2,efna3,gene
-1,efna1a,efna1a,17193180,17207596,-,efna1a,NC_069738.1,13958075.0,efna1a,W025,Oreochromis niloticus,GCF_001858045.2,efna3,gene
0,efna3a,efna3a,17247165,17323116,-,efna3a,NC_069738.1,13867755.0,efna3a,W025,Oreochromis niloticus,GCF_001858045.2,efna3,gene
1,cks1b,cks1b,17392527,17394509,-,cks1b,NC_069738.1,14140866.0,cks1b,W025,Oreochromis niloticus,GCF_001858045.2,efna3,gene
2,pbxip1a,pbxip1a,17397140,17410716,+,pbxip1a,NC_069738.1,14348139.0,pbxip1a,W025,Oreochromis niloticus,GCF_001858045.2,efna3,gene
3,s100a11,s100a11,17412405,17414347,+,s100a11,NC_069738.1,14342376.0,s100a11,W025,Oreochromis niloticus,GCF_001858045.2,efna3,gene
4,s100u,s100u,17415709,17422621,+,,,,,W025,Oreochromis niloticus,GCF_001858045.2,efna3,gene
5,s100s,s100s,17424571,17426886,+,s100s,NC_069738.1,14331237.0,s100s,W025,Oreochromis niloticus,GCF_001858045.2,efna3,gene
6,LOC100710074,LOC100710074,17433680,17443227,-,,,,,W025,Oreochromis niloticus,GCF_001858045.2,efna3,gene
7,pygo2,pygo2,17444052,17451525,+,pygo2,NC_069738.1,14313433.0,pygo2,W025,Oreochromis niloticus,GCF_001858045.2,efna3,gene
8,cgnb,cgnb,17453269,17477050,+,cgnb,NC_069738.1,14289157.0,cgnb,W025,Oreochromis niloticus,GCF_001858045.2,efna3,gene
9,tuft1b,tuft1b,17483002,17500542,+,tuft1b,NC_069738.1,14245847.0,tuft1b,W025,Oreochromis niloticus,GCF_001858045.2,efna3,gene
10,LOC100698162,LOC100698162,17500688,17505151,-,c1h1orf43,NC_069710.1,25235620.0,c1h1orf43,W025,Oreochromis niloticus,GCF_001858045.2,efna3,gene
-10,gli1,gli1,6035145,6090811,-,gli1,NC_069711.1,11569192.0,gli1,W025,Oreochromis niloticus,GCF_001858045.2,aurk,gene
-9,LOC100710422,LOC100710422,6119111,6124396,-,LOC113526127,NC_069711.1,11616348.0,LOC113526127,W025,Oreochromis niloticus,GCF_001858045.2,aurk,gene
-8,r3hdm2,r3hdm2,6125691,6180055,+,LOC113526407,NC_069711.1,11652074.0,LOC113526407,W025,Oreochromis niloticus,GCF_001858045.2,aurk,gene
-7,nxph4,nxph4,6306206,6355641,+,LOC113547077,NC_069711.1,11790509.0,LOC113547077,W025,Oreochromis niloticus,GCF_001858045.2,aurk,gene
-6,shmt2,shmt2,6360052,6386446,+,,,,,W025,Oreochromis niloticus,GCF_001858045.2,aurk,gene
-5,LOC100710162,LOC100710162,6404649,6413423,-,,,,,W025,Oreochromis niloticus,GCF_001858045.2,aurk,gene
-4,fam210b,fam210b,6437086,6450486,-,fam210b,NC_069711.1,3643991.0,fam210b,W025,Oreochromis niloticus,GCF_001858045.2,aurk,gene
-3,ppp1r16b,ppp1r16b,6462269,6552158,-,,,,,W025,Oreochromis niloticus,GCF_001858045.2,aurk,gene
-2,arhgap40,arhgap40,6569782,6593841,+,,,,,W025,Oreochromis niloticus,GCF_001858045.2,aurk,gene
-1,slc32a1,slc32a1,6624201,6628934,+,slc32a1,NC_069711.1,4329981.0,slc32a1,W025,Oreochromis niloticus,GCF_001858045.2,aurk,gene
0,aurka,aurka,6629890,6637093,-,aurka,NC_069724.1,24530452.0,aurka,W025,Oreochromis niloticus,GCF_001858045.2,aurk,gene
1,prelid3b,prelid3b,6639297,6645719,-,prelid3b,NC_069711.1,4366582.0,prelid3b,W025,Oreochromis niloticus,GCF_001858045.2,aurk,gene
2,tubb1,tubb1,6646943,6650751,-,tubb1,NC_069711.1,3851738.0,tubb1,W025,Oreochromis niloticus,GCF_001858045.2,aurk,gene
3,LOC100710082,LOC100710082,6657447,6693349,+,,,,,W025,Oreochromis niloticus,GCF_001858045.2,aurk,gene
4,ipo9,ipo9,6697149,6709814,+,ipo9,NC_069729.1,9396058.0,ipo9,W025,Oreochromis niloticus,GCF_001858045.2,aurk,gene
5,shisa4,shisa4,6712285,6722509,+,shisa4,NC_069729.1,9471028.0,shisa4,W025,Oreochromis niloticus,GCF_001858045.2,aurk,gene
6,lmod1b,lmod1b,6724410,6731984,+,lmod1b,NC_069729.1,9497739.0,lmod1b,W025,Oreochromis niloticus,GCF_001858045.2,aurk,gene
7,timm17a,timm17a,6732852,6738327,+,,,,,W025,Oreochromis niloticus,GCF_001858045.2,aurk,gene
8,LOC100692376,LOC100692376,6739382,6760376,+,rap1ab,NC_069729.1,18091276.0,rap1ab,W025,Oreochromis niloticus,GCF_001858045.2,aurk,gene
9,inka2,inka2,6794196,6807870,-,LOC113537805,NC_069729.1,18114514.0,LOC113537805,W025,Oreochromis niloticus,GCF_001858045.2,aurk,gene
10,LOC100693467,LOC100693467,6818158,6905832,-,LOC113537988,NC_069729.1,18173939.0,LOC113537988,W025,Oreochromis niloticus,GCF_001858045.2,aurk,gene
-10,LOC102080247,LOC102080247,34753522,34755537,+,,,,,W025,Oreochromis niloticus,GCF_001858045.2,MAPK,gene
-9,LOC100697414,LOC100697414,34757988,34759170,+,,,,,W025,Oreochromis niloticus,GCF_001858045.2,MAPK,gene
-8,unc13ba,unc13ba,34765353,34943236,+,LOC113528156,NC_069733.1,755601.0,LOC113528156,W025,Oreochromis niloticus,GCF_001858045.2,MAPK,gene
-7,LOC100697943,LOC100697943,34944336,34964403,-,sec14l8,NC_069733.1,14970254.0,sec14l8,W025,Oreochromis niloticus,GCF_001858045.2,MAPK,gene
-6,rnf215,rnf215,34965007,34972034,+,rnf215,NC_069733.1,19995014.0,rnf215,W025,Oreochromis niloticus,GCF_001858045.2,MAPK,gene
-5,ascc2,ascc2,34971927,34984971,-,ascc2,NC_069733.1,19971693.0,ascc2,W025,Oreochromis niloticus,GCF_001858045.2,MAPK,gene
-4,slc39a14,slc39a14,34986509,35018277,-,slc39a14,NC_069733.1,16775829.0,slc39a14,W025,Oreochromis niloticus,GCF_001858045.2,MAPK,gene
-3,LOC100700731,LOC100700731,35020686,35031593,+,stambpb,NC_069717.1,27606914.0,stambpb,W025,Oreochromis niloticus,GCF_001858045.2,MAPK,gene
-2,ppil2,ppil2,35032743,35062722,+,ppil2,NC_069733.1,15211124.0,ppil2,W025,Oreochromis niloticus,GCF_001858045.2,MAPK,gene
-1,ypel1,ypel1,35089418,35120625,-,ypel1,NC_069733.1,15153895.0,ypel1,W025,Oreochromis niloticus,GCF_001858045.2,MAPK,gene
0,mapk1,mapk1,35124616,35167762,-,mapk1,NC_069733.1,15125090.0,mapk1,W025,Oreochromis niloticus,GCF_001858045.2,MAPK,gene
1,grsf1,grsf1,35170811,35181385,+,grsf1,NC_069733.1,11807209.0,grsf1,W025,Oreochromis niloticus,GCF_001858045.2,MAPK,gene
2,rufy3,rufy3,35181682,35199696,-,rufy3,NC_069733.1,11820595.0,rufy3,W025,Oreochromis niloticus,GCF_001858045.2,MAPK,gene
3,slc4a4a,slc4a4a,35214343,35276191,+,slc4a4a,NC_069733.1,11748022.0,slc4a4a,W025,Oreochromis niloticus,GCF_001858045.2,MAPK,gene
4,npffr2a,npffr2a,35311548,35335333,+,npffr2a,NC_069733.1,11634771.0,npffr2a,W025,Oreochromis niloticus,GCF_001858045.2,MAPK,gene
5,adamts3,adamts3,35371837,35511829,-,adamts3,NC_069733.1,11534805.0,adamts3,W025,Oreochromis niloticus,GCF_001858045.2,MAPK,gene
6,smarca2,smarca2,35563122,35626658,-,smarca2,NC_069733.1,11453616.0,smarca2,W025,Oreochromis niloticus,GCF_001858045.2,MAPK,gene
7,dmrt2a,dmrt2a,35734309,35737609,-,dmrt2a,NC_069733.1,11387817.0,dmrt2a,W025,Oreochromis niloticus,GCF_001858045.2,MAPK,gene
8,dmrt3a,dmrt3a,35746267,35749644,-,dmrt3a,NC_069733.1,11379323.0,dmrt3a,W025,Oreochromis niloticus,GCF_001858045.2,MAPK,gene
9,dmrt1,dmrt1,35758303,35796109,-,dmrt1,NC_069733.1,11360944.0,dmrt1,W025,Oreochromis niloticus,GCF_001858045.2,MAPK,gene
10,LOC102083062,LOC102083062,35798196,35809259,+,cfap157,NC_069733.1,8721425.0,cfap157,W025,Oreochromis niloticus,GCF_001858045.2,MAPK,gene
-10,pdzrn3b,pdzrn3b,32575778,32676298,-,pdzrn3b,NC_069711.1,7655311.0,pdzrn3b,W026,Oreochromis niloticus,GCF_001858045.2,ghrh,gene
-9,cntn3b,cntn3b,32801117,32855753,-,cntn3b,NC_069711.1,7442215.0,cntn3b,W026,Oreochromis niloticus,GCF_001858045.2,ghrh,gene
-8,chl1b,chl1b,32977236,33047670,+,chl1b,NC_069711.1,7275956.0,chl1b,W026,Oreochromis niloticus,GCF_001858045.2,ghrh,gene
-7,cntn6,cntn6,33117559,33254357,+,LOC113529215,NC_069711.1,7076975.0,LOC113529215,W026,Oreochromis niloticus,GCF_001858045.2,ghrh,gene
-6,cntn4,cntn4,33335267,33529589,+,cntn4,NC_069711.1,6828594.0,cntn4,W026,Oreochromis niloticus,GCF_001858045.2,ghrh,gene
-5,LOC100695288,LOC100695288,33533849,33638358,-,LOC113537889,NC_069729.1,18307773.0,LOC113537889,W026,Oreochromis niloticus,GCF_001858045.2,ghrh,gene
-4,LOC109202183,LOC109202183,33616236,33625782,+,,,,,W026,Oreochromis niloticus,GCF_001858045.2,ghrh,gene
-3,LOC100695019,LOC100695019,33669554,33674873,+,LOC113537957,NC_069729.1,18377635.0,LOC113537957,W026,Oreochromis niloticus,GCF_001858045.2,ghrh,gene
-2,LOC100694762,LOC100694762,33680518,33685584,+,,,,,W026,Oreochromis niloticus,GCF_001858045.2,ghrh,gene
-1,cdk5rap1,cdk5rap1,33685652,33694650,-,cdk5rap1,NC_069729.1,18397873.0,cdk5rap1,W026,Oreochromis niloticus,GCF_001858045.2,ghrh,gene
0,ghrh,ghrh,33693841,33697398,+,ghrh,NC_069729.1,18406772.0,ghrh,W026,Oreochromis niloticus,GCF_001858045.2,ghrh,gene
1,rpn2,rpn2,33699424,33710106,-,rpn2,NC_069729.1,18416958.0,rpn2,W026,Oreochromis niloticus,GCF_001858045.2,ghrh,gene
2,mybl2b,mybl2b,33711238,33720391,-,mybl2b,NC_069729.1,18429579.0,mybl2b,W026,Oreochromis niloticus,GCF_001858045.2,ghrh,gene
3,ift52,ift52,33721470,33726201,-,ift52,NC_069729.1,18443254.0,ift52,W026,Oreochromis niloticus,GCF_001858045.2,ghrh,gene
4,srsf6b,srsf6b,33728511,33732927,-,,,,,W026,Oreochromis niloticus,GCF_001858045.2,ghrh,gene
5,acot8,acot8,33733183,33747480,-,acot8,NC_069729.1,18456147.0,acot8,W026,Oreochromis niloticus,GCF_001858045.2,ghrh,gene
6,phactr3b,phactr3b,33750559,33825236,+,phactr3b,NC_069729.1,18486734.0,phactr3b,W026,Oreochromis niloticus,GCF_001858045.2,ghrh,gene
7,ppp1r3db,ppp1r3db,33832082,33834532,-,ppp1r3db,NC_069729.1,18532263.0,ppp1r3db,W026,Oreochromis niloticus,GCF_001858045.2,ghrh,gene
8,LOC100706369,LOC100706369,33841231,33858102,+,LOC113531458,NC_069711.1,14051158.0,LOC113531458,W026,Oreochromis niloticus,GCF_001858045.2,ghrh,gene
9,LOC100705047,LOC100705047,33859684,33880704,-,si:ch211-236h17.3,NC_069725.1,284127.0,si:ch211-236h17.3,W026,Oreochromis niloticus,GCF_001858045.2,ghrh,gene
10,txnrd3,txnrd3,33894232,33905278,-,txnrd3,NC_069711.1,14094778.0,txnrd3,W026,Oreochromis niloticus,GCF_001858045.2,ghrh,gene
-10,frmd4ba,frmd4ba,31953103,31996659,-,frmd4ba,NC_069711.1,8262182.0,frmd4ba,W026,Oreochromis niloticus,GCF_001858045.2,eif4e3,gene
-9,mitfa,mitfa,32006541,32033525,+,mitfa,NC_069711.1,8210896.0,mitfa,W026,Oreochromis niloticus,GCF_001858045.2,eif4e3,gene
-8,LOC112846970,LOC112846970,32037332,32041614,-,,,,,W026,Oreochromis niloticus,GCF_001858045.2,eif4e3,gene
-7,LOC109202186,LOC109202186,32046214,32048571,+,,,,,W026,Oreochromis niloticus,GCF_001858045.2,eif4e3,gene
-6,ddx4,ddx4,32063922,32076346,-,,,,,W026,Oreochromis niloticus,GCF_001858045.2,eif4e3,gene
-5,LOC102081634,LOC102081634,32066377,32070819,-,,,,,W026,Oreochromis niloticus,GCF_001858045.2,eif4e3,gene
-4,eevs,eevs,32083584,32087764,-,,,,,W026,Oreochromis niloticus,GCF_001858045.2,eif4e3,gene
-3,zgc:113054,zgc:113054,32099514,32112925,+,,,,,W026,Oreochromis niloticus,GCF_001858045.2,eif4e3,gene
-2,mdfic2,mdfic2,32127906,32135387,-,mdfic2,NC_069711.1,8186077.0,mdfic2,W026,Oreochromis niloticus,GCF_001858045.2,eif4e3,gene
-1,foxp1b,foxp1b,32196270,32342947,-,foxp1b,NC_069711.1,8035868.0,foxp1b,W026,Oreochromis niloticus,GCF_001858045.2,eif4e3,gene
0,LOC100689919,LOC100689919,32347985,32360353,-,eif4e3,NC_069725.1,14592992.0,eif4e3,W026,Oreochromis niloticus,GCF_001858045.2,eif4e3,gene
1,gpr27,gpr27,32362689,32366894,+,gpr27,NC_069711.1,7938617.0,gpr27,W026,Oreochromis niloticus,GCF_001858045.2,eif4e3,gene
2,prok2,prok2,32370053,32372335,-,prok2,NC_069711.1,7932299.0,prok2,W026,Oreochromis niloticus,GCF_001858045.2,eif4e3,gene
3,rybpb,rybpb,32429884,32448837,-,rybpb,NC_069711.1,7865346.0,rybpb,W026,Oreochromis niloticus,GCF_001858045.2,eif4e3,gene
4,shq1,shq1,32476165,32520005,-,shq1,NC_069711.1,7801584.0,shq1,W026,Oreochromis niloticus,GCF_001858045.2,eif4e3,gene
5,gxylt2,gxylt2,32519653,32537785,+,gxylt2,NC_069711.1,7755238.0,gxylt2,W026,Oreochromis niloticus,GCF_001858045.2,eif4e3,gene
6,ppp4r2b,ppp4r2b,32540909,32548812,+,ppp4r2b,NC_069711.1,7732252.0,ppp4r2b,W026,Oreochromis niloticus,GCF_001858045.2,eif4e3,gene
7,pdzrn3b,pdzrn3b,32575778,32676298,-,pdzrn3b,NC_069711.1,7655311.0,pdzrn3b,W026,Oreochromis niloticus,GCF_001858045.2,eif4e3,gene
8,cntn3b,cntn3b,32801117,32855753,-,cntn3b,NC_069711.1,7442215.0,cntn3b,W026,Oreochromis niloticus,GCF_001858045.2,eif4e3,gene
9,chl1b,chl1b,32977236,33047670,+,chl1b,NC_069711.1,7275956.0,chl1b,W026,Oreochromis niloticus,GCF_001858045.2,eif4e3,gene
10,cntn6,cntn6,33117559,33254357,+,LOC113529215,NC_069711.1,7076975.0,LOC113529215,W026,Oreochromis niloticus,GCF_001858045.2,eif4e3,gene
-10,LOC100705607,LOC100705607,39687130,39700566,+,,,,,W026,Oreochromis niloticus,GCF_001858045.2,ntrk3a,gene
-9,cfdp1,cfdp1,39709116,39719799,+,cfdp1,NC_069715.1,15454514.0,cfdp1,W026,Oreochromis niloticus,GCF_001858045.2,ntrk3a,gene
-8,bcar1,bcar1,39723611,39769840,+,bcar1,NC_069715.1,15512329.0,bcar1,W026,Oreochromis niloticus,GCF_001858045.2,ntrk3a,gene
-7,zgc:158868,zgc:158868,39770082,39778222,-,,,,,W026,Oreochromis niloticus,GCF_001858045.2,ntrk3a,gene
-6,ano1b,ano1b,39779645,39814623,-,LOC113524735,NC_069716.1,30406479.0,LOC113524735,W026,Oreochromis niloticus,GCF_001858045.2,ntrk3a,gene
-5,LOC100704534,LOC100704534,39821650,39837817,-,,,,,W026,Oreochromis niloticus,GCF_001858045.2,ntrk3a,gene
-4,enc2,enc2,39842074,39861493,-,LOC113546658,NC_069716.1,29190070.0,LOC113546658,W026,Oreochromis niloticus,GCF_001858045.2,ntrk3a,gene
-3,akap13,akap13,39865467,39927347,-,,,,,W026,Oreochromis niloticus,GCF_001858045.2,ntrk3a,gene
-2,ska1,ska1,39930069,39935029,-,ska1,NC_069726.1,21044040.0,ska1,W026,Oreochromis niloticus,GCF_001858045.2,ntrk3a,gene
-1,agbl1,agbl1,39959444,40027547,+,LOC113546615,NC_069716.1,29100007.0,LOC113546615,W026,Oreochromis niloticus,GCF_001858045.2,ntrk3a,gene
0,ntrk3a,ntrk3a,40040300,40124148,-,,,,,W026,Oreochromis niloticus,GCF_001858045.2,ntrk3a,gene
1,pard6a,pard6a,40149268,40168932,+,pard6a,NC_069715.1,15267840.0,pard6a,W026,Oreochromis niloticus,GCF_001858045.2,ntrk3a,gene
2,wasla,wasla,40177506,40200912,-,,,,,W026,Oreochromis niloticus,GCF_001858045.2,ntrk3a,gene
3,hyal6,hyal6,40205621,40216278,+,,,,,W026,Oreochromis niloticus,GCF_001858045.2,ntrk3a,gene
4,hyal4,hyal4,40227814,40244195,+,,,,,W026,Oreochromis niloticus,GCF_001858045.2,ntrk3a,gene
5,spam1,spam1,40244839,40250868,+,LOC117597889,NC_069718.1,18675752.0,LOC117597889,W026,Oreochromis niloticus,GCF_001858045.2,ntrk3a,gene
6,gpr37a,gpr37a,40274977,40282514,-,gpr37a,NC_069718.1,18643707.0,gpr37a,W026,Oreochromis niloticus,GCF_001858045.2,ntrk3a,gene
7,pot1,pot1,40284319,40336567,-,pot1,NC_069718.1,18616482.0,pot1,W026,Oreochromis niloticus,GCF_001858045.2,ntrk3a,gene
8,grm8b,grm8b,40358600,40467778,-,grm8b,NC_069718.1,18494981.0,grm8b,W026,Oreochromis niloticus,GCF_001858045.2,ntrk3a,gene
9,LOC100701293,LOC100701293,40479271,40517261,-,,,,,W026,Oreochromis niloticus,GCF_001858045.2,ntrk3a,gene
10,LOC100701020,LOC100701020,40526316,40543841,-,LOC113529626,NC_069718.1,18336003.0,LOC113529626,W026,Oreochromis niloticus,GCF_001858045.2,ntrk3a,gene
-10,irx1b,irx1b,21690534,21693718,-,irx1b,NC_069738.1,7133752.0,irx1b,W028,Hypophthalmichthys nobilis,GCF_019924925.1,fndc5b,gene
-9,irx4b,irx4b,21751213,21755837,+,irx4b,NC_069738.1,7185754.0,irx4b,W028,Hypophthalmichthys nobilis,GCF_019924925.1,fndc5b,gene
-8,ndufs6,ndufs6,21763154,21765597,-,ndufs6,NC_069738.1,7196647.0,ndufs6,W028,Hypophthalmichthys nobilis,GCF_019924925.1,fndc5b,gene
-7,lpcat1,lpcat1,21768456,21798730,+,lpcat1,NC_069738.1,7213640.0,lpcat1,W028,Hypophthalmichthys nobilis,GCF_019924925.1,fndc5b,gene
-6,nrsn1l,nrsn1l,21810138,21817339,-,nrsn1l,NC_069738.1,7230970.0,nrsn1l,W028,Hypophthalmichthys nobilis,GCF_019924925.1,fndc5b,gene
-5,sox4a,sox4a,22018314,22021577,-,sox4a,NC_069738.1,7439578.0,sox4a,W028,Hypophthalmichthys nobilis,GCF_019924925.1,fndc5b,gene
-4,e2f3,e2f3,22265210,22280455,-,e2f3,NC_069738.1,7661939.0,e2f3,W028,Hypophthalmichthys nobilis,GCF_019924925.1,fndc5b,gene
-3,srfbp1,srfbp1,22281095,22286706,-,srfbp1,NC_069738.1,7670846.0,srfbp1,W028,Hypophthalmichthys nobilis,GCF_019924925.1,fndc5b,gene
-2,maco1a,maco1a,22286693,22303953,+,maco1a,NC_069738.1,7680514.0,maco1a,W028,Hypophthalmichthys nobilis,GCF_019924925.1,fndc5b,gene
-1,ldlrap1a,ldlrap1a,22305285,22322117,+,,,,,W028,Hypophthalmichthys nobilis,GCF_019924925.1,fndc5b,gene
0,fndc5b,fndc5b,22328531,22362173,-,fndc5b,NC_069738.1,7723719.0,fndc5b,W028,Hypophthalmichthys nobilis,GCF_019924925.1,fndc5b,gene
1,marcksl1b,marcksl1b,22533668,22536400,+,marcksl1b,NC_069738.1,7892522.0,marcksl1b,W028,Hypophthalmichthys nobilis,GCF_019924925.1,fndc5b,gene
2,hdac1,hdac1,22539036,22546304,+,hdac1,NC_069738.1,7904799.0,hdac1,W028,Hypophthalmichthys nobilis,GCF_019924925.1,fndc5b,gene
3,eif3i,eif3i,22545800,22552856,-,eif3i,NC_069738.1,7916559.0,eif3i,W028,Hypophthalmichthys nobilis,GCF_019924925.1,fndc5b,gene
4,txlna,txlna,22553175,22562490,-,txlna,NC_069738.1,7929269.0,txlna,W028,Hypophthalmichthys nobilis,GCF_019924925.1,fndc5b,gene
5,si:ch73-130a3.4,si:ch73-130a3.4,22562895,22564947,+,LOC113538889,NC_069719.1,15328739.0,LOC113538889,W028,Hypophthalmichthys nobilis,GCF_019924925.1,fndc5b,gene
6,kpna6,kpna6,22567235,22586156,-,kpna6,NC_069738.1,7947782.0,kpna6,W028,Hypophthalmichthys nobilis,GCF_019924925.1,fndc5b,gene
7,khdrbs1b,khdrbs1b,22835950,22846867,-,khdrbs1b,NC_069738.1,8206498.0,khdrbs1b,W028,Hypophthalmichthys nobilis,GCF_019924925.1,fndc5b,gene
8,tspan13b,tspan13b,22859932,22869562,+,tspan13b,NC_069738.1,8231216.0,tspan13b,W028,Hypophthalmichthys nobilis,GCF_019924925.1,fndc5b,gene
9,agr2,agr2,22869921,22872589,-,agr2,NC_069738.1,8239165.0,agr2,W028,Hypophthalmichthys nobilis,GCF_019924925.1,fndc5b,gene
10,ppp1r10,ppp1r10,22876006,22888702,-,ppp1r10,NC_069738.1,8249561.0,ppp1r10,W028,Hypophthalmichthys nobilis,GCF_019924925.1,fndc5b,gene
-10,eif4eb,eif4eb,11784703,11787512,+,eif4eb,NC_069712.1,20513932.0,eif4eb,W030,Leiocassis longirostris,GCF_022655615.1,ky,gene
-9,lingo2b,lingo2b,11794577,11809246,+,lingo2b,NC_069712.1,20494247.0,lingo2b,W030,Leiocassis longirostris,GCF_022655615.1,ky,gene
-8,c9orf72,c9orf72,11813605,11822131,+,c9orf72,NC_069712.1,20471306.0,c9orf72,W030,Leiocassis longirostris,GCF_022655615.1,ky,gene
-7,kiaa1109,kiaa1109,11822605,11864716,+,kiaa1109,NC_069712.1,20443272.0,kiaa1109,W030,Leiocassis longirostris,GCF_022655615.1,ky,gene
-6,nsd2,nsd2,11865878,11879353,-,nsd2,NC_069712.1,20408579.0,nsd2,W030,Leiocassis longirostris,GCF_022655615.1,ky,gene
-5,letm1,letm1,11882747,11904893,+,letm1,NC_069712.1,20367543.0,letm1,W030,Leiocassis longirostris,GCF_022655615.1,ky,gene
-4,fgfr3,fgfr3,11935030,11971638,-,fgfr3,NC_069712.1,20306655.0,fgfr3,W030,Leiocassis longirostris,GCF_022655615.1,ky,gene
-3,foxi2,foxi2,12097011,12098776,+,foxi2,NC_069712.1,20201040.0,foxi2,W030,Leiocassis longirostris,GCF_022655615.1,ky,gene
-2,cfd,cfd,12126218,12129609,+,cfd,NC_069712.1,20169852.0,cfd,W030,Leiocassis longirostris,GCF_022655615.1,ky,gene
-1,dnaaf9,dnaaf9,12132724,12153446,+,dnaaf9,NC_069712.1,20155679.0,dnaaf9,W030,Leiocassis longirostris,GCF_022655615.1,ky,gene
0,ky,ky,12154687,12185514,-,ky,NC_069712.1,20139004.0,ky,W030,Leiocassis longirostris,GCF_022655615.1,ky,gene
1,slc4a11,slc4a11,12170081,12221028,+,slc4a11,NC_069712.1,20100659.0,slc4a11,W030,Leiocassis longirostris,GCF_022655615.1,ky,gene
2,rpia,rpia,12222029,12229476,+,rpia,NC_069712.1,20066274.0,rpia,W030,Leiocassis longirostris,GCF_022655615.1,ky,gene
3,eif2ak3,eif2ak3,12230174,12257225,+,eif2ak3,NC_069712.1,20043133.0,eif2ak3,W030,Leiocassis longirostris,GCF_022655615.1,ky,gene
4,atrn,atrn,12260234,12312251,+,atrn,NC_069712.1,19998840.0,atrn,W030,Leiocassis longirostris,GCF_022655615.1,ky,gene
5,gfra4a,gfra4a,12319252,12403532,-,gfra4a,NC_069712.1,19916920.0,gfra4a,W030,Leiocassis longirostris,GCF_022655615.1,ky,gene
6,ap5s1,ap5s1,12488431,12498800,-,ap5s1,NC_069712.1,19777006.0,ap5s1,W030,Leiocassis longirostris,GCF_022655615.1,ky,gene
7,cdc25b,cdc25b,12499552,12505449,-,cdc25b,NC_069712.1,19762906.0,cdc25b,W030,Leiocassis longirostris,GCF_022655615.1,ky,gene
8,noto,noto,12526296,12527778,+,noto,NC_069712.1,19731527.0,noto,W030,Leiocassis longirostris,GCF_022655615.1,ky,gene
9,emx1,emx1,12538129,12542825,+,emx1,NC_069712.1,19716871.0,emx1,W030,Leiocassis longirostris,GCF_022655615.1,ky,gene
10,sfxn5a,sfxn5a,12546542,12558696,-,sfxn5a,NC_069712.1,19705336.0,sfxn5a,W030,Leiocassis longirostris,GCF_022655615.1,ky,gene
-10,cyhr1,cyhr1,11710281,11718238,-,zftraf1,NC_069732.1,12696994.0,zftraf1,W030,Leiocassis longirostris,GCF_022655615.1,matn1,gene
-9,dclk3,dclk3,11723269,11728031,-,dclk3,NC_069732.1,12707532.0,dclk3,W030,Leiocassis longirostris,GCF_022655615.1,matn1,gene
-8,fabp3,fabp3,11732683,11735617,+,fabp3,NC_069732.1,12720512.0,fabp3,W030,Leiocassis longirostris,GCF_022655615.1,matn1,gene
-7,zcchc17,zcchc17,11736020,11740567,-,zcchc17,NC_069732.1,12726029.0,zcchc17,W030,Leiocassis longirostris,GCF_022655615.1,matn1,gene
-6,snrnp40,snrnp40,11740619,11747022,+,snrnp40,NC_069732.1,12733159.0,snrnp40,W030,Leiocassis longirostris,GCF_022655615.1,matn1,gene
-5,nkain1,nkain1,11750765,11758481,+,nkain1,NC_069732.1,12745593.0,nkain1,W030,Leiocassis longirostris,GCF_022655615.1,matn1,gene
-4,pum1,pum1,11760401,11775542,+,pum1,NC_069732.1,12762480.0,pum1,W030,Leiocassis longirostris,GCF_022655615.1,matn1,gene
-3,sdc3,sdc3,11781579,11808855,+,sdc3,NC_069732.1,12794878.0,sdc3,W030,Leiocassis longirostris,GCF_022655615.1,matn1,gene
-2,LOC113661586,LOC113661586,11812914,11818851,+,LOC113536228,NC_069732.1,12816028.0,LOC113536228,W030,Leiocassis longirostris,GCF_022655615.1,matn1,gene
-1,LOC113661588,LOC113661588,11819566,11824211,+,LOC113536229,NC_069732.1,12822366.0,LOC113536229,W030,Leiocassis longirostris,GCF_022655615.1,matn1,gene
0,matn1,matn1,11824342,11830287,+,matn1,NC_069732.1,12828415.0,matn1,W030,Leiocassis longirostris,GCF_022655615.1,matn1,gene
1,sesn2,sesn2,11832530,11843736,+,sesn2,NC_069732.1,12837592.0,sesn2,W030,Leiocassis longirostris,GCF_022655615.1,matn1,gene
2,yrk,yrk,11846169,11859585,+,yrk,NC_069732.1,12854457.0,yrk,W030,Leiocassis longirostris,GCF_022655615.1,matn1,gene
3,ahdc1,ahdc1,11861135,11884440,+,ahdc1,NC_069732.1,12878294.0,ahdc1,W030,Leiocassis longirostris,GCF_022655615.1,matn1,gene
4,LOC113661623,LOC113661623,11887641,11892251,+,LOC113536224,NC_069732.1,12895362.0,LOC113536224,W030,Leiocassis longirostris,GCF_022655615.1,matn1,gene
5,wasf2,wasf2,11894265,11901157,+,wasf2,NC_069732.1,12905750.0,wasf2,W030,Leiocassis longirostris,GCF_022655615.1,matn1,gene
6,gpr3,gpr3,11903563,11907137,-,gpr3,NC_069732.1,12914612.0,gpr3,W030,Leiocassis longirostris,GCF_022655615.1,matn1,gene
7,cd164l2,cd164l2,11909499,11912685,+,cd164l2,NC_069732.1,12920801.0,cd164l2,W030,Leiocassis longirostris,GCF_022655615.1,matn1,gene
8,si:ch211-199g17.2,si:ch211-199g17.2,11919618,11978052,+,si:ch211-199g17.2,NC_069732.1,12956561.0,si:ch211-199g17.2,W030,Leiocassis longirostris,GCF_022655615.1,matn1,gene
9,si:ch211-199g17.9,si:ch211-199g17.9,11979146,11982952,+,si:ch211-199g17.9,NC_069732.1,12995090.0,si:ch211-199g17.9,W030,Leiocassis longirostris,GCF_022655615.1,matn1,gene
10,fam83hb,fam83hb,11982881,11992267,-,fam83hb,NC_069732.1,13003468.0,fam83hb,W030,Leiocassis longirostris,GCF_022655615.1,matn1,gene
-10,ubp1,ubp1,11663193,11679790,+,ubp1,NC_069732.1,12647269.0,ubp1,W030,Leiocassis longirostris,GCF_022655615.1,sdc3,gene
-9,LOC113661402,LOC113661402,11683107,11694715,+,pdcd6ip,NC_069732.1,12667630.0,pdcd6ip,W030,Leiocassis longirostris,GCF_022655615.1,sdc3,gene
-8,arpp21,arpp21,11697710,11711091,+,arpp21,NC_069732.1,12684300.0,arpp21,W030,Leiocassis longirostris,GCF_022655615.1,sdc3,gene
-7,cyhr1,cyhr1,11710281,11718238,-,zftraf1,NC_069732.1,12696994.0,zftraf1,W030,Leiocassis longirostris,GCF_022655615.1,sdc3,gene
-6,dclk3,dclk3,11723269,11728031,-,dclk3,NC_069732.1,12707532.0,dclk3,W030,Leiocassis longirostris,GCF_022655615.1,sdc3,gene
-5,fabp3,fabp3,11732683,11735617,+,fabp3,NC_069732.1,12720512.0,fabp3,W030,Leiocassis longirostris,GCF_022655615.1,sdc3,gene
-4,zcchc17,zcchc17,11736020,11740567,-,zcchc17,NC_069732.1,12726029.0,zcchc17,W030,Leiocassis longirostris,GCF_022655615.1,sdc3,gene
-3,snrnp40,snrnp40,11740619,11747022,+,snrnp40,NC_069732.1,12733159.0,snrnp40,W030,Leiocassis longirostris,GCF_022655615.1,sdc3,gene
-2,nkain1,nkain1,11750765,11758481,+,nkain1,NC_069732.1,12745593.0,nkain1,W030,Leiocassis longirostris,GCF_022655615.1,sdc3,gene
-1,pum1,pum1,11760401,11775542,+,pum1,NC_069732.1,12762480.0,pum1,W030,Leiocassis longirostris,GCF_022655615.1,sdc3,gene
0,sdc3,sdc3,11781579,11808855,+,sdc3,NC_069732.1,12794878.0,sdc3,W030,Leiocassis longirostris,GCF_022655615.1,sdc3,gene
1,LOC113661586,LOC113661586,11812914,11818851,+,LOC113536228,NC_069732.1,12816028.0,LOC113536228,W030,Leiocassis longirostris,GCF_022655615.1,sdc3,gene
2,LOC113661588,LOC113661588,11819566,11824211,+,LOC113536229,NC_069732.1,12822366.0,LOC113536229,W030,Leiocassis longirostris,GCF_022655615.1,sdc3,gene
3,matn1,matn1,11824342,11830287,+,matn1,NC_069732.1,12828415.0,matn1,W030,Leiocassis longirostris,GCF_022655615.1,sdc3,gene
4,sesn2,sesn2,11832530,11843736,+,sesn2,NC_069732.1,12837592.0,sesn2,W030,Leiocassis longirostris,GCF_022655615.1,sdc3,gene
5,yrk,yrk,11846169,11859585,+,yrk,NC_069732.1,12854457.0,yrk,W030,Leiocassis longirostris,GCF_022655615.1,sdc3,gene
6,ahdc1,ahdc1,11861135,11884440,+,ahdc1,NC_069732.1,12878294.0,ahdc1,W030,Leiocassis longirostris,GCF_022655615.1,sdc3,gene
7,LOC113661623,LOC113661623,11887641,11892251,+,LOC113536224,NC_069732.1,12895362.0,LOC113536224,W030,Leiocassis longirostris,GCF_022655615.1,sdc3,gene
8,wasf2,wasf2,11894265,11901157,+,wasf2,NC_069732.1,12905750.0,wasf2,W030,Leiocassis longirostris,GCF_022655615.1,sdc3,gene
9,gpr3,gpr3,11903563,11907137,-,gpr3,NC_069732.1,12914612.0,gpr3,W030,Leiocassis longirostris,GCF_022655615.1,sdc3,gene
10,cd164l2,cd164l2,11909499,11912685,+,cd164l2,NC_069732.1,12920801.0,cd164l2,W030,Leiocassis longirostris,GCF_022655615.1,sdc3,gene
-10,enox2,enox2,15970007,16218768,+,enox2,NC_069718.1,10151761.0,enox2,W030,Leiocassis longirostris,GCF_022655615.1,kif3a,gene
-9,wu:fb13g09,wu:fb13g09,16237897,16275019,+,wu:fb13g09,NC_069718.1,10003920.0,wu:fb13g09,W030,Leiocassis longirostris,GCF_022655615.1,kif3a,gene
-8,med12,med12,16278113,16323876,+,med12,NC_069718.1,9960805.0,med12,W030,Leiocassis longirostris,GCF_022655615.1,kif3a,gene
-7,mars2,mars2,16323787,16329236,-,mars2,NC_069718.1,9936730.0,mars2,W030,Leiocassis longirostris,GCF_022655615.1,kif3a,gene
-6,hspa4b,hspa4b,16331302,16343094,+,hspa4b,NC_069718.1,9923842.0,hspa4b,W030,Leiocassis longirostris,GCF_022655615.1,kif3a,gene
-5,gnpda1,gnpda1,16343791,16347077,+,gnpda1,NC_069718.1,9912448.0,gnpda1,W030,Leiocassis longirostris,GCF_022655615.1,kif3a,gene
-4,ndfip1,ndfip1,16347839,16355842,+,ndfip1,NC_069718.1,9904100.0,ndfip1,W030,Leiocassis longirostris,GCF_022655615.1,kif3a,gene
-3,nr3c1,nr3c1,16358840,16399338,-,nr3c1,NC_069718.1,9868246.0,nr3c1,W030,Leiocassis longirostris,GCF_022655615.1,kif3a,gene
-2,kctd16a,kctd16a,16418891,16444009,+,kctd16a,NC_069718.1,9813753.0,kctd16a,W030,Leiocassis longirostris,GCF_022655615.1,kif3a,gene
-1,sh3rf2,sh3rf2,16483052,16517382,+,sh3rf2,NC_069718.1,9745562.0,sh3rf2,W030,Leiocassis longirostris,GCF_022655615.1,kif3a,gene
0,kif3a,kif3a,16519577,16536934,+,kif3a,NC_069718.1,9716042.0,kif3a,W030,Leiocassis longirostris,GCF_022655615.1,kif3a,gene
1,drd1a,drd1a,16613761,16616950,+,drd1a,NC_069718.1,9627730.0,drd1a,W030,Leiocassis longirostris,GCF_022655615.1,kif3a,gene
2,msx2a,msx2a,16630293,16651687,-,msx2a,NC_069718.1,9611651.0,msx2a,W030,Leiocassis longirostris,GCF_022655615.1,kif3a,gene
3,cpeb4a,cpeb4a,16654387,16673733,-,cpeb4a,NC_069718.1,9567426.0,cpeb4a,W030,Leiocassis longirostris,GCF_022655615.1,kif3a,gene
4,stc2a,stc2a,16739194,16744280,+,stc2a,NC_069718.1,9481536.0,stc2a,W030,Leiocassis longirostris,GCF_022655615.1,kif3a,gene
5,nkx2.5,nkx2.5,16755554,16759790,+,nkx2.5,NC_069718.1,9464127.0,nkx2.5,W030,Leiocassis longirostris,GCF_022655615.1,kif3a,gene
6,bnip1a,bnip1a,16762918,16767956,-,bnip1a,NC_069718.1,9456078.0,bnip1a,W030,Leiocassis longirostris,GCF_022655615.1,kif3a,gene
7,adra2da,adra2da,16802491,16804820,+,adra2da,NC_069718.1,9413645.0,adra2da,W030,Leiocassis longirostris,GCF_022655615.1,kif3a,gene
8,slc34a1a,slc34a1a,16896198,16917772,-,slc34a1a,NC_069718.1,9319628.0,slc34a1a,W030,Leiocassis longirostris,GCF_022655615.1,kif3a,gene
9,rgs14a,rgs14a,16937177,16957299,-,rgs14a,NC_069718.1,9285337.0,rgs14a,W030,Leiocassis longirostris,GCF_022655615.1,kif3a,gene
10,LOC125145648,LOC125145648,16960883,16977811,+,LOC117598102,NC_069718.1,9265565.0,LOC117598102,W030,Leiocassis longirostris,GCF_022655615.1,kif3a,gene
-10,mansc1,mansc1,5679019,5689575,+,mansc1,NC_069727.1,9646224.0,mansc1,W030,Leiocassis longirostris,GCF_022655615.1,rerg,gene
-9,LOC125139616,LOC125139616,5690767,5719299,+,,,,,W030,Leiocassis longirostris,GCF_022655615.1,rerg,gene
-8,LOC125139617,LOC125139617,5720225,5769415,-,,,,,W030,Leiocassis longirostris,GCF_022655615.1,rerg,gene
-7,tbk1,tbk1,5784592,5808654,+,tbk1,NC_069727.1,9776549.0,tbk1,W030,Leiocassis longirostris,GCF_022655615.1,rerg,gene
-6,gpr19,gpr19,5813117,5820081,+,gpr19,NC_069727.1,9756439.0,gpr19,W030,Leiocassis longirostris,GCF_022655615.1,rerg,gene
-5,crebl2,crebl2,5820465,5823992,-,crebl2,NC_069727.1,9749679.0,crebl2,W030,Leiocassis longirostris,GCF_022655615.1,rerg,gene
-4,dusp16,dusp16,5837687,5852830,+,dusp16,NC_069727.1,9728220.0,dusp16,W030,Leiocassis longirostris,GCF_022655615.1,rerg,gene
-3,lrp6,lrp6,5861730,5882487,-,lrp6,NC_069727.1,9677792.0,lrp6,W030,Leiocassis longirostris,GCF_022655615.1,rerg,gene
-2,eps8a,eps8a,5899828,5923001,+,eps8a,NC_069727.1,9827097.0,eps8a,W030,Leiocassis longirostris,GCF_022655615.1,rerg,gene
-1,ptpro,ptpro,5923629,5984688,-,ptpro,NC_069727.1,9887583.0,ptpro,W030,Leiocassis longirostris,GCF_022655615.1,rerg,gene
0,rerg,rerg,5989152,6034525,+,rerg,NC_069727.1,9944350.0,rerg,W030,Leiocassis longirostris,GCF_022655615.1,rerg,gene
1,syn3,syn3,6051233,6141150,-,syn3,NC_069727.1,10026202.0,syn3,W030,Leiocassis longirostris,GCF_022655615.1,rerg,gene
2,LOC113647252,LOC113647252,6087656,6100003,+,LOC113531856,NC_069727.1,10027767.0,LOC113531856,W030,Leiocassis longirostris,GCF_022655615.1,rerg,gene
3,LOC113647267,LOC113647267,6147953,6152225,+,,,,,W030,Leiocassis longirostris,GCF_022655615.1,rerg,gene
4,LOC113647284,LOC113647284,6155449,6166825,-,LOC113532343,NC_069727.1,10087853.0,LOC113532343,W030,Leiocassis longirostris,GCF_022655615.1,rerg,gene
5,LOC113647264,LOC113647264,6168204,6183076,-,LOC113532307,NC_069727.1,10108306.0,LOC113532307,W030,Leiocassis longirostris,GCF_022655615.1,rerg,gene
6,etv6,etv6,6187947,6210513,+,etv6,NC_069727.1,10134686.0,etv6,W030,Leiocassis longirostris,GCF_022655615.1,rerg,gene
7,tafa2,tafa2,6215837,6260294,+,LOC113532214,NC_069727.1,10173615.0,LOC113532214,W030,Leiocassis longirostris,GCF_022655615.1,rerg,gene
8,zgc:165507,zgc:165507,6297591,6317655,-,zgc:165507,NC_069727.1,10249554.0,zgc:165507,W030,Leiocassis longirostris,GCF_022655615.1,rerg,gene
9,LOC113647231,LOC113647231,6320195,6326678,+,LOC128318754,NC_069718.1,30151725.0,LOC128318754,W030,Leiocassis longirostris,GCF_022655615.1,rerg,gene
10,LOC113647230,LOC113647230,6325266,6326842,-,,,,,W030,Leiocassis longirostris,GCF_022655615.1,rerg,gene
-10,hmgxb3,hmgxb3,15512611,15530618,+,hmgxb3,NC_069718.1,10736562.0,hmgxb3,W030,Leiocassis longirostris,GCF_022655615.1,enox2,gene
-9,csf1ra,csf1ra,15530428,15545485,-,LOC113529571,NC_069718.1,10718931.0,LOC113529571,W030,Leiocassis longirostris,GCF_022655615.1,enox2,gene
-8,pdgfrb,pdgfrb,15551191,15592032,-,pdgfrb,NC_069718.1,10676164.0,pdgfrb,W030,Leiocassis longirostris,GCF_022655615.1,enox2,gene
-7,cdx1a,cdx1a,15601869,15609146,+,cdx1a,NC_069718.1,10635297.0,cdx1a,W030,Leiocassis longirostris,GCF_022655615.1,enox2,gene
-6,LOC113654829,LOC113654829,15616129,15619861,-,LOC113530178,NC_069718.1,10621621.0,LOC113530178,W030,Leiocassis longirostris,GCF_022655615.1,enox2,gene
-5,nudt22,nudt22,15620383,15624147,+,nudt22,NC_069718.1,10614980.0,nudt22,W030,Leiocassis longirostris,GCF_022655615.1,enox2,gene
-4,si:ch211-107m4.1,si:ch211-107m4.1,15624154,15635173,-,si:ch211-107m4.1,NC_069718.1,10606672.0,si:ch211-107m4.1,W030,Leiocassis longirostris,GCF_022655615.1,enox2,gene
-3,smyd5,smyd5,15635408,15649893,+,smyd5,NC_069718.1,10591682.0,smyd5,W030,Leiocassis longirostris,GCF_022655615.1,enox2,gene
-2,gfra4b,gfra4b,15678929,15745581,+,gfra4b,NC_069718.1,10516623.0,gfra4b,W030,Leiocassis longirostris,GCF_022655615.1,enox2,gene
-1,LOC113654841,LOC113654841,15774509,15785920,-,LOC113529592,NC_069718.1,10449001.0,LOC113529592,W030,Leiocassis longirostris,GCF_022655615.1,enox2,gene
0,enox2,enox2,15970007,16218768,+,enox2,NC_069718.1,10151761.0,enox2,W030,Leiocassis longirostris,GCF_022655615.1,enox2,gene
1,wu:fb13g09,wu:fb13g09,16237897,16275019,+,wu:fb13g09,NC_069718.1,10003920.0,wu:fb13g09,W030,Leiocassis longirostris,GCF_022655615.1,enox2,gene
2,med12,med12,16278113,16323876,+,med12,NC_069718.1,9960805.0,med12,W030,Leiocassis longirostris,GCF_022655615.1,enox2,gene
3,mars2,mars2,16323787,16329236,-,mars2,NC_069718.1,9936730.0,mars2,W030,Leiocassis longirostris,GCF_022655615.1,enox2,gene
4,hspa4b,hspa4b,16331302,16343094,+,hspa4b,NC_069718.1,9923842.0,hspa4b,W030,Leiocassis longirostris,GCF_022655615.1,enox2,gene
5,gnpda1,gnpda1,16343791,16347077,+,gnpda1,NC_069718.1,9912448.0,gnpda1,W030,Leiocassis longirostris,GCF_022655615.1,enox2,gene
6,ndfip1,ndfip1,16347839,16355842,+,ndfip1,NC_069718.1,9904100.0,ndfip1,W030,Leiocassis longirostris,GCF_022655615.1,enox2,gene
7,nr3c1,nr3c1,16358840,16399338,-,nr3c1,NC_069718.1,9868246.0,nr3c1,W030,Leiocassis longirostris,GCF_022655615.1,enox2,gene
8,kctd16a,kctd16a,16418891,16444009,+,kctd16a,NC_069718.1,9813753.0,kctd16a,W030,Leiocassis longirostris,GCF_022655615.1,enox2,gene
9,sh3rf2,sh3rf2,16483052,16517382,+,sh3rf2,NC_069718.1,9745562.0,sh3rf2,W030,Leiocassis longirostris,GCF_022655615.1,enox2,gene
10,kif3a,kif3a,16519577,16536934,+,kif3a,NC_069718.1,9716042.0,kif3a,W030,Leiocassis longirostris,GCF_022655615.1,enox2,gene
-10,ano8b,ano8b,7219304,7255358,+,ano8b,NC_069720.1,19769155.0,ano8b,W032,Paralichthys olivaceus,GCF_024713975.1,AXDND1,gene
-9,dda1,dda1,7255491,7259250,-,dda1,NC_069720.1,19747826.0,dda1,W032,Paralichthys olivaceus,GCF_024713975.1,AXDND1,gene
-8,abhd8b,abhd8b,7260447,7267290,+,,,,,W032,Paralichthys olivaceus,GCF_024713975.1,AXDND1,gene
-7,ptprc,ptprc,7269322,7287188,-,ptprc,NC_069720.1,23711664.0,ptprc,W032,Paralichthys olivaceus,GCF_024713975.1,AXDND1,gene
-6,LOC138407171,LOC138407171,7290402,7299444,+,,,,,W032,Paralichthys olivaceus,GCF_024713975.1,AXDND1,gene
-5,nek7,nek7,7318291,7378338,-,nek7,NC_069720.1,23789530.0,nek7,W032,Paralichthys olivaceus,GCF_024713975.1,AXDND1,gene
-4,lhx9,lhx9,7385600,7399053,-,lhx9,NC_069720.1,23842501.0,lhx9,W032,Paralichthys olivaceus,GCF_024713975.1,AXDND1,gene
-3,c3h1orf53,c3h1orf53,7402803,7409209,-,c11h1orf53,NC_069720.1,23864648.0,c11h1orf53,W032,Paralichthys olivaceus,GCF_024713975.1,AXDND1,gene
-2,dennd1b,dennd1b,7411471,7512275,+,dennd1b,NC_069720.1,23926150.0,dennd1b,W032,Paralichthys olivaceus,GCF_024713975.1,AXDND1,gene
-1,crb1,crb1,7513512,7533346,-,,,,,W032,Paralichthys olivaceus,GCF_024713975.1,AXDND1,gene
0,axdnd1,axdnd1,7534022,7544098,+,axdnd1,NC_069720.1,15170209.0,axdnd1,W032,Paralichthys olivaceus,GCF_024713975.1,AXDND1,gene
1,nphs2,nphs2,7543836,7547628,-,nphs2,NC_069720.1,15178719.0,nphs2,W032,Paralichthys olivaceus,GCF_024713975.1,AXDND1,gene
2,tdrd5,tdrd5,7547917,7559601,+,tdrd5,NC_069720.1,15190318.0,tdrd5,W032,Paralichthys olivaceus,GCF_024713975.1,AXDND1,gene
3,fam163ab,fam163ab,7570439,7589422,+,,,,,W032,Paralichthys olivaceus,GCF_024713975.1,AXDND1,gene
4,rabgap1l,rabgap1l,7590342,7684049,+,rabgap1l,NC_069720.1,15279127.0,rabgap1l,W032,Paralichthys olivaceus,GCF_024713975.1,AXDND1,gene
5,gpr52,gpr52,7624104,7626106,+,gpr52,NC_069720.1,15256979.0,gpr52,W032,Paralichthys olivaceus,GCF_024713975.1,AXDND1,gene
6,LOC109636703,LOC109636703,7684576,7689759,-,ifi44g,NC_069720.1,12418197.0,ifi44g,W032,Paralichthys olivaceus,GCF_024713975.1,AXDND1,gene
7,uba52,uba52,7716168,7745581,+,uba52,NC_069730.1,16257371.0,uba52,W032,Paralichthys olivaceus,GCF_024713975.1,AXDND1,gene
8,arrdc2,arrdc2,7725340,7731363,-,arrdc2,NC_069720.1,20789083.0,arrdc2,W032,Paralichthys olivaceus,GCF_024713975.1,AXDND1,gene
9,LOC109636561,LOC109636561,7738175,7743771,-,si:dkey-13m1.5,NC_069720.1,20797499.0,si:dkey-13m1.5,W032,Paralichthys olivaceus,GCF_024713975.1,AXDND1,gene
10,homer3b,homer3b,7747388,7783693,-,,,,,W032,Paralichthys olivaceus,GCF_024713975.1,AXDND1,gene
-10,LOC122864107,LOC122864107,24843311,24844709,-,,,,,W033,Siniperca chuatsi,GCF_020085105.1,asns,gene
-9,LOC122864108,LOC122864108,24856806,25059282,+,LOC113543808,NC_069738.1,10325361.0,LOC113543808,W033,Siniperca chuatsi,GCF_020085105.1,asns,gene
-8,top2b,top2b,25062491,25097070,-,top2b,NC_069738.1,10238554.0,top2b,W033,Siniperca chuatsi,GCF_020085105.1,asns,gene
-7,ngly1,ngly1,25097283,25109020,-,ngly1,NC_069738.1,10216179.0,ngly1,W033,Siniperca chuatsi,GCF_020085105.1,asns,gene
-6,oxsm,oxsm,25108574,25114011,+,oxsm,NC_069732.1,5696504.0,oxsm,W033,Siniperca chuatsi,GCF_020085105.1,asns,gene
-5,lrrc3b,lrrc3b,25154759,25188383,+,lrrc3b,NC_069732.1,6869044.0,lrrc3b,W033,Siniperca chuatsi,GCF_020085105.1,asns,gene
-4,LOC122864114,LOC122864114,25222442,25265388,+,septin7a,NC_069738.1,5416361.0,septin7a,W033,Siniperca chuatsi,GCF_020085105.1,asns,gene
-3,eepd1,eepd1,25275042,25304588,+,eepd1,NC_069738.1,5378386.0,eepd1,W033,Siniperca chuatsi,GCF_020085105.1,asns,gene
-2,si:dkey-222b8.4,si:dkey-222b8.4,25315869,25333010,-,matcap2,NC_069738.1,5358761.0,matcap2,W033,Siniperca chuatsi,GCF_020085105.1,asns,gene
-1,anln,anln,25332450,25348343,+,anln,NC_069732.1,10468258.0,anln,W033,Siniperca chuatsi,GCF_020085105.1,asns,gene
0,asns,asns,25352225,25367746,+,asns,NC_069738.1,5997540.0,asns,W033,Siniperca chuatsi,GCF_020085105.1,asns,gene
1,tac1,tac1,25367873,25373289,-,tac1,NC_069738.1,5987984.0,tac1,W033,Siniperca chuatsi,GCF_020085105.1,asns,gene
2,sdhaf3,sdhaf3,25468824,25486179,-,sdhaf3,NC_069738.1,5934357.0,sdhaf3,W033,Siniperca chuatsi,GCF_020085105.1,asns,gene
3,si:dkey-202e17.1,si:dkey-202e17.1,25500297,25522871,+,,,,,W033,Siniperca chuatsi,GCF_020085105.1,asns,gene
4,col28a1a,col28a1a,25514466,25561747,-,col28a1a,NC_069738.1,5918219.0,col28a1a,W033,Siniperca chuatsi,GCF_020085105.1,asns,gene
5,rpa3,rpa3,25587401,25591579,-,rpa3,NC_069738.1,5898271.0,rpa3,W033,Siniperca chuatsi,GCF_020085105.1,asns,gene
6,LOC122864268,LOC122864268,25593307,25594226,-,,,,,W033,Siniperca chuatsi,GCF_020085105.1,asns,gene
7,umad1,umad1,25595336,25612482,+,umad1,NC_069738.1,5888131.0,umad1,W033,Siniperca chuatsi,GCF_020085105.1,asns,gene
8,glcci1a,glcci1a,25614614,25670734,+,glcci1a,NC_069738.1,5860644.0,glcci1a,W033,Siniperca chuatsi,GCF_020085105.1,asns,gene
9,phf14,phf14,25696118,25808977,-,phf14,NC_069738.1,8805928.0,phf14,W033,Siniperca chuatsi,GCF_020085105.1,asns,gene
10,LOC122864353,LOC122864353,26115092,26118808,+,,,,,W033,Siniperca chuatsi,GCF_020085105.1,asns,gene
-10,plin6,plin6,669512,693460,+,,,,,W033,Siniperca chuatsi,GCF_020085105.1,tg,gene
-9,zgc:171704,zgc:171704,693495,699104,-,zgc:64022,NC_069738.1,5246039.0,zgc:64022,W033,Siniperca chuatsi,GCF_020085105.1,tg,gene
-8,trim33l,trim33l,699463,722959,-,trim33l,NC_069710.1,20723903.0,trim33l,W033,Siniperca chuatsi,GCF_020085105.1,tg,gene
-7,dcst2,dcst2,741309,759766,-,dcst2,NC_069710.1,20743980.0,dcst2,W033,Siniperca chuatsi,GCF_020085105.1,tg,gene
-6,dcst1,dcst1,758143,778903,+,dcst1,NC_069710.1,20755537.0,dcst1,W033,Siniperca chuatsi,GCF_020085105.1,tg,gene
-5,adam15,adam15,783397,820714,+,adam15,NC_069710.1,20775354.0,adam15,W033,Siniperca chuatsi,GCF_020085105.1,tg,gene
-4,LOC122881087,LOC122881087,825722,845299,+,,,,,W033,Siniperca chuatsi,GCF_020085105.1,tg,gene
-3,si:dkey-7j14.6,si:dkey-7j14.6,846494,854053,+,,,,,W033,Siniperca chuatsi,GCF_020085105.1,tg,gene
-2,nudt17,nudt17,854188,861210,+,nudt17,NC_069710.1,20808875.0,nudt17,W033,Siniperca chuatsi,GCF_020085105.1,tg,gene
-1,LOC122881088,LOC122881088,868583,878244,-,,,,,W033,Siniperca chuatsi,GCF_020085105.1,tg,gene
0,tg,tg,878674,928477,-,tg,NC_069710.1,20371730.0,tg,W033,Siniperca chuatsi,GCF_020085105.1,tg,gene
1,LOC122881089,LOC122881089,914246,924119,+,,,,,W033,Siniperca chuatsi,GCF_020085105.1,tg,gene
2,tmem116,tmem116,930004,942684,-,tmem116,NC_069733.1,5748911.0,tmem116,W033,Siniperca chuatsi,GCF_020085105.1,tg,gene
3,LOC122881093,LOC122881093,943008,953824,-,,,,,W033,Siniperca chuatsi,GCF_020085105.1,tg,gene
4,mrps12,mrps12,955108,959181,-,mrps12,NC_069724.1,7426362.0,mrps12,W033,Siniperca chuatsi,GCF_020085105.1,tg,gene
5,zgc:153896,zgc:153896,959442,966479,+,zgc:153896,NC_069728.1,17524062.0,zgc:153896,W033,Siniperca chuatsi,GCF_020085105.1,tg,gene
6,slc4a7,slc4a7,967928,1022139,-,,,,,W033,Siniperca chuatsi,GCF_020085105.1,tg,gene
7,LOC122881098,LOC122881098,979695,985583,+,,,,,W033,Siniperca chuatsi,GCF_020085105.1,tg,gene
8,LOC122881271,LOC122881271,1036500,1043219,+,,,,,W033,Siniperca chuatsi,GCF_020085105.1,tg,gene
9,si:dkey-11p23.7,si:dkey-11p23.7,1043536,1047693,-,si:dkey-11p23.7,NC_069731.1,1007088.0,si:dkey-11p23.7,W033,Siniperca chuatsi,GCF_020085105.1,tg,gene
10,siglec15l,siglec15l,1047820,1060747,+,,,,,W033,Siniperca chuatsi,GCF_020085105.1,tg,gene
-10,ccser2b,ccser2b,1759428,1823068,+,,,,,W033,Siniperca chuatsi,GCF_020085105.1,htra1,gene
-9,grid1b,grid1b,1973654,2501520,-,grid1b,NC_069721.1,376194.0,grid1b,W033,Siniperca chuatsi,GCF_020085105.1,htra1,gene
-8,LOC122868048,LOC122868048,2513801,2519239,-,,,,,W033,Siniperca chuatsi,GCF_020085105.1,htra1,gene
-7,LOC122868049,LOC122868049,2521328,2527398,+,,,,,W033,Siniperca chuatsi,GCF_020085105.1,htra1,gene
-6,LOC122868045,LOC122868045,2534992,2540035,-,,,,,W033,Siniperca chuatsi,GCF_020085105.1,htra1,gene
-5,LOC122868044,LOC122868044,2543136,2548624,+,,,,,W033,Siniperca chuatsi,GCF_020085105.1,htra1,gene
-4,atoh1c,atoh1c,2601605,2605793,+,atoh1c,NC_069721.1,586350.0,atoh1c,W033,Siniperca chuatsi,GCF_020085105.1,htra1,gene
-3,waplb,waplb,2605414,2638277,-,waplb,NC_069721.1,600447.0,waplb,W033,Siniperca chuatsi,GCF_020085105.1,htra1,gene
-2,LOC122867878,LOC122867878,2638744,2642412,-,,,,,W033,Siniperca chuatsi,GCF_020085105.1,htra1,gene
-1,plekha1b,plekha1b,2646379,2672425,+,plekha1b,NC_069721.1,661800.0,plekha1b,W033,Siniperca chuatsi,GCF_020085105.1,htra1,gene
0,htra1b,htra1b,2688660,2717776,+,htra1b,NC_069721.1,697634.0,htra1b,W033,Siniperca chuatsi,GCF_020085105.1,htra1,gene
1,lg20h10orf88,lg20h10orf88,2721340,2731232,-,c12h10orf88,NC_069721.1,719750.0,c12h10orf88,W033,Siniperca chuatsi,GCF_020085105.1,htra1,gene
2,asb3,asb3,2730822,2735276,+,asb3,NC_069721.1,16941348.0,asb3,W033,Siniperca chuatsi,GCF_020085105.1,htra1,gene
3,abca5,abca5,2735409,2762819,+,abca5,NC_069721.1,16618661.0,abca5,W033,Siniperca chuatsi,GCF_020085105.1,htra1,gene
4,chmp6b,chmp6b,2765789,2771383,+,chmp6b,NC_069721.1,18334929.0,chmp6b,W033,Siniperca chuatsi,GCF_020085105.1,htra1,gene
5,baiap2b,baiap2b,2776509,2851589,+,baiap2b,NC_069721.1,18298078.0,baiap2b,W033,Siniperca chuatsi,GCF_020085105.1,htra1,gene
6,aatkb,aatkb,2852194,2910805,-,aatkb,NC_069721.1,18243422.0,aatkb,W033,Siniperca chuatsi,GCF_020085105.1,htra1,gene
7,LOC122867538,LOC122867538,2914889,2919730,+,,,,,W033,Siniperca chuatsi,GCF_020085105.1,htra1,gene
8,LOC122867536,LOC122867536,2922149,2930874,-,,,,,W033,Siniperca chuatsi,GCF_020085105.1,htra1,gene
9,st6galnac,st6galnac,2935138,2948757,-,LOC113527195,NC_069721.1,18184476.0,LOC113527195,W033,Siniperca chuatsi,GCF_020085105.1,htra1,gene
10,cep131,cep131,2949242,2968554,-,cep131,NC_069721.1,18161235.0,cep131,W033,Siniperca chuatsi,GCF_020085105.1,htra1,gene
-10,LOC122868898,LOC122868898,11629774,11637871,+,,,,,W033,Siniperca chuatsi,GCF_020085105.1,rnf213,gene
-9,cenpx,cenpx,11640339,11643112,+,cenpx,NC_069722.1,17834279.0,cenpx,W033,Siniperca chuatsi,GCF_020085105.1,rnf213,gene
-8,notum1a,notum1a,11682517,11692043,+,,,,,W033,Siniperca chuatsi,GCF_020085105.1,rnf213,gene
-7,LOC122868902,LOC122868902,11693219,11695832,+,LOC113528388,NC_069722.1,17921454.0,LOC113528388,W033,Siniperca chuatsi,GCF_020085105.1,rnf213,gene
-6,pycr1a,pycr1a,11696633,11700305,+,,,,,W033,Siniperca chuatsi,GCF_020085105.1,rnf213,gene
-5,LOC122868903,LOC122868903,11700439,11715627,+,,,,,W033,Siniperca chuatsi,GCF_020085105.1,rnf213,gene
-4,LOC122868900,LOC122868900,11718180,11729535,+,LOC113527870,NC_069722.1,15586788.0,LOC113527870,W033,Siniperca chuatsi,GCF_020085105.1,rnf213,gene
-3,LOC122868907,LOC122868907,11734439,11743290,+,,,,,W033,Siniperca chuatsi,GCF_020085105.1,rnf213,gene
-2,LOC122868908,LOC122868908,11743651,11745511,-,,,,,W033,Siniperca chuatsi,GCF_020085105.1,rnf213,gene
-1,LOC122869511,LOC122869511,11746322,11755125,+,,,,,W033,Siniperca chuatsi,GCF_020085105.1,rnf213,gene
0,rnf213a,rnf213a,11756693,11793928,+,rnf213a,NC_069722.1,15669976.0,rnf213a,W033,Siniperca chuatsi,GCF_020085105.1,rnf213,gene
1,LOC122869122,LOC122869122,11916550,11920545,+,LOC113528350,NC_069722.1,15854407.0,LOC113528350,W033,Siniperca chuatsi,GCF_020085105.1,rnf213,gene
2,LOC122868950,LOC122868950,12079461,12086446,+,LOC113527983,NC_069722.1,16174638.0,LOC113527983,W033,Siniperca chuatsi,GCF_020085105.1,rnf213,gene
3,LOC122868948,LOC122868948,12086635,12113636,-,,,,,W033,Siniperca chuatsi,GCF_020085105.1,rnf213,gene
4,med9,med9,12119853,12123773,+,med9,NC_069721.1,3536958.0,med9,W033,Siniperca chuatsi,GCF_020085105.1,rnf213,gene
5,LOC122869355,LOC122869355,12124362,12125817,-,LOC113528022,NC_069722.1,16255977.0,LOC113528022,W033,Siniperca chuatsi,GCF_020085105.1,rnf213,gene
6,LOC122869142,LOC122869142,12179052,12183118,-,sox8a,NC_069722.1,16357188.0,sox8a,W033,Siniperca chuatsi,GCF_020085105.1,rnf213,gene
7,LOC122868691,LOC122868691,12231455,12290884,+,,,,,W033,Siniperca chuatsi,GCF_020085105.1,rnf213,gene
8,LOC122868689,LOC122868689,12291336,12304508,-,LOC113528411,NC_069722.1,16547757.0,LOC113528411,W033,Siniperca chuatsi,GCF_020085105.1,rnf213,gene
9,LOC122868690,LOC122868690,12305639,12309543,-,LOC113527963,NC_069722.1,16571319.0,LOC113527963,W033,Siniperca chuatsi,GCF_020085105.1,rnf213,gene
10,LOC122868687,LOC122868687,12309553,12312694,+,LOC113527936,NC_069722.1,16577013.0,LOC113527936,W033,Siniperca chuatsi,GCF_020085105.1,rnf213,gene
-10,LOC122885150,LOC122885150,28342961,28351188,+,,,,,W033,Siniperca chuatsi,GCF_020085105.1,ttn,gene
-9,LOC122885149,LOC122885149,28343580,28345214,+,,,,,W033,Siniperca chuatsi,GCF_020085105.1,ttn,gene
-8,itgav,itgav,28367845,28416263,+,itgav,NC_069714.1,31905452.0,itgav,W033,Siniperca chuatsi,GCF_020085105.1,ttn,gene
-7,si:dkey-69o16.5,si:dkey-69o16.5,28417183,28425131,-,si:dkey-69o16.5,NC_069714.1,31881293.0,si:dkey-69o16.5,W033,Siniperca chuatsi,GCF_020085105.1,ttn,gene
-6,tgfbr2l,tgfbr2l,28428383,28448090,+,tgfbr2l,NC_069714.1,21779330.0,tgfbr2l,W033,Siniperca chuatsi,GCF_020085105.1,ttn,gene
-5,lmln,lmln,28465703,28483708,+,lmln,NC_069714.1,21807886.0,lmln,W033,Siniperca chuatsi,GCF_020085105.1,ttn,gene
-4,lacc1,lacc1,28484424,28489204,-,lacc1,NC_069714.1,16207767.0,lacc1,W033,Siniperca chuatsi,GCF_020085105.1,ttn,gene
-3,enox1,enox1,28499269,28597450,+,enox1,NC_069714.1,16174602.0,enox1,W033,Siniperca chuatsi,GCF_020085105.1,ttn,gene
-2,LOC122886103,LOC122886103,28501604,28502552,+,,,,,W033,Siniperca chuatsi,GCF_020085105.1,ttn,gene
-1,LOC122885144,LOC122885144,28593808,28597741,-,,,,,W033,Siniperca chuatsi,GCF_020085105.1,ttn,gene
0,ttn.2,ttn.2,28610609,28857108,-,ttn.2,NC_069714.1,27043979.0,ttn.2,W033,Siniperca chuatsi,GCF_020085105.1,ttn,gene
1,ccdc141,ccdc141,28860612,28902717,-,ccdc141,NC_069714.1,26927392.0,ccdc141,W033,Siniperca chuatsi,GCF_020085105.1,ttn,gene
2,LOC122885295,LOC122885295,28902208,28907414,-,LOC113532354,NC_069739.1,926506.0,LOC113532354,W033,Siniperca chuatsi,GCF_020085105.1,ttn,gene
3,si:dkey-230p4.1,si:dkey-230p4.1,28914777,28947765,-,si:dkey-230p4.1,NC_069714.1,1817056.0,si:dkey-230p4.1,W033,Siniperca chuatsi,GCF_020085105.1,ttn,gene
4,tspearb,tspearb,28947988,28981251,-,tspearb,NC_069714.1,32546245.0,tspearb,W033,Siniperca chuatsi,GCF_020085105.1,ttn,gene
5,ube2g2,ube2g2,28995779,29007839,-,ube2g2,NC_069711.1,35726534.0,ube2g2,W033,Siniperca chuatsi,GCF_020085105.1,ttn,gene
6,mylka,mylka,29010792,29092531,-,mylka,NC_069714.1,17013605.0,mylka,W033,Siniperca chuatsi,GCF_020085105.1,ttn,gene
7,LOC122885294,LOC122885294,29024032,29027337,+,,,,,W033,Siniperca chuatsi,GCF_020085105.1,ttn,gene
8,LOC122885291,LOC122885291,29100826,29138270,+,,,,,W033,Siniperca chuatsi,GCF_020085105.1,ttn,gene
9,carf,carf,29139109,29150577,+,,,,,W033,Siniperca chuatsi,GCF_020085105.1,ttn,gene
10,LOC122885285,LOC122885285,29153104,29361320,-,ttn.1,NC_069714.1,27212926.0,ttn.1,W033,Siniperca chuatsi,GCF_020085105.1,ttn,gene
-10,LOC122880990,LOC122880990,26281760,26510329,+,ldlrad4b,NC_069710.1,19946552.0,ldlrad4b,W033,Siniperca chuatsi,GCF_020085105.1,tgfbr2,gene
-9,LOC122881583,LOC122881583,26518291,26524590,-,fam210ab,NC_069710.1,19901745.0,fam210ab,W033,Siniperca chuatsi,GCF_020085105.1,tgfbr2,gene
-8,mc5ra,mc5ra,26527944,26579825,+,mc5ra,NC_069732.1,2065718.0,mc5ra,W033,Siniperca chuatsi,GCF_020085105.1,tgfbr2,gene
-7,mc2r,mc2r,26580215,26591677,-,mc2r,NC_069710.1,19884258.0,mc2r,W033,Siniperca chuatsi,GCF_020085105.1,tgfbr2,gene
-6,zdhhc3a,zdhhc3a,26600160,26616517,+,zdhhc3a,NC_069710.1,2786640.0,zdhhc3a,W033,Siniperca chuatsi,GCF_020085105.1,tgfbr2,gene
-5,tmem42a,tmem42a,26612358,26618015,-,tmem42a,NC_069710.1,2780596.0,tmem42a,W033,Siniperca chuatsi,GCF_020085105.1,tgfbr2,gene
-4,kiaa1143,kiaa1143,26618167,26621482,+,kiaa1143,NC_069710.1,2775804.0,kiaa1143,W033,Siniperca chuatsi,GCF_020085105.1,tgfbr2,gene
-3,LOC122882233,LOC122882233,26622265,26683462,-,,,,,W033,Siniperca chuatsi,GCF_020085105.1,tgfbr2,gene
-2,LOC122881646,LOC122881646,26698339,26709835,-,csad,NC_069725.1,20700844.0,csad,W033,Siniperca chuatsi,GCF_020085105.1,tgfbr2,gene
-1,LOC122881214,LOC122881214,26716835,26724902,+,,,,,W033,Siniperca chuatsi,GCF_020085105.1,tgfbr2,gene
0,tgfbr2b,tgfbr2b,26728095,26770860,-,tgfbr2b,NC_069710.1,2652623.0,tgfbr2b,W033,Siniperca chuatsi,GCF_020085105.1,tgfbr2,gene
1,gask1a,gask1a,26825642,26880964,+,gask1a,NC_069710.1,18199772.0,gask1a,W033,Siniperca chuatsi,GCF_020085105.1,tgfbr2,gene
2,pomgnt2,pomgnt2,26906212,26929007,-,pomgnt2,NC_069710.1,18181193.0,pomgnt2,W033,Siniperca chuatsi,GCF_020085105.1,tgfbr2,gene
3,snrka,snrka,26934326,26989824,+,snrka,NC_069710.1,18148628.0,snrka,W033,Siniperca chuatsi,GCF_020085105.1,tgfbr2,gene
4,ano10a,ano10a,26991682,27023580,-,ano10a,NC_069710.1,18114415.0,ano10a,W033,Siniperca chuatsi,GCF_020085105.1,tgfbr2,gene
5,abhd5a,abhd5a,27025763,27038807,+,abhd5a,NC_069710.1,18098577.0,abhd5a,W033,Siniperca chuatsi,GCF_020085105.1,tgfbr2,gene
6,cndp1,cndp1,27133020,27143293,-,cndp1,NC_069731.1,286909.0,cndp1,W033,Siniperca chuatsi,GCF_020085105.1,tgfbr2,gene
7,LOC122881134,LOC122881134,27144311,27146741,-,,,,,W033,Siniperca chuatsi,GCF_020085105.1,tgfbr2,gene
8,taf2,taf2,27155205,27185648,+,taf2,NC_069710.1,9753310.0,taf2,W033,Siniperca chuatsi,GCF_020085105.1,tgfbr2,gene
9,enpp2,enpp2,27186317,27220156,+,enpp2,NC_069710.1,9788335.0,enpp2,W033,Siniperca chuatsi,GCF_020085105.1,tgfbr2,gene
10,nod1,nod1,27224669,27237804,+,nod1,NC_069731.1,50075.0,nod1,W033,Siniperca chuatsi,GCF_020085105.1,tgfbr2,gene
-10,LOC122885407,LOC122885407,18369972,18379972,+,tfdp1a,NC_069714.1,14634193.0,tfdp1a,W033,Siniperca chuatsi,GCF_020085105.1,nck2,gene
-9,LOC122885405,LOC122885405,18380118,18387144,+,,,,,W033,Siniperca chuatsi,GCF_020085105.1,nck2,gene
-8,mettl21cb,mettl21cb,18387285,18392174,-,mettl21cb,NC_069714.1,14626379.0,mettl21cb,W033,Siniperca chuatsi,GCF_020085105.1,nck2,gene
-7,LOC122885716,LOC122885716,18396546,18400355,-,si:ch211-160b11.4,NC_069714.1,14621425.0,si:ch211-160b11.4,W033,Siniperca chuatsi,GCF_020085105.1,nck2,gene
-6,jam2b,jam2b,18404178,18412714,+,jam2b,NC_069714.1,14614987.0,jam2b,W033,Siniperca chuatsi,GCF_020085105.1,nck2,gene
-5,st6gal2a,st6gal2a,18444534,18515422,+,st6gal2a,NC_069714.1,12397403.0,st6gal2a,W033,Siniperca chuatsi,GCF_020085105.1,nck2,gene
-4,tmtops2b,tmtops2b,18479880,18506093,-,tmtops2b,NC_069714.1,12377136.0,tmtops2b,W033,Siniperca chuatsi,GCF_020085105.1,nck2,gene
-3,uxs1,uxs1,18519284,18549869,+,uxs1,NC_069714.1,12348590.0,uxs1,W033,Siniperca chuatsi,GCF_020085105.1,nck2,gene
-2,ecrg4a,ecrg4a,18550032,18554395,-,ecrg4a,NC_069714.1,12331346.0,ecrg4a,W033,Siniperca chuatsi,GCF_020085105.1,nck2,gene
-1,otos2,otos2,18558018,18558718,-,otos2,NC_069711.1,26747038.0,otos2,W033,Siniperca chuatsi,GCF_020085105.1,nck2,gene
0,LOC122885121,LOC122885121,18566888,18609701,-,nck2a,NC_069714.1,12301311.0,nck2a,W033,Siniperca chuatsi,GCF_020085105.1,nck2,gene
1,LOC122885805,LOC122885805,18621233,18626274,+,fhl2a,NC_069714.1,12258905.0,fhl2a,W033,Siniperca chuatsi,GCF_020085105.1,nck2,gene
2,lg12h2orf49,lg12h2orf49,18626534,18630882,-,c5h2orf49,NC_069714.1,12250624.0,c5h2orf49,W033,Siniperca chuatsi,GCF_020085105.1,nck2,gene
3,gpr45,gpr45,18633069,18637644,-,gpr45,NC_069714.1,12242720.0,gpr45,W033,Siniperca chuatsi,GCF_020085105.1,nck2,gene
4,pou3f3a,pou3f3a,18642549,18646408,-,,,,,W033,Siniperca chuatsi,GCF_020085105.1,nck2,gene
5,tmem182a,tmem182a,18685535,18691771,-,tmem182a,NC_069714.1,12133254.0,tmem182a,W033,Siniperca chuatsi,GCF_020085105.1,nck2,gene
6,mfsd9,mfsd9,18693966,18700497,+,mfsd9,NC_069714.1,12118942.0,mfsd9,W033,Siniperca chuatsi,GCF_020085105.1,nck2,gene
7,slc9a2,slc9a2,18700583,18712918,-,slc9a2,NC_069714.1,12110183.0,slc9a2,W033,Siniperca chuatsi,GCF_020085105.1,nck2,gene
8,inpp4aa,inpp4aa,18714831,18733015,+,inpp4aa,NC_069714.1,12084814.0,inpp4aa,W033,Siniperca chuatsi,GCF_020085105.1,nck2,gene
9,si:dkey-4e7.3,si:dkey-4e7.3,18736534,18741665,+,si:dkey-4e7.3,NC_069714.1,12061780.0,si:dkey-4e7.3,W033,Siniperca chuatsi,GCF_020085105.1,nck2,gene
10,LOC122885692,LOC122885692,18741668,18745825,-,LOC113525879,NC_069714.1,12058163.0,LOC113525879,W033,Siniperca chuatsi,GCF_020085105.1,nck2,gene
-10,LOC113658481,LOC113658481,20013996,20016354,+,,,,,W034,Tachysurus fulvidraco,GCF_022655615.1,stat5b,gene
-9,LOC125145380,LOC125145380,20017842,20021514,-,,,,,W034,Tachysurus fulvidraco,GCF_022655615.1,stat5b,gene
-8,LOC113658477,LOC113658477,20096708,20099038,+,,,,,W034,Tachysurus fulvidraco,GCF_022655615.1,stat5b,gene
-7,LOC113662160,LOC113662160,20134912,20161338,-,LOC113535291,NC_069721.1,1464665.0,LOC113535291,W034,Tachysurus fulvidraco,GCF_022655615.1,stat5b,gene
-6,si:ch211-217a12.1,si:ch211-217a12.1,20161486,20213237,-,si:ch211-217a12.1,NC_069721.1,1492735.0,si:ch211-217a12.1,W034,Tachysurus fulvidraco,GCF_022655615.1,stat5b,gene
-5,ppp1r16a,ppp1r16a,20222687,20263295,-,ppp1r16a,NC_069721.1,1519116.0,ppp1r16a,W034,Tachysurus fulvidraco,GCF_022655615.1,stat5b,gene
-4,LOC113662176,LOC113662176,20222687,20225261,-,,,,,W034,Tachysurus fulvidraco,GCF_022655615.1,stat5b,gene
-3,LOC113662177,LOC113662177,20240966,20245558,+,LOC113535036,NC_069721.1,1521810.0,LOC113535036,W034,Tachysurus fulvidraco,GCF_022655615.1,stat5b,gene
-2,foxh1,foxh1,20266038,20272173,+,foxh1,NC_069721.1,1552596.0,foxh1,W034,Tachysurus fulvidraco,GCF_022655615.1,stat5b,gene
-1,oplah,oplah,20276182,20295232,-,oplah,NC_069721.1,1570199.0,oplah,W034,Tachysurus fulvidraco,GCF_022655615.1,stat5b,gene
0,stat5b,stat5b,20298621,20314934,+,stat5b,NC_069721.1,1588169.0,stat5b,W034,Tachysurus fulvidraco,GCF_022655615.1,stat5b,gene
1,ghdc,ghdc,20315081,20322036,+,ghdc,NC_069721.1,1602588.0,ghdc,W034,Tachysurus fulvidraco,GCF_022655615.1,stat5b,gene
2,kcnh4b,kcnh4b,20330823,20364526,-,kcnh4b,NC_069721.1,1632802.0,kcnh4b,W034,Tachysurus fulvidraco,GCF_022655615.1,stat5b,gene
3,LOC113662145,LOC113662145,20367623,20372787,+,LOC113535328,NC_069721.1,1660180.0,LOC113535328,W034,Tachysurus fulvidraco,GCF_022655615.1,stat5b,gene
4,drosha,drosha,20373278,20431275,+,drosha,NC_069721.1,1693331.0,drosha,W034,Tachysurus fulvidraco,GCF_022655615.1,stat5b,gene
5,LOC125145330,LOC125145330,20424048,20426028,+,,,,,W034,Tachysurus fulvidraco,GCF_022655615.1,stat5b,gene
6,LOC113662142,LOC113662142,20434067,20458126,-,LOC113535332,NC_069721.1,1736649.0,LOC113535332,W034,Tachysurus fulvidraco,GCF_022655615.1,stat5b,gene
7,LOC113662201,LOC113662201,20479634,20485668,+,LOC113535349,NC_069721.1,1781495.0,LOC113535349,W034,Tachysurus fulvidraco,GCF_022655615.1,stat5b,gene
8,buc2l,buc2l,20490019,20493473,-,buc2l,NC_069721.1,1791602.0,buc2l,W034,Tachysurus fulvidraco,GCF_022655615.1,stat5b,gene
9,LOC113662171,LOC113662171,20494895,20500033,-,LOC113534974,NC_069721.1,1798821.0,LOC113534974,W034,Tachysurus fulvidraco,GCF_022655615.1,stat5b,gene
10,kbtbd2,kbtbd2,20501509,20510856,+,kbtbd2,NC_069721.1,1811076.0,kbtbd2,W034,Tachysurus fulvidraco,GCF_022655615.1,stat5b,gene
-10,aspdh,aspdh,17494548,17498890,-,aspdh,NC_069722.1,6913587.0,aspdh,W034,Tachysurus fulvidraco,GCF_022655615.1,kcnh4,gene
-9,tmem86b,tmem86b,17500663,17502588,+,tmem86b,NC_069722.1,6907301.0,tmem86b,W034,Tachysurus fulvidraco,GCF_022655615.1,kcnh4,gene
-8,stk17al,stk17al,17528268,17540394,+,stk17al,NC_069722.1,6871306.0,stk17al,W034,Tachysurus fulvidraco,GCF_022655615.1,kcnh4,gene
-7,atp6v0a1a,atp6v0a1a,17564697,17583611,+,atp6v0a1a,NC_069722.1,6824684.0,atp6v0a1a,W034,Tachysurus fulvidraco,GCF_022655615.1,kcnh4,gene
-6,cavin1a,cavin1a,17585236,17603851,+,cavin1a,NC_069722.1,6799984.0,cavin1a,W034,Tachysurus fulvidraco,GCF_022655615.1,kcnh4,gene
-5,stat3,stat3,17610204,17638067,+,stat3,NC_069722.1,6766808.0,stat3,W034,Tachysurus fulvidraco,GCF_022655615.1,kcnh4,gene
-4,stat5a,stat5a,17650211,17736381,+,stat5a,NC_069722.1,6703180.0,stat5a,W034,Tachysurus fulvidraco,GCF_022655615.1,kcnh4,gene
-3,LOC113652177,LOC113652177,17751112,17753134,-,,,,,W034,Tachysurus fulvidraco,GCF_022655615.1,kcnh4,gene
-2,plcl5,plcl5,17756978,17845977,+,plcl5,NC_069722.1,6611221.0,plcl5,W034,Tachysurus fulvidraco,GCF_022655615.1,kcnh4,gene
-1,hcrt,hcrt,17847611,17851740,+,hcrt,NC_069722.1,6569734.0,hcrt,W034,Tachysurus fulvidraco,GCF_022655615.1,kcnh4,gene
0,kcnh4a,kcnh4a,17853000,17906068,+,kcnh4a,NC_069722.1,6544187.0,kcnh4a,W034,Tachysurus fulvidraco,GCF_022655615.1,kcnh4,gene
1,rab5c,rab5c,17911672,17928730,+,rab5c,NC_069722.1,6509467.0,rab5c,W034,Tachysurus fulvidraco,GCF_022655615.1,kcnh4,gene
2,kat2a,kat2a,17929515,17948017,+,kat2a,NC_069722.1,6491719.0,kat2a,W034,Tachysurus fulvidraco,GCF_022655615.1,kcnh4,gene
3,dhx58,dhx58,17948626,17954607,+,dhx58,NC_069722.1,6481345.0,dhx58,W034,Tachysurus fulvidraco,GCF_022655615.1,kcnh4,gene
4,znf385c,znf385c,17973341,18061232,+,znf385c,NC_069722.1,6413172.0,znf385c,W034,Tachysurus fulvidraco,GCF_022655615.1,kcnh4,gene
5,nkiras2,nkiras2,18066787,18069749,-,nkiras2,NC_069722.1,6361382.0,nkiras2,W034,Tachysurus fulvidraco,GCF_022655615.1,kcnh4,gene
6,dnajc7,dnajc7,18073810,18090656,+,dnajc7,NC_069722.1,6348764.0,dnajc7,W034,Tachysurus fulvidraco,GCF_022655615.1,kcnh4,gene
7,odad4,odad4,18090903,18097164,+,odad4,NC_069722.1,6335698.0,odad4,W034,Tachysurus fulvidraco,GCF_022655615.1,kcnh4,gene
8,LOC113652151,LOC113652151,18099183,18104321,+,cnp,NC_069722.1,6326722.0,cnp,W034,Tachysurus fulvidraco,GCF_022655615.1,kcnh4,gene
9,aclya,aclya,18104470,18132177,+,aclya,NC_069722.1,6306831.0,aclya,W034,Tachysurus fulvidraco,GCF_022655615.1,kcnh4,gene
10,si:ch73-141c7.1,si:ch73-141c7.1,18132791,18136504,-,si:ch73-141c7.1,NC_069722.1,6290424.0,si:ch73-141c7.1,W034,Tachysurus fulvidraco,GCF_022655615.1,kcnh4,gene
-10,pigm,pigm,7765437,7771192,-,pigm,NC_069731.1,8486296.0,pigm,W034,Tachysurus fulvidraco,GCF_022655615.1,ptrf,gene
-9,mrpl17,mrpl17,7771928,7776493,+,mrpl17,NC_069731.1,8494795.0,mrpl17,W034,Tachysurus fulvidraco,GCF_022655615.1,ptrf,gene
-8,fzd6,fzd6,7781144,7790078,-,fzd6,NC_069731.1,8507142.0,fzd6,W034,Tachysurus fulvidraco,GCF_022655615.1,ptrf,gene
-7,pop1,pop1,7791583,7806333,+,pop1,NC_069731.1,8520209.0,pop1,W034,Tachysurus fulvidraco,GCF_022655615.1,ptrf,gene
-6,LOC113657897,LOC113657897,7820053,7830116,+,LOC113532599,NC_069731.1,8543281.0,LOC113532599,W034,Tachysurus fulvidraco,GCF_022655615.1,ptrf,gene
-5,LOC113661643,LOC113661643,7831486,7835218,+,LOC113532920,NC_069731.1,8561197.0,LOC113532920,W034,Tachysurus fulvidraco,GCF_022655615.1,ptrf,gene
-4,osr2,osr2,7855584,7861417,+,osr2,NC_069731.1,8604369.0,osr2,W034,Tachysurus fulvidraco,GCF_022655615.1,ptrf,gene
-3,LOC113659627,LOC113659627,7869927,7962155,+,LOC113532774,NC_069731.1,8696882.0,LOC113532774,W034,Tachysurus fulvidraco,GCF_022655615.1,ptrf,gene
-2,LOC113658114,LOC113658114,7965408,7975415,+,LOC113532557,NC_069731.1,8795701.0,LOC113532557,W034,Tachysurus fulvidraco,GCF_022655615.1,ptrf,gene
-1,rpgrip1,rpgrip1,7979986,8005238,-,rpgrip1,NC_069731.1,8841029.0,rpgrip1,W034,Tachysurus fulvidraco,GCF_022655615.1,ptrf,gene
0,cavin1b,cavin1b,8008339,8019291,-,cavin1b,NC_069731.1,8880451.0,cavin1b,W034,Tachysurus fulvidraco,GCF_022655615.1,ptrf,gene
1,atp6v0a1b,atp6v0a1b,8035083,8062217,+,atp6v0a1b,NC_069731.1,8932539.0,atp6v0a1b,W034,Tachysurus fulvidraco,GCF_022655615.1,ptrf,gene
2,ptprh,ptprh,8071897,8093660,+,ptprh,NC_069731.1,9015612.0,ptprh,W034,Tachysurus fulvidraco,GCF_022655615.1,ptrf,gene
3,si:dkey-197c15.6,si:dkey-197c15.6,8094831,8098334,-,si:dkey-197c15.6,NC_069731.1,9050556.0,si:dkey-197c15.6,W034,Tachysurus fulvidraco,GCF_022655615.1,ptrf,gene
4,zgc:101569,zgc:101569,8101106,8108457,+,zgc:101569,NC_069731.1,9064720.0,zgc:101569,W034,Tachysurus fulvidraco,GCF_022655615.1,ptrf,gene
5,bmp6,bmp6,8109938,8143227,+,bmp6,NC_069731.1,9109898.0,bmp6,W034,Tachysurus fulvidraco,GCF_022655615.1,ptrf,gene
6,txndc5,txndc5,8144947,8156215,-,txndc5,NC_069731.1,9165965.0,txndc5,W034,Tachysurus fulvidraco,GCF_022655615.1,ptrf,gene
7,bloc1s5,bloc1s5,8157058,8161454,-,bloc1s5,NC_069731.1,9181527.0,bloc1s5,W034,Tachysurus fulvidraco,GCF_022655615.1,ptrf,gene
8,tfap2a,tfap2a,8168241,8180100,+,tfap2a,NC_069731.1,9214807.0,tfap2a,W034,Tachysurus fulvidraco,GCF_022655615.1,ptrf,gene
9,ofcc1,ofcc1,8270953,8350623,+,ofcc1,NC_069731.1,9362519.0,ofcc1,W034,Tachysurus fulvidraco,GCF_022655615.1,ptrf,gene
10,slc35b3,slc35b3,8495148,8509076,+,slc35b3,NC_069731.1,9558580.0,slc35b3,W034,Tachysurus fulvidraco,GCF_022655615.1,ptrf,gene
-10,tmem86b,tmem86b,17500663,17502588,+,tmem86b,NC_069722.1,6907301.0,tmem86b,W034,Tachysurus fulvidraco,GCF_022655615.1,rab5c,gene
-9,stk17al,stk17al,17528268,17540394,+,stk17al,NC_069722.1,6871306.0,stk17al,W034,Tachysurus fulvidraco,GCF_022655615.1,rab5c,gene
-8,atp6v0a1a,atp6v0a1a,17564697,17583611,+,atp6v0a1a,NC_069722.1,6824684.0,atp6v0a1a,W034,Tachysurus fulvidraco,GCF_022655615.1,rab5c,gene
-7,cavin1a,cavin1a,17585236,17603851,+,cavin1a,NC_069722.1,6799984.0,cavin1a,W034,Tachysurus fulvidraco,GCF_022655615.1,rab5c,gene
-6,stat3,stat3,17610204,17638067,+,stat3,NC_069722.1,6766808.0,stat3,W034,Tachysurus fulvidraco,GCF_022655615.1,rab5c,gene
-5,stat5a,stat5a,17650211,17736381,+,stat5a,NC_069722.1,6703180.0,stat5a,W034,Tachysurus fulvidraco,GCF_022655615.1,rab5c,gene
-4,LOC113652177,LOC113652177,17751112,17753134,-,,,,,W034,Tachysurus fulvidraco,GCF_022655615.1,rab5c,gene
-3,plcl5,plcl5,17756978,17845977,+,plcl5,NC_069722.1,6611221.0,plcl5,W034,Tachysurus fulvidraco,GCF_022655615.1,rab5c,gene
-2,hcrt,hcrt,17847611,17851740,+,hcrt,NC_069722.1,6569734.0,hcrt,W034,Tachysurus fulvidraco,GCF_022655615.1,rab5c,gene
-1,kcnh4a,kcnh4a,17853000,17906068,+,kcnh4a,NC_069722.1,6544187.0,kcnh4a,W034,Tachysurus fulvidraco,GCF_022655615.1,rab5c,gene
0,rab5c,rab5c,17911672,17928730,+,rab5c,NC_069722.1,6509467.0,rab5c,W034,Tachysurus fulvidraco,GCF_022655615.1,rab5c,gene
1,kat2a,kat2a,17929515,17948017,+,kat2a,NC_069722.1,6491719.0,kat2a,W034,Tachysurus fulvidraco,GCF_022655615.1,rab5c,gene
2,dhx58,dhx58,17948626,17954607,+,dhx58,NC_069722.1,6481345.0,dhx58,W034,Tachysurus fulvidraco,GCF_022655615.1,rab5c,gene
3,znf385c,znf385c,17973341,18061232,+,znf385c,NC_069722.1,6413172.0,znf385c,W034,Tachysurus fulvidraco,GCF_022655615.1,rab5c,gene
4,nkiras2,nkiras2,18066787,18069749,-,nkiras2,NC_069722.1,6361382.0,nkiras2,W034,Tachysurus fulvidraco,GCF_022655615.1,rab5c,gene
5,dnajc7,dnajc7,18073810,18090656,+,dnajc7,NC_069722.1,6348764.0,dnajc7,W034,Tachysurus fulvidraco,GCF_022655615.1,rab5c,gene
6,odad4,odad4,18090903,18097164,+,odad4,NC_069722.1,6335698.0,odad4,W034,Tachysurus fulvidraco,GCF_022655615.1,rab5c,gene
7,LOC113652151,LOC113652151,18099183,18104321,+,cnp,NC_069722.1,6326722.0,cnp,W034,Tachysurus fulvidraco,GCF_022655615.1,rab5c,gene
8,aclya,aclya,18104470,18132177,+,aclya,NC_069722.1,6306831.0,aclya,W034,Tachysurus fulvidraco,GCF_022655615.1,rab5c,gene
9,si:ch73-141c7.1,si:ch73-141c7.1,18132791,18136504,-,si:ch73-141c7.1,NC_069722.1,6290424.0,si:ch73-141c7.1,W034,Tachysurus fulvidraco,GCF_022655615.1,rab5c,gene
10,hsd17b1,hsd17b1,18138862,18142835,-,hsd17b1,NC_069722.1,6282463.0,hsd17b1,W034,Tachysurus fulvidraco,GCF_022655615.1,rab5c,gene
-10,slc6a16a,slc6a16a,17418264,17432565,+,slc6a16a,NC_069722.1,7007542.0,slc6a16a,W034,Tachysurus fulvidraco,GCF_022655615.1,stat3,gene
-9,slc17a7a,slc17a7a,17435253,17456954,+,slc17a7a,NC_069722.1,6981427.0,slc17a7a,W034,Tachysurus fulvidraco,GCF_022655615.1,stat3,gene
-8,zgc:55558,zgc:55558,17458937,17466526,+,,,,,W034,Tachysurus fulvidraco,GCF_022655615.1,stat3,gene
-7,pold1,pold1,17467384,17482906,-,pold1,NC_069722.1,6944773.0,pold1,W034,Tachysurus fulvidraco,GCF_022655615.1,stat3,gene
-6,gys1,gys1,17483399,17494725,+,gys1,NC_069722.1,6925208.0,gys1,W034,Tachysurus fulvidraco,GCF_022655615.1,stat3,gene
-5,aspdh,aspdh,17494548,17498890,-,aspdh,NC_069722.1,6913587.0,aspdh,W034,Tachysurus fulvidraco,GCF_022655615.1,stat3,gene
-4,tmem86b,tmem86b,17500663,17502588,+,tmem86b,NC_069722.1,6907301.0,tmem86b,W034,Tachysurus fulvidraco,GCF_022655615.1,stat3,gene
-3,stk17al,stk17al,17528268,17540394,+,stk17al,NC_069722.1,6871306.0,stk17al,W034,Tachysurus fulvidraco,GCF_022655615.1,stat3,gene
-2,atp6v0a1a,atp6v0a1a,17564697,17583611,+,atp6v0a1a,NC_069722.1,6824684.0,atp6v0a1a,W034,Tachysurus fulvidraco,GCF_022655615.1,stat3,gene
-1,cavin1a,cavin1a,17585236,17603851,+,cavin1a,NC_069722.1,6799984.0,cavin1a,W034,Tachysurus fulvidraco,GCF_022655615.1,stat3,gene
0,stat3,stat3,17610204,17638067,+,stat3,NC_069722.1,6766808.0,stat3,W034,Tachysurus fulvidraco,GCF_022655615.1,stat3,gene
1,stat5a,stat5a,17650211,17736381,+,stat5a,NC_069722.1,6703180.0,stat5a,W034,Tachysurus fulvidraco,GCF_022655615.1,stat3,gene
2,LOC113652177,LOC113652177,17751112,17753134,-,,,,,W034,Tachysurus fulvidraco,GCF_022655615.1,stat3,gene
3,plcl5,plcl5,17756978,17845977,+,plcl5,NC_069722.1,6611221.0,plcl5,W034,Tachysurus fulvidraco,GCF_022655615.1,stat3,gene
4,hcrt,hcrt,17847611,17851740,+,hcrt,NC_069722.1,6569734.0,hcrt,W034,Tachysurus fulvidraco,GCF_022655615.1,stat3,gene
5,kcnh4a,kcnh4a,17853000,17906068,+,kcnh4a,NC_069722.1,6544187.0,kcnh4a,W034,Tachysurus fulvidraco,GCF_022655615.1,stat3,gene
6,rab5c,rab5c,17911672,17928730,+,rab5c,NC_069722.1,6509467.0,rab5c,W034,Tachysurus fulvidraco,GCF_022655615.1,stat3,gene
7,kat2a,kat2a,17929515,17948017,+,kat2a,NC_069722.1,6491719.0,kat2a,W034,Tachysurus fulvidraco,GCF_022655615.1,stat3,gene
8,dhx58,dhx58,17948626,17954607,+,dhx58,NC_069722.1,6481345.0,dhx58,W034,Tachysurus fulvidraco,GCF_022655615.1,stat3,gene
9,znf385c,znf385c,17973341,18061232,+,znf385c,NC_069722.1,6413172.0,znf385c,W034,Tachysurus fulvidraco,GCF_022655615.1,stat3,gene
10,nkiras2,nkiras2,18066787,18069749,-,nkiras2,NC_069722.1,6361382.0,nkiras2,W034,Tachysurus fulvidraco,GCF_022655615.1,stat3,gene
-10,slc46a1,slc46a1,12071371,12079067,+,slc46a1,NC_069723.1,16560493.0,slc46a1,W035,Clarias macrocephalus,GCF_024256425.1,egln2,gene
-9,sarm1,sarm1,12079046,12085307,-,sarm1,NC_069723.1,16553886.0,sarm1,W035,Clarias macrocephalus,GCF_024256425.1,egln2,gene
-8,vtna,vtna,12088233,12093056,+,vtna,NC_069723.1,16546245.0,vtna,W035,Clarias macrocephalus,GCF_024256425.1,egln2,gene
-7,scarf1,scarf1,12093140,12099916,-,scarf1,NC_069723.1,16539125.0,scarf1,W035,Clarias macrocephalus,GCF_024256425.1,egln2,gene
-6,rilp,rilp,12100212,12119814,-,rilp,NC_069723.1,16527871.0,rilp,W035,Clarias macrocephalus,GCF_024256425.1,egln2,gene
-5,prpf8,prpf8,12123610,12138273,-,prpf8,NC_069723.1,16511524.0,prpf8,W035,Clarias macrocephalus,GCF_024256425.1,egln2,gene
-4,myo1cb,myo1cb,12144924,12198260,+,myo1cb,NC_069723.1,16474436.0,myo1cb,W035,Clarias macrocephalus,GCF_024256425.1,egln2,gene
-3,si:dkey-118k5.3,si:dkey-118k5.3,12202013,12207568,+,si:dkey-118k5.3,NC_069723.1,16442663.0,si:dkey-118k5.3,W035,Clarias macrocephalus,GCF_024256425.1,egln2,gene
-2,slc43a2a,slc43a2a,12210439,12232270,+,slc43a2a,NC_069723.1,16425572.0,slc43a2a,W035,Clarias macrocephalus,GCF_024256425.1,egln2,gene
-1,pitpnaa,pitpnaa,12234275,12246376,+,pitpnaa,NC_069723.1,16407640.0,pitpnaa,W035,Clarias macrocephalus,GCF_024256425.1,egln2,gene
0,egln2,egln2,12259125,12286399,+,egln2,NC_069723.1,16377488.0,egln2,W035,Clarias macrocephalus,GCF_024256425.1,egln2,gene
1,tmem160,tmem160,12294893,12301030,+,tmem160,NC_069723.1,16353622.0,tmem160,W035,Clarias macrocephalus,GCF_024256425.1,egln2,gene
2,npas1,npas1,12306468,12353754,-,npas1,NC_069723.1,16327094.0,npas1,W035,Clarias macrocephalus,GCF_024256425.1,egln2,gene
3,arhgap35a,arhgap35a,12390902,12463377,-,arhgap35a,NC_069723.1,16237946.0,arhgap35a,W035,Clarias macrocephalus,GCF_024256425.1,egln2,gene
4,ap2s1,ap2s1,12467380,12475488,+,ap2s1,NC_069723.1,16196183.0,ap2s1,W035,Clarias macrocephalus,GCF_024256425.1,egln2,gene
5,rab4b,rab4b,12477598,12489264,-,rab4b,NC_069723.1,16183079.0,rab4b,W035,Clarias macrocephalus,GCF_024256425.1,egln2,gene
6,rhoub,rhoub,12534271,12540447,-,rhoub,NC_069723.1,16132517.0,rhoub,W035,Clarias macrocephalus,GCF_024256425.1,egln2,gene
7,LOC128532755,LOC128532755,12544426,12551084,-,,,,,W035,Clarias macrocephalus,GCF_024256425.1,egln2,gene
8,LOC128533313,LOC128533313,12554326,12562540,-,rtn2a,NC_069723.1,16118115.0,rtn2a,W035,Clarias macrocephalus,GCF_024256425.1,egln2,gene
9,ppm1na,ppm1na,12565120,12571260,+,ppm1na,NC_069723.1,16103931.0,ppm1na,W035,Clarias macrocephalus,GCF_024256425.1,egln2,gene
10,si:dkey-202g17.3,si:dkey-202g17.3,12572943,12580630,+,si:dkey-202g17.3,NC_069723.1,16094193.0,si:dkey-202g17.3,W035,Clarias macrocephalus,GCF_024256425.1,egln2,gene
-10,mad2l1bp,mad2l1bp,31615421,31621057,+,mad2l1bp,NC_069712.1,28906325.0,mad2l1bp,W035,Clarias macrocephalus,GCF_024256425.1,zfyve21,gene
-9,ephx5,ephx5,31621011,31625558,-,ephx5,NC_069712.1,28911473.0,ephx5,W035,Clarias macrocephalus,GCF_024256425.1,zfyve21,gene
-8,LOC128529082,LOC128529082,31629273,31635061,-,,,,,W035,Clarias macrocephalus,GCF_024256425.1,zfyve21,gene
-7,macrod2,macrod2,31640757,32258535,+,macrod2,NC_069712.1,29190423.0,macrod2,W035,Clarias macrocephalus,GCF_024256425.1,zfyve21,gene
-6,flrt3,flrt3,31749296,31758759,-,flrt3,NC_069712.1,29008852.0,flrt3,W035,Clarias macrocephalus,GCF_024256425.1,zfyve21,gene
-5,glo1,glo1,32278329,32286220,+,glo1,NC_069712.1,29481047.0,glo1,W035,Clarias macrocephalus,GCF_024256425.1,zfyve21,gene
-4,btbd9,btbd9,32289261,32300113,+,btbd9,NC_069712.1,29491813.0,btbd9,W035,Clarias macrocephalus,GCF_024256425.1,zfyve21,gene
-3,zfand3,zfand3,32312504,32332495,+,zfand3,NC_069712.1,29516899.0,zfand3,W035,Clarias macrocephalus,GCF_024256425.1,zfyve21,gene
-2,LOC128528989,LOC128528989,32374498,32574566,+,LOC113542066,NC_069712.1,29657836.0,LOC113542066,W035,Clarias macrocephalus,GCF_024256425.1,zfyve21,gene
-1,LOC128528474,LOC128528474,32944985,32947001,-,,,,,W035,Clarias macrocephalus,GCF_024256425.1,zfyve21,gene
0,zfyve21,zfyve21,32950779,32961584,-,zfyve21,NC_069712.1,30070770.0,zfyve21,W035,Clarias macrocephalus,GCF_024256425.1,zfyve21,gene
1,fhip2a,fhip2a,32963830,32978207,+,fhip2a,NC_069712.1,30082711.0,fhip2a,W035,Clarias macrocephalus,GCF_024256425.1,zfyve21,gene
2,ablim1a,ablim1a,32982868,33033316,+,ablim1a,NC_069712.1,30109258.0,ablim1a,W035,Clarias macrocephalus,GCF_024256425.1,zfyve21,gene
3,dact2,dact2,33058859,33064239,-,dact2,NC_069712.1,30156485.0,dact2,W035,Clarias macrocephalus,GCF_024256425.1,zfyve21,gene
4,eif3s6ip,eif3s6ip,33067742,33072332,-,eif3s6ip,NC_069712.1,30166403.0,eif3s6ip,W035,Clarias macrocephalus,GCF_024256425.1,zfyve21,gene
5,smoc2,smoc2,33081897,33119490,+,smoc2,NC_069712.1,30192593.0,smoc2,W035,Clarias macrocephalus,GCF_024256425.1,zfyve21,gene
6,cdh23,cdh23,33183735,33437058,-,cdh23,NC_069712.1,30375190.0,cdh23,W035,Clarias macrocephalus,GCF_024256425.1,zfyve21,gene
7,vsir,vsir,33212653,33226583,+,vsir,NC_069712.1,30298652.0,vsir,W035,Clarias macrocephalus,GCF_024256425.1,zfyve21,gene
8,LOC128528435,LOC128528435,33236930,33239880,+,,,,,W035,Clarias macrocephalus,GCF_024256425.1,zfyve21,gene
9,zmp:0000000634,zmp:0000000634,33439953,33445822,+,zmp:0000000634,NC_069712.1,30496487.0,zmp:0000000634,W035,Clarias macrocephalus,GCF_024256425.1,zfyve21,gene
10,LOC128529070,LOC128529070,33445873,33458077,-,,,,,W035,Clarias macrocephalus,GCF_024256425.1,zfyve21,gene
-10,gramd2aa,gramd2aa,26174408,26204089,-,gramd2aa,NC_069720.1,5082873.0,gramd2aa,W035,Clarias macrocephalus,GCF_024256425.1,jph3a,gene
-9,LOC128543318,LOC128543318,26208053,26264313,-,znf609b,NC_069720.1,5128758.0,znf609b,W035,Clarias macrocephalus,GCF_024256425.1,jph3a,gene
-8,trip4,trip4,26273294,26351889,-,trip4,NC_069720.1,5190766.0,trip4,W035,Clarias macrocephalus,GCF_024256425.1,jph3a,gene
-7,chrna7a,chrna7a,26357134,26383084,-,chrna7a,NC_069720.1,5232657.0,chrna7a,W035,Clarias macrocephalus,GCF_024256425.1,jph3a,gene
-6,LOC128542984,LOC128542984,26394370,26459763,-,LOC113536575,NC_069720.1,5288696.0,LOC113536575,W035,Clarias macrocephalus,GCF_024256425.1,jph3a,gene
-5,rxfp3.3a2,rxfp3.3a2,26465538,26466733,+,rxfp3.3a2,NC_069720.1,5332413.0,rxfp3.3a2,W035,Clarias macrocephalus,GCF_024256425.1,jph3a,gene
-4,cdhr5a,cdhr5a,26554668,26562102,-,cdhr5a,NC_069720.1,5344908.0,cdhr5a,W035,Clarias macrocephalus,GCF_024256425.1,jph3a,gene
-3,drd4b,drd4b,26583228,26598657,+,drd4b,NC_069720.1,5372250.0,drd4b,W035,Clarias macrocephalus,GCF_024256425.1,jph3a,gene
-2,sirt3,sirt3,26607145,26613690,-,sirt3,NC_069720.1,5386016.0,sirt3,W035,Clarias macrocephalus,GCF_024256425.1,jph3a,gene
-1,LOC128542556,LOC128542556,26614387,26625608,+,LOC113536448,NC_069720.1,5395206.0,LOC113536448,W035,Clarias macrocephalus,GCF_024256425.1,jph3a,gene
0,jph3a,jph3a,26627115,26635019,+,jph3a,NC_069720.1,5407086.0,jph3a,W035,Clarias macrocephalus,GCF_024256425.1,jph3a,gene
1,LOC128543435,LOC128543435,26639630,26644149,+,LOC113536403,NC_069720.1,5419382.0,LOC113536403,W035,Clarias macrocephalus,GCF_024256425.1,jph3a,gene
2,csnk2a2a,csnk2a2a,26644920,26654417,+,csnk2a2a,NC_069720.1,5425953.0,csnk2a2a,W035,Clarias macrocephalus,GCF_024256425.1,jph3a,gene
3,kiaa0895l,kiaa0895l,26658656,26668004,-,kiaa0895l,NC_069720.1,5436140.0,kiaa0895l,W035,Clarias macrocephalus,GCF_024256425.1,jph3a,gene
4,nqo1,nqo1,26669553,26677986,-,nqo1,NC_069720.1,5447757.0,nqo1,W035,Clarias macrocephalus,GCF_024256425.1,jph3a,gene
5,LOC128542661,LOC128542661,26683041,26689067,-,,,,,W035,Clarias macrocephalus,GCF_024256425.1,jph3a,gene
6,LOC128543238,LOC128543238,26709697,26711919,-,LOC128316978,NC_069720.1,5466685.0,LOC128316978,W035,Clarias macrocephalus,GCF_024256425.1,jph3a,gene
7,kcng4b,kcng4b,26713635,26722140,-,kcng4b,NC_069720.1,5465809.0,kcng4b,W035,Clarias macrocephalus,GCF_024256425.1,jph3a,gene
8,dpep1,dpep1,26772250,26783193,-,dpep1,NC_069720.1,5499834.0,dpep1,W035,Clarias macrocephalus,GCF_024256425.1,jph3a,gene
9,sult5a1,sult5a1,26805352,26812845,+,sult5a1,NC_069720.1,5520616.0,sult5a1,W035,Clarias macrocephalus,GCF_024256425.1,jph3a,gene
10,LOC128542697,LOC128542697,26817749,26822657,-,LOC113538258,NC_069711.1,28004344.0,LOC113538258,W035,Clarias macrocephalus,GCF_024256425.1,jph3a,gene
-10,ABVT39_025570,ABVT39_025570,31535532,31539839,-,cnbpb,NC_069729.1,13541174.0,cnbpb,W037,Epinephelus coioides,GCA_051314025.1,bmp7,gene
-9,ABVT39_015316,ABVT39_015316,31545411,31564096,+,raf1a,NC_069725.1,683845.0,raf1a,W037,Epinephelus coioides,GCA_051314025.1,bmp7,gene
-8,ABVT39_005505,ABVT39_005505,31577399,31597579,-,syn2a,NC_069725.1,623831.0,syn2a,W037,Epinephelus coioides,GCA_051314025.1,bmp7,gene
-7,ABVT39_000822,ABVT39_000822,31596703,31605986,+,vgll4a,NC_069725.1,607078.0,vgll4a,W037,Epinephelus coioides,GCA_051314025.1,bmp7,gene
-6,ABVT39_022116,ABVT39_022116,31625785,31636600,-,,,,,W037,Epinephelus coioides,GCA_051314025.1,bmp7,gene
-5,ABVT39_016334,ABVT39_016334,31636622,31636819,-,,,,,W037,Epinephelus coioides,GCA_051314025.1,bmp7,gene
-4,ABVT39_010456,ABVT39_010456,31663214,31667635,+,tnnc1a,NC_069725.1,542677.0,tnnc1a,W037,Epinephelus coioides,GCA_051314025.1,bmp7,gene
-3,ABVT39_003812,ABVT39_003812,31689593,31692310,-,,,,,W037,Epinephelus coioides,GCA_051314025.1,bmp7,gene
-2,ABVT39_025313,ABVT39_025313,31699852,31705355,-,,,,,W037,Epinephelus coioides,GCA_051314025.1,bmp7,gene
-1,ABVT39_022566,ABVT39_022566,31707742,31718971,-,spo11,NC_069725.1,16359870.0,spo11,W037,Epinephelus coioides,GCA_051314025.1,bmp7,gene
0,ABVT39_013450,ABVT39_013450,31729165,31763115,+,bmp7a,NC_069729.1,5465213.0,bmp7a,W037,Epinephelus coioides,GCA_051314025.1,bmp7,gene
1,ABVT39_013568,ABVT39_013568,31767359,31776150,+,irf10,NC_069725.1,3506618.0,irf10,W037,Epinephelus coioides,GCA_051314025.1,bmp7,gene
2,ABVT39_003876,ABVT39_003876,31775809,31796461,-,zmp:0000000926,NC_069725.1,3472211.0,zmp:0000000926,W037,Epinephelus coioides,GCA_051314025.1,bmp7,gene
3,ABVT39_024342,ABVT39_024342,31817949,31839646,+,,,,,W037,Epinephelus coioides,GCA_051314025.1,bmp7,gene
4,ABVT39_014802,ABVT39_014802,31849589,31863973,+,cdh26.1,NC_069725.1,3367725.0,cdh26.1,W037,Epinephelus coioides,GCA_051314025.1,bmp7,gene
5,ABVT39_019256,ABVT39_019256,31875456,31879988,+,,,,,W037,Epinephelus coioides,GCA_051314025.1,bmp7,gene
6,ABVT39_011457,ABVT39_011457,31888177,31914863,+,,,,,W037,Epinephelus coioides,GCA_051314025.1,bmp7,gene
7,ABVT39_005535,ABVT39_005535,31921292,31924832,-,mtg2,NC_069725.1,3195797.0,mtg2,W037,Epinephelus coioides,GCA_051314025.1,bmp7,gene
8,ABVT39_027604,ABVT39_027604,31930963,31938770,-,LOC113545547,NC_069725.1,3180116.0,LOC113545547,W037,Epinephelus coioides,GCA_051314025.1,bmp7,gene
9,ABVT39_014606,ABVT39_014606,31941941,31944343,-,,,,,W037,Epinephelus coioides,GCA_051314025.1,bmp7,gene
10,ABVT39_008447,ABVT39_008447,31947063,31968387,+,,,,,W037,Epinephelus coioides,GCA_051314025.1,bmp7,gene
-10,ABVT39_010706,ABVT39_010706,12943108,12951652,-,,,,,W037,Epinephelus coioides,GCA_051314025.1,sema3a,gene
-9,ABVT39_023289,ABVT39_023289,12985316,13018432,-,prrt4a,NC_069715.1,8131677.0,prrt4a,W037,Epinephelus coioides,GCA_051314025.1,sema3a,gene
-8,ABVT39_001111,ABVT39_001111,13033610,13039884,+,,,,,W037,Epinephelus coioides,GCA_051314025.1,sema3a,gene
-7,ABVT39_011078,ABVT39_011078,13049512,13050240,-,,,,,W037,Epinephelus coioides,GCA_051314025.1,sema3a,gene
-6,ABVT39_018985,ABVT39_018985,13440372,13716124,-,snd1,NC_069727.1,20551277.0,snd1,W037,Epinephelus coioides,GCA_051314025.1,sema3a,gene
-5,ABVT39_027223,ABVT39_027223,13725292,13732087,+,,,,,W037,Epinephelus coioides,GCA_051314025.1,sema3a,gene
-4,ABVT39_006802,ABVT39_006802,13739995,13768159,-,,,,,W037,Epinephelus coioides,GCA_051314025.1,sema3a,gene
-3,ABVT39_018178,ABVT39_018178,13768379,13791163,-,,,,,W037,Epinephelus coioides,GCA_051314025.1,sema3a,gene
-2,ABVT39_026037,ABVT39_026037,13804740,13966970,-,,,,,W037,Epinephelus coioides,GCA_051314025.1,sema3a,gene
-1,ABVT39_006127,ABVT39_006127,13994957,14078875,-,pcloa,NC_069727.1,7655358.0,pcloa,W037,Epinephelus coioides,GCA_051314025.1,sema3a,gene
0,ABVT39_013864,ABVT39_013864,14106815,14159096,-,sema3aa,NC_069727.1,7717272.0,sema3aa,W037,Epinephelus coioides,GCA_051314025.1,sema3a,gene
1,ABVT39_014200,ABVT39_014200,14239266,14239940,-,,,,,W037,Epinephelus coioides,GCA_051314025.1,sema3a,gene
2,ABVT39_023734,ABVT39_023734,14250889,14251137,+,,,,,W037,Epinephelus coioides,GCA_051314025.1,sema3a,gene
3,ABVT39_013231,ABVT39_013231,14272836,14274050,-,,,,,W037,Epinephelus coioides,GCA_051314025.1,sema3a,gene
4,ABVT39_021277,ABVT39_021277,14281246,14282460,-,,,,,W037,Epinephelus coioides,GCA_051314025.1,sema3a,gene
5,ABVT39_001721,ABVT39_001721,14305374,14342620,-,tspan11,NC_069727.1,7831204.0,tspan11,W037,Epinephelus coioides,GCA_051314025.1,sema3a,gene
6,ABVT39_009385,ABVT39_009385,14352524,14358128,+,,,,,W037,Epinephelus coioides,GCA_051314025.1,sema3a,gene
7,ABVT39_010213,ABVT39_010213,14363883,14365491,+,,,,,W037,Epinephelus coioides,GCA_051314025.1,sema3a,gene
8,ABVT39_018884,ABVT39_018884,14379551,14403686,+,LOC113534539,NC_069715.1,10083147.0,LOC113534539,W037,Epinephelus coioides,GCA_051314025.1,sema3a,gene
9,ABVT39_026493,ABVT39_026493,14404010,14424228,-,,,,,W037,Epinephelus coioides,GCA_051314025.1,sema3a,gene
10,ABVT39_006159,ABVT39_006159,14426193,14430222,-,ccdc59,NC_069727.1,7886860.0,ccdc59,W037,Epinephelus coioides,GCA_051314025.1,sema3a,gene
-10,ABVT39_013999,ABVT39_013999,24942997,24951216,+,srsf3b,NC_069729.1,451869.0,srsf3b,W037,Epinephelus coioides,GCA_051314025.1,capzb,gene
-9,ABVT39_022040,ABVT39_022040,24960520,24961336,+,cdkn1a,NC_069729.1,463639.0,cdkn1a,W037,Epinephelus coioides,GCA_051314025.1,capzb,gene
-8,ABVT39_022057,ABVT39_022057,24969846,24973282,+,tmcc2,NC_069729.1,471949.0,tmcc2,W037,Epinephelus coioides,GCA_051314025.1,capzb,gene
-7,ABVT39_028032,ABVT39_028032,24978345,24985587,-,usp49,NC_069729.1,480402.0,usp49,W037,Epinephelus coioides,GCA_051314025.1,capzb,gene
-6,ABVT39_016493,ABVT39_016493,24987055,24991267,-,med20,NC_069729.1,486053.0,med20,W037,Epinephelus coioides,GCA_051314025.1,capzb,gene
-5,ABVT39_024201,ABVT39_024201,24989991,24998228,+,bysl,NC_069729.1,490252.0,bysl,W037,Epinephelus coioides,GCA_051314025.1,capzb,gene
-4,ABVT39_000770,ABVT39_000770,25000020,25004278,+,ccnd3,NC_069729.1,498848.0,ccnd3,W037,Epinephelus coioides,GCA_051314025.1,capzb,gene
-3,ABVT39_008633,ABVT39_008633,25006783,25016718,-,nuak2,NC_069729.1,510591.0,nuak2,W037,Epinephelus coioides,GCA_051314025.1,capzb,gene
-2,ABVT39_008680,ABVT39_008680,25023598,25046596,+,dstyk,NC_069729.1,532434.0,dstyk,W037,Epinephelus coioides,GCA_051314025.1,capzb,gene
-1,ABVT39_020195,ABVT39_020195,25050269,25143455,-,celsr2,NC_069729.1,572069.0,celsr2,W037,Epinephelus coioides,GCA_051314025.1,capzb,gene
0,ABVT39_027618,ABVT39_027618,25147532,25163937,-,capzb,NC_069729.1,605571.0,capzb,W037,Epinephelus coioides,GCA_051314025.1,capzb,gene
1,ABVT39_003674,ABVT39_003674,25166579,25195083,+,nbl1,NC_069729.1,628385.0,nbl1,W037,Epinephelus coioides,GCA_051314025.1,capzb,gene
2,ABVT39_019965,ABVT39_019965,25247474,25251320,-,,,,,W037,Epinephelus coioides,GCA_051314025.1,capzb,gene
3,ABVT39_026199,ABVT39_026199,25275342,25292833,+,,,,,W037,Epinephelus coioides,GCA_051314025.1,capzb,gene
4,ABVT39_007932,ABVT39_007932,25296458,25299863,+,LOC113536202,NC_069732.1,6012617.0,LOC113536202,W037,Epinephelus coioides,GCA_051314025.1,capzb,gene
5,ABVT39_014204,ABVT39_014204,25301776,25302969,-,LOC113539445,NC_069729.1,682976.0,LOC113539445,W037,Epinephelus coioides,GCA_051314025.1,capzb,gene
6,ABVT39_021807,ABVT39_021807,25305516,25306547,+,fndc10,NC_069729.1,690309.0,fndc10,W037,Epinephelus coioides,GCA_051314025.1,capzb,gene
7,ABVT39_013976,ABVT39_013976,25308913,25314059,+,,,,,W037,Epinephelus coioides,GCA_051314025.1,capzb,gene
8,ABVT39_013644,ABVT39_013644,25314698,25318279,+,,,,,W037,Epinephelus coioides,GCA_051314025.1,capzb,gene
9,ABVT39_018971,ABVT39_018971,25318566,25325572,-,atad3,NC_069729.1,711945.0,atad3,W037,Epinephelus coioides,GCA_051314025.1,capzb,gene
10,ABVT39_024842,ABVT39_024842,25326139,25329119,-,mrpl20,NC_069729.1,720867.0,mrpl20,W037,Epinephelus coioides,GCA_051314025.1,capzb,gene
-10,ABVT39_003184,ABVT39_003184,29417979,29420297,-,LOC113534338,NC_069715.1,14371551.0,LOC113534338,W037,Epinephelus coioides,GCA_051314025.1,eps8l2,gene
-9,ABVT39_018292,ABVT39_018292,29421972,29426084,+,kbtbd4,NC_069715.1,14378011.0,kbtbd4,W037,Epinephelus coioides,GCA_051314025.1,eps8l2,gene
-8,ABVT39_021784,ABVT39_021784,29427012,29434508,+,rapsn,NC_069715.1,14389162.0,rapsn,W037,Epinephelus coioides,GCA_051314025.1,eps8l2,gene
-7,ABVT39_015782,ABVT39_015782,29434715,29440073,+,,,,,W037,Epinephelus coioides,GCA_051314025.1,eps8l2,gene
-6,ABVT39_013257,ABVT39_013257,29440146,29449612,-,ighmbp2,NC_069715.1,14398889.0,ighmbp2,W037,Epinephelus coioides,GCA_051314025.1,eps8l2,gene
-5,ABVT39_000176,ABVT39_000176,29449855,29456312,+,chid1,NC_069718.1,20125898.0,chid1,W037,Epinephelus coioides,GCA_051314025.1,eps8l2,gene
-4,ABVT39_018096,ABVT39_018096,29456987,29460912,-,gatd1,NC_069718.1,20130945.0,gatd1,W037,Epinephelus coioides,GCA_051314025.1,eps8l2,gene
-3,ABVT39_011637,ABVT39_011637,29461041,29479047,-,cracr2b,NC_069718.1,24136748.0,cracr2b,W037,Epinephelus coioides,GCA_051314025.1,eps8l2,gene
-2,ABVT39_009522,ABVT39_009522,29483863,29487238,+,tmem138,NC_069718.1,24151263.0,tmem138,W037,Epinephelus coioides,GCA_051314025.1,eps8l2,gene
-1,ABVT39_003218,ABVT39_003218,29490703,29521576,-,myrf,NC_069718.1,23418480.0,myrf,W037,Epinephelus coioides,GCA_051314025.1,eps8l2,gene
0,ABVT39_003391,ABVT39_003391,29532450,29563430,+,eps8l2,NC_069718.1,23370301.0,eps8l2,W037,Epinephelus coioides,GCA_051314025.1,eps8l2,gene
1,ABVT39_017039,ABVT39_017039,29563546,29573415,-,LOC113529790,NC_069718.1,23323591.0,LOC113529790,W037,Epinephelus coioides,GCA_051314025.1,eps8l2,gene
2,ABVT39_008500,ABVT39_008500,29580440,29581624,+,LOC113529984,NC_069718.1,23307343.0,LOC113529984,W037,Epinephelus coioides,GCA_051314025.1,eps8l2,gene
3,ABVT39_000972,ABVT39_000972,29588833,29594988,-,ppp1r32,NC_069718.1,23297929.0,ppp1r32,W037,Epinephelus coioides,GCA_051314025.1,eps8l2,gene
4,ABVT39_021212,ABVT39_021212,29618446,29731458,-,,,,,W037,Epinephelus coioides,GCA_051314025.1,eps8l2,gene
5,ABVT39_021119,ABVT39_021119,29745647,29756084,-,pidd1,NC_069718.1,23128457.0,pidd1,W037,Epinephelus coioides,GCA_051314025.1,eps8l2,gene
6,ABVT39_012838,ABVT39_012838,29760684,29770733,+,pnpla2,NC_069718.1,23111673.0,pnpla2,W037,Epinephelus coioides,GCA_051314025.1,eps8l2,gene
7,ABVT39_004591,ABVT39_004591,29773327,29793052,+,zmp:0000001167,NC_069718.1,23086575.0,zmp:0000001167,W037,Epinephelus coioides,GCA_051314025.1,eps8l2,gene
8,ABVT39_025413,ABVT39_025413,29797863,29804946,+,pgghg,NC_069718.1,23059531.0,pgghg,W037,Epinephelus coioides,GCA_051314025.1,eps8l2,gene
9,ABVT39_011074,ABVT39_011074,29805671,29816311,+,incenp,NC_069718.1,20046602.0,incenp,W037,Epinephelus coioides,GCA_051314025.1,eps8l2,gene
10,ABVT39_000598,ABVT39_000598,29819487,29820588,+,,,,,W037,Epinephelus coioides,GCA_051314025.1,eps8l2,gene
-10,myo10l1,myo10l1,14679767,14697032,-,,,,,W040,Channa maculata,GCF_033026475.1,HS6ST1,gene
-9,LOC137101723,LOC137101723,14697223,14722004,-,,,,,W040,Channa maculata,GCF_033026475.1,HS6ST1,gene
-8,atg9a,atg9a,14729186,14740291,+,atg9a,NC_069711.1,32374272.0,atg9a,W040,Channa maculata,GCF_033026475.1,HS6ST1,gene
-7,zgc:112416,zgc:112416,14740615,14743252,-,zgc:112416,NC_069711.1,32422813.0,zgc:112416,W040,Channa maculata,GCF_033026475.1,HS6ST1,gene
-6,pcnt,pcnt,14744032,14778261,+,pcnt,NC_069711.1,32400909.0,pcnt,W040,Channa maculata,GCF_033026475.1,HS6ST1,gene
-5,senp2,senp2,14779417,14787183,+,senp2,NC_069711.1,32433261.0,senp2,W040,Channa maculata,GCF_033026475.1,HS6ST1,gene
-4,LOC137101616,LOC137101616,14788179,14793092,+,,,,,W040,Channa maculata,GCF_033026475.1,HS6ST1,gene
-3,LOC137101615,LOC137101615,14793402,14799647,+,,,,,W040,Channa maculata,GCF_033026475.1,HS6ST1,gene
-2,LOC137101613,LOC137101613,14800551,14809269,+,,,,,W040,Channa maculata,GCF_033026475.1,HS6ST1,gene
-1,uggt1,uggt1,14810122,14834286,-,uggt1,NC_069713.1,31514170.0,uggt1,W040,Channa maculata,GCF_033026475.1,HS6ST1,gene
0,hs6st1a,hs6st1a,14838213,14890222,-,hs6st1b,NC_069731.1,12728604.0,hs6st1b,W040,Channa maculata,GCF_033026475.1,HS6ST1,gene
1,otomp,otomp,14992838,14999098,-,otomp,NC_069713.1,31279199.0,otomp,W040,Channa maculata,GCF_033026475.1,HS6ST1,gene
2,acvr1l,acvr1l,15001241,15009771,+,acvr1l,NC_069713.1,31265933.0,acvr1l,W040,Channa maculata,GCF_033026475.1,HS6ST1,gene
3,d2hgdh,d2hgdh,15008817,15014930,-,d2hgdh,NC_069713.1,31257010.0,d2hgdh,W040,Channa maculata,GCF_033026475.1,HS6ST1,gene
4,LOC137101897,LOC137101897,15015686,15024045,-,,,,,W040,Channa maculata,GCF_033026475.1,HS6ST1,gene
5,LOC137101901,LOC137101901,15024164,15030898,+,LOC113533213,NC_069730.1,15518597.0,LOC113533213,W040,Channa maculata,GCF_033026475.1,HS6ST1,gene
6,zgc:110158,zgc:110158,15031005,15066274,-,zgc:110158,NC_069713.1,31216090.0,zgc:110158,W040,Channa maculata,GCF_033026475.1,HS6ST1,gene
7,keap1a,keap1a,15089744,15106506,-,keap1a,NC_069713.1,31151186.0,keap1a,W040,Channa maculata,GCF_033026475.1,HS6ST1,gene
8,crlf1a,crlf1a,15117672,15135449,+,crlf1a,NC_069713.1,31121953.0,crlf1a,W040,Channa maculata,GCF_033026475.1,HS6ST1,gene
9,odf3l2a,odf3l2a,15137612,15139544,+,,,,,W040,Channa maculata,GCF_033026475.1,HS6ST1,gene
10,ebi3,ebi3,15139588,15142444,-,ebi3,NC_069713.1,31095420.0,ebi3,W040,Channa maculata,GCF_033026475.1,HS6ST1,gene
-10,podxl2,podxl2,3277006,3298564,-,podxl2,NC_069729.1,14628633.0,podxl2,W041,Ctenopharyngodon idella,GCF_019924925.1,cers5,gene
-9,mcm2,mcm2,3299285,3307725,-,mcm2,NC_069729.1,14605132.0,mcm2,W041,Ctenopharyngodon idella,GCF_019924925.1,cers5,gene
-8,ccdc51,ccdc51,3308117,3310333,-,ccdc51,NC_069729.1,14597214.0,ccdc51,W041,Ctenopharyngodon idella,GCF_019924925.1,cers5,gene
-7,tma7,tma7,3310587,3312418,+,tma7,NC_069729.1,14594136.0,tma7,W041,Ctenopharyngodon idella,GCF_019924925.1,cers5,gene
-6,dnase1l4.1,dnase1l4.1,3313940,3323821,-,LOC113538112,NC_069729.1,14587092.0,LOC113538112,W041,Ctenopharyngodon idella,GCF_019924925.1,cers5,gene
-5,dnase1l4.2,dnase1l4.2,3321151,3328761,+,dnase1l4.2,NC_069729.1,14575840.0,dnase1l4.2,W041,Ctenopharyngodon idella,GCF_019924925.1,cers5,gene
-4,wu:fc11c11,wu:fc11c11,3326971,3336619,-,,,,,W041,Ctenopharyngodon idella,GCF_019924925.1,cers5,gene
-3,si:dkey-222f2.1,si:dkey-222f2.1,3340626,3346848,+,si:dkey-222f2.1,NC_069729.1,14567173.0,si:dkey-222f2.1,W041,Ctenopharyngodon idella,GCF_019924925.1,cers5,gene
-2,LOC127519852,LOC127519852,3349720,3353216,-,LOC113537860,NC_069729.1,14560709.0,LOC113537860,W041,Ctenopharyngodon idella,GCF_019924925.1,cers5,gene
-1,LOC127519883,LOC127519883,3353220,3353629,+,LOC113537859,NC_069729.1,14557228.0,LOC113537859,W041,Ctenopharyngodon idella,GCF_019924925.1,cers5,gene
0,cers5,cers5,3354344,3377039,-,cers5,NC_069729.1,14534988.0,cers5,W041,Ctenopharyngodon idella,GCF_019924925.1,cers5,gene
1,LOC127519804,LOC127519804,3378816,3385358,-,,,,,W041,Ctenopharyngodon idella,GCF_019924925.1,cers5,gene
2,LOC127519857,LOC127519857,3383877,3393581,+,,,,,W041,Ctenopharyngodon idella,GCF_019924925.1,cers5,gene
3,LOC127519835,LOC127519835,3393726,3403360,-,,,,,W041,Ctenopharyngodon idella,GCF_019924925.1,cers5,gene
4,LOC127519863,LOC127519863,3403461,3407364,+,,,,,W041,Ctenopharyngodon idella,GCF_019924925.1,cers5,gene
5,LOC127519755,LOC127519755,3476408,3507111,-,,,,,W041,Ctenopharyngodon idella,GCF_019924925.1,cers5,gene
6,LOC127519843,LOC127519843,3518011,3564298,-,,,,,W041,Ctenopharyngodon idella,GCF_019924925.1,cers5,gene
7,LOC127519749,LOC127519749,3533205,3705867,+,,,,,W041,Ctenopharyngodon idella,GCF_019924925.1,cers5,gene
8,LOC127519869,LOC127519869,3616518,3682251,-,,,,,W041,Ctenopharyngodon idella,GCF_019924925.1,cers5,gene
9,LOC127519827,LOC127519827,3688714,3695541,+,,,,,W041,Ctenopharyngodon idella,GCF_019924925.1,cers5,gene
10,LOC127519775,LOC127519775,3707617,3782523,-,,,,,W041,Ctenopharyngodon idella,GCF_019924925.1,cers5,gene
-10,c22h1orf127,c22h1orf127,19753194,19762429,-,c16h1orf127,NC_069725.1,7319023.0,c16h1orf127,W041,Ctenopharyngodon idella,GCF_019924925.1,ctnnbip1,gene
-9,tardbpa,tardbpa,19762377,19768582,+,tardbpa,NC_069725.1,7327782.0,tardbpa,W041,Ctenopharyngodon idella,GCF_019924925.1,ctnnbip1,gene
-8,sst6,sst6,19770909,19773384,-,sst6,NC_069725.1,7332290.0,sst6,W041,Ctenopharyngodon idella,GCF_019924925.1,ctnnbip1,gene
-7,pgd,pgd,19773622,19784663,-,pgd,NC_069725.1,7339951.0,pgd,W041,Ctenopharyngodon idella,GCF_019924925.1,ctnnbip1,gene
-6,kif1b,kif1b,19787255,19872777,-,kif1b,NC_069725.1,7390286.0,kif1b,W041,Ctenopharyngodon idella,GCF_019924925.1,ctnnbip1,gene
-5,ube4b,ube4b,19873599,19903641,-,ube4b,NC_069725.1,7447084.0,ube4b,W041,Ctenopharyngodon idella,GCF_019924925.1,ctnnbip1,gene
-4,rbp7a,rbp7a,19904109,19906968,-,rbp7a,NC_069725.1,7460633.0,rbp7a,W041,Ctenopharyngodon idella,GCF_019924925.1,ctnnbip1,gene
-3,nmnat1,nmnat1,19907324,19915421,-,nmnat1,NC_069725.1,7469037.0,nmnat1,W041,Ctenopharyngodon idella,GCF_019924925.1,ctnnbip1,gene
-2,lzic,lzic,19914888,19919262,+,lzic,NC_069725.1,7476189.0,lzic,W041,Ctenopharyngodon idella,GCF_019924925.1,ctnnbip1,gene
-1,clstn1,clstn1,19922221,19969443,-,clstn1,NC_069725.1,7502511.0,clstn1,W041,Ctenopharyngodon idella,GCF_019924925.1,ctnnbip1,gene
0,ctnnbip1,ctnnbip1,19997509,20026204,-,ctnnbip1,NC_069725.1,7557772.0,ctnnbip1,W041,Ctenopharyngodon idella,GCF_019924925.1,ctnnbip1,gene
1,pik3cd,pik3cd,20029836,20058287,-,pik3cd,NC_069725.1,7590033.0,pik3cd,W041,Ctenopharyngodon idella,GCF_019924925.1,ctnnbip1,gene
2,foxl2l,foxl2l,20061080,20062565,-,foxl2l,NC_069725.1,7609102.0,foxl2l,W041,Ctenopharyngodon idella,GCF_019924925.1,ctnnbip1,gene
3,tmem201,tmem201,20064530,20080344,-,tmem201,NC_069725.1,7621271.0,tmem201,W041,Ctenopharyngodon idella,GCF_019924925.1,ctnnbip1,gene
4,slc25a33,slc25a33,20081171,20092848,-,slc25a33,NC_069725.1,7637038.0,slc25a33,W041,Ctenopharyngodon idella,GCF_019924925.1,ctnnbip1,gene
5,aurkaip1,aurkaip1,20096459,20099436,+,aurkaip1,NC_069725.1,7650024.0,aurkaip1,W041,Ctenopharyngodon idella,GCF_019924925.1,ctnnbip1,gene
6,mxra8b,mxra8b,20101106,20112417,+,mxra8b,NC_069725.1,7660226.0,mxra8b,W041,Ctenopharyngodon idella,GCF_019924925.1,ctnnbip1,gene
7,dvl1a,dvl1a,20115216,20159256,+,dvl1a,NC_069725.1,7692049.0,dvl1a,W041,Ctenopharyngodon idella,GCF_019924925.1,ctnnbip1,gene
8,tnfrsf9a,tnfrsf9a,20166015,20169616,+,tnfrsf9a,NC_069725.1,7716551.0,tnfrsf9a,W041,Ctenopharyngodon idella,GCF_019924925.1,ctnnbip1,gene
9,ccdc187,ccdc187,20171330,20194424,-,ccdc187,NC_069725.1,7732866.0,ccdc187,W041,Ctenopharyngodon idella,GCF_019924925.1,ctnnbip1,gene
10,uts2a,uts2a,20196667,20199650,+,uts2a,NC_069725.1,7748621.0,uts2a,W041,Ctenopharyngodon idella,GCF_019924925.1,ctnnbip1,gene
-10,fam83ha,fam83ha,4008447,4023460,-,,,,,W041,Ctenopharyngodon idella,GCF_019924925.1,smoc2,gene
-9,mlh1,mlh1,4030055,4037502,+,mlh1,NC_069712.1,24388580.0,mlh1,W041,Ctenopharyngodon idella,GCF_019924925.1,smoc2,gene
-8,lrrfip2,lrrfip2,4037910,4067996,-,lrrfip2,NC_069712.1,24302486.0,lrrfip2,W041,Ctenopharyngodon idella,GCF_019924925.1,smoc2,gene
-7,mrpl14,mrpl14,4068847,4070149,+,mrpl14,NC_069712.1,24225130.0,mrpl14,W041,Ctenopharyngodon idella,GCF_019924925.1,smoc2,gene
-6,capn1a,capn1a,4070350,4086972,-,,,,,W041,Ctenopharyngodon idella,GCF_019924925.1,smoc2,gene
-5,capn2a,capn2a,4087212,4104023,-,,,,,W041,Ctenopharyngodon idella,GCF_019924925.1,smoc2,gene
-4,cdh23,cdh23,4105921,4377287,+,cdh23,NC_069712.1,30375190.0,cdh23,W041,Ctenopharyngodon idella,GCF_019924925.1,smoc2,gene
-3,LOC127524601,LOC127524601,4255080,4260110,-,,,,,W041,Ctenopharyngodon idella,GCF_019924925.1,smoc2,gene
-2,vsir,vsir,4338681,4351208,-,vsir,NC_069712.1,30298652.0,vsir,W041,Ctenopharyngodon idella,GCF_019924925.1,smoc2,gene
-1,eif3s6ip,eif3s6ip,4378849,4388402,-,eif3s6ip,NC_069712.1,30166403.0,eif3s6ip,W041,Ctenopharyngodon idella,GCF_019924925.1,smoc2,gene
0,smoc2,smoc2,4389736,4424338,+,smoc2,NC_069712.1,30192593.0,smoc2,W041,Ctenopharyngodon idella,GCF_019924925.1,smoc2,gene
1,dact2,dact2,4468229,4474012,+,dact2,NC_069712.1,30156485.0,dact2,W041,Ctenopharyngodon idella,GCF_019924925.1,smoc2,gene
2,ablim1a,ablim1a,4505605,4551474,-,ablim1a,NC_069712.1,30109258.0,ablim1a,W041,Ctenopharyngodon idella,GCF_019924925.1,smoc2,gene
3,fhip2a,fhip2a,4557905,4571764,-,fhip2a,NC_069712.1,30082711.0,fhip2a,W041,Ctenopharyngodon idella,GCF_019924925.1,smoc2,gene
4,zfyve21,zfyve21,4572732,4582491,+,zfyve21,NC_069712.1,30070770.0,zfyve21,W041,Ctenopharyngodon idella,GCF_019924925.1,smoc2,gene
5,LOC127525375,LOC127525375,4851567,5044291,-,LOC113542066,NC_069712.1,29657836.0,LOC113542066,W041,Ctenopharyngodon idella,GCF_019924925.1,smoc2,gene
6,zfand3,zfand3,5074719,5094458,-,zfand3,NC_069712.1,29516899.0,zfand3,W041,Ctenopharyngodon idella,GCF_019924925.1,smoc2,gene
7,btbd9,btbd9,5107561,5116840,-,btbd9,NC_069712.1,29491813.0,btbd9,W041,Ctenopharyngodon idella,GCF_019924925.1,smoc2,gene
8,glo1,glo1,5118234,5124038,-,glo1,NC_069712.1,29481047.0,glo1,W041,Ctenopharyngodon idella,GCF_019924925.1,smoc2,gene
9,LOC127525393,LOC127525393,5126145,5129796,-,,,,,W041,Ctenopharyngodon idella,GCF_019924925.1,smoc2,gene
10,LOC127525390,LOC127525390,5129987,5131547,-,,,,,W041,Ctenopharyngodon idella,GCF_019924925.1,smoc2,gene
-10,atxn7l1,atxn7l1,15770451,15795133,+,atxn7l1,NC_069727.1,8059983.0,atxn7l1,W041,Ctenopharyngodon idella,GCF_019924925.1,ano6,gene
-9,znf800b,znf800b,15797125,15811789,+,,,,,W041,Ctenopharyngodon idella,GCF_019924925.1,ano6,gene
-8,grm8a,grm8a,15813091,16002384,+,grm8a,NC_069727.1,8208122.0,grm8a,W041,Ctenopharyngodon idella,GCF_019924925.1,ano6,gene
-7,LOC127511522,LOC127511522,16016166,16022503,-,LOC117596189,NC_069735.1,19184463.0,LOC117596189,W041,Ctenopharyngodon idella,GCF_019924925.1,ano6,gene
-6,LOC127511521,LOC127511521,16027851,16032637,-,,,,,W041,Ctenopharyngodon idella,GCF_019924925.1,ano6,gene
-5,gpr37b,gpr37b,16139142,16151603,+,gpr37b,NC_069727.1,8374441.0,gpr37b,W041,Ctenopharyngodon idella,GCF_019924925.1,ano6,gene
-4,tmem229a,tmem229a,16183757,16188101,+,,,,,W041,Ctenopharyngodon idella,GCF_019924925.1,ano6,gene
-3,waslb,waslb,16200258,16218457,+,,,,,W041,Ctenopharyngodon idella,GCF_019924925.1,ano6,gene
-2,lmod2b,lmod2b,16217539,16224155,-,lmod2b,NC_069727.1,8442580.0,lmod2b,W041,Ctenopharyngodon idella,GCF_019924925.1,ano6,gene
-1,asb15b,asb15b,16225333,16229199,-,asb15b,NC_069727.1,8450168.0,asb15b,W041,Ctenopharyngodon idella,GCF_019924925.1,ano6,gene
0,ano6,ano6,16232147,16244877,+,,,,,W041,Ctenopharyngodon idella,GCF_019924925.1,ano6,gene
1,pwp1,pwp1,16245211,16251441,+,pwp1,NC_069726.1,13669291.0,pwp1,W041,Ctenopharyngodon idella,GCF_019924925.1,ano6,gene
2,mrpl42,mrpl42,16251899,16254012,+,mrpl42,NC_069727.1,21010400.0,mrpl42,W041,Ctenopharyngodon idella,GCF_019924925.1,ano6,gene
3,ube2nb,ube2nb,16254414,16259965,+,,,,,W041,Ctenopharyngodon idella,GCF_019924925.1,ano6,gene
4,nudt4b,nudt4b,16263872,16274171,+,nudt4b,NC_069718.1,26205245.0,nudt4b,W041,Ctenopharyngodon idella,GCF_019924925.1,ano6,gene
5,dnajc2,dnajc2,16274770,16281670,+,dnajc2,NC_069718.1,26189277.0,dnajc2,W041,Ctenopharyngodon idella,GCF_019924925.1,ano6,gene
6,pmpcb,pmpcb,16281603,16289915,-,pmpcb,NC_069718.1,26179327.0,pmpcb,W041,Ctenopharyngodon idella,GCF_019924925.1,ano6,gene
7,med21,med21,16307115,16310475,-,med21,NC_069718.1,26170755.0,med21,W041,Ctenopharyngodon idella,GCF_019924925.1,ano6,gene
8,tm7sf3,tm7sf3,16310415,16326164,+,tm7sf3,NC_069718.1,26157667.0,tm7sf3,W041,Ctenopharyngodon idella,GCF_019924925.1,ano6,gene
9,fgfr1op2,fgfr1op2,16327450,16330229,-,fgfr1op2,NC_069718.1,26143467.0,fgfr1op2,W041,Ctenopharyngodon idella,GCF_019924925.1,ano6,gene
10,gas2l3,gas2l3,16330039,16349406,+,gas2l3,NC_069718.1,26126940.0,gas2l3,W041,Ctenopharyngodon idella,GCF_019924925.1,ano6,gene
-10,znf800b,znf800b,15797125,15811789,+,,,,,W041,Ctenopharyngodon idella,GCF_019924925.1,pwp1,gene
-9,grm8a,grm8a,15813091,16002384,+,grm8a,NC_069727.1,8208122.0,grm8a,W041,Ctenopharyngodon idella,GCF_019924925.1,pwp1,gene
-8,LOC127511522,LOC127511522,16016166,16022503,-,LOC117596189,NC_069735.1,19184463.0,LOC117596189,W041,Ctenopharyngodon idella,GCF_019924925.1,pwp1,gene
-7,LOC127511521,LOC127511521,16027851,16032637,-,,,,,W041,Ctenopharyngodon idella,GCF_019924925.1,pwp1,gene
-6,gpr37b,gpr37b,16139142,16151603,+,gpr37b,NC_069727.1,8374441.0,gpr37b,W041,Ctenopharyngodon idella,GCF_019924925.1,pwp1,gene
-5,tmem229a,tmem229a,16183757,16188101,+,,,,,W041,Ctenopharyngodon idella,GCF_019924925.1,pwp1,gene
-4,waslb,waslb,16200258,16218457,+,,,,,W041,Ctenopharyngodon idella,GCF_019924925.1,pwp1,gene
-3,lmod2b,lmod2b,16217539,16224155,-,lmod2b,NC_069727.1,8442580.0,lmod2b,W041,Ctenopharyngodon idella,GCF_019924925.1,pwp1,gene
-2,asb15b,asb15b,16225333,16229199,-,asb15b,NC_069727.1,8450168.0,asb15b,W041,Ctenopharyngodon idella,GCF_019924925.1,pwp1,gene
-1,ano6,ano6,16232147,16244877,+,,,,,W041,Ctenopharyngodon idella,GCF_019924925.1,pwp1,gene
0,pwp1,pwp1,16245211,16251441,+,pwp1,NC_069726.1,13669291.0,pwp1,W041,Ctenopharyngodon idella,GCF_019924925.1,pwp1,gene
1,mrpl42,mrpl42,16251899,16254012,+,mrpl42,NC_069727.1,21010400.0,mrpl42,W041,Ctenopharyngodon idella,GCF_019924925.1,pwp1,gene
2,ube2nb,ube2nb,16254414,16259965,+,,,,,W041,Ctenopharyngodon idella,GCF_019924925.1,pwp1,gene
3,nudt4b,nudt4b,16263872,16274171,+,nudt4b,NC_069718.1,26205245.0,nudt4b,W041,Ctenopharyngodon idella,GCF_019924925.1,pwp1,gene
4,dnajc2,dnajc2,16274770,16281670,+,dnajc2,NC_069718.1,26189277.0,dnajc2,W041,Ctenopharyngodon idella,GCF_019924925.1,pwp1,gene
5,pmpcb,pmpcb,16281603,16289915,-,pmpcb,NC_069718.1,26179327.0,pmpcb,W041,Ctenopharyngodon idella,GCF_019924925.1,pwp1,gene
6,med21,med21,16307115,16310475,-,med21,NC_069718.1,26170755.0,med21,W041,Ctenopharyngodon idella,GCF_019924925.1,pwp1,gene
7,tm7sf3,tm7sf3,16310415,16326164,+,tm7sf3,NC_069718.1,26157667.0,tm7sf3,W041,Ctenopharyngodon idella,GCF_019924925.1,pwp1,gene
8,fgfr1op2,fgfr1op2,16327450,16330229,-,fgfr1op2,NC_069718.1,26143467.0,fgfr1op2,W041,Ctenopharyngodon idella,GCF_019924925.1,pwp1,gene
9,gas2l3,gas2l3,16330039,16349406,+,gas2l3,NC_069718.1,26126940.0,gas2l3,W041,Ctenopharyngodon idella,GCF_019924925.1,pwp1,gene
10,arid2,arid2,16354232,16375333,+,arid2,NC_069718.1,26092880.0,arid2,W041,Ctenopharyngodon idella,GCF_019924925.1,pwp1,gene
-10,casr,casr,4130147,4139897,+,casr,NC_069736.1,1283650.0,casr,W041,Ctenopharyngodon idella,GCF_019924925.1,chrebp,gene
-9,b4galt4,b4galt4,4144791,4160841,+,b4galt4,NC_069736.1,1294531.0,b4galt4,W041,Ctenopharyngodon idella,GCF_019924925.1,chrebp,gene
-8,arhgap31,arhgap31,4171407,4203247,+,arhgap31,NC_069736.1,1322992.0,arhgap31,W041,Ctenopharyngodon idella,GCF_019924925.1,chrebp,gene
-7,zbtb20,zbtb20,4207040,4290207,+,zbtb20,NC_069736.1,1404561.0,zbtb20,W041,Ctenopharyngodon idella,GCF_019924925.1,chrebp,gene
-6,si:dkey-251i10.3,si:dkey-251i10.3,4294491,4316446,+,si:dkey-251i10.3,NC_069736.1,1470573.0,si:dkey-251i10.3,W041,Ctenopharyngodon idella,GCF_019924925.1,chrebp,gene
-5,si:dkey-251i10.2,si:dkey-251i10.2,4320134,4326263,+,si:dkey-251i10.2,NC_069736.1,1483608.0,si:dkey-251i10.2,W041,Ctenopharyngodon idella,GCF_019924925.1,chrebp,gene
-4,si:dkey-251i10.1,si:dkey-251i10.1,4327944,4334593,-,,,,,W041,Ctenopharyngodon idella,GCF_019924925.1,chrebp,gene
-3,ebf2,ebf2,4345724,4379332,-,ebf2,NC_069733.1,4908935.0,ebf2,W041,Ctenopharyngodon idella,GCF_019924925.1,chrebp,gene
-2,sebox,sebox,4389437,4392231,-,sebox,NC_069736.1,6271722.0,sebox,W041,Ctenopharyngodon idella,GCF_019924925.1,chrebp,gene
-1,unga,unga,4396640,4407628,+,unga,NC_069733.1,4490875.0,unga,W041,Ctenopharyngodon idella,GCF_019924925.1,chrebp,gene
0,mlxip,mlxip,4409341,4481198,+,mlxip,NC_069733.1,4512309.0,mlxip,W041,Ctenopharyngodon idella,GCF_019924925.1,chrebp,gene
1,rsrc2,rsrc2,4486536,4506961,+,rsrc2,NC_069733.1,4341513.0,rsrc2,W041,Ctenopharyngodon idella,GCF_019924925.1,chrebp,gene
2,si:ch211-110p13.9,si:ch211-110p13.9,4506834,4512923,-,si:ch211-110p13.9,NC_069733.1,4330158.0,si:ch211-110p13.9,W041,Ctenopharyngodon idella,GCF_019924925.1,chrebp,gene
3,zcchc8,zcchc8,4512943,4522003,+,zcchc8,NC_069733.1,4319385.0,zcchc8,W041,Ctenopharyngodon idella,GCF_019924925.1,chrebp,gene
4,clip1a,clip1a,4533766,4584035,+,clip1a,NC_069733.1,4292428.0,clip1a,W041,Ctenopharyngodon idella,GCF_019924925.1,chrebp,gene
5,cdca5,cdca5,4585859,4590207,+,cdca5,NC_069736.1,5824299.0,cdca5,W041,Ctenopharyngodon idella,GCF_019924925.1,chrebp,gene
6,rom1a,rom1a,4609138,4616520,+,rom1a,NC_069736.1,5841846.0,rom1a,W041,Ctenopharyngodon idella,GCF_019924925.1,chrebp,gene
7,rps6ka4,rps6ka4,4619844,4649478,+,rps6ka4,NC_069736.1,5855791.0,rps6ka4,W041,Ctenopharyngodon idella,GCF_019924925.1,chrebp,gene
8,flrt1a,flrt1a,4724811,4814227,+,flrt1a,NC_069736.1,5948385.0,flrt1a,W041,Ctenopharyngodon idella,GCF_019924925.1,chrebp,gene
9,stip1,stip1,4847703,4861375,+,stip1,NC_069736.1,5999119.0,stip1,W041,Ctenopharyngodon idella,GCF_019924925.1,chrebp,gene
10,im:7154036,im:7154036,4864659,4877655,+,im:7154036,NC_069736.1,6015263.0,im:7154036,W041,Ctenopharyngodon idella,GCF_019924925.1,chrebp,gene
-10,meox2a,meox2a,14241208,14253568,+,meox2a,NC_069723.1,17021389.0,meox2a,W041,Ctenopharyngodon idella,GCF_019924925.1,lsr,gene
-9,agmo,agmo,14258340,14299752,+,agmo,NC_069723.1,17052095.0,agmo,W041,Ctenopharyngodon idella,GCF_019924925.1,lsr,gene
-8,dgkb,dgkb,14303186,14378787,+,,,,,W041,Ctenopharyngodon idella,GCF_019924925.1,lsr,gene
-7,etv1,etv1,14385468,14404890,+,etv1,NC_069723.1,17136736.0,etv1,W041,Ctenopharyngodon idella,GCF_019924925.1,lsr,gene
-6,arl4aa,arl4aa,14455418,14459328,-,arl4aa,NC_069723.1,17190784.0,arl4aa,W041,Ctenopharyngodon idella,GCF_019924925.1,lsr,gene
-5,si:dkey-30e9.6,si:dkey-30e9.6,14459767,14462009,-,si:dkey-30e9.6,NC_069723.1,17194248.0,si:dkey-30e9.6,W041,Ctenopharyngodon idella,GCF_019924925.1,lsr,gene
-4,LOC127495705,LOC127495705,14466873,14471626,+,,,,,W041,Ctenopharyngodon idella,GCF_019924925.1,lsr,gene
-3,LOC127495683,LOC127495683,14470446,14492642,+,vwde,NC_069723.1,17211572.0,vwde,W041,Ctenopharyngodon idella,GCF_019924925.1,lsr,gene
-2,seraf,seraf,14493029,14498294,-,seraf,NC_069723.1,17228366.0,seraf,W041,Ctenopharyngodon idella,GCF_019924925.1,lsr,gene
-1,tmem106ba,tmem106ba,14500435,14507305,-,tmem106ba,NC_069723.1,17235547.0,tmem106ba,W041,Ctenopharyngodon idella,GCF_019924925.1,lsr,gene
0,lsr,lsr,14508795,14521414,+,lsr,NC_069723.1,17248459.0,lsr,W041,Ctenopharyngodon idella,GCF_019924925.1,lsr,gene
1,mag,mag,14522423,14550277,+,mag,NC_069723.1,17265324.0,mag,W041,Ctenopharyngodon idella,GCF_019924925.1,lsr,gene
2,LOC127495706,LOC127495706,14555366,14588458,-,,,,,W041,Ctenopharyngodon idella,GCF_019924925.1,lsr,gene
3,LOC127495695,LOC127495695,14562970,14568499,-,,,,,W041,Ctenopharyngodon idella,GCF_019924925.1,lsr,gene
4,LOC127495696,LOC127495696,14577444,14582918,-,,,,,W041,Ctenopharyngodon idella,GCF_019924925.1,lsr,gene
5,LOC127495694,LOC127495694,14605255,14618950,-,,,,,W041,Ctenopharyngodon idella,GCF_019924925.1,lsr,gene
6,tekt1,tekt1,14619145,14625424,-,tekt1,NC_069723.1,21463770.0,tekt1,W041,Ctenopharyngodon idella,GCF_019924925.1,lsr,gene
7,inpp5ka,inpp5ka,14625543,14638241,-,inpp5ka,NC_069723.1,21453969.0,inpp5ka,W041,Ctenopharyngodon idella,GCF_019924925.1,lsr,gene
8,mmp13b,mmp13b,14648328,14651796,+,mmp13b,NC_069723.1,21436296.0,mmp13b,W041,Ctenopharyngodon idella,GCF_019924925.1,lsr,gene
9,n4bp2l2,n4bp2l2,14652817,14659564,+,n4bp2l2,NC_069723.1,21425368.0,n4bp2l2,W041,Ctenopharyngodon idella,GCF_019924925.1,lsr,gene
10,pds5b,pds5b,14660732,14710560,+,pds5b,NC_069723.1,21396011.0,pds5b,W041,Ctenopharyngodon idella,GCF_019924925.1,lsr,gene
-10,Q5Y98_016605,Q5Y98_016605,15913184,15927249,+,kiaa0232,NC_069713.1,2570998.0,kiaa0232,W042,Lateolabrax maculatus,GCA_031216445.1,SORCS2,gene
-9,tbc1d14,Q5Y98_017046,15928009,15955703,+,LOC113524096,NC_069713.1,2531672.0,LOC113524096,W042,Lateolabrax maculatus,GCA_031216445.1,SORCS2,gene
-8,ccl36.1,Q5Y98_016621,15961509,15962675,+,LOC128318107,NC_069713.1,2982896.0,LOC128318107,W042,Lateolabrax maculatus,GCA_031216445.1,SORCS2,gene
-7,Q5Y98_016995,Q5Y98_016995,15963343,15967799,+,,,,,W042,Lateolabrax maculatus,GCA_031216445.1,SORCS2,gene
-6,Q5Y98_016632,Q5Y98_016632,15976269,15981814,+,ccl32b.3,NC_069731.1,12943681.0,ccl32b.3,W042,Lateolabrax maculatus,GCA_031216445.1,SORCS2,gene
-5,Q5Y98_017399,Q5Y98_017399,15982464,15990561,+,,,,,W042,Lateolabrax maculatus,GCA_031216445.1,SORCS2,gene
-4,Q5Y98_017403,Q5Y98_017403,15990587,15994890,+,,,,,W042,Lateolabrax maculatus,GCA_031216445.1,SORCS2,gene
-3,cfap184,Q5Y98_017401,15995980,15999000,-,,,,,W042,Lateolabrax maculatus,GCA_031216445.1,SORCS2,gene
-2,tada2b,Q5Y98_017402,15999156,16005509,+,tada2b,NC_069713.1,3248940.0,tada2b,W042,Lateolabrax maculatus,GCA_031216445.1,SORCS2,gene
-1,grpel1,Q5Y98_017404,16006730,16010831,-,grpel1,NC_069713.1,3260983.0,grpel1,W042,Lateolabrax maculatus,GCA_031216445.1,SORCS2,gene
0,sorcs2,Q5Y98_017247,16026221,16283471,+,sorcs2,NC_069713.1,3409160.0,sorcs2,W042,Lateolabrax maculatus,GCA_031216445.1,SORCS2,gene
1,afap1,Q5Y98_017315,16295324,16377100,-,afap1,NC_069721.1,23572573.0,afap1,W042,Lateolabrax maculatus,GCA_031216445.1,SORCS2,gene
2,ablim2,Q5Y98_017006,16380608,16463026,-,ablim2,NC_069721.1,23475341.0,ablim2,W042,Lateolabrax maculatus,GCA_031216445.1,SORCS2,gene
3,zcchc4,Q5Y98_017344,16465440,16473441,+,zcchc4,NC_069721.1,23411549.0,zcchc4,W042,Lateolabrax maculatus,GCA_031216445.1,SORCS2,gene
4,Q5Y98_017343,Q5Y98_017343,16467291,16471090,-,si:dkey-219e21.4,NC_069721.1,23412095.0,si:dkey-219e21.4,W042,Lateolabrax maculatus,GCA_031216445.1,SORCS2,gene
5,pde5ab,Q5Y98_017342,16479775,16553756,+,pde5ab,NC_069713.1,21526184.0,pde5ab,W042,Lateolabrax maculatus,GCA_031216445.1,SORCS2,gene
6,mad2l1,Q5Y98_017345,16554142,16557655,-,mad2l1,NC_069713.1,21550285.0,mad2l1,W042,Lateolabrax maculatus,GCA_031216445.1,SORCS2,gene
7,arsj,Q5Y98_016891,16585164,16599306,+,arsj,NC_069713.1,21571803.0,arsj,W042,Lateolabrax maculatus,GCA_031216445.1,SORCS2,gene
8,camk2d1,Q5Y98_017008,16610830,16691439,+,camk2d1,NC_069713.1,21627001.0,camk2d1,W042,Lateolabrax maculatus,GCA_031216445.1,SORCS2,gene
9,ank2b,Q5Y98_017005,16692229,16774050,-,ank2b,NC_069713.1,21722389.0,ank2b,W042,Lateolabrax maculatus,GCA_031216445.1,SORCS2,gene
10,aco1,Q5Y98_016818,16884144,16896533,+,aco1,NC_069713.1,19628254.0,aco1,W042,Lateolabrax maculatus,GCA_031216445.1,SORCS2,gene
-10,Q5Y98_016703,Q5Y98_016703,6459957,6461798,-,,,,,W042,Lateolabrax maculatus,GCA_031216445.1,SLC7A8,gene
-9,Q5Y98_017187,Q5Y98_017187,6466386,6468283,-,,,,,W042,Lateolabrax maculatus,GCA_031216445.1,SLC7A8,gene
-8,Q5Y98_017184,Q5Y98_017184,6472914,6474766,-,,,,,W042,Lateolabrax maculatus,GCA_031216445.1,SLC7A8,gene
-7,Q5Y98_017201,Q5Y98_017201,6479109,6487813,-,,,,,W042,Lateolabrax maculatus,GCA_031216445.1,SLC7A8,gene
-6,nat8l,Q5Y98_017203,6487900,6504359,+,nat8l,NC_069713.1,11367649.0,nat8l,W042,Lateolabrax maculatus,GCA_031216445.1,SLC7A8,gene
-5,poln,Q5Y98_017188,6504360,6561002,-,poln,NC_069713.1,11401654.0,poln,W042,Lateolabrax maculatus,GCA_031216445.1,SLC7A8,gene
-4,haus3,Q5Y98_017412,6561200,6566400,-,haus3,NC_069713.1,11432445.0,haus3,W042,Lateolabrax maculatus,GCA_031216445.1,SLC7A8,gene
-3,Q5Y98_016495,Q5Y98_016495,6566468,6571056,+,ptgr1.1,NC_069713.1,11438766.0,ptgr1.1,W042,Lateolabrax maculatus,GCA_031216445.1,SLC7A8,gene
-2,txnb,Q5Y98_016496,6572399,6576390,+,txn,NC_069713.1,11454855.0,txn,W042,Lateolabrax maculatus,GCA_031216445.1,SLC7A8,gene
-1,svep1,Q5Y98_016494,6576443,6661400,-,svep1,NC_069713.1,11500800.0,svep1,W042,Lateolabrax maculatus,GCA_031216445.1,SLC7A8,gene
0,slc7a8a,Q5Y98_017195,6679225,6700938,+,slc7a8a,NC_069713.1,11575940.0,slc7a8a,W042,Lateolabrax maculatus,GCA_031216445.1,SLC7A8,gene
1,nedd8,Q5Y98_017209,6701626,6704590,-,nedd8,NC_069713.1,11589636.0,nedd8,W042,Lateolabrax maculatus,GCA_031216445.1,SLC7A8,gene
2,gmpr2,Q5Y98_017200,6704745,6709326,+,LOC113540353,NC_069713.1,11595267.0,LOC113540353,W042,Lateolabrax maculatus,GCA_031216445.1,SLC7A8,gene
3,Q5Y98_017196,Q5Y98_017196,6709321,6711596,-,,,,,W042,Lateolabrax maculatus,GCA_031216445.1,SLC7A8,gene
4,Q5Y98_017197,Q5Y98_017197,6711727,6713525,-,,,,,W042,Lateolabrax maculatus,GCA_031216445.1,SLC7A8,gene
5,homezb,Q5Y98_017198,6713542,6717267,+,,,,,W042,Lateolabrax maculatus,GCA_031216445.1,SLC7A8,gene
6,cideb,Q5Y98_017206,6716865,6719539,-,cideb,NC_069713.1,11979473.0,cideb,W042,Lateolabrax maculatus,GCA_031216445.1,SLC7A8,gene
7,tinf2,Q5Y98_017193,6720378,6725216,+,tinf2,NC_069713.1,11970693.0,tinf2,W042,Lateolabrax maculatus,GCA_031216445.1,SLC7A8,gene
8,dhrs4,Q5Y98_017202,6724208,6728052,-,dhrs4,NC_069713.1,11964940.0,dhrs4,W042,Lateolabrax maculatus,GCA_031216445.1,SLC7A8,gene
9,efs,Q5Y98_017191,6728448,6738072,+,efs,NC_069713.1,11946808.0,efs,W042,Lateolabrax maculatus,GCA_031216445.1,SLC7A8,gene
10,acin1b,Q5Y98_017189,6738209,6760220,+,acin1b,NC_069713.1,11926870.0,acin1b,W042,Lateolabrax maculatus,GCA_031216445.1,SLC7A8,gene
-10,Q5Y98_006948,Q5Y98_006948,13211331,13216535,+,LOC113526829,NC_069710.1,7948008.0,LOC113526829,W043,Lateolabrax maculatus,GCA_031216445.1,c4b,gene
-9,Q5Y98_006949,Q5Y98_006949,13218861,13222616,+,,,,,W043,Lateolabrax maculatus,GCA_031216445.1,c4b,gene
-8,Q5Y98_006566,Q5Y98_006566,13221919,13231275,-,,,,,W043,Lateolabrax maculatus,GCA_031216445.1,c4b,gene
-7,Q5Y98_006946,Q5Y98_006946,13228607,13260053,+,,,,,W043,Lateolabrax maculatus,GCA_031216445.1,c4b,gene
-6,Q5Y98_006950,Q5Y98_006950,13260106,13263298,-,,,,,W043,Lateolabrax maculatus,GCA_031216445.1,c4b,gene
-5,Q5Y98_007239,Q5Y98_007239,13263421,13265281,-,,,,,W043,Lateolabrax maculatus,GCA_031216445.1,c4b,gene
-4,Q5Y98_007238,Q5Y98_007238,13265908,13268382,+,,,,,W043,Lateolabrax maculatus,GCA_031216445.1,c4b,gene
-3,Q5Y98_007237,Q5Y98_007237,13268487,13270993,-,,,,,W043,Lateolabrax maculatus,GCA_031216445.1,c4b,gene
-2,cyp21a2,Q5Y98_007397,13271706,13276014,-,LOC113542548,NC_069710.1,22207727.0,LOC113542548,W043,Lateolabrax maculatus,GCA_031216445.1,c4b,gene
-1,tnxba,Q5Y98_007395,13276101,13283299,-,tnxba,NC_069710.1,22192516.0,tnxba,W043,Lateolabrax maculatus,GCA_031216445.1,c4b,gene
0,c4b,Q5Y98_007203,13287095,13305521,-,c4b,NC_069710.1,22171580.0,c4b,W043,Lateolabrax maculatus,GCA_031216445.1,c4b,gene
1,Q5Y98_007507,Q5Y98_007507,13309329,13313496,-,,,,,W043,Lateolabrax maculatus,GCA_031216445.1,c4b,gene
2,Q5Y98_007523,Q5Y98_007523,13314174,13322062,+,,,,,W043,Lateolabrax maculatus,GCA_031216445.1,c4b,gene
3,fhod3b,Q5Y98_007522,13322184,13403398,-,fhod3b,NC_069710.1,22077187.0,fhod3b,W043,Lateolabrax maculatus,GCA_031216445.1,c4b,gene
4,slc6a19b,Q5Y98_006741,13405176,13409812,+,slc6a19b,NC_069710.1,22008367.0,slc6a19b,W043,Lateolabrax maculatus,GCA_031216445.1,c4b,gene
5,Q5Y98_007403,Q5Y98_007403,13410320,13414984,+,LOC113542399,NC_069710.1,21998684.0,LOC113542399,W043,Lateolabrax maculatus,GCA_031216445.1,c4b,gene
6,Q5Y98_007404,Q5Y98_007404,13416653,13422148,+,si:ch211-254p10.2,NC_069710.1,21989961.0,si:ch211-254p10.2,W043,Lateolabrax maculatus,GCA_031216445.1,c4b,gene
7,rapgef5b,Q5Y98_006780,13427496,13446800,+,,,,,W043,Lateolabrax maculatus,GCA_031216445.1,c4b,gene
8,Q5Y98_006779,Q5Y98_006779,13446910,13487387,-,LOC113542626,NC_069710.1,21901485.0,LOC113542626,W043,Lateolabrax maculatus,GCA_031216445.1,c4b,gene
9,sp8b,Q5Y98_006753,13533346,13535592,+,sp8b,NC_069710.1,21819182.0,sp8b,W043,Lateolabrax maculatus,GCA_031216445.1,c4b,gene
10,macc1,Q5Y98_007488,13542414,13548234,+,macc1,NC_069710.1,21771409.0,macc1,W043,Lateolabrax maculatus,GCA_031216445.1,c4b,gene
-10,pdcd7,Q5Y98_003359,3130185,3134774,+,pdcd7,NC_069720.1,8573760.0,pdcd7,W043,Lateolabrax maculatus,GCA_031216445.1,fgf4,gene
-9,ubap1lb,Q5Y98_003374,3134872,3147127,+,ubap1lb,NC_069720.1,8566069.0,ubap1lb,W043,Lateolabrax maculatus,GCA_031216445.1,fgf4,gene
-8,kbtbd13a,Q5Y98_003365,3147318,3149655,-,kbtbd13a,NC_069720.1,8559665.0,kbtbd13a,W043,Lateolabrax maculatus,GCA_031216445.1,fgf4,gene
-7,rasl12,Q5Y98_006093,3151586,3157955,+,rasl12,NC_069720.1,8552903.0,rasl12,W043,Lateolabrax maculatus,GCA_031216445.1,fgf4,gene
-6,Q5Y98_006092,Q5Y98_006092,3157373,3161810,-,si:cabz01068815.1,NC_069720.1,8544268.0,si:cabz01068815.1,W043,Lateolabrax maculatus,GCA_031216445.1,fgf4,gene
-5,uqcrfs1,Q5Y98_005772,3223750,3226850,-,LOC113523960,NC_069734.1,156653.0,LOC113523960,W043,Lateolabrax maculatus,GCA_031216445.1,fgf4,gene
-4,vstm2b,Q5Y98_005653,3540824,3560991,+,vstm2b,NC_069734.1,37399.0,vstm2b,W043,Lateolabrax maculatus,GCA_031216445.1,fgf4,gene
-3,ccnd1,Q5Y98_005841,3706904,3713916,+,ccnd1,NC_069720.1,4510293.0,ccnd1,W043,Lateolabrax maculatus,GCA_031216445.1,fgf4,gene
-2,lto1,Q5Y98_005725,3726042,3729836,-,lto1,NC_069720.1,4522131.0,lto1,W043,Lateolabrax maculatus,GCA_031216445.1,fgf4,gene
-1,fgf3,Q5Y98_003726,3780270,3782805,+,fgf3,NC_069720.1,4559606.0,fgf3,W043,Lateolabrax maculatus,GCA_031216445.1,fgf4,gene
0,fgf4,Q5Y98_004253,3789224,3808985,+,fgf4,NC_069720.1,4547848.0,fgf4,W043,Lateolabrax maculatus,GCA_031216445.1,fgf4,gene
1,fgf19,Q5Y98_004264,3809078,3816950,+,fgf19,NC_069720.1,4531078.0,fgf19,W043,Lateolabrax maculatus,GCA_031216445.1,fgf4,gene
2,Q5Y98_004274,Q5Y98_004274,3815240,3825663,-,zgc:153993,NC_069720.1,4611445.0,zgc:153993,W043,Lateolabrax maculatus,GCA_031216445.1,fgf4,gene
3,ano1a,Q5Y98_004193,3840112,3900940,+,,,,,W043,Lateolabrax maculatus,GCA_031216445.1,fgf4,gene
4,fadd,Q5Y98_004204,3901881,3906305,+,fadd,NC_069720.1,4668220.0,fadd,W043,Lateolabrax maculatus,GCA_031216445.1,fgf4,gene
5,Q5Y98_004883,Q5Y98_004883,3906763,3919005,-,,,,,W043,Lateolabrax maculatus,GCA_031216445.1,fgf4,gene
6,Q5Y98_005964,Q5Y98_005964,3925932,3932058,+,LOC117596092,NC_069734.1,12766794.0,LOC117596092,W043,Lateolabrax maculatus,GCA_031216445.1,fgf4,gene
7,Q5Y98_004888,Q5Y98_004888,3933271,3935739,+,,,,,W043,Lateolabrax maculatus,GCA_031216445.1,fgf4,gene
8,mtch2,Q5Y98_003336,3938967,3954149,+,mtch2,NC_069734.1,12778740.0,mtch2,W043,Lateolabrax maculatus,GCA_031216445.1,fgf4,gene
9,Q5Y98_001999,Q5Y98_001999,3963495,3991061,+,cd81a,NC_069734.1,6824840.0,cd81a,W043,Lateolabrax maculatus,GCA_031216445.1,fgf4,gene
10,Q5Y98_005818,Q5Y98_005818,4007658,4035084,+,,,,,W043,Lateolabrax maculatus,GCA_031216445.1,fgf4,gene
-10,cnot4a,Q5Y98_024838,20466648,20476403,-,cnot4a,NC_069716.1,23610478.0,cnot4a,W043,Lateolabrax maculatus,GCA_031216445.1,dnajb9,gene
-9,Q5Y98_024068,Q5Y98_024068,20476992,20482820,-,zgc:136858,NC_069716.1,23596429.0,zgc:136858,W043,Lateolabrax maculatus,GCA_031216445.1,dnajb9,gene
-8,Q5Y98_024070,Q5Y98_024070,20482848,20505588,-,LOC113529289,NC_069716.1,23585331.0,LOC113529289,W043,Lateolabrax maculatus,GCA_031216445.1,dnajb9,gene
-7,Q5Y98_024073,Q5Y98_024073,20491486,20492895,+,tnni4a,NC_069727.1,16155150.0,tnni4a,W043,Lateolabrax maculatus,GCA_031216445.1,dnajb9,gene
-6,tnni4b.2,Q5Y98_024072,20494219,20496121,+,,,,,W043,Lateolabrax maculatus,GCA_031216445.1,dnajb9,gene
-5,Q5Y98_024112,Q5Y98_024112,20499512,20506870,+,LOC113528756,NC_069716.1,23573188.0,LOC113528756,W043,Lateolabrax maculatus,GCA_031216445.1,dnajb9,gene
-4,bpgm,Q5Y98_024071,20508034,20511456,+,bpgm,NC_069716.1,23557027.0,bpgm,W043,Lateolabrax maculatus,GCA_031216445.1,dnajb9,gene
-3,cald1b,Q5Y98_024169,20512396,20539200,+,,,,,W043,Lateolabrax maculatus,GCA_031216445.1,dnajb9,gene
-2,tnnt2d,Q5Y98_024171,20540319,20544037,+,,,,,W043,Lateolabrax maculatus,GCA_031216445.1,dnajb9,gene
-1,dnm1l,Q5Y98_024168,20543427,20554487,-,dnm1l,NC_069716.1,23496699.0,dnm1l,W043,Lateolabrax maculatus,GCA_031216445.1,dnajb9,gene
0,dnajb9a,Q5Y98_024170,20556200,20558300,-,dnajb9a,NC_069716.1,23486627.0,dnajb9a,W043,Lateolabrax maculatus,GCA_031216445.1,dnajb9,gene
1,Q5Y98_024206,Q5Y98_024206,20558628,20588409,+,pnpla8,NC_069718.1,21054428.0,pnpla8,W043,Lateolabrax maculatus,GCA_031216445.1,dnajb9,gene
2,Q5Y98_024941,Q5Y98_024941,20592417,20662792,+,nrcama,NC_069718.1,20995276.0,nrcama,W043,Lateolabrax maculatus,GCA_031216445.1,dnajb9,gene
3,cntn1a,Q5Y98_024056,20668390,20727657,+,cntn1a,NC_069718.1,20914145.0,cntn1a,W043,Lateolabrax maculatus,GCA_031216445.1,dnajb9,gene
4,Q5Y98_023884,Q5Y98_023884,20729910,20840141,+,pdzrn4,NC_069718.1,20780026.0,pdzrn4,W043,Lateolabrax maculatus,GCA_031216445.1,dnajb9,gene
5,gxylt1a,Q5Y98_024894,20873134,20881044,-,LOC113529530,NC_069718.1,20710912.0,LOC113529530,W043,Lateolabrax maculatus,GCA_031216445.1,dnajb9,gene
6,Q5Y98_024788,Q5Y98_024788,20882237,20885401,-,yaf2,NC_069718.1,20702207.0,yaf2,W043,Lateolabrax maculatus,GCA_031216445.1,dnajb9,gene
7,Q5Y98_024864,Q5Y98_024864,20886128,20902827,+,,,,,W043,Lateolabrax maculatus,GCA_031216445.1,dnajb9,gene
8,prickle1a,Q5Y98_024863,20902900,20928771,-,prickle1a,NC_069718.1,20656451.0,prickle1a,W043,Lateolabrax maculatus,GCA_031216445.1,dnajb9,gene
9,Q5Y98_024231,Q5Y98_024231,20971839,20973602,+,,,,,W043,Lateolabrax maculatus,GCA_031216445.1,dnajb9,gene
10,Q5Y98_024776,Q5Y98_024776,20987115,21064203,-,LOC113529760,NC_069718.1,20542875.0,LOC113529760,W043,Lateolabrax maculatus,GCA_031216445.1,dnajb9,gene
-10,pawr,pawr,19880805,19948936,+,pawr,NC_069727.1,1244173.0,pawr,W044,Micropterus salmoides,GCF_014851395.1,igf1,gene
-9,syt1a,syt1a,19958896,20152033,+,syt1b,NC_069715.1,30855953.0,syt1b,W044,Micropterus salmoides,GCF_014851395.1,igf1,gene
-8,LOC119918004,LOC119918004,20153999,20160614,+,LOC113531873,NC_069727.1,19122599.0,LOC113531873,W044,Micropterus salmoides,GCF_014851395.1,igf1,gene
-7,LOC119918003,LOC119918003,20160737,20191523,-,ppfibp1a,NC_069727.1,19147086.0,ppfibp1a,W044,Micropterus salmoides,GCF_014851395.1,igf1,gene
-6,syt10,syt10,20254246,20268139,+,syt10,NC_069727.1,19233608.0,syt10,W044,Micropterus salmoides,GCF_014851395.1,igf1,gene
-5,tnnt2c,tnnt2c,20282394,20285898,-,tnnt2c,NC_069727.1,19099463.0,tnnt2c,W044,Micropterus salmoides,GCF_014851395.1,igf1,gene
-4,LOC119917971,LOC119917971,20286994,20291208,+,,,,,W044,Micropterus salmoides,GCF_014851395.1,igf1,gene
-3,cry1a,cry1a,20291393,20304391,-,cry1a,NC_069727.1,19087651.0,cry1a,W044,Micropterus salmoides,GCF_014851395.1,igf1,gene
-2,btbd11a,btbd11a,20307505,20488310,+,btbd11a,NC_069727.1,18973911.0,btbd11a,W044,Micropterus salmoides,GCF_014851395.1,igf1,gene
-1,LOC119918209,LOC119918209,20499714,20507683,+,,,,,W044,Micropterus salmoides,GCF_014851395.1,igf1,gene
0,igf1,igf1,20514489,20533332,+,igf1,NC_069727.1,3412760.0,igf1,W044,Micropterus salmoides,GCF_014851395.1,igf1,gene
1,pmch,pmch,20537770,20540076,+,pmch,NC_069727.1,3434969.0,pmch,W044,Micropterus salmoides,GCF_014851395.1,igf1,gene
2,LOC119918399,LOC119918399,20540102,20555278,-,parpbp,NC_069727.1,3447896.0,parpbp,W044,Micropterus salmoides,GCF_014851395.1,igf1,gene
3,nup37,nup37,20555496,20568495,+,nup37,NC_069727.1,3469911.0,nup37,W044,Micropterus salmoides,GCF_014851395.1,igf1,gene
4,th2,th2,20573248,20579625,-,th2,NC_069727.1,3494833.0,th2,W044,Micropterus salmoides,GCF_014851395.1,igf1,gene
5,pah,pah,20579781,20594556,-,pah,NC_069727.1,3514787.0,pah,W044,Micropterus salmoides,GCF_014851395.1,igf1,gene
6,LOC119917960,LOC119917960,20594651,20671647,+,LOC113532275,NC_069727.1,3569837.0,LOC113532275,W044,Micropterus salmoides,GCF_014851395.1,igf1,gene
7,ascl1a,ascl1a,20675693,20677427,-,ascl1a,NC_069727.1,3532361.0,ascl1a,W044,Micropterus salmoides,GCF_014851395.1,igf1,gene
8,itfg2,itfg2,20681345,20693626,+,itfg2,NC_069718.1,26408280.0,itfg2,W044,Micropterus salmoides,GCF_014851395.1,igf1,gene
9,nrip2,nrip2,20712253,20742100,-,nrip2,NC_069718.1,26439892.0,nrip2,W044,Micropterus salmoides,GCF_014851395.1,igf1,gene
10,klhl42,klhl42,20745966,20750307,-,klhl42,NC_069718.1,26460837.0,klhl42,W044,Micropterus salmoides,GCF_014851395.1,igf1,gene
-10,LOC119918066,LOC119918066,19394072,19396856,+,,,,,W044,Micropterus salmoides,GCF_014851395.1,myf5,gene
-9,LOC119918064,LOC119918064,19397365,19401615,+,,,,,W044,Micropterus salmoides,GCF_014851395.1,myf5,gene
-8,zmp:0000000711,zmp:0000000711,19401302,19427326,-,tulp3,NC_069718.1,25954852.0,tulp3,W044,Micropterus salmoides,GCF_014851395.1,myf5,gene
-7,rhno1,rhno1,19428134,19430218,-,rhno1,NC_069727.1,9484017.0,rhno1,W044,Micropterus salmoides,GCF_014851395.1,myf5,gene
-6,foxm1,foxm1,19430314,19437600,+,foxm1,NC_069727.1,9478531.0,foxm1,W044,Micropterus salmoides,GCF_014851395.1,myf5,gene
-5,si:ch73-352p4.8,si:ch73-352p4.8,19436664,19444666,-,si:ch73-352p4.8,NC_069727.1,9471798.0,si:ch73-352p4.8,W044,Micropterus salmoides,GCF_014851395.1,myf5,gene
-4,LOC119918540,LOC119918540,19485153,19611652,+,,,,,W044,Micropterus salmoides,GCF_014851395.1,myf5,gene
-3,ppfia2,ppfia2,19611521,19663853,+,ppfia2,NC_069727.1,1617224.0,ppfia2,W044,Micropterus salmoides,GCF_014851395.1,myf5,gene
-2,acss3,acss3,19663781,19699711,-,acss3,NC_069727.1,1538071.0,acss3,W044,Micropterus salmoides,GCF_014851395.1,myf5,gene
-1,lin7a,lin7a,19707019,19745574,+,lin7a,NC_069727.1,1496032.0,lin7a,W044,Micropterus salmoides,GCF_014851395.1,myf5,gene
0,myf5,myf5,19750653,19753040,-,myf5,NC_069727.1,1462791.0,myf5,W044,Micropterus salmoides,GCF_014851395.1,myf5,gene
1,myf6,myf6,19756302,19758788,-,myf6,NC_069727.1,1444948.0,myf6,W044,Micropterus salmoides,GCF_014851395.1,myf5,gene
2,rps16,rps16,19791941,19794473,-,rps16,NC_069727.1,1408214.0,rps16,W044,Micropterus salmoides,GCF_014851395.1,myf5,gene
3,ppp1r12a,ppp1r12a,19813128,19869105,+,ppp1r12a,NC_069727.1,1323441.0,ppp1r12a,W044,Micropterus salmoides,GCF_014851395.1,myf5,gene
4,pawr,pawr,19880805,19948936,+,pawr,NC_069727.1,1244173.0,pawr,W044,Micropterus salmoides,GCF_014851395.1,myf5,gene
5,syt1a,syt1a,19958896,20152033,+,syt1b,NC_069715.1,30855953.0,syt1b,W044,Micropterus salmoides,GCF_014851395.1,myf5,gene
6,LOC119918004,LOC119918004,20153999,20160614,+,LOC113531873,NC_069727.1,19122599.0,LOC113531873,W044,Micropterus salmoides,GCF_014851395.1,myf5,gene
7,LOC119918003,LOC119918003,20160737,20191523,-,ppfibp1a,NC_069727.1,19147086.0,ppfibp1a,W044,Micropterus salmoides,GCF_014851395.1,myf5,gene
8,syt10,syt10,20254246,20268139,+,syt10,NC_069727.1,19233608.0,syt10,W044,Micropterus salmoides,GCF_014851395.1,myf5,gene
9,tnnt2c,tnnt2c,20282394,20285898,-,tnnt2c,NC_069727.1,19099463.0,tnnt2c,W044,Micropterus salmoides,GCF_014851395.1,myf5,gene
10,LOC119917971,LOC119917971,20286994,20291208,+,,,,,W044,Micropterus salmoides,GCF_014851395.1,myf5,gene
-10,LOC119918064,LOC119918064,19397365,19401615,+,,,,,W044,Micropterus salmoides,GCF_014851395.1,myf6,gene
-9,zmp:0000000711,zmp:0000000711,19401302,19427326,-,tulp3,NC_069718.1,25954852.0,tulp3,W044,Micropterus salmoides,GCF_014851395.1,myf6,gene
-8,rhno1,rhno1,19428134,19430218,-,rhno1,NC_069727.1,9484017.0,rhno1,W044,Micropterus salmoides,GCF_014851395.1,myf6,gene
-7,foxm1,foxm1,19430314,19437600,+,foxm1,NC_069727.1,9478531.0,foxm1,W044,Micropterus salmoides,GCF_014851395.1,myf6,gene
-6,si:ch73-352p4.8,si:ch73-352p4.8,19436664,19444666,-,si:ch73-352p4.8,NC_069727.1,9471798.0,si:ch73-352p4.8,W044,Micropterus salmoides,GCF_014851395.1,myf6,gene
-5,LOC119918540,LOC119918540,19485153,19611652,+,,,,,W044,Micropterus salmoides,GCF_014851395.1,myf6,gene
-4,ppfia2,ppfia2,19611521,19663853,+,ppfia2,NC_069727.1,1617224.0,ppfia2,W044,Micropterus salmoides,GCF_014851395.1,myf6,gene
-3,acss3,acss3,19663781,19699711,-,acss3,NC_069727.1,1538071.0,acss3,W044,Micropterus salmoides,GCF_014851395.1,myf6,gene
-2,lin7a,lin7a,19707019,19745574,+,lin7a,NC_069727.1,1496032.0,lin7a,W044,Micropterus salmoides,GCF_014851395.1,myf6,gene
-1,myf5,myf5,19750653,19753040,-,myf5,NC_069727.1,1462791.0,myf5,W044,Micropterus salmoides,GCF_014851395.1,myf6,gene
0,myf6,myf6,19756302,19758788,-,myf6,NC_069727.1,1444948.0,myf6,W044,Micropterus salmoides,GCF_014851395.1,myf6,gene
1,rps16,rps16,19791941,19794473,-,rps16,NC_069727.1,1408214.0,rps16,W044,Micropterus salmoides,GCF_014851395.1,myf6,gene
2,ppp1r12a,ppp1r12a,19813128,19869105,+,ppp1r12a,NC_069727.1,1323441.0,ppp1r12a,W044,Micropterus salmoides,GCF_014851395.1,myf6,gene
3,pawr,pawr,19880805,19948936,+,pawr,NC_069727.1,1244173.0,pawr,W044,Micropterus salmoides,GCF_014851395.1,myf6,gene
4,syt1a,syt1a,19958896,20152033,+,syt1b,NC_069715.1,30855953.0,syt1b,W044,Micropterus salmoides,GCF_014851395.1,myf6,gene
5,LOC119918004,LOC119918004,20153999,20160614,+,LOC113531873,NC_069727.1,19122599.0,LOC113531873,W044,Micropterus salmoides,GCF_014851395.1,myf6,gene
6,LOC119918003,LOC119918003,20160737,20191523,-,ppfibp1a,NC_069727.1,19147086.0,ppfibp1a,W044,Micropterus salmoides,GCF_014851395.1,myf6,gene
7,syt10,syt10,20254246,20268139,+,syt10,NC_069727.1,19233608.0,syt10,W044,Micropterus salmoides,GCF_014851395.1,myf6,gene
8,tnnt2c,tnnt2c,20282394,20285898,-,tnnt2c,NC_069727.1,19099463.0,tnnt2c,W044,Micropterus salmoides,GCF_014851395.1,myf6,gene
9,LOC119917971,LOC119917971,20286994,20291208,+,,,,,W044,Micropterus salmoides,GCF_014851395.1,myf6,gene
10,cry1a,cry1a,20291393,20304391,-,cry1a,NC_069727.1,19087651.0,cry1a,W044,Micropterus salmoides,GCF_014851395.1,myf6,gene
-10,ncoa1,ncoa1,24257440,24318528,+,ncoa1,NC_069739.1,12429312.0,ncoa1,W044,Micropterus salmoides,GCF_014851395.1,igf2r,gene
-9,unc93a,unc93a,24321782,24332333,-,LOC113531776,NC_069728.1,17068246.0,LOC113531776,W044,Micropterus salmoides,GCF_014851395.1,igf2r,gene
-8,afdna,afdna,24365283,24470299,+,afdna,NC_069728.1,17178111.0,afdna,W044,Micropterus salmoides,GCF_014851395.1,igf2r,gene
-7,tdrd15,tdrd15,24475857,24489136,-,tdrd15,NC_069728.1,16931919.0,tdrd15,W044,Micropterus salmoides,GCF_014851395.1,igf2r,gene
-6,rfx6,rfx6,24491066,24505879,+,rfx6,NC_069728.1,16912035.0,rfx6,W044,Micropterus salmoides,GCF_014851395.1,igf2r,gene
-5,vgll2a,vgll2a,24548288,24557825,+,vgll2a,NC_069728.1,16857840.0,vgll2a,W044,Micropterus salmoides,GCF_014851395.1,igf2r,gene
-4,plg,plg,24594604,24610914,+,plg,NC_069728.1,17012441.0,plg,W044,Micropterus salmoides,GCF_014851395.1,igf2r,gene
-3,LOC119909231,LOC119909231,24610918,24618471,-,,,,,W044,Micropterus salmoides,GCF_014851395.1,igf2r,gene
-2,LOC119909232,LOC119909232,24616402,24621033,-,,,,,W044,Micropterus salmoides,GCF_014851395.1,igf2r,gene
-1,LOC119909164,LOC119909164,24623499,24634729,-,slc22a2,NC_069728.1,16996812.0,slc22a2,W044,Micropterus salmoides,GCF_014851395.1,igf2r,gene
0,igf2r,igf2r,24635398,24682450,-,igf2r,NC_069728.1,16966131.0,igf2r,W044,Micropterus salmoides,GCF_014851395.1,igf2r,gene
1,ttll2,ttll2,24688529,24691194,+,,,,,W044,Micropterus salmoides,GCF_014851395.1,igf2r,gene
2,si:ch211-140l13.3,si:ch211-140l13.3,24691571,24701727,-,,,,,W044,Micropterus salmoides,GCF_014851395.1,igf2r,gene
3,LOC119909487,LOC119909487,24701724,24718981,-,,,,,W044,Micropterus salmoides,GCF_014851395.1,igf2r,gene
4,gpr31,gpr31,24707088,24710852,+,gpr31,NC_069728.1,17032837.0,gpr31,W044,Micropterus salmoides,GCF_014851395.1,igf2r,gene
5,msra,msra,24723773,24764800,-,,,,,W044,Micropterus salmoides,GCF_014851395.1,igf2r,gene
6,ift172,ift172,24777221,24820956,-,ift172,NC_069739.1,11548781.0,ift172,W044,Micropterus salmoides,GCF_014851395.1,igf2r,gene
7,cad,cad,24820840,24847396,+,cad,NC_069739.1,11585199.0,cad,W044,Micropterus salmoides,GCF_014851395.1,igf2r,gene
8,dnajc5ga,dnajc5ga,24848724,24867397,+,,,,,W044,Micropterus salmoides,GCF_014851395.1,igf2r,gene
9,trim54,trim54,24871510,24894708,+,,,,,W044,Micropterus salmoides,GCF_014851395.1,igf2r,gene
10,uts1,uts1,24896111,24898254,-,uts1,NC_069739.1,10192811.0,uts1,W044,Micropterus salmoides,GCF_014851395.1,igf2r,gene
-10,LOC119913869,LOC119913869,53553946,53564564,+,,,,,W044,Micropterus salmoides,GCF_014851395.1,cavin4b,gene
-9,LOC119885919,LOC119885919,53569128,53570223,+,,,,,W044,Micropterus salmoides,GCF_014851395.1,cavin4b,gene
-8,LOC119913827,LOC119913827,53582980,53595939,+,,,,,W044,Micropterus salmoides,GCF_014851395.1,cavin4b,gene
-7,LOC119885984,LOC119885984,53596069,53616642,+,,,,,W044,Micropterus salmoides,GCF_014851395.1,cavin4b,gene
-6,LOC119913843,LOC119913843,53632787,53642936,+,,,,,W044,Micropterus salmoides,GCF_014851395.1,cavin4b,gene
-5,LOC119913727,LOC119913727,53790487,53859312,+,,,,,W044,Micropterus salmoides,GCF_014851395.1,cavin4b,gene
-4,LOC119913743,LOC119913743,53886636,53907089,+,,,,,W044,Micropterus salmoides,GCF_014851395.1,cavin4b,gene
-3,LOC119913984,LOC119913984,53908342,53951866,-,,,,,W044,Micropterus salmoides,GCF_014851395.1,cavin4b,gene
-2,LOC119886182,LOC119886182,53961327,53992389,-,,,,,W044,Micropterus salmoides,GCF_014851395.1,cavin4b,gene
-1,LOC119913993,LOC119913993,53991933,54009601,+,,,,,W044,Micropterus salmoides,GCF_014851395.1,cavin4b,gene
0,cavin4b,cavin4b,54013874,54020424,+,cavin4b,NC_069710.1,9521722.0,cavin4b,W044,Micropterus salmoides,GCF_014851395.1,cavin4b,gene
1,dnah5l,dnah5l,54021171,54069536,-,,,,,W044,Micropterus salmoides,GCF_014851395.1,cavin4b,gene
2,LOC119914011,LOC119914011,54113802,54152666,-,,,,,W044,Micropterus salmoides,GCF_014851395.1,cavin4b,gene
3,LOC119914037,LOC119914037,54177634,54180177,-,,,,,W044,Micropterus salmoides,GCF_014851395.1,cavin4b,gene
4,LOC119914028,LOC119914028,54180266,54205142,-,,,,,W044,Micropterus salmoides,GCF_014851395.1,cavin4b,gene
5,LOC119914055,LOC119914055,54228772,54246593,-,,,,,W044,Micropterus salmoides,GCF_014851395.1,cavin4b,gene
6,LOC119914068,LOC119914068,54252907,54263650,-,,,,,W044,Micropterus salmoides,GCF_014851395.1,cavin4b,gene
7,LOC119886407,LOC119886407,54286546,54293483,-,,,,,W044,Micropterus salmoides,GCF_014851395.1,cavin4b,gene
8,LOC119886473,LOC119886473,54298972,54322326,-,,,,,W044,Micropterus salmoides,GCF_014851395.1,cavin4b,gene
9,LOC119886618,LOC119886618,54402857,54439306,-,,,,,W044,Micropterus salmoides,GCF_014851395.1,cavin4b,gene
10,LOC119897087,LOC119897087,54485500,54491376,-,,,,,W044,Micropterus salmoides,GCF_014851395.1,cavin4b,gene
-10,LOC122878966,LOC122878966,9189870,9194277,-,,,,,W045,Siniperca chuatsi,GCF_020085105.1,AKT2,gene
-9,LOC122879081,LOC122879081,9197512,9208686,+,,,,,W045,Siniperca chuatsi,GCF_020085105.1,AKT2,gene
-8,LOC122878969,LOC122878969,9222616,9224428,+,,,,,W045,Siniperca chuatsi,GCF_020085105.1,AKT2,gene
-7,LOC122878967,LOC122878967,9225936,9229411,+,,,,,W045,Siniperca chuatsi,GCF_020085105.1,AKT2,gene
-6,LOC122878970,LOC122878970,9231504,9233169,-,,,,,W045,Siniperca chuatsi,GCF_020085105.1,AKT2,gene
-5,LOC122879294,LOC122879294,9239940,9250330,-,,,,,W045,Siniperca chuatsi,GCF_020085105.1,AKT2,gene
-4,vwa7,vwa7,9252075,9264686,+,vwa7,NC_069715.1,7247947.0,vwa7,W045,Siniperca chuatsi,GCF_020085105.1,AKT2,gene
-3,LOC122878449,LOC122878449,9264812,9276348,+,LOC113534453,NC_069715.1,7233976.0,LOC113534453,W045,Siniperca chuatsi,GCF_020085105.1,AKT2,gene
-2,si:ch211-132b12.7,si:ch211-132b12.7,9276307,9285645,-,si:ch211-132b12.7,NC_069715.1,20490404.0,si:ch211-132b12.7,W045,Siniperca chuatsi,GCF_020085105.1,AKT2,gene
-1,LOC122878453,LOC122878453,9285784,9289966,-,ccnp,NC_069715.1,20507456.0,ccnp,W045,Siniperca chuatsi,GCF_020085105.1,AKT2,gene
0,akt2,akt2,9290864,9305438,-,akt2,NC_069715.1,20527532.0,akt2,W045,Siniperca chuatsi,GCF_020085105.1,AKT2,gene
1,dhx40,dhx40,9305805,9311466,-,dhx40,NC_069723.1,6719034.0,dhx40,W045,Siniperca chuatsi,GCF_020085105.1,AKT2,gene
2,LOC122878455,LOC122878455,9312337,9314949,-,LOC128320192,NC_069723.1,6710284.0,LOC128320192,W045,Siniperca chuatsi,GCF_020085105.1,AKT2,gene
3,LOC122878456,LOC122878456,9315319,9319117,-,,,,,W045,Siniperca chuatsi,GCF_020085105.1,AKT2,gene
4,LOC122878457,LOC122878457,9321473,9329438,+,p2rx8,NC_069723.1,6208579.0,p2rx8,W045,Siniperca chuatsi,GCF_020085105.1,AKT2,gene
5,ly6d,ly6d,9332981,9334191,+,,,,,W045,Siniperca chuatsi,GCF_020085105.1,AKT2,gene
6,samsn1a,samsn1a,9337449,9354683,+,samsn1a,NC_069723.1,21837748.0,samsn1a,W045,Siniperca chuatsi,GCF_020085105.1,AKT2,gene
7,hspa13,hspa13,9355064,9360169,+,hspa13,NC_069723.1,21851718.0,hspa13,W045,Siniperca chuatsi,GCF_020085105.1,AKT2,gene
8,gdpd5b,gdpd5b,9360602,9407670,-,gdpd5b,NC_069723.1,21886505.0,gdpd5b,W045,Siniperca chuatsi,GCF_020085105.1,AKT2,gene
9,serpinh1b,serpinh1b,9416858,9420925,+,serpinh1b,NC_069723.1,21927868.0,serpinh1b,W045,Siniperca chuatsi,GCF_020085105.1,AKT2,gene
10,gucy2f,gucy2f,9421611,9435190,-,gucy2f,NC_069723.1,21939055.0,gucy2f,W045,Siniperca chuatsi,GCF_020085105.1,AKT2,gene
-10,LOC122885244,LOC122885244,6726280,6729544,-,LOC113526168,NC_069714.1,22364837.0,LOC113526168,W045,Siniperca chuatsi,GCF_020085105.1,CCNT2,gene
-9,asb1,asb1,6760899,6766742,-,asb1,NC_069714.1,22333037.0,asb1,W045,Siniperca chuatsi,GCF_020085105.1,CCNT2,gene
-8,traf3ip1,traf3ip1,6769000,6789307,-,traf3ip1,NC_069714.1,22316264.0,traf3ip1,W045,Siniperca chuatsi,GCF_020085105.1,CCNT2,gene
-7,agr1,agr1,6789487,6796058,+,agr1,NC_069714.1,22300288.0,agr1,W045,Siniperca chuatsi,GCF_020085105.1,CCNT2,gene
-6,adarb1b,adarb1b,6805097,6923666,-,adarb1b,NC_069714.1,22203789.0,adarb1b,W045,Siniperca chuatsi,GCF_020085105.1,CCNT2,gene
-5,zgc:162396,zgc:162396,6937221,6944199,+,LOC113535006,NC_069714.1,7566054.0,LOC113535006,W045,Siniperca chuatsi,GCF_020085105.1,CCNT2,gene
-4,zgc:162780,zgc:162780,6945905,6953847,+,,,,,W045,Siniperca chuatsi,GCF_020085105.1,CCNT2,gene
-3,ube2f,ube2f,6957370,7007100,+,ube2f,NC_069735.1,2059268.0,ube2f,W045,Siniperca chuatsi,GCF_020085105.1,CCNT2,gene
-2,ramp1,ramp1,7027699,7101961,-,ramp1,NC_069714.1,7445172.0,ramp1,W045,Siniperca chuatsi,GCF_020085105.1,CCNT2,gene
-1,map3k19,map3k19,7104619,7121269,+,map3k19,NC_069714.1,5034048.0,map3k19,W045,Siniperca chuatsi,GCF_020085105.1,CCNT2,gene
0,ccnt2a,ccnt2a,7121071,7131155,-,ccnt2a,NC_069714.1,5022128.0,ccnt2a,W045,Siniperca chuatsi,GCF_020085105.1,CCNT2,gene
1,acmsd,acmsd,7131694,7137366,-,acmsd,NC_069714.1,5001948.0,acmsd,W045,Siniperca chuatsi,GCF_020085105.1,CCNT2,gene
2,LOC122885260,LOC122885260,7138537,7202093,+,,,,,W045,Siniperca chuatsi,GCF_020085105.1,CCNT2,gene
3,LOC122885261,LOC122885261,7219320,7262987,+,,,,,W045,Siniperca chuatsi,GCF_020085105.1,CCNT2,gene
4,pth2ra,pth2ra,7272777,7330127,-,pth2ra,NC_069714.1,7225137.0,pth2ra,W045,Siniperca chuatsi,GCF_020085105.1,CCNT2,gene
5,mrasa,mrasa,7341583,7363128,-,mrasa,NC_069714.1,7286900.0,mrasa,W045,Siniperca chuatsi,GCF_020085105.1,CCNT2,gene
6,LOC122885267,LOC122885267,7372806,7376381,+,,,,,W045,Siniperca chuatsi,GCF_020085105.1,CCNT2,gene
7,tmem177,tmem177,7376521,7380612,+,tmem177,NC_069714.1,7296093.0,tmem177,W045,Siniperca chuatsi,GCF_020085105.1,CCNT2,gene
8,ptpn4a,ptpn4a,7382410,7451145,+,ptpn4a,NC_069714.1,7336911.0,ptpn4a,W045,Siniperca chuatsi,GCF_020085105.1,CCNT2,gene
9,epb41l5,epb41l5,7452808,7489353,+,epb41l5,NC_069714.1,7397757.0,epb41l5,W045,Siniperca chuatsi,GCF_020085105.1,CCNT2,gene
10,LOC122885483,LOC122885483,7525458,7626664,-,nrp2b,NC_069714.1,20857566.0,nrp2b,W045,Siniperca chuatsi,GCF_020085105.1,CCNT2,gene
-10,dpf3,dpf3,11785726,11814084,+,dpf3,NC_069728.1,18533246.0,dpf3,W045,Siniperca chuatsi,GCF_020085105.1,EPB41L2,gene
-9,LOC122863570,LOC122863570,11813807,11819585,-,,,,,W045,Siniperca chuatsi,GCF_020085105.1,EPB41L2,gene
-8,stx7l,stx7l,11821472,11827538,+,stx7l,NC_069739.1,1346306.0,stx7l,W045,Siniperca chuatsi,GCF_020085105.1,EPB41L2,gene
-7,ccn2a,ccn2a,11854419,11857496,+,ccn2a,NC_069739.1,4985374.0,ccn2a,W045,Siniperca chuatsi,GCF_020085105.1,EPB41L2,gene
-6,chga,chga,11858800,11868859,-,chga,NC_069728.1,19599938.0,chga,W045,Siniperca chuatsi,GCF_020085105.1,EPB41L2,gene
-5,LOC122863253,LOC122863253,11872271,11879336,-,si:dkey-177p2.18,NC_069728.1,19627632.0,si:dkey-177p2.18,W045,Siniperca chuatsi,GCF_020085105.1,EPB41L2,gene
-4,sel1l,sel1l,11879454,11891727,-,sel1l,NC_069728.1,19644631.0,sel1l,W045,Siniperca chuatsi,GCF_020085105.1,EPB41L2,gene
-3,LOC122863375,LOC122863375,11893009,11920576,-,arhgap18,NC_069739.1,1913586.0,arhgap18,W045,Siniperca chuatsi,GCF_020085105.1,EPB41L2,gene
-2,tmem244,tmem244,11921180,11984740,-,tmem244,NC_069739.1,1966893.0,tmem244,W045,Siniperca chuatsi,GCF_020085105.1,EPB41L2,gene
-1,tmem200a,tmem200a,11930143,11946616,+,tmem200a,NC_069739.1,2020667.0,tmem200a,W045,Siniperca chuatsi,GCF_020085105.1,EPB41L2,gene
0,epb41l2,epb41l2,11985370,12045018,-,epb41l2,NC_069739.1,2097260.0,epb41l2,W045,Siniperca chuatsi,GCF_020085105.1,EPB41L2,gene
1,itpkb,itpkb,12052129,12080774,+,itpkb,NC_069739.1,11938415.0,itpkb,W045,Siniperca chuatsi,GCF_020085105.1,EPB41L2,gene
2,coq8aa,coq8aa,12082933,12103307,+,coq8aa,NC_069739.1,11968307.0,coq8aa,W045,Siniperca chuatsi,GCF_020085105.1,EPB41L2,gene
3,stum,stum,12106267,12125446,-,stum,NC_069739.1,11907622.0,stum,W045,Siniperca chuatsi,GCF_020085105.1,EPB41L2,gene
4,LOC122863585,LOC122863585,12134257,12143199,-,,,,,W045,Siniperca chuatsi,GCF_020085105.1,EPB41L2,gene
5,LOC122863588,LOC122863588,12162091,12163622,-,LOC113524007,NC_069713.1,3127934.0,LOC113524007,W045,Siniperca chuatsi,GCF_020085105.1,EPB41L2,gene
6,LOC122863589,LOC122863589,12167797,12169514,-,,,,,W045,Siniperca chuatsi,GCF_020085105.1,EPB41L2,gene
7,LOC122863591,LOC122863591,12172329,12174767,-,,,,,W045,Siniperca chuatsi,GCF_020085105.1,EPB41L2,gene
8,LOC122863590,LOC122863590,12182436,12185934,-,LOC128317530,NC_069735.1,3532378.0,LOC128317530,W045,Siniperca chuatsi,GCF_020085105.1,EPB41L2,gene
9,LOC122863592,LOC122863592,12188455,12190324,-,,,,,W045,Siniperca chuatsi,GCF_020085105.1,EPB41L2,gene
10,ehd3,ehd3,12199688,12216319,-,ehd3,NC_069739.1,12248840.0,ehd3,W045,Siniperca chuatsi,GCF_020085105.1,EPB41L2,gene
-10,hint1,hint1,21009705,21012351,-,hint1,NC_069726.1,15047429.0,hint1,W045,Siniperca chuatsi,GCF_020085105.1,CAMKMT,gene
-9,lyrm7,lyrm7,21012373,21014495,+,lyrm7,NC_069726.1,17284094.0,lyrm7,W045,Siniperca chuatsi,GCF_020085105.1,CAMKMT,gene
-8,dync2li1,dync2li1,21015171,21022343,+,dync2li1,NC_069712.1,21218534.0,dync2li1,W045,Siniperca chuatsi,GCF_020085105.1,CAMKMT,gene
-7,abcg5,abcg5,21022118,21034445,-,abcg5,NC_069712.1,21230730.0,abcg5,W045,Siniperca chuatsi,GCF_020085105.1,CAMKMT,gene
-6,abcg8,abcg8,21034519,21044471,+,abcg8,NC_069712.1,21239807.0,abcg8,W045,Siniperca chuatsi,GCF_020085105.1,CAMKMT,gene
-5,lrpprc,lrpprc,21046400,21107327,-,lrpprc,NC_069712.1,21269967.0,lrpprc,W045,Siniperca chuatsi,GCF_020085105.1,CAMKMT,gene
-4,znhit2,znhit2,21108275,21110493,-,znhit2,NC_069726.1,143486.0,znhit2,W045,Siniperca chuatsi,GCF_020085105.1,CAMKMT,gene
-3,ppm1ba,ppm1ba,21133036,21154173,+,ppm1ba,NC_069712.1,21339408.0,ppm1ba,W045,Siniperca chuatsi,GCF_020085105.1,CAMKMT,gene
-2,slc3a1,slc3a1,21154318,21162813,+,slc3a1,NC_069712.1,21365775.0,slc3a1,W045,Siniperca chuatsi,GCF_020085105.1,CAMKMT,gene
-1,prepl,prepl,21162886,21172182,-,prepl,NC_069712.1,21378376.0,prepl,W045,Siniperca chuatsi,GCF_020085105.1,CAMKMT,gene
0,camkmt,camkmt,21171581,21288469,+,camkmt,NC_069712.1,21433529.0,camkmt,W045,Siniperca chuatsi,GCF_020085105.1,CAMKMT,gene
1,LOC122884061,LOC122884061,21362525,21393602,-,,,,,W045,Siniperca chuatsi,GCF_020085105.1,CAMKMT,gene
2,six3a,six3a,21377632,21381629,+,six3a,NC_069712.1,21543481.0,six3a,W045,Siniperca chuatsi,GCF_020085105.1,CAMKMT,gene
3,six2a,six2a,21402693,21406343,-,six2a,NC_069712.1,21569700.0,six2a,W045,Siniperca chuatsi,GCF_020085105.1,CAMKMT,gene
4,srbd1,srbd1,21499136,21554475,-,srbd1,NC_069712.1,21666620.0,srbd1,W045,Siniperca chuatsi,GCF_020085105.1,CAMKMT,gene
5,LOC122884068,LOC122884068,21555379,21560404,+,cd74b,NC_069724.1,3773943.0,cd74b,W045,Siniperca chuatsi,GCF_020085105.1,CAMKMT,gene
6,LOC122884069,LOC122884069,21560403,21564851,-,,,,,W045,Siniperca chuatsi,GCF_020085105.1,CAMKMT,gene
7,LOC122884067,LOC122884067,21564065,21636998,+,LOC113545787,NC_069737.1,3085122.0,LOC113545787,W045,Siniperca chuatsi,GCF_020085105.1,CAMKMT,gene
8,cfap36,cfap36,21638848,21650534,+,cfap36,NC_069737.1,3050217.0,cfap36,W045,Siniperca chuatsi,GCF_020085105.1,CAMKMT,gene
9,ppp4r3b,ppp4r3b,21651077,21661887,-,LOC113545768,NC_069737.1,3017255.0,LOC113545768,W045,Siniperca chuatsi,GCF_020085105.1,CAMKMT,gene
10,LOC122884073,LOC122884073,21662604,21672640,-,LOC113545742,NC_069737.1,3032597.0,LOC113545742,W045,Siniperca chuatsi,GCF_020085105.1,CAMKMT,gene
-10,marchf2,marchf2,10002562,10011106,-,marchf2,NC_069720.1,15365325.0,marchf2,W046,Sparus aurata,GCF_900880675.2,ncan,gene
-9,LOC115591110,LOC115591110,10011937,10015996,-,,,,,W046,Sparus aurata,GCF_900880675.2,ncan,gene
-8,pip5k1ca,pip5k1ca,10017881,10065988,-,pip5k1ca,NC_069720.1,15398377.0,pip5k1ca,W046,Sparus aurata,GCF_900880675.2,ncan,gene
-7,gpx4a,gpx4a,10068292,10073270,-,,,,,W046,Sparus aurata,GCF_900880675.2,ncan,gene
-6,polr2eb,polr2eb,10073283,10076111,+,polr2ea,NC_069730.1,16136372.0,polr2ea,W046,Sparus aurata,GCF_900880675.2,ncan,gene
-5,arhgap45b,arhgap45b,10076494,10091632,-,arhgap45b,NC_069720.1,15452934.0,arhgap45b,W046,Sparus aurata,GCF_900880675.2,ncan,gene
-4,tjp3,tjp3,10093393,10118646,-,tjp3,NC_069720.1,15477623.0,tjp3,W046,Sparus aurata,GCF_900880675.2,ncan,gene
-3,sbno2b,sbno2b,10120611,10181938,-,si:ch73-63e15.2,NC_069720.1,15521527.0,si:ch73-63e15.2,W046,Sparus aurata,GCF_900880675.2,ncan,gene
-2,tm6sf2b,tm6sf2b,10180796,10199857,+,,,,,W046,Sparus aurata,GCF_900880675.2,ncan,gene
-1,hapln4,hapln4,10206289,10217207,+,hapln4,NC_069720.1,15573801.0,hapln4,W046,Sparus aurata,GCF_900880675.2,ncan,gene
0,ncanb,ncanb,10229736,10378493,-,ncanb,NC_069720.1,15639048.0,ncanb,W046,Sparus aurata,GCF_900880675.2,ncan,gene
1,nr2c2ap,nr2c2ap,10418869,10421458,+,nr2c2ap,NC_069720.1,15713158.0,nr2c2ap,W046,Sparus aurata,GCF_900880675.2,ncan,gene
2,rfxank,rfxank,10421296,10423844,-,rfxank,NC_069720.1,15716338.0,rfxank,W046,Sparus aurata,GCF_900880675.2,ncan,gene
3,borcs8,borcs8,10423247,10428450,+,borcs8,NC_069720.1,15720282.0,borcs8,W046,Sparus aurata,GCF_900880675.2,ncan,gene
4,tmem221,tmem221,10426349,10431064,-,tmem221,NC_069720.1,15722940.0,tmem221,W046,Sparus aurata,GCF_900880675.2,ncan,gene
5,mef2b,mef2b,10436172,10451016,+,mef2b,NC_069720.1,15733324.0,mef2b,W046,Sparus aurata,GCF_900880675.2,ncan,gene
6,tmem161a,tmem161a,10453726,10461307,-,tmem161a,NC_069720.1,15749518.0,tmem161a,W046,Sparus aurata,GCF_900880675.2,ncan,gene
7,LOC115591295,LOC115591295,10522032,10531087,-,,,,,W046,Sparus aurata,GCF_900880675.2,ncan,gene
8,LOC115591294,LOC115591294,10531719,10540317,+,mau2,NC_069730.1,16629237.0,mau2,W046,Sparus aurata,GCF_900880675.2,ncan,gene
9,gatad2ab,gatad2ab,10544025,10569947,+,gatad2ab,NC_069720.1,15838308.0,gatad2ab,W046,Sparus aurata,GCF_900880675.2,ncan,gene
10,yjefn3,yjefn3,10571718,10619146,+,yjefn3,NC_069720.1,15871208.0,yjefn3,W046,Sparus aurata,GCF_900880675.2,ncan,gene
-10,mtfr1l,mtfr1l,12691000,12698639,+,mtfr1l,NC_069719.1,3588859.0,mtfr1l,W046,Sparus aurata,GCF_900880675.2,znf292,gene
-9,stac,stac,12711577,12743935,+,stac,NC_069719.1,3519381.0,stac,W046,Sparus aurata,GCF_900880675.2,znf292,gene
-8,gnly,gnly,12746805,12748159,+,,,,,W046,Sparus aurata,GCF_900880675.2,znf292,gene
-7,LOC115597422,LOC115597422,12749679,12751453,+,LOC113538811,NC_069719.1,13977697.0,LOC113538811,W046,Sparus aurata,GCF_900880675.2,znf292,gene
-6,tonsl,tonsl,12754867,12765853,-,tonsl,NC_069719.1,14003722.0,tonsl,W046,Sparus aurata,GCF_900880675.2,znf292,gene
-5,LOC115566244,LOC115566244,12766042,12794799,+,LOC113538873,NC_069719.1,10686478.0,LOC113538873,W046,Sparus aurata,GCF_900880675.2,znf292,gene
-4,LOC115566245,LOC115566245,12794923,12798320,-,LOC113529211,NC_069739.1,6177160.0,LOC113529211,W046,Sparus aurata,GCF_900880675.2,znf292,gene
-3,LOC115597281,LOC115597281,12821536,12824924,+,,,,,W046,Sparus aurata,GCF_900880675.2,znf292,gene
-2,LOC115566273,LOC115566273,12825598,12828308,+,LOC113539001,NC_069719.1,11555241.0,LOC113539001,W046,Sparus aurata,GCF_900880675.2,znf292,gene
-1,orc3,orc3,12828693,12835614,-,orc3,NC_069719.1,11546417.0,orc3,W046,Sparus aurata,GCF_900880675.2,znf292,gene
0,znf292a,znf292a,12836736,12850546,-,znf292a,NC_069719.1,11533998.0,znf292a,W046,Sparus aurata,GCF_900880675.2,znf292,gene
1,cga,cga,12852442,12854608,-,cga,NC_069719.1,11525855.0,cga,W046,Sparus aurata,GCF_900880675.2,znf292,gene
2,vash1,vash1,12863289,12870040,+,vash1,NC_069719.1,10039508.0,vash1,W046,Sparus aurata,GCF_900880675.2,znf292,gene
3,angel1,angel1,12872948,12878034,-,angel1,NC_069719.1,10051587.0,angel1,W046,Sparus aurata,GCF_900880675.2,znf292,gene
4,lrrc74a,lrrc74a,12877043,12882949,+,LOC113538854,NC_069719.1,10060498.0,LOC113538854,W046,Sparus aurata,GCF_900880675.2,znf292,gene
5,olfm4.1,olfm4.1,12883243,12885298,+,olfm4.1,NC_069719.1,10065949.0,olfm4.1,W046,Sparus aurata,GCF_900880675.2,znf292,gene
6,olfm4.2,olfm4.2,12886407,12888997,+,olfm4.2,NC_069719.1,10070525.0,olfm4.2,W046,Sparus aurata,GCF_900880675.2,znf292,gene
7,rps6kl1,rps6kl1,12890871,12896990,+,rps6kl1,NC_069719.1,10081513.0,rps6kl1,W046,Sparus aurata,GCF_900880675.2,znf292,gene
8,dlst,dlst,12897574,12904812,-,dlst,NC_069719.1,10094148.0,dlst,W046,Sparus aurata,GCF_900880675.2,znf292,gene
9,prox2,prox2,12906108,12916541,+,prox2,NC_069719.1,10108750.0,prox2,W046,Sparus aurata,GCF_900880675.2,znf292,gene
10,esrrb,esrrb,12958342,13005611,-,esrrb,NC_069719.1,10187179.0,esrrb,W046,Sparus aurata,GCF_900880675.2,znf292,gene
-10,LOC115581625,LOC115581625,2084414,2094345,+,,,,,W046,Sparus aurata,GCF_900880675.2,traf2a,gene
-9,sh3glb2a,sh3glb2a,2111767,2138149,-,sh3glb2b,NC_069736.1,7653807.0,sh3glb2b,W046,Sparus aurata,GCF_900880675.2,traf2a,gene
-8,dph7,dph7,2137322,2146827,+,dph7,NC_069733.1,13807538.0,dph7,W046,Sparus aurata,GCF_900880675.2,traf2a,gene
-7,mrpl41,mrpl41,2147881,2149159,-,mrpl41,NC_069733.1,13812505.0,mrpl41,W046,Sparus aurata,GCF_900880675.2,traf2a,gene
-6,pnpla7b,pnpla7b,2149408,2178655,+,pnpla7b,NC_069733.1,13827786.0,pnpla7b,W046,Sparus aurata,GCF_900880675.2,traf2a,gene
-5,LOC115582356,LOC115582356,2182378,2188141,+,zgc:64051,NC_069733.1,3164747.0,zgc:64051,W046,Sparus aurata,GCF_900880675.2,traf2a,gene
-4,araf,araf,2190852,2213095,-,araf,NC_069733.1,3181553.0,araf,W046,Sparus aurata,GCF_900880675.2,traf2a,gene
-3,imp4,imp4,2213397,2220949,-,imp4,NC_069733.1,16498603.0,imp4,W046,Sparus aurata,GCF_900880675.2,traf2a,gene
-2,LOC115581958,LOC115581958,2220927,2224297,+,,,,,W046,Sparus aurata,GCF_900880675.2,traf2a,gene
-1,rabl6b,rabl6b,2223712,2244352,-,rabl6b,NC_069733.1,16528976.0,rabl6b,W046,Sparus aurata,GCF_900880675.2,traf2a,gene
0,traf2a,traf2a,2245976,2271945,+,traf2a,NC_069733.1,14148458.0,traf2a,W046,Sparus aurata,GCF_900880675.2,traf2a,gene
1,tncb,tncb,2339021,2427195,+,tncb,NC_069733.1,14045728.0,tncb,W046,Sparus aurata,GCF_900880675.2,traf2a,gene
2,b3galt8,b3galt8,2430509,2434133,+,b3galt8,NC_069733.1,14021732.0,b3galt8,W046,Sparus aurata,GCF_900880675.2,traf2a,gene
3,LOC115582134,LOC115582134,2443670,2485163,+,zgc:162952,NC_069733.1,14004784.0,zgc:162952,W046,Sparus aurata,GCF_900880675.2,traf2a,gene
4,nsmfb,nsmfb,2498159,2570309,-,nsmfb,NC_069733.1,13939798.0,nsmfb,W046,Sparus aurata,GCF_900880675.2,traf2a,gene
5,LOC115581155,LOC115581155,2584333,2590501,-,,,,,W046,Sparus aurata,GCF_900880675.2,traf2a,gene
6,LOC115582376,LOC115582376,2598208,2604394,+,sub1b,NC_069733.1,13261638.0,sub1b,W046,Sparus aurata,GCF_900880675.2,traf2a,gene
7,npr3,npr3,2666465,2702869,-,npr3,NC_069733.1,13326132.0,npr3,W046,Sparus aurata,GCF_900880675.2,traf2a,gene
8,pdzd2,pdzd2,2707954,2800606,-,pdzd2,NC_069733.1,13157625.0,pdzd2,W046,Sparus aurata,GCF_900880675.2,traf2a,gene
9,golph3a,golph3a,2799727,2824287,+,golph3a,NC_069733.1,13212702.0,golph3a,W046,Sparus aurata,GCF_900880675.2,traf2a,gene
10,LOC115582082,LOC115582082,2831265,2864321,-,si:dkey-3h3.3,NC_069733.1,13055904.0,si:dkey-3h3.3,W046,Sparus aurata,GCF_900880675.2,traf2a,gene
-10,sh3glb2a,sh3glb2a,2111767,2138149,-,sh3glb2b,NC_069736.1,7653807.0,sh3glb2b,W046,Sparus aurata,GCF_900880675.2,tnc,gene
-9,dph7,dph7,2137322,2146827,+,dph7,NC_069733.1,13807538.0,dph7,W046,Sparus aurata,GCF_900880675.2,tnc,gene
-8,mrpl41,mrpl41,2147881,2149159,-,mrpl41,NC_069733.1,13812505.0,mrpl41,W046,Sparus aurata,GCF_900880675.2,tnc,gene
-7,pnpla7b,pnpla7b,2149408,2178655,+,pnpla7b,NC_069733.1,13827786.0,pnpla7b,W046,Sparus aurata,GCF_900880675.2,tnc,gene
-6,LOC115582356,LOC115582356,2182378,2188141,+,zgc:64051,NC_069733.1,3164747.0,zgc:64051,W046,Sparus aurata,GCF_900880675.2,tnc,gene
-5,araf,araf,2190852,2213095,-,araf,NC_069733.1,3181553.0,araf,W046,Sparus aurata,GCF_900880675.2,tnc,gene
-4,imp4,imp4,2213397,2220949,-,imp4,NC_069733.1,16498603.0,imp4,W046,Sparus aurata,GCF_900880675.2,tnc,gene
-3,LOC115581958,LOC115581958,2220927,2224297,+,,,,,W046,Sparus aurata,GCF_900880675.2,tnc,gene
-2,rabl6b,rabl6b,2223712,2244352,-,rabl6b,NC_069733.1,16528976.0,rabl6b,W046,Sparus aurata,GCF_900880675.2,tnc,gene
-1,traf2a,traf2a,2245976,2271945,+,traf2a,NC_069733.1,14148458.0,traf2a,W046,Sparus aurata,GCF_900880675.2,tnc,gene
0,tncb,tncb,2339021,2427195,+,tncb,NC_069733.1,14045728.0,tncb,W046,Sparus aurata,GCF_900880675.2,tnc,gene
1,b3galt8,b3galt8,2430509,2434133,+,b3galt8,NC_069733.1,14021732.0,b3galt8,W046,Sparus aurata,GCF_900880675.2,tnc,gene
2,LOC115582134,LOC115582134,2443670,2485163,+,zgc:162952,NC_069733.1,14004784.0,zgc:162952,W046,Sparus aurata,GCF_900880675.2,tnc,gene
3,nsmfb,nsmfb,2498159,2570309,-,nsmfb,NC_069733.1,13939798.0,nsmfb,W046,Sparus aurata,GCF_900880675.2,tnc,gene
4,LOC115581155,LOC115581155,2584333,2590501,-,,,,,W046,Sparus aurata,GCF_900880675.2,tnc,gene
5,LOC115582376,LOC115582376,2598208,2604394,+,sub1b,NC_069733.1,13261638.0,sub1b,W046,Sparus aurata,GCF_900880675.2,tnc,gene
6,npr3,npr3,2666465,2702869,-,npr3,NC_069733.1,13326132.0,npr3,W046,Sparus aurata,GCF_900880675.2,tnc,gene
7,pdzd2,pdzd2,2707954,2800606,-,pdzd2,NC_069733.1,13157625.0,pdzd2,W046,Sparus aurata,GCF_900880675.2,tnc,gene
8,golph3a,golph3a,2799727,2824287,+,golph3a,NC_069733.1,13212702.0,golph3a,W046,Sparus aurata,GCF_900880675.2,tnc,gene
9,LOC115582082,LOC115582082,2831265,2864321,-,si:dkey-3h3.3,NC_069733.1,13055904.0,si:dkey-3h3.3,W046,Sparus aurata,GCF_900880675.2,tnc,gene
10,LOC115582084,LOC115582084,2852996,2855201,-,,,,,W046,Sparus aurata,GCF_900880675.2,tnc,gene
-10,oclnb,oclnb,4877035,4888521,+,oclnb,NC_069733.1,1862308.0,oclnb,W046,Sparus aurata,GCF_900880675.2,zfr,gene
-9,gtf2h2,gtf2h2,4888640,4952049,+,gtf2h2,NC_069733.1,1873294.0,gtf2h2,W046,Sparus aurata,GCF_900880675.2,zfr,gene
-8,LOC115580976,LOC115580976,4954920,4963889,+,,,,,W046,Sparus aurata,GCF_900880675.2,zfr,gene
-7,LOC115581137,LOC115581137,5018217,5021426,+,LOC113542379,NC_069733.1,1805827.0,LOC113542379,W046,Sparus aurata,GCF_900880675.2,zfr,gene
-6,arid3c,arid3c,5056767,5258800,+,arid3c,NC_069733.1,13377348.0,arid3c,W046,Sparus aurata,GCF_900880675.2,zfr,gene
-5,pias2,pias2,5365398,5450130,-,pias2,NC_069733.1,13428549.0,pias2,W046,Sparus aurata,GCF_900880675.2,zfr,gene
-4,LOC115580999,LOC115580999,5459701,5470883,-,,,,,W046,Sparus aurata,GCF_900880675.2,zfr,gene
-3,ube2l3b,ube2l3b,5478811,5540295,-,ube2l3b,NC_069733.1,15020227.0,ube2l3b,W046,Sparus aurata,GCF_900880675.2,zfr,gene
-2,uqcc3,uqcc3,5579132,5608293,+,LOC128320985,NC_069726.1,152723.0,LOC128320985,W046,Sparus aurata,GCF_900880675.2,zfr,gene
-1,LOC115582047,LOC115582047,5623922,5625521,+,,,,,W046,Sparus aurata,GCF_900880675.2,zfr,gene
0,zfr,zfr,5631880,5736748,+,zfr,NC_069733.1,13247518.0,zfr,W046,Sparus aurata,GCF_900880675.2,zfr,gene
1,LOC115582046,LOC115582046,5736891,5757538,+,,,,,W046,Sparus aurata,GCF_900880675.2,zfr,gene
2,LOC115582250,LOC115582250,5758893,5761316,-,,,,,W046,Sparus aurata,GCF_900880675.2,zfr,gene
3,LOC115581296,LOC115581296,5801649,5806193,-,,,,,W046,Sparus aurata,GCF_900880675.2,zfr,gene
4,LOC115581653,LOC115581653,5842692,5844206,-,,,,,W046,Sparus aurata,GCF_900880675.2,zfr,gene
5,LOC115581654,LOC115581654,5867320,5870123,+,,,,,W046,Sparus aurata,GCF_900880675.2,zfr,gene
6,LOC115581655,LOC115581655,5876623,5880050,-,,,,,W046,Sparus aurata,GCF_900880675.2,zfr,gene
7,LOC115581248,LOC115581248,5879954,5882780,+,,,,,W046,Sparus aurata,GCF_900880675.2,zfr,gene
8,LOC115581185,LOC115581185,5939578,5953155,-,,,,,W046,Sparus aurata,GCF_900880675.2,zfr,gene
9,LOC115581187,LOC115581187,5999625,6004090,+,,,,,W046,Sparus aurata,GCF_900880675.2,zfr,gene
10,htra4,htra4,6015431,6043843,+,htra4,NC_069733.1,3097391.0,htra4,W046,Sparus aurata,GCF_900880675.2,zfr,gene
-10,LOC115582738,LOC115582738,1328441,1342310,-,,,,,W046,Sparus aurata,GCF_900880675.2,uqcc1,gene
-9,rbm15b,rbm15b,1439614,1443475,-,rbm15b,NC_069729.1,15371493.0,rbm15b,W046,Sparus aurata,GCF_900880675.2,uqcc1,gene
-8,manf,manf,1447733,1457265,-,manf,NC_069729.1,15363614.0,manf,W046,Sparus aurata,GCF_900880675.2,uqcc1,gene
-7,LOC115582746,LOC115582746,1659053,1703733,-,,,,,W046,Sparus aurata,GCF_900880675.2,uqcc1,gene
-6,LOC115582747,LOC115582747,1721435,1736695,-,,,,,W046,Sparus aurata,GCF_900880675.2,uqcc1,gene
-5,LOC115584078,LOC115584078,1763517,1768608,-,,,,,W046,Sparus aurata,GCF_900880675.2,uqcc1,gene
-4,LOC115583903,LOC115583903,1772806,1782467,-,,,,,W046,Sparus aurata,GCF_900880675.2,uqcc1,gene
-3,oser1,oser1,1784495,1790658,+,oser1,NC_069711.1,6504646.0,oser1,W046,Sparus aurata,GCF_900880675.2,uqcc1,gene
-2,LOC115583757,LOC115583757,1817233,1818692,-,,,,,W046,Sparus aurata,GCF_900880675.2,uqcc1,gene
-1,fam83c,fam83c,1838862,1857038,-,fam83c,NC_069711.1,6366291.0,fam83c,W046,Sparus aurata,GCF_900880675.2,uqcc1,gene
0,uqcc1,uqcc1,1875818,1894332,-,LOC113532448,NC_069711.1,6405500.0,LOC113532448,W046,Sparus aurata,GCF_900880675.2,uqcc1,gene
1,LOC115583929,LOC115583929,1905541,1915208,-,,,,,W046,Sparus aurata,GCF_900880675.2,uqcc1,gene
2,gdf5,gdf5,1974593,1983246,-,gdf5,NC_069711.1,6461396.0,gdf5,W046,Sparus aurata,GCF_900880675.2,uqcc1,gene
3,LOC115584009,LOC115584009,1985703,1999137,+,,,,,W046,Sparus aurata,GCF_900880675.2,uqcc1,gene
4,LOC115584003,LOC115584003,1989358,2009621,+,,,,,W046,Sparus aurata,GCF_900880675.2,uqcc1,gene
5,LOC115584004,LOC115584004,1994403,1999037,+,,,,,W046,Sparus aurata,GCF_900880675.2,uqcc1,gene
6,LOC115584005,LOC115584005,2001641,2004247,+,,,,,W046,Sparus aurata,GCF_900880675.2,uqcc1,gene
7,LOC115584001,LOC115584001,2010494,2018631,+,,,,,W046,Sparus aurata,GCF_900880675.2,uqcc1,gene
8,sdc4,sdc4,2057102,2076811,-,sdc4,NC_069711.1,6484771.0,sdc4,W046,Sparus aurata,GCF_900880675.2,uqcc1,gene
9,LOC115582763,LOC115582763,2103436,2113150,-,,,,,W046,Sparus aurata,GCF_900880675.2,uqcc1,gene
10,LOC115584000,LOC115584000,2113673,2148684,-,,,,,W046,Sparus aurata,GCF_900880675.2,uqcc1,gene
-10,manf,manf,1447733,1457265,-,manf,NC_069729.1,15363614.0,manf,W046,Sparus aurata,GCF_900880675.2,gdf5,gene
-9,LOC115582746,LOC115582746,1659053,1703733,-,,,,,W046,Sparus aurata,GCF_900880675.2,gdf5,gene
-8,LOC115582747,LOC115582747,1721435,1736695,-,,,,,W046,Sparus aurata,GCF_900880675.2,gdf5,gene
-7,LOC115584078,LOC115584078,1763517,1768608,-,,,,,W046,Sparus aurata,GCF_900880675.2,gdf5,gene
-6,LOC115583903,LOC115583903,1772806,1782467,-,,,,,W046,Sparus aurata,GCF_900880675.2,gdf5,gene
-5,oser1,oser1,1784495,1790658,+,oser1,NC_069711.1,6504646.0,oser1,W046,Sparus aurata,GCF_900880675.2,gdf5,gene
-4,LOC115583757,LOC115583757,1817233,1818692,-,,,,,W046,Sparus aurata,GCF_900880675.2,gdf5,gene
-3,fam83c,fam83c,1838862,1857038,-,fam83c,NC_069711.1,6366291.0,fam83c,W046,Sparus aurata,GCF_900880675.2,gdf5,gene
-2,uqcc1,uqcc1,1875818,1894332,-,LOC113532448,NC_069711.1,6405500.0,LOC113532448,W046,Sparus aurata,GCF_900880675.2,gdf5,gene
-1,LOC115583929,LOC115583929,1905541,1915208,-,,,,,W046,Sparus aurata,GCF_900880675.2,gdf5,gene
0,gdf5,gdf5,1974593,1983246,-,gdf5,NC_069711.1,6461396.0,gdf5,W046,Sparus aurata,GCF_900880675.2,gdf5,gene
1,LOC115584009,LOC115584009,1985703,1999137,+,,,,,W046,Sparus aurata,GCF_900880675.2,gdf5,gene
2,LOC115584003,LOC115584003,1989358,2009621,+,,,,,W046,Sparus aurata,GCF_900880675.2,gdf5,gene
3,LOC115584004,LOC115584004,1994403,1999037,+,,,,,W046,Sparus aurata,GCF_900880675.2,gdf5,gene
4,LOC115584005,LOC115584005,2001641,2004247,+,,,,,W046,Sparus aurata,GCF_900880675.2,gdf5,gene
5,LOC115584001,LOC115584001,2010494,2018631,+,,,,,W046,Sparus aurata,GCF_900880675.2,gdf5,gene
6,sdc4,sdc4,2057102,2076811,-,sdc4,NC_069711.1,6484771.0,sdc4,W046,Sparus aurata,GCF_900880675.2,gdf5,gene
7,LOC115582763,LOC115582763,2103436,2113150,-,,,,,W046,Sparus aurata,GCF_900880675.2,gdf5,gene
8,LOC115584000,LOC115584000,2113673,2148684,-,,,,,W046,Sparus aurata,GCF_900880675.2,gdf5,gene
9,LOC115584006,LOC115584006,2113673,2129453,-,,,,,W046,Sparus aurata,GCF_900880675.2,gdf5,gene
10,mmp24,mmp24,2169124,2228171,+,mmp24,NC_069711.1,6295112.0,mmp24,W046,Sparus aurata,GCF_900880675.2,gdf5,gene
-10,ak6,ak6,3492052,3502228,+,ak6,NC_069733.1,1844874.0,ak6,W046,Sparus aurata,GCF_900880675.2,hmgcra,gene
-9,ydjc,ydjc,3502955,3540610,+,ydjc,NC_069733.1,15027800.0,ydjc,W046,Sparus aurata,GCF_900880675.2,hmgcra,gene
-8,mamdc2a,mamdc2a,3570134,3631687,-,mamdc2a,NC_069733.1,8368564.0,mamdc2a,W046,Sparus aurata,GCF_900880675.2,hmgcra,gene
-7,LOC115581646,LOC115581646,3666544,3668223,-,,,,,W046,Sparus aurata,GCF_900880675.2,hmgcra,gene
-6,ptar1,ptar1,3707057,3730689,+,ptar1,NC_069733.1,8406956.0,ptar1,W046,Sparus aurata,GCF_900880675.2,hmgcra,gene
-5,LOC115582159,LOC115582159,3732037,3734776,+,,,,,W046,Sparus aurata,GCF_900880675.2,hmgcra,gene
-4,apba1a,apba1a,3737493,3804320,+,apba1a,NC_069733.1,8445460.0,apba1a,W046,Sparus aurata,GCF_900880675.2,hmgcra,gene
-3,fam189a2,fam189a2,3822484,3858808,-,fam189a2,NC_069733.1,8484031.0,fam189a2,W046,Sparus aurata,GCF_900880675.2,hmgcra,gene
-2,tjp2b,tjp2b,3869279,4135608,-,LOC113535329,NC_069717.1,6984154.0,LOC113535329,W046,Sparus aurata,GCF_900880675.2,hmgcra,gene
-1,fxn,fxn,4159037,4180757,-,fxn,NC_069717.1,7052431.0,fxn,W046,Sparus aurata,GCF_900880675.2,hmgcra,gene
0,hmgcra,hmgcra,4187855,4218352,-,hmgcra,NC_069733.1,7576401.0,hmgcra,W046,Sparus aurata,GCF_900880675.2,hmgcra,gene
1,LOC115580980,LOC115580980,4257616,4357208,+,,,,,W046,Sparus aurata,GCF_900880675.2,hmgcra,gene
2,gcnt4a,gcnt4a,4359924,4362673,+,gcnt4a,NC_069733.1,7603791.0,gcnt4a,W046,Sparus aurata,GCF_900880675.2,hmgcra,gene
3,LOC115581152,LOC115581152,4468795,4470062,+,,,,,W046,Sparus aurata,GCF_900880675.2,hmgcra,gene
4,ppm1f,ppm1f,4474017,4514439,-,ppm1f,NC_069733.1,15100007.0,ppm1f,W046,Sparus aurata,GCF_900880675.2,hmgcra,gene
5,top3b,top3b,4516377,4563398,-,top3b,NC_069733.1,15079473.0,top3b,W046,Sparus aurata,GCF_900880675.2,hmgcra,gene
6,LOC115581305,LOC115581305,4705548,4726597,-,,,,,W046,Sparus aurata,GCF_900880675.2,hmgcra,gene
7,sdf2l1,sdf2l1,4818749,4830624,-,sdf2l1,NC_069733.1,15035559.0,sdf2l1,W046,Sparus aurata,GCF_900880675.2,hmgcra,gene
8,LOC115580971,LOC115580971,4844327,4874592,+,marveld2b,NC_069733.1,1849781.0,marveld2b,W046,Sparus aurata,GCF_900880675.2,hmgcra,gene
9,oclnb,oclnb,4877035,4888521,+,oclnb,NC_069733.1,1862308.0,oclnb,W046,Sparus aurata,GCF_900880675.2,hmgcra,gene
10,gtf2h2,gtf2h2,4888640,4952049,+,gtf2h2,NC_069733.1,1873294.0,gtf2h2,W046,Sparus aurata,GCF_900880675.2,hmgcra,gene
-10,arl8ba,arl8ba,17853079,17859971,+,,,,,W046,Sparus aurata,GCF_900880675.2,gnai2b,gene
-9,LOC115583941,LOC115583941,17860111,17868184,+,,,,,W046,Sparus aurata,GCF_900880675.2,gnai2b,gene
-8,edem1,edem1,17871675,17890582,+,edem1,NC_069711.1,8505682.0,edem1,W046,Sparus aurata,GCF_900880675.2,gnai2b,gene
-7,gnat1,gnat1,17890581,17894486,-,gnat1,NC_069711.1,8519120.0,gnat1,W046,Sparus aurata,GCF_900880675.2,gnai2b,gene
-6,sema3fa,sema3fa,17895648,17955379,-,sema3fa,NC_069711.1,8716563.0,sema3fa,W046,Sparus aurata,GCF_900880675.2,gnai2b,gene
-5,rbm6,rbm6,18020342,18035519,-,LOC113536005,NC_069711.1,8628225.0,LOC113536005,W046,Sparus aurata,GCF_900880675.2,gnai2b,gene
-4,LOC115583472,LOC115583472,18036164,18052244,-,camkva,NC_069711.1,8598061.0,camkva,W046,Sparus aurata,GCF_900880675.2,gnai2b,gene
-3,LOC115583471,LOC115583471,18071907,18085056,-,,,,,W046,Sparus aurata,GCF_900880675.2,gnai2b,gene
-2,uba7,uba7,18090441,18128883,+,uba7,NC_069711.1,8769090.0,uba7,W046,Sparus aurata,GCF_900880675.2,gnai2b,gene
-1,LOC115583776,LOC115583776,18129144,18131593,-,inka1b,NC_069711.1,8797123.0,inka1b,W046,Sparus aurata,GCF_900880675.2,gnai2b,gene
0,LOC115583474,LOC115583474,18133784,18177036,-,gnai2b,NC_069711.1,8833663.0,gnai2b,W046,Sparus aurata,GCF_900880675.2,gnai2b,gene
1,slc38a3b,slc38a3b,18178743,18208544,-,slc38a3b,NC_069711.1,8889499.0,slc38a3b,W046,Sparus aurata,GCF_900880675.2,gnai2b,gene
2,rbm5,rbm5,18212832,18222523,-,rbm5,NC_069711.1,8923878.0,rbm5,W046,Sparus aurata,GCF_900880675.2,gnai2b,gene
3,brk1,brk1,18223667,18225256,-,brk1,NC_069729.1,2470985.0,brk1,W046,Sparus aurata,GCF_900880675.2,gnai2b,gene
4,gpx1a,gpx1a,18225870,18239879,-,,,,,W046,Sparus aurata,GCF_900880675.2,gnai2b,gene
5,tex264b,tex264b,18228562,18268925,+,,,,,W046,Sparus aurata,GCF_900880675.2,gnai2b,gene
6,grm2b,grm2b,18275220,18311497,+,grm2b,NC_069729.1,2548641.0,grm2b,W046,Sparus aurata,GCF_900880675.2,gnai2b,gene
7,rrp9,rrp9,18313089,18321090,-,rrp9,NC_069729.1,2570977.0,rrp9,W046,Sparus aurata,GCF_900880675.2,gnai2b,gene
8,LOC115582615,LOC115582615,18321228,18325074,+,,,,,W046,Sparus aurata,GCF_900880675.2,gnai2b,gene
9,LOC115582880,LOC115582880,18325554,18330575,+,,,,,W046,Sparus aurata,GCF_900880675.2,gnai2b,gene
10,cav4a,cav4a,18338683,18340656,+,cav4a,NC_069729.1,2593301.0,cav4a,W046,Sparus aurata,GCF_900880675.2,gnai2b,gene
-10,lmnl3,lmnl3,4980800,4989451,+,lmnl3,NC_069720.1,10500597.0,lmnl3,W049,Epinephelus tukula,GCF_041903045.1,CCDC102A,gene
-9,marchf3,marchf3,4990349,4998209,-,,,,,W049,Epinephelus tukula,GCF_041903045.1,CCDC102A,gene
-8,gjd6,gjd6,5004762,5005967,+,gjd6,NC_069720.1,10513015.0,gjd6,W049,Epinephelus tukula,GCF_041903045.1,CCDC102A,gene
-7,sh3gl3a,sh3gl3a,5018811,5065082,-,sh3gl3a,NC_069720.1,10535948.0,sh3gl3a,W049,Epinephelus tukula,GCF_041903045.1,CCDC102A,gene
-6,bnc1,bnc1,5084353,5108184,-,bnc1,NC_069715.1,697031.0,bnc1,W049,Epinephelus tukula,GCF_041903045.1,CCDC102A,gene
-5,tssk6,tssk6,5222349,5226256,+,tssk6,NC_069726.1,18769782.0,tssk6,W049,Epinephelus tukula,GCF_041903045.1,CCDC102A,gene
-4,LOC117259694,LOC117259694,5226997,5235161,-,LOC113546650,NC_069716.1,28058288.0,LOC113546650,W049,Epinephelus tukula,GCF_041903045.1,CCDC102A,gene
-3,hdgfl3,hdgfl3,5241135,5256884,+,hdgfl3,NC_069715.1,721517.0,hdgfl3,W049,Epinephelus tukula,GCF_041903045.1,CCDC102A,gene
-2,LOC117267788,LOC117267788,5260062,5269997,+,rbb4l,NC_069720.1,21097761.0,rbb4l,W049,Epinephelus tukula,GCF_041903045.1,CCDC102A,gene
-1,txlng,txlng,5270114,5281710,-,txlng,NC_069720.1,21086946.0,txlng,W049,Epinephelus tukula,GCF_041903045.1,CCDC102A,gene
0,ccdc102a,ccdc102a,5288197,5389217,+,ccdc102a,NC_069720.1,807434.0,ccdc102a,W049,Epinephelus tukula,GCF_041903045.1,CCDC102A,gene
1,dok4,dok4,5459401,5557765,+,dok4,NC_069720.1,889790.0,dok4,W049,Epinephelus tukula,GCF_041903045.1,CCDC102A,gene
2,nadsyn1,nadsyn1,5568344,5586298,+,nadsyn1,NC_069720.1,4309877.0,nadsyn1,W049,Epinephelus tukula,GCF_041903045.1,CCDC102A,gene
3,tpcn2,tpcn2,5588744,5625093,+,tpcn2,NC_069720.1,4333498.0,tpcn2,W049,Epinephelus tukula,GCF_041903045.1,CCDC102A,gene
4,pop4,pop4,5628678,5642328,+,pop4,NC_069734.1,306965.0,pop4,W049,Epinephelus tukula,GCF_041903045.1,CCDC102A,gene
5,plekhf1,plekhf1,5646330,5648081,+,plekhf1,NC_069734.1,367880.0,plekhf1,W049,Epinephelus tukula,GCF_041903045.1,CCDC102A,gene
6,pcsk6,pcsk6,5659882,5687727,+,pcsk6,NC_069720.1,8693222.0,pcsk6,W049,Epinephelus tukula,GCF_041903045.1,CCDC102A,gene
7,rwdd3,rwdd3,5692645,5700121,-,rwdd3,NC_069723.1,18487997.0,rwdd3,W049,Epinephelus tukula,GCF_041903045.1,CCDC102A,gene
8,prmt3,prmt3,5700599,5792232,+,prmt3,NC_069720.1,26463704.0,prmt3,W049,Epinephelus tukula,GCF_041903045.1,CCDC102A,gene
9,slc6a5,slc6a5,5796440,5831751,+,slc6a5,NC_069720.1,26515422.0,slc6a5,W049,Epinephelus tukula,GCF_041903045.1,CCDC102A,gene
10,LOC117259899,LOC117259899,5977624,6443472,+,LOC113523924,NC_069720.1,26662470.0,LOC113523924,W049,Epinephelus tukula,GCF_041903045.1,CCDC102A,gene
-10,LOC117269879,LOC117269879,21629097,21642646,-,,,,,W049,Epinephelus tukula,GCF_041903045.1,NTRK2,gene
-9,frmd3,frmd3,21648161,21737941,-,frmd3,NC_069717.1,23993298.0,frmd3,W049,Epinephelus tukula,GCF_041903045.1,NTRK2,gene
-8,LOC117263974,LOC117263974,21738434,21748186,+,,,,,W049,Epinephelus tukula,GCF_041903045.1,NTRK2,gene
-7,LOC117264420,LOC117264420,21753035,21761202,-,,,,,W049,Epinephelus tukula,GCF_041903045.1,NTRK2,gene
-6,gkap1,gkap1,21762454,21771178,-,gkap1,NC_069717.1,24017342.0,gkap1,W049,Epinephelus tukula,GCF_041903045.1,NTRK2,gene
-5,LOC117264759,LOC117264759,21772158,21783865,-,,,,,W049,Epinephelus tukula,GCF_041903045.1,NTRK2,gene
-4,qng1,qng1,21785544,21795721,-,qng1,NC_069717.1,24023599.0,qng1,W049,Epinephelus tukula,GCF_041903045.1,NTRK2,gene
-3,hnrnpk,hnrnpk,21796818,21811640,-,,,,,W049,Epinephelus tukula,GCF_041903045.1,NTRK2,gene
-2,rmi1,rmi1,21811746,21822743,+,rmi1,NC_069717.1,24038958.0,rmi1,W049,Epinephelus tukula,GCF_041903045.1,NTRK2,gene
-1,LOC117252931,LOC117252931,21853717,21873508,-,,,,,W049,Epinephelus tukula,GCF_041903045.1,NTRK2,gene
0,ntrk2a,ntrk2a,21878686,22007210,+,ntrk2a,NC_069717.1,24073839.0,ntrk2a,W049,Epinephelus tukula,GCF_041903045.1,NTRK2,gene
1,agtpbp1,agtpbp1,22053480,22088845,-,agtpbp1,NC_069717.1,24124687.0,agtpbp1,W049,Epinephelus tukula,GCF_041903045.1,NTRK2,gene
2,naa35,naa35,22089026,22100041,+,naa35,NC_069717.1,24145232.0,naa35,W049,Epinephelus tukula,GCF_041903045.1,NTRK2,gene
3,golm1,golm1,22103748,22113505,-,golm1,NC_069717.1,24157376.0,golm1,W049,Epinephelus tukula,GCF_041903045.1,NTRK2,gene
4,lmbrd2a,lmbrd2a,22115497,22126865,-,,,,,W049,Epinephelus tukula,GCF_041903045.1,NTRK2,gene
5,slc1a3a,slc1a3a,22140910,22160655,+,,,,,W049,Epinephelus tukula,GCF_041903045.1,NTRK2,gene
6,nipbla,nipbla,22168237,22202924,+,nipblb,NC_069726.1,4343445.0,nipblb,W049,Epinephelus tukula,GCF_041903045.1,NTRK2,gene
7,ndc80,ndc80,22203602,22213002,+,ndc80,NC_069719.1,10505649.0,ndc80,W049,Epinephelus tukula,GCF_041903045.1,NTRK2,gene
8,LOC117252964,LOC117252964,22238524,22242002,-,,,,,W049,Epinephelus tukula,GCF_041903045.1,NTRK2,gene
9,egflam,egflam,22258290,22298532,+,LOC113525539,NC_069733.1,112067.0,LOC113525539,W049,Epinephelus tukula,GCF_041903045.1,NTRK2,gene
10,opn4xb,opn4xb,22321853,22336645,+,,,,,W049,Epinephelus tukula,GCF_041903045.1,NTRK2,gene
-10,npffr2a,npffr2a,7674176,7729224,+,npffr2a,NC_069733.1,11634771.0,npffr2a,W049,Epinephelus tukula,GCF_041903045.1,CTSL,gene
-9,adamts3,adamts3,7772486,7999509,-,adamts3,NC_069733.1,11534805.0,adamts3,W049,Epinephelus tukula,GCF_041903045.1,CTSL,gene
-8,smarca2,smarca2,8087439,8160207,-,smarca2,NC_069733.1,11453616.0,smarca2,W049,Epinephelus tukula,GCF_041903045.1,CTSL,gene
-7,dmrt2a,dmrt2a,8269321,8274412,-,dmrt2a,NC_069733.1,11387817.0,dmrt2a,W049,Epinephelus tukula,GCF_041903045.1,CTSL,gene
-6,dmrt3a,dmrt3a,8286171,8290189,-,dmrt3a,NC_069733.1,11379323.0,dmrt3a,W049,Epinephelus tukula,GCF_041903045.1,CTSL,gene
-5,dmrt1,dmrt1,8304622,8342115,-,dmrt1,NC_069733.1,11360944.0,dmrt1,W049,Epinephelus tukula,GCF_041903045.1,CTSL,gene
-4,LOC117253036,LOC117253036,8346713,8354323,+,cfap157,NC_069733.1,8721425.0,cfap157,W049,Epinephelus tukula,GCF_041903045.1,CTSL,gene
-3,kank1a,kank1a,8355261,8447792,-,kank1a,NC_069733.1,11323773.0,kank1a,W049,Epinephelus tukula,GCF_041903045.1,CTSL,gene
-2,LOC117251881,LOC117251881,8454626,8461611,+,,,,,W049,Epinephelus tukula,GCF_041903045.1,CTSL,gene
-1,fbp2,fbp2,8463641,8486591,+,fbp2,NC_069733.1,11282005.0,fbp2,W049,Epinephelus tukula,GCF_041903045.1,CTSL,gene
0,ctsla,ctsla,8493467,8499982,-,ctsla,NC_069733.1,11271231.0,ctsla,W049,Epinephelus tukula,GCF_041903045.1,CTSL,gene
1,dapk1,dapk1,8508155,8627539,-,dapk1,NC_069733.1,11231939.0,dapk1,W049,Epinephelus tukula,GCF_041903045.1,CTSL,gene
2,LOC117252580,LOC117252580,8634239,8704371,-,,,,,W049,Epinephelus tukula,GCF_041903045.1,CTSL,gene
3,LOC117252584,LOC117252584,8716622,8795385,+,LOC113537027,NC_069733.1,14939822.0,LOC113537027,W049,Epinephelus tukula,GCF_041903045.1,CTSL,gene
4,LOC117252862,LOC117252862,8813224,8815975,+,,,,,W049,Epinephelus tukula,GCF_041903045.1,CTSL,gene
5,ckap2l,ckap2l,8819960,8834761,+,ckap2l,NC_069733.1,14910444.0,ckap2l,W049,Epinephelus tukula,GCF_041903045.1,CTSL,gene
6,LOC117252418,LOC117252418,8920119,8923385,-,,,,,W049,Epinephelus tukula,GCF_041903045.1,CTSL,gene
7,h2az2a,h2az2a,8924538,8927148,+,LOC113537011,NC_069733.1,14869106.0,LOC113537011,W049,Epinephelus tukula,GCF_041903045.1,CTSL,gene
8,hs3st1l2,hs3st1l2,8939151,8983399,-,hs3st1l2,NC_069733.1,14841267.0,hs3st1l2,W049,Epinephelus tukula,GCF_041903045.1,CTSL,gene
9,LOC117252977,LOC117252977,9036966,9040464,+,,,,,W049,Epinephelus tukula,GCF_041903045.1,CTSL,gene
10,LOC144464244,LOC144464244,9044095,9047582,+,,,,,W049,Epinephelus tukula,GCF_041903045.1,CTSL,gene
-10,cd164,cd164,19338556,19354969,+,cd164,NC_069739.1,11328269.0,cd164,W049,Epinephelus tukula,GCF_041903045.1,OTOF,gene
-9,cep57l1,cep57l1,19360905,19366539,-,cep57l1,NC_069739.1,11312571.0,cep57l1,W049,Epinephelus tukula,GCF_041903045.1,OTOF,gene
-8,sesn1,sesn1,19368131,19445136,+,sesn1,NC_069739.1,11282532.0,sesn1,W049,Epinephelus tukula,GCF_041903045.1,OTOF,gene
-7,armc2,armc2,19443422,19466954,-,armc2,NC_069739.1,11251259.0,armc2,W049,Epinephelus tukula,GCF_041903045.1,OTOF,gene
-6,foxo3b,foxo3b,19496366,19553075,-,foxo3b,NC_069739.1,11214048.0,foxo3b,W049,Epinephelus tukula,GCF_041903045.1,OTOF,gene
-5,afg1lb,afg1lb,19555957,19606593,-,,,,,W049,Epinephelus tukula,GCF_041903045.1,OTOF,gene
-4,snx3,snx3,19606878,19625369,+,snx3,NC_069739.1,11152290.0,snx3,W049,Epinephelus tukula,GCF_041903045.1,OTOF,gene
-3,nr2e1,nr2e1,19627662,19637521,-,nr2e1,NC_069739.1,11135932.0,nr2e1,W049,Epinephelus tukula,GCF_041903045.1,OTOF,gene
-2,ostm1,ostm1,19664671,19673755,+,ostm1,NC_069739.1,11104346.0,ostm1,W049,Epinephelus tukula,GCF_041903045.1,OTOF,gene
-1,LOC117270641,LOC117270641,19682056,19692481,+,,,,,W049,Epinephelus tukula,GCF_041903045.1,OTOF,gene
0,otofa,otofa,19691446,19827515,-,otofa,NC_069728.1,11859554.0,otofa,W049,Epinephelus tukula,GCF_041903045.1,OTOF,gene
1,fndc1,fndc1,19836173,19898394,+,fndc1,NC_069728.1,11800823.0,fndc1,W049,Epinephelus tukula,GCF_041903045.1,OTOF,gene
2,sod2,sod2,19941026,19944937,-,sod2,NC_069728.1,11751832.0,sod2,W049,Epinephelus tukula,GCF_041903045.1,OTOF,gene
3,wtap,wtap,19948093,19955068,+,wtap,NC_069728.1,11744996.0,wtap,W049,Epinephelus tukula,GCF_041903045.1,OTOF,gene
4,acat2,acat2,19956541,19962731,+,acat2,NC_069728.1,11736022.0,acat2,W049,Epinephelus tukula,GCF_041903045.1,OTOF,gene
5,tcp1,tcp1,19962789,19968866,-,tcp1,NC_069725.1,24550637.0,tcp1,W049,Epinephelus tukula,GCF_041903045.1,OTOF,gene
6,LOC117271299,LOC117271299,19972638,20026734,-,LOC113530539,NC_069725.1,24580251.0,LOC113530539,W049,Epinephelus tukula,GCF_041903045.1,OTOF,gene
7,LOC144466534,LOC144466534,20084991,20090033,+,,,,,W049,Epinephelus tukula,GCF_041903045.1,OTOF,gene
8,paplnb,paplnb,20092419,20100751,+,,,,,W049,Epinephelus tukula,GCF_041903045.1,OTOF,gene
9,erh,erh,20100891,20103439,+,erh,NC_069739.1,10436877.0,erh,W049,Epinephelus tukula,GCF_041903045.1,OTOF,gene
10,smek1,smek1,20103742,20119573,+,smek1,NC_069739.1,10448471.0,smek1,W049,Epinephelus tukula,GCF_041903045.1,OTOF,gene
-10,LOC144464461,LOC144464461,4635071,4640832,-,,,,,W049,Epinephelus tukula,GCF_041903045.1,nes,gene
-9,LOC144464460,LOC144464460,4651851,4664226,+,,,,,W049,Epinephelus tukula,GCF_041903045.1,nes,gene
-8,LOC117266300,LOC117266300,4663095,4682015,+,LOC113524038,NC_069718.1,28480346.0,LOC113524038,W049,Epinephelus tukula,GCF_041903045.1,nes,gene
-7,LOC117266301,LOC117266301,4682018,4693535,-,,,,,W049,Epinephelus tukula,GCF_041903045.1,nes,gene
-6,mettl25b,mettl25b,4693904,4703731,-,mettl25b,NC_069710.1,19631510.0,mettl25b,W049,Epinephelus tukula,GCF_041903045.1,nes,gene
-5,isg20l2,isg20l2,4705707,4713580,+,isg20l2,NC_069710.1,19637180.0,isg20l2,W049,Epinephelus tukula,GCF_041903045.1,nes,gene
-4,bcan,bcan,4724168,4765243,+,bcan,NC_069710.1,19652284.0,bcan,W049,Epinephelus tukula,GCF_041903045.1,nes,gene
-3,hapln2,hapln2,4771246,4782613,-,hapln2,NC_069710.1,19661678.0,hapln2,W049,Epinephelus tukula,GCF_041903045.1,nes,gene
-2,rhbg,rhbg,4801246,4824249,+,rhbg,NC_069710.1,19680616.0,rhbg,W049,Epinephelus tukula,GCF_041903045.1,nes,gene
-1,mef2d,mef2d,4938730,5083284,+,mef2d,NC_069710.1,19755223.0,mef2d,W049,Epinephelus tukula,GCF_041903045.1,nes,gene
0,nes,nes,5110380,5126356,-,nes,NC_069710.1,19790995.0,nes,W049,Epinephelus tukula,GCF_041903045.1,nes,gene
1,LOC117266357,LOC117266357,5139532,5161935,+,,,,,W049,Epinephelus tukula,GCF_041903045.1,nes,gene
2,LOC117266056,LOC117266056,5162551,5166931,+,,,,,W049,Epinephelus tukula,GCF_041903045.1,nes,gene
3,LOC117266057,LOC117266057,5171487,5181319,+,,,,,W049,Epinephelus tukula,GCF_041903045.1,nes,gene
4,LOC117265242,LOC117265242,5183571,5185132,+,,,,,W049,Epinephelus tukula,GCF_041903045.1,nes,gene
5,capn7,capn7,5187390,5211482,+,capn7,NC_069710.1,4260610.0,capn7,W049,Epinephelus tukula,GCF_041903045.1,nes,gene
6,sh3bp5b,sh3bp5b,5223342,5288835,-,sh3bp5b,NC_069710.1,4276885.0,sh3bp5b,W049,Epinephelus tukula,GCF_041903045.1,nes,gene
7,LOC117266469,LOC117266469,5301322,5312898,-,,,,,W049,Epinephelus tukula,GCF_041903045.1,nes,gene
8,LOC117265350,LOC117265350,5320350,5351361,-,,,,,W049,Epinephelus tukula,GCF_041903045.1,nes,gene
9,LOC117265351,LOC117265351,5341288,5347970,+,,,,,W049,Epinephelus tukula,GCF_041903045.1,nes,gene
10,LOC117265464,LOC117265464,5352876,5364189,+,,,,,W049,Epinephelus tukula,GCF_041903045.1,nes,gene
-10,cldn35,cldn35,16881713,16882599,-,cldn35,NC_069732.1,14883609.0,cldn35,W051,Mastacembelus armatus,GCF_900324485.3,ppt1,gene
-9,ago4,ago4,16886470,16906541,-,ago4,NC_069732.1,14868806.0,ago4,W051,Mastacembelus armatus,GCF_900324485.3,ppt1,gene
-8,clspn,clspn,16907721,16919032,+,LOC113536267,NC_069732.1,14852253.0,LOC113536267,W051,Mastacembelus armatus,GCF_900324485.3,ppt1,gene
-7,c19h1orf216,c19h1orf216,16922468,16925980,+,LOC113535933,NC_069732.1,14839419.0,LOC113535933,W051,Mastacembelus armatus,GCF_900324485.3,ppt1,gene
-6,cdca5,cdca5,16937281,16938489,-,cdca5,NC_069736.1,5824299.0,cdca5,W051,Mastacembelus armatus,GCF_900324485.3,ppt1,gene
-5,psmb2,psmb2,16938517,16947697,+,psmb2,NC_069732.1,14820805.0,psmb2,W051,Mastacembelus armatus,GCF_900324485.3,ppt1,gene
-4,tfap2e,tfap2e,16951278,16961104,-,tfap2e,NC_069732.1,14807940.0,tfap2e,W051,Mastacembelus armatus,GCF_900324485.3,ppt1,gene
-3,ncdn,ncdn,16962794,16968708,-,ncdn,NC_069732.1,14794897.0,ncdn,W051,Mastacembelus armatus,GCF_900324485.3,ppt1,gene
-2,kiaa0319l,kiaa0319l,16968778,16987191,+,kiaa0319l,NC_069732.1,13029156.0,kiaa0319l,W051,Mastacembelus armatus,GCF_900324485.3,ppt1,gene
-1,cap1,cap1,16988253,16999484,+,cap1,NC_069732.1,13046102.0,cap1,W051,Mastacembelus armatus,GCF_900324485.3,ppt1,gene
0,ppt1,ppt1,17000055,17004831,-,ppt1,NC_069732.1,13054116.0,ppt1,W051,Mastacembelus armatus,GCF_900324485.3,ppt1,gene
1,rragcb,rragcb,17004881,17008498,+,,,,,W051,Mastacembelus armatus,GCF_900324485.3,ppt1,gene
2,LOC113126563,LOC113126563,17009455,17024514,+,fhl3b,NC_069718.1,5193895.0,fhl3b,W051,Mastacembelus armatus,GCF_900324485.3,ppt1,gene
3,meaf6,meaf6,17029101,17032762,-,meaf6,NC_069718.1,5218343.0,meaf6,W051,Mastacembelus armatus,GCF_900324485.3,ppt1,gene
4,stpg1,stpg1,17032764,17040876,+,stpg1,NC_069718.1,5228428.0,stpg1,W051,Mastacembelus armatus,GCF_900324485.3,ppt1,gene
5,LOC113126270,LOC113126270,17042366,17069431,+,map7d1b,NC_069718.1,5262872.0,map7d1b,W051,Mastacembelus armatus,GCF_900324485.3,ppt1,gene
6,thrap3b,thrap3b,17072064,17085499,+,thrap3b,NC_069718.1,5317303.0,thrap3b,W051,Mastacembelus armatus,GCF_900324485.3,ppt1,gene
7,eva1bb,eva1bb,17088348,17093515,-,eva1bb,NC_069718.1,5335900.0,eva1bb,W051,Mastacembelus armatus,GCF_900324485.3,ppt1,gene
8,lsm10,lsm10,17097842,17099422,-,LOC113547140,NC_069718.1,5351737.0,LOC113547140,W051,Mastacembelus armatus,GCF_900324485.3,ppt1,gene
9,oscp1a,oscp1a,17099250,17104871,-,,,,,W051,Mastacembelus armatus,GCF_900324485.3,ppt1,gene
10,LOC113126289,LOC113126289,17103509,17107358,+,,,,,W051,Mastacembelus armatus,GCF_900324485.3,ppt1,gene
-10,airim,airim,16879381,16881336,+,c19h1orf109,NC_069732.1,14887254.0,c19h1orf109,W051,Mastacembelus armatus,GCF_900324485.3,cap1,gene
-9,cldn35,cldn35,16881713,16882599,-,cldn35,NC_069732.1,14883609.0,cldn35,W051,Mastacembelus armatus,GCF_900324485.3,cap1,gene
-8,ago4,ago4,16886470,16906541,-,ago4,NC_069732.1,14868806.0,ago4,W051,Mastacembelus armatus,GCF_900324485.3,cap1,gene
-7,clspn,clspn,16907721,16919032,+,LOC113536267,NC_069732.1,14852253.0,LOC113536267,W051,Mastacembelus armatus,GCF_900324485.3,cap1,gene
-6,c19h1orf216,c19h1orf216,16922468,16925980,+,LOC113535933,NC_069732.1,14839419.0,LOC113535933,W051,Mastacembelus armatus,GCF_900324485.3,cap1,gene
-5,cdca5,cdca5,16937281,16938489,-,cdca5,NC_069736.1,5824299.0,cdca5,W051,Mastacembelus armatus,GCF_900324485.3,cap1,gene
-4,psmb2,psmb2,16938517,16947697,+,psmb2,NC_069732.1,14820805.0,psmb2,W051,Mastacembelus armatus,GCF_900324485.3,cap1,gene
-3,tfap2e,tfap2e,16951278,16961104,-,tfap2e,NC_069732.1,14807940.0,tfap2e,W051,Mastacembelus armatus,GCF_900324485.3,cap1,gene
-2,ncdn,ncdn,16962794,16968708,-,ncdn,NC_069732.1,14794897.0,ncdn,W051,Mastacembelus armatus,GCF_900324485.3,cap1,gene
-1,kiaa0319l,kiaa0319l,16968778,16987191,+,kiaa0319l,NC_069732.1,13029156.0,kiaa0319l,W051,Mastacembelus armatus,GCF_900324485.3,cap1,gene
0,cap1,cap1,16988253,16999484,+,cap1,NC_069732.1,13046102.0,cap1,W051,Mastacembelus armatus,GCF_900324485.3,cap1,gene
1,ppt1,ppt1,17000055,17004831,-,ppt1,NC_069732.1,13054116.0,ppt1,W051,Mastacembelus armatus,GCF_900324485.3,cap1,gene
2,rragcb,rragcb,17004881,17008498,+,,,,,W051,Mastacembelus armatus,GCF_900324485.3,cap1,gene
3,LOC113126563,LOC113126563,17009455,17024514,+,fhl3b,NC_069718.1,5193895.0,fhl3b,W051,Mastacembelus armatus,GCF_900324485.3,cap1,gene
4,meaf6,meaf6,17029101,17032762,-,meaf6,NC_069718.1,5218343.0,meaf6,W051,Mastacembelus armatus,GCF_900324485.3,cap1,gene
5,stpg1,stpg1,17032764,17040876,+,stpg1,NC_069718.1,5228428.0,stpg1,W051,Mastacembelus armatus,GCF_900324485.3,cap1,gene
6,LOC113126270,LOC113126270,17042366,17069431,+,map7d1b,NC_069718.1,5262872.0,map7d1b,W051,Mastacembelus armatus,GCF_900324485.3,cap1,gene
7,thrap3b,thrap3b,17072064,17085499,+,thrap3b,NC_069718.1,5317303.0,thrap3b,W051,Mastacembelus armatus,GCF_900324485.3,cap1,gene
8,eva1bb,eva1bb,17088348,17093515,-,eva1bb,NC_069718.1,5335900.0,eva1bb,W051,Mastacembelus armatus,GCF_900324485.3,cap1,gene
9,lsm10,lsm10,17097842,17099422,-,LOC113547140,NC_069718.1,5351737.0,LOC113547140,W051,Mastacembelus armatus,GCF_900324485.3,cap1,gene
10,oscp1a,oscp1a,17099250,17104871,-,,,,,W051,Mastacembelus armatus,GCF_900324485.3,cap1,gene
-10,mlh1,mlh1,7586227,7591542,+,mlh1,NC_069712.1,24388580.0,mlh1,W051,Mastacembelus armatus,GCF_900324485.3,fgfr2,gene
-9,lrrfip2,lrrfip2,7592088,7610204,-,lrrfip2,NC_069712.1,24302486.0,lrrfip2,W051,Mastacembelus armatus,GCF_900324485.3,fgfr2,gene
-8,dact2,dact2,7625474,7630032,-,dact2,NC_069712.1,30156485.0,dact2,W051,Mastacembelus armatus,GCF_900324485.3,fgfr2,gene
-7,smoc2,smoc2,7652799,7673336,-,smoc2,NC_069712.1,30192593.0,smoc2,W051,Mastacembelus armatus,GCF_900324485.3,fgfr2,gene
-6,eif3s6ip,eif3s6ip,7674729,7679916,+,eif3s6ip,NC_069712.1,30166403.0,eif3s6ip,W051,Mastacembelus armatus,GCF_900324485.3,fgfr2,gene
-5,cdh23,cdh23,7680585,7818703,-,cdh23,NC_069712.1,30375190.0,cdh23,W051,Mastacembelus armatus,GCF_900324485.3,fgfr2,gene
-4,vsir,vsir,7695958,7707544,+,vsir,NC_069712.1,30298652.0,vsir,W051,Mastacembelus armatus,GCF_900324485.3,fgfr2,gene
-3,LOC113132155,LOC113132155,7714072,7716200,+,,,,,W051,Mastacembelus armatus,GCF_900324485.3,fgfr2,gene
-2,plpp4,plpp4,7846622,7886939,+,plpp4,NC_069712.1,26964305.0,plpp4,W051,Mastacembelus armatus,GCF_900324485.3,fgfr2,gene
-1,wdr11,wdr11,7920647,7970280,+,wdr11,NC_069712.1,26807755.0,wdr11,W051,Mastacembelus armatus,GCF_900324485.3,fgfr2,gene
0,fgfr2,fgfr2,8025006,8061300,-,fgfr2,NC_069712.1,26661917.0,fgfr2,W051,Mastacembelus armatus,GCF_900324485.3,fgfr2,gene
1,ate1,ate1,8087578,8134217,-,LOC113542099,NC_069712.1,26549625.0,LOC113542099,W051,Mastacembelus armatus,GCF_900324485.3,fgfr2,gene
2,LOC113132182,LOC113132182,8135736,8142061,-,aldh18a1,NC_069721.1,13536678.0,aldh18a1,W051,Mastacembelus armatus,GCF_900324485.3,fgfr2,gene
3,LOC113132052,LOC113132052,8143433,8145634,+,,,,,W051,Mastacembelus armatus,GCF_900324485.3,fgfr2,gene
4,LOC113131869,LOC113131869,8146781,8150540,-,LOC113541964,NC_069712.1,31133723.0,LOC113541964,W051,Mastacembelus armatus,GCF_900324485.3,fgfr2,gene
5,LOC113131989,LOC113131989,8151517,8153455,-,si:ch211-28p3.4,NC_069721.1,13105496.0,si:ch211-28p3.4,W051,Mastacembelus armatus,GCF_900324485.3,fgfr2,gene
6,LOC113131502,LOC113131502,8154286,8185720,-,ablim1b,NC_069721.1,12923247.0,ablim1b,W051,Mastacembelus armatus,GCF_900324485.3,fgfr2,gene
7,fhip2a,fhip2a,8191897,8203671,+,fhip2a,NC_069712.1,30082711.0,fhip2a,W051,Mastacembelus armatus,GCF_900324485.3,fgfr2,gene
8,srfb,srfb,8204078,8224820,-,srfb,NC_069712.1,12502042.0,srfb,W051,Mastacembelus armatus,GCF_900324485.3,fgfr2,gene
9,ptk7b,ptk7b,8228390,8290107,-,ptk7a,NC_069720.1,17319138.0,ptk7a,W051,Mastacembelus armatus,GCF_900324485.3,fgfr2,gene
10,klc1b,klc1b,8293207,8312433,-,klc1b,NC_069712.1,12642802.0,klc1b,W051,Mastacembelus armatus,GCF_900324485.3,fgfr2,gene
-10,fmn2b,fmn2b,2644826,2677307,+,fmn2b,NC_069721.1,20628936.0,fmn2b,W052,Micropterus salmoides,GCF_014851395.1,llgl2,gene
-9,si:ch211-214e3.5,si:ch211-214e3.5,2701373,2718269,+,si:ch211-214e3.5,NC_069721.1,12516689.0,si:ch211-214e3.5,W052,Micropterus salmoides,GCF_014851395.1,llgl2,gene
-8,adgra1a,adgra1a,2742072,2771112,-,adgra1a,NC_069721.1,12502293.0,adgra1a,W052,Micropterus salmoides,GCF_014851395.1,llgl2,gene
-7,cabcoco1,cabcoco1,2778971,2785030,+,cabcoco1,NC_069721.1,7763270.0,cabcoco1,W052,Micropterus salmoides,GCF_014851395.1,llgl2,gene
-6,LOC119916304,LOC119916304,2788347,2794969,-,,,,,W052,Micropterus salmoides,GCF_014851395.1,llgl2,gene
-5,LOC119916164,LOC119916164,2804594,2887974,+,,,,,W052,Micropterus salmoides,GCF_014851395.1,llgl2,gene
-4,acbd4,acbd4,2892096,2904952,-,acbd4,NC_069721.1,9629268.0,acbd4,W052,Micropterus salmoides,GCF_014851395.1,llgl2,gene
-3,LOC119915637,LOC119915637,2906243,2940017,+,plcd3b,NC_069721.1,9643919.0,plcd3b,W052,Micropterus salmoides,GCF_014851395.1,llgl2,gene
-2,galk1,galk1,2943726,2952181,+,galk1,NC_069721.1,13699694.0,galk1,W052,Micropterus salmoides,GCF_014851395.1,llgl2,gene
-1,LOC119916124,LOC119916124,2946528,2951746,+,,,,,W052,Micropterus salmoides,GCF_014851395.1,llgl2,gene
0,llgl2,llgl2,2953951,2988738,+,llgl2,NC_069721.1,13683873.0,llgl2,W052,Micropterus salmoides,GCF_014851395.1,llgl2,gene
1,myo15b,myo15b,2993537,3061351,+,myo15b,NC_069721.1,16906891.0,myo15b,W052,Micropterus salmoides,GCF_014851395.1,llgl2,gene
2,tmem94,tmem94,3068119,3111074,+,tmem94,NC_069721.1,16880612.0,tmem94,W052,Micropterus salmoides,GCF_014851395.1,llgl2,gene
3,tdrkh,tdrkh,3111977,3125430,+,tdrkh,NC_069721.1,16860432.0,tdrkh,W052,Micropterus salmoides,GCF_014851395.1,llgl2,gene
4,mbtd1,mbtd1,3127012,3149988,+,mbtd1,NC_069721.1,16846552.0,mbtd1,W052,Micropterus salmoides,GCF_014851395.1,llgl2,gene
5,LOC119916063,LOC119916063,3152829,3158282,-,LOC117595820,NC_069732.1,919538.0,LOC117595820,W052,Micropterus salmoides,GCF_014851395.1,llgl2,gene
6,ca10a,ca10a,3875978,4109003,+,ca10a,NC_069721.1,22551635.0,ca10a,W052,Micropterus salmoides,GCF_014851395.1,llgl2,gene
7,eme1,eme1,4186910,4200240,-,eme1,NC_069721.1,22738755.0,eme1,W052,Micropterus salmoides,GCF_014851395.1,llgl2,gene
8,mrpl27,mrpl27,4195106,4197905,+,mrpl27,NC_069721.1,22747032.0,mrpl27,W052,Micropterus salmoides,GCF_014851395.1,llgl2,gene
9,LOC119916611,LOC119916611,4232571,4253712,+,nherf1a,NC_069721.1,16828459.0,nherf1a,W052,Micropterus salmoides,GCF_014851395.1,llgl2,gene
10,LOC119916612,LOC119916612,4255807,4324441,-,,,,,W052,Micropterus salmoides,GCF_014851395.1,llgl2,gene
-10,si:ch211-214e3.5,si:ch211-214e3.5,2701373,2718269,+,si:ch211-214e3.5,NC_069721.1,12516689.0,si:ch211-214e3.5,W052,Micropterus salmoides,GCF_014851395.1,myo15b,gene
-9,adgra1a,adgra1a,2742072,2771112,-,adgra1a,NC_069721.1,12502293.0,adgra1a,W052,Micropterus salmoides,GCF_014851395.1,myo15b,gene
-8,cabcoco1,cabcoco1,2778971,2785030,+,cabcoco1,NC_069721.1,7763270.0,cabcoco1,W052,Micropterus salmoides,GCF_014851395.1,myo15b,gene
-7,LOC119916304,LOC119916304,2788347,2794969,-,,,,,W052,Micropterus salmoides,GCF_014851395.1,myo15b,gene
-6,LOC119916164,LOC119916164,2804594,2887974,+,,,,,W052,Micropterus salmoides,GCF_014851395.1,myo15b,gene
-5,acbd4,acbd4,2892096,2904952,-,acbd4,NC_069721.1,9629268.0,acbd4,W052,Micropterus salmoides,GCF_014851395.1,myo15b,gene
-4,LOC119915637,LOC119915637,2906243,2940017,+,plcd3b,NC_069721.1,9643919.0,plcd3b,W052,Micropterus salmoides,GCF_014851395.1,myo15b,gene
-3,galk1,galk1,2943726,2952181,+,galk1,NC_069721.1,13699694.0,galk1,W052,Micropterus salmoides,GCF_014851395.1,myo15b,gene
-2,LOC119916124,LOC119916124,2946528,2951746,+,,,,,W052,Micropterus salmoides,GCF_014851395.1,myo15b,gene
-1,llgl2,llgl2,2953951,2988738,+,llgl2,NC_069721.1,13683873.0,llgl2,W052,Micropterus salmoides,GCF_014851395.1,myo15b,gene
0,myo15b,myo15b,2993537,3061351,+,myo15b,NC_069721.1,16906891.0,myo15b,W052,Micropterus salmoides,GCF_014851395.1,myo15b,gene
1,tmem94,tmem94,3068119,3111074,+,tmem94,NC_069721.1,16880612.0,tmem94,W052,Micropterus salmoides,GCF_014851395.1,myo15b,gene
2,tdrkh,tdrkh,3111977,3125430,+,tdrkh,NC_069721.1,16860432.0,tdrkh,W052,Micropterus salmoides,GCF_014851395.1,myo15b,gene
3,mbtd1,mbtd1,3127012,3149988,+,mbtd1,NC_069721.1,16846552.0,mbtd1,W052,Micropterus salmoides,GCF_014851395.1,myo15b,gene
4,LOC119916063,LOC119916063,3152829,3158282,-,LOC117595820,NC_069732.1,919538.0,LOC117595820,W052,Micropterus salmoides,GCF_014851395.1,myo15b,gene
5,ca10a,ca10a,3875978,4109003,+,ca10a,NC_069721.1,22551635.0,ca10a,W052,Micropterus salmoides,GCF_014851395.1,myo15b,gene
6,eme1,eme1,4186910,4200240,-,eme1,NC_069721.1,22738755.0,eme1,W052,Micropterus salmoides,GCF_014851395.1,myo15b,gene
7,mrpl27,mrpl27,4195106,4197905,+,mrpl27,NC_069721.1,22747032.0,mrpl27,W052,Micropterus salmoides,GCF_014851395.1,myo15b,gene
8,LOC119916611,LOC119916611,4232571,4253712,+,nherf1a,NC_069721.1,16828459.0,nherf1a,W052,Micropterus salmoides,GCF_014851395.1,myo15b,gene
9,LOC119916612,LOC119916612,4255807,4324441,-,,,,,W052,Micropterus salmoides,GCF_014851395.1,myo15b,gene
10,LOC119916486,LOC119916486,4329631,4334267,-,,,,,W052,Micropterus salmoides,GCF_014851395.1,myo15b,gene
-10,gjc1,gjc1,25815653,25862310,+,gjc1,NC_069722.1,7127281.0,gjc1,W052,Micropterus salmoides,GCF_014851395.1,plcd3a,gene
-9,LOC119892993,LOC119892993,25870044,25890866,-,,,,,W052,Micropterus salmoides,GCF_014851395.1,plcd3a,gene
-8,LOC119893010,LOC119893010,25931595,25938696,-,LOC113528017,NC_069722.1,7148301.0,LOC113528017,W052,Micropterus salmoides,GCF_014851395.1,plcd3a,gene
-7,rpl19,rpl19,25952438,25955353,-,LOC113547534,NC_069721.1,2931011.0,LOC113547534,W052,Micropterus salmoides,GCF_014851395.1,plcd3a,gene
-6,cacnb1,cacnb1,25960509,25992939,+,cacnb1,NC_069722.1,7253630.0,cacnb1,W052,Micropterus salmoides,GCF_014851395.1,plcd3a,gene
-5,arl5c,arl5c,25995729,25999201,+,arl5c,NC_069722.1,7277648.0,arl5c,W052,Micropterus salmoides,GCF_014851395.1,plcd3a,gene
-4,LOC119893091,LOC119893091,26002325,26018139,+,,,,,W052,Micropterus salmoides,GCF_014851395.1,plcd3a,gene
-3,lasp1,lasp1,26018800,26045340,+,LOC113527304,NC_069721.1,9565340.0,LOC113527304,W052,Micropterus salmoides,GCF_014851395.1,plcd3a,gene
-2,arhgap23a,arhgap23a,26051617,26123655,+,arhgap23a,NC_069722.1,6089349.0,arhgap23a,W052,Micropterus salmoides,GCF_014851395.1,plcd3a,gene
-1,hexim1,hexim1,26124312,26126248,-,hexim1,NC_069721.1,9622308.0,hexim1,W052,Micropterus salmoides,GCF_014851395.1,plcd3a,gene
0,plcd3a,plcd3a,26130159,26151154,+,plcd3a,NC_069722.1,6022088.0,plcd3a,W052,Micropterus salmoides,GCF_014851395.1,plcd3a,gene
1,nmt1a,nmt1a,26152807,26160860,+,nmt1a,NC_069722.1,5993565.0,nmt1a,W052,Micropterus salmoides,GCF_014851395.1,plcd3a,gene
2,retsat,retsat,26162163,26170426,+,retsat.2,NC_069722.1,5968562.0,retsat.2,W052,Micropterus salmoides,GCF_014851395.1,plcd3a,gene
3,cdk21,cdk21,26171363,26177872,+,cdk21,NC_069722.1,5958408.0,cdk21,W052,Micropterus salmoides,GCF_014851395.1,plcd3a,gene
4,svilc,svilc,26178916,26205414,+,svilc,NC_069722.1,5937413.0,svilc,W052,Micropterus salmoides,GCF_014851395.1,plcd3a,gene
5,tmem98,tmem98,26204452,26211442,-,tmem98,NC_069722.1,5915762.0,tmem98,W052,Micropterus salmoides,GCF_014851395.1,plcd3a,gene
6,kcnj19a,kcnj19a,26320592,26338656,-,kcnj19a,NC_069722.1,5830254.0,kcnj19a,W052,Micropterus salmoides,GCF_014851395.1,plcd3a,gene
7,znf281a,znf281a,26348802,26360977,+,znf281a,NC_069722.1,5789417.0,znf281a,W052,Micropterus salmoides,GCF_014851395.1,plcd3a,gene
8,si:ch211-198m17.1,si:ch211-198m17.1,26369520,26391424,+,si:ch211-198m17.1,NC_069722.1,5737466.0,si:ch211-198m17.1,W052,Micropterus salmoides,GCF_014851395.1,plcd3a,gene
9,mpp3a,mpp3a,26400430,26427839,+,mpp3a,NC_069722.1,5696885.0,mpp3a,W052,Micropterus salmoides,GCF_014851395.1,plcd3a,gene
10,asic2,asic2,26442180,26845763,-,asic2,NC_069722.1,5386201.0,asic2,W052,Micropterus salmoides,GCF_014851395.1,plcd3a,gene
-10,ryr2a,ryr2a,2401020,2609294,+,ryr2a,NC_069721.1,20326583.0,ryr2a,W052,Micropterus salmoides,GCF_014851395.1,galk1,gene
-9,LOC119915441,LOC119915441,2632275,2638096,+,,,,,W052,Micropterus salmoides,GCF_014851395.1,galk1,gene
-8,fmn2b,fmn2b,2644826,2677307,+,fmn2b,NC_069721.1,20628936.0,fmn2b,W052,Micropterus salmoides,GCF_014851395.1,galk1,gene
-7,si:ch211-214e3.5,si:ch211-214e3.5,2701373,2718269,+,si:ch211-214e3.5,NC_069721.1,12516689.0,si:ch211-214e3.5,W052,Micropterus salmoides,GCF_014851395.1,galk1,gene
-6,adgra1a,adgra1a,2742072,2771112,-,adgra1a,NC_069721.1,12502293.0,adgra1a,W052,Micropterus salmoides,GCF_014851395.1,galk1,gene
-5,cabcoco1,cabcoco1,2778971,2785030,+,cabcoco1,NC_069721.1,7763270.0,cabcoco1,W052,Micropterus salmoides,GCF_014851395.1,galk1,gene
-4,LOC119916304,LOC119916304,2788347,2794969,-,,,,,W052,Micropterus salmoides,GCF_014851395.1,galk1,gene
-3,LOC119916164,LOC119916164,2804594,2887974,+,,,,,W052,Micropterus salmoides,GCF_014851395.1,galk1,gene
-2,acbd4,acbd4,2892096,2904952,-,acbd4,NC_069721.1,9629268.0,acbd4,W052,Micropterus salmoides,GCF_014851395.1,galk1,gene
-1,LOC119915637,LOC119915637,2906243,2940017,+,plcd3b,NC_069721.1,9643919.0,plcd3b,W052,Micropterus salmoides,GCF_014851395.1,galk1,gene
0,galk1,galk1,2943726,2952181,+,galk1,NC_069721.1,13699694.0,galk1,W052,Micropterus salmoides,GCF_014851395.1,galk1,gene
1,LOC119916124,LOC119916124,2946528,2951746,+,,,,,W052,Micropterus salmoides,GCF_014851395.1,galk1,gene
2,llgl2,llgl2,2953951,2988738,+,llgl2,NC_069721.1,13683873.0,llgl2,W052,Micropterus salmoides,GCF_014851395.1,galk1,gene
3,myo15b,myo15b,2993537,3061351,+,myo15b,NC_069721.1,16906891.0,myo15b,W052,Micropterus salmoides,GCF_014851395.1,galk1,gene
4,tmem94,tmem94,3068119,3111074,+,tmem94,NC_069721.1,16880612.0,tmem94,W052,Micropterus salmoides,GCF_014851395.1,galk1,gene
5,tdrkh,tdrkh,3111977,3125430,+,tdrkh,NC_069721.1,16860432.0,tdrkh,W052,Micropterus salmoides,GCF_014851395.1,galk1,gene
6,mbtd1,mbtd1,3127012,3149988,+,mbtd1,NC_069721.1,16846552.0,mbtd1,W052,Micropterus salmoides,GCF_014851395.1,galk1,gene
7,LOC119916063,LOC119916063,3152829,3158282,-,LOC117595820,NC_069732.1,919538.0,LOC117595820,W052,Micropterus salmoides,GCF_014851395.1,galk1,gene
8,ca10a,ca10a,3875978,4109003,+,ca10a,NC_069721.1,22551635.0,ca10a,W052,Micropterus salmoides,GCF_014851395.1,galk1,gene
9,eme1,eme1,4186910,4200240,-,eme1,NC_069721.1,22738755.0,eme1,W052,Micropterus salmoides,GCF_014851395.1,galk1,gene
10,mrpl27,mrpl27,4195106,4197905,+,mrpl27,NC_069721.1,22747032.0,mrpl27,W052,Micropterus salmoides,GCF_014851395.1,galk1,gene
-10,bms1,bms1,2344574,2361340,+,bms1,NC_069721.1,12537234.0,bms1,W052,Micropterus salmoides,GCF_014851395.1,acbd4,gene
-9,mtr,mtr,2361642,2400093,+,mtr,NC_069721.1,20220515.0,mtr,W052,Micropterus salmoides,GCF_014851395.1,acbd4,gene
-8,ryr2a,ryr2a,2401020,2609294,+,ryr2a,NC_069721.1,20326583.0,ryr2a,W052,Micropterus salmoides,GCF_014851395.1,acbd4,gene
-7,LOC119915441,LOC119915441,2632275,2638096,+,,,,,W052,Micropterus salmoides,GCF_014851395.1,acbd4,gene
-6,fmn2b,fmn2b,2644826,2677307,+,fmn2b,NC_069721.1,20628936.0,fmn2b,W052,Micropterus salmoides,GCF_014851395.1,acbd4,gene
-5,si:ch211-214e3.5,si:ch211-214e3.5,2701373,2718269,+,si:ch211-214e3.5,NC_069721.1,12516689.0,si:ch211-214e3.5,W052,Micropterus salmoides,GCF_014851395.1,acbd4,gene
-4,adgra1a,adgra1a,2742072,2771112,-,adgra1a,NC_069721.1,12502293.0,adgra1a,W052,Micropterus salmoides,GCF_014851395.1,acbd4,gene
-3,cabcoco1,cabcoco1,2778971,2785030,+,cabcoco1,NC_069721.1,7763270.0,cabcoco1,W052,Micropterus salmoides,GCF_014851395.1,acbd4,gene
-2,LOC119916304,LOC119916304,2788347,2794969,-,,,,,W052,Micropterus salmoides,GCF_014851395.1,acbd4,gene
-1,LOC119916164,LOC119916164,2804594,2887974,+,,,,,W052,Micropterus salmoides,GCF_014851395.1,acbd4,gene
0,acbd4,acbd4,2892096,2904952,-,acbd4,NC_069721.1,9629268.0,acbd4,W052,Micropterus salmoides,GCF_014851395.1,acbd4,gene
1,LOC119915637,LOC119915637,2906243,2940017,+,plcd3b,NC_069721.1,9643919.0,plcd3b,W052,Micropterus salmoides,GCF_014851395.1,acbd4,gene
2,galk1,galk1,2943726,2952181,+,galk1,NC_069721.1,13699694.0,galk1,W052,Micropterus salmoides,GCF_014851395.1,acbd4,gene
3,LOC119916124,LOC119916124,2946528,2951746,+,,,,,W052,Micropterus salmoides,GCF_014851395.1,acbd4,gene
4,llgl2,llgl2,2953951,2988738,+,llgl2,NC_069721.1,13683873.0,llgl2,W052,Micropterus salmoides,GCF_014851395.1,acbd4,gene
5,myo15b,myo15b,2993537,3061351,+,myo15b,NC_069721.1,16906891.0,myo15b,W052,Micropterus salmoides,GCF_014851395.1,acbd4,gene
6,tmem94,tmem94,3068119,3111074,+,tmem94,NC_069721.1,16880612.0,tmem94,W052,Micropterus salmoides,GCF_014851395.1,acbd4,gene
7,tdrkh,tdrkh,3111977,3125430,+,tdrkh,NC_069721.1,16860432.0,tdrkh,W052,Micropterus salmoides,GCF_014851395.1,acbd4,gene
8,mbtd1,mbtd1,3127012,3149988,+,mbtd1,NC_069721.1,16846552.0,mbtd1,W052,Micropterus salmoides,GCF_014851395.1,acbd4,gene
9,LOC119916063,LOC119916063,3152829,3158282,-,LOC117595820,NC_069732.1,919538.0,LOC117595820,W052,Micropterus salmoides,GCF_014851395.1,acbd4,gene
10,ca10a,ca10a,3875978,4109003,+,ca10a,NC_069721.1,22551635.0,ca10a,W052,Micropterus salmoides,GCF_014851395.1,acbd4,gene
-10,lactb2,lactb2,4677370,4683621,+,lactb2,NC_069730.1,8646342.0,lactb2,W052,Micropterus salmoides,GCF_014851395.1,pard3,gene
-9,LOC119901702,LOC119901702,4695897,4734929,+,,,,,W052,Micropterus salmoides,GCF_014851395.1,pard3,gene
-8,LOC119901704,LOC119901704,4738605,4806781,+,,,,,W052,Micropterus salmoides,GCF_014851395.1,pard3,gene
-7,pitrm1,pitrm1,4807234,4821654,-,pitrm1,NC_069730.1,9145657.0,pitrm1,W052,Micropterus salmoides,GCF_014851395.1,pard3,gene
-6,LOC119901705,LOC119901705,4938373,4946937,-,,,,,W052,Micropterus salmoides,GCF_014851395.1,pard3,gene
-5,LOC119901706,LOC119901706,5199789,5208862,-,,,,,W052,Micropterus salmoides,GCF_014851395.1,pard3,gene
-4,LOC119901707,LOC119901707,5255852,5259012,+,,,,,W052,Micropterus salmoides,GCF_014851395.1,pard3,gene
-3,LOC119901708,LOC119901708,5264139,5266398,-,,,,,W052,Micropterus salmoides,GCF_014851395.1,pard3,gene
-2,LOC119901709,LOC119901709,5267321,5290118,-,,,,,W052,Micropterus salmoides,GCF_014851395.1,pard3,gene
-1,crema,crema,5295114,5312631,-,,,,,W052,Micropterus salmoides,GCF_014851395.1,pard3,gene
0,pard3ab,pard3ab,5318350,5553890,+,pard3aa,NC_069710.1,27134627.0,pard3aa,W052,Micropterus salmoides,GCF_014851395.1,pard3,gene
1,LOC119901714,LOC119901714,5768554,5793312,+,,,,,W052,Micropterus salmoides,GCF_014851395.1,pard3,gene
2,LOC119901713,LOC119901713,5794257,5822541,+,,,,,W052,Micropterus salmoides,GCF_014851395.1,pard3,gene
3,LOC119901715,LOC119901715,5838271,5850122,-,,,,,W052,Micropterus salmoides,GCF_014851395.1,pard3,gene
4,LOC119901716,LOC119901716,5854252,5869973,+,,,,,W052,Micropterus salmoides,GCF_014851395.1,pard3,gene
5,LOC119901717,LOC119901717,5921951,6060598,-,cntnap3,NC_069726.1,5549457.0,cntnap3,W052,Micropterus salmoides,GCF_014851395.1,pard3,gene
6,LOC119901719,LOC119901719,6118661,6182476,-,,,,,W052,Micropterus salmoides,GCF_014851395.1,pard3,gene
7,LOC119901720,LOC119901720,6183743,6205461,-,kif5bb,NC_069721.1,15731638.0,kif5bb,W052,Micropterus salmoides,GCF_014851395.1,pard3,gene
8,LOC119902958,LOC119902958,6221090,6237334,+,,,,,W052,Micropterus salmoides,GCF_014851395.1,pard3,gene
9,LOC119902960,LOC119902960,6252978,6258784,+,,,,,W052,Micropterus salmoides,GCF_014851395.1,pard3,gene
10,pold3,pold3,6267453,6277924,-,pold3,NC_069724.1,10112425.0,pold3,W052,Micropterus salmoides,GCF_014851395.1,pard3,gene
-10,LOC110524337,LOC110524337,64999666,65011606,+,,,,,W053,Oncorhynchus mykiss,GCF_013265735.2,sema6ba,gene
-9,LOC110524336,LOC110524336,65011639,65022842,-,,,,,W053,Oncorhynchus mykiss,GCF_013265735.2,sema6ba,gene
-8,LOC110524338,LOC110524338,65024444,65028828,+,,,,,W053,Oncorhynchus mykiss,GCF_013265735.2,sema6ba,gene
-7,LOC110524339,LOC110524339,65030479,65051482,-,,,,,W053,Oncorhynchus mykiss,GCF_013265735.2,sema6ba,gene
-6,LOC110524340,LOC110524340,65052280,65060054,+,,,,,W053,Oncorhynchus mykiss,GCF_013265735.2,sema6ba,gene
-5,LOC110524344,LOC110524344,65060166,65083747,-,,,,,W053,Oncorhynchus mykiss,GCF_013265735.2,sema6ba,gene
-4,mpnd,mpnd,65083741,65090497,+,mpnd,NC_069717.1,2130048.0,mpnd,W053,Oncorhynchus mykiss,GCF_013265735.2,sema6ba,gene
-3,LOC110524345,LOC110524345,65091180,65109379,-,,,,,W053,Oncorhynchus mykiss,GCF_013265735.2,sema6ba,gene
-2,rorca,rorca,65121824,65137960,-,rorcb,NC_069730.1,13411781.0,rorcb,W053,Oncorhynchus mykiss,GCF_013265735.2,sema6ba,gene
-1,LOC110522880,LOC110522880,65175178,65177361,+,,,,,W053,Oncorhynchus mykiss,GCF_013265735.2,sema6ba,gene
0,sema6bb,sema6bb,65181687,65333174,-,sema6ba,NC_069730.1,13298111.0,sema6ba,W053,Oncorhynchus mykiss,GCF_013265735.2,sema6ba,gene
1,plin3,plin3,65356112,65366865,+,plin3,NC_069717.1,2446075.0,plin3,W053,Oncorhynchus mykiss,GCF_013265735.2,sema6ba,gene
2,zgc:77486,zgc:77486,65367186,65382613,+,,,,,W053,Oncorhynchus mykiss,GCF_013265735.2,sema6ba,gene
3,abhd17ab,abhd17ab,65388061,65396176,+,abhd17ab,NC_069717.1,2403747.0,abhd17ab,W053,Oncorhynchus mykiss,GCF_013265735.2,sema6ba,gene
4,rgl1,rgl1,65407822,65455011,-,rgl1,NC_069717.1,2472446.0,rgl1,W053,Oncorhynchus mykiss,GCF_013265735.2,sema6ba,gene
5,LOC110524352,LOC110524352,65460577,65464681,+,,,,,W053,Oncorhynchus mykiss,GCF_013265735.2,sema6ba,gene
6,colgalt2,colgalt2,65464383,65507042,-,,,,,W053,Oncorhynchus mykiss,GCF_013265735.2,sema6ba,gene
7,zgc:92140,zgc:92140,65520307,65550070,-,zgc:92140,NC_069717.1,2575592.0,zgc:92140,W053,Oncorhynchus mykiss,GCF_013265735.2,sema6ba,gene
8,LOC110524355,LOC110524355,65551345,65571173,-,edem3,NC_069717.1,2609347.0,edem3,W053,Oncorhynchus mykiss,GCF_013265735.2,sema6ba,gene
9,npl,npl,65571428,65581138,+,npl,NC_069717.1,2625989.0,npl,W053,Oncorhynchus mykiss,GCF_013265735.2,sema6ba,gene
10,LOC110524356,LOC110524356,65581422,65587007,+,LOC113535040,NC_069717.1,2632582.0,LOC113535040,W053,Oncorhynchus mykiss,GCF_013265735.2,sema6ba,gene
-10,pxnb,pxnb,8663703,8685477,+,pxnb,NC_069717.1,16562024.0,pxnb,W054,Oreochromis niloticus,GCF_001858045.2,galnt9,gene
-9,rnf181,rnf181,8686261,8688462,+,rnf181,NC_069733.1,2096063.0,rnf181,W054,Oreochromis niloticus,GCF_001858045.2,galnt9,gene
-8,LOC100702356,LOC100702356,8689350,8700452,-,tmem150ab,NC_069736.1,4443936.0,tmem150ab,W054,Oreochromis niloticus,GCF_001858045.2,galnt9,gene
-7,LOC100702093,LOC100702093,8704634,8709019,+,,,,,W054,Oreochromis niloticus,GCF_001858045.2,galnt9,gene
-6,LOC100701549,LOC100701549,8716496,8718739,+,,,,,W054,Oreochromis niloticus,GCF_001858045.2,galnt9,gene
-5,idua,idua,8719121,8726581,-,idua,NC_069733.1,610343.0,idua,W054,Oreochromis niloticus,GCF_001858045.2,galnt9,gene
-4,LOC100706472,LOC100706472,8727906,8740494,-,tnksa,NC_069724.1,12061250.0,tnksa,W054,Oreochromis niloticus,GCF_001858045.2,galnt9,gene
-3,piwil2,piwil2,8754442,8771044,-,piwil2,NC_069733.1,16735393.0,piwil2,W054,Oreochromis niloticus,GCF_001858045.2,galnt9,gene
-2,htr7c,htr7c,8776439,8810425,+,htr7c,NC_069733.1,16680696.0,htr7c,W054,Oreochromis niloticus,GCF_001858045.2,galnt9,gene
-1,atad1a,atad1a,8856473,8869558,-,atad1a,NC_069733.1,19280989.0,atad1a,W054,Oreochromis niloticus,GCF_001858045.2,galnt9,gene
0,galnt9,galnt9,8913231,9007028,-,galnt9,NC_069733.1,19362993.0,galnt9,W054,Oreochromis niloticus,GCF_001858045.2,galnt9,gene
1,fbrsl1,fbrsl1,9155657,9432144,+,fbrsl1,NC_069733.1,19643700.0,fbrsl1,W054,Oreochromis niloticus,GCF_001858045.2,galnt9,gene
2,chfr,chfr,9439793,9459112,+,chfr,NC_069733.1,19837496.0,chfr,W054,Oreochromis niloticus,GCF_001858045.2,galnt9,gene
3,si:dkey-112e17.1,si:dkey-112e17.1,9459307,9484408,-,si:dkey-112e17.1,NC_069733.1,19892288.0,si:dkey-112e17.1,W054,Oreochromis niloticus,GCF_001858045.2,galnt9,gene
4,golga3,golga3,9489309,9505418,+,golga3,NC_069733.1,890475.0,golga3,W054,Oreochromis niloticus,GCF_001858045.2,galnt9,gene
5,ankle2,ankle2,9505620,9520867,+,ankle2,NC_069733.1,911219.0,ankle2,W054,Oreochromis niloticus,GCF_001858045.2,galnt9,gene
6,pgam5,pgam5,9521094,9525299,-,pgam5,NC_069733.1,921564.0,pgam5,W054,Oreochromis niloticus,GCF_001858045.2,galnt9,gene
7,zdhhc8b,zdhhc8b,9525996,9594577,+,zdhhc8b,NC_069733.1,19927353.0,zdhhc8b,W054,Oreochromis niloticus,GCF_001858045.2,galnt9,gene
8,ranbp1,ranbp1,9593930,9598556,-,ranbp1,NC_069733.1,868898.0,ranbp1,W054,Oreochromis niloticus,GCF_001858045.2,galnt9,gene
9,trmt2a,trmt2a,9599831,9604301,+,trmt2a,NC_069733.1,18646551.0,trmt2a,W054,Oreochromis niloticus,GCF_001858045.2,galnt9,gene
10,dgcr8,dgcr8,9604613,9617492,-,dgcr8,NC_069733.1,18631168.0,dgcr8,W054,Oreochromis niloticus,GCF_001858045.2,galnt9,gene
-10,smyd3,smyd3,25955007,26047104,+,smyd3,NC_069719.1,29477102.0,smyd3,W054,Oreochromis niloticus,GCF_001858045.2,esrrg,gene
-9,kif26ba,kif26ba,26049964,26141078,-,kif26ba,NC_069719.1,29529514.0,kif26ba,W054,Oreochromis niloticus,GCF_001858045.2,esrrg,gene
-8,si:dkey-127k13.1,si:dkey-127k13.1,26142781,26150046,+,si:dkey-127k13.1,NC_069713.1,27372690.0,si:dkey-127k13.1,W054,Oreochromis niloticus,GCF_001858045.2,esrrg,gene
-7,ahctf1,ahctf1,26151731,26172428,+,ahctf1,NC_069719.1,29367424.0,ahctf1,W054,Oreochromis niloticus,GCF_001858045.2,esrrg,gene
-6,kif28,kif28,26174131,26183301,+,kif28,NC_069719.1,29388728.0,kif28,W054,Oreochromis niloticus,GCF_001858045.2,esrrg,gene
-5,LOC100702483,LOC100702483,26183710,26215786,-,,,,,W054,Oreochromis niloticus,GCF_001858045.2,esrrg,gene
-4,krtcap3,krtcap3,26216219,26220504,-,LOC113538827,NC_069719.1,13035704.0,LOC113538827,W054,Oreochromis niloticus,GCF_001858045.2,esrrg,gene
-3,LOC100703022,LOC100703022,26220645,26231818,-,,,,,W054,Oreochromis niloticus,GCF_001858045.2,esrrg,gene
-2,kctd3,kctd3,26232798,26244659,+,kctd3,NC_069719.1,24040643.0,kctd3,W054,Oreochromis niloticus,GCF_001858045.2,esrrg,gene
-1,ush2a,ush2a,26246351,26454521,-,ush2a,NC_069719.1,23928278.0,ush2a,W054,Oreochromis niloticus,GCF_001858045.2,esrrg,gene
0,esrrga,esrrga,26470882,26644822,-,esrrga,NC_069719.1,23773737.0,esrrga,W054,Oreochromis niloticus,GCF_001858045.2,esrrg,gene
1,LOC112846874,LOC112846874,26591510,26597675,+,,,,,W054,Oreochromis niloticus,GCF_001858045.2,esrrg,gene
2,spata17,spata17,26733808,26795671,+,spata17,NC_069719.1,23544949.0,spata17,W054,Oreochromis niloticus,GCF_001858045.2,esrrg,gene
3,greb1,greb1,26821853,26845070,+,greb1,NC_069719.1,23475753.0,greb1,W054,Oreochromis niloticus,GCF_001858045.2,esrrg,gene
4,lpin1a,lpin1a,26850528,26868392,+,,,,,W054,Oreochromis niloticus,GCF_001858045.2,esrrg,gene
5,LOC100692289,LOC100692289,26869315,26872733,+,,,,,W054,Oreochromis niloticus,GCF_001858045.2,esrrg,gene
6,LOC112846884,LOC112846884,26873027,26880102,-,LOC113544412,NC_069737.1,8846219.0,LOC113544412,W054,Oreochromis niloticus,GCF_001858045.2,esrrg,gene
7,ddias,ddias,26881215,26887943,-,ddias,NC_069724.1,9209411.0,ddias,W054,Oreochromis niloticus,GCF_001858045.2,esrrg,gene
8,LOC102081220,LOC102081220,26894949,26901540,+,,,,,W054,Oreochromis niloticus,GCF_001858045.2,esrrg,gene
9,LOC100705710,LOC100705710,26907055,26921407,+,,,,,W054,Oreochromis niloticus,GCF_001858045.2,esrrg,gene
10,irf1a,irf1a,26922149,26929379,+,irf1a,NC_069737.1,8873500.0,irf1a,W054,Oreochromis niloticus,GCF_001858045.2,esrrg,gene
-10,pccb,pccb,20039895,20045595,+,pccb,NC_069723.1,25216438.0,pccb,W054,Oreochromis niloticus,GCF_001858045.2,map7,gene
-9,stag1a,stag1a,20046231,20086275,-,stag1b,NC_069731.1,20871302.0,stag1b,W054,Oreochromis niloticus,GCF_001858045.2,map7,gene
-8,slc35g2a,slc35g2a,20093592,20098913,+,,,,,W054,Oreochromis niloticus,GCF_001858045.2,map7,gene
-7,LOC109194286,LOC109194286,20101463,20113723,-,,,,,W054,Oreochromis niloticus,GCF_001858045.2,map7,gene
-6,atr,atr,20145312,20164134,-,atr,NC_069730.1,20700908.0,atr,W054,Oreochromis niloticus,GCF_001858045.2,map7,gene
-5,pls1,pls1,20165066,20202934,-,pls1,NC_069713.1,30394002.0,pls1,W054,Oreochromis niloticus,GCF_001858045.2,map7,gene
-4,LOC100711459,LOC100711459,20205991,20215904,+,,,,,W054,Oreochromis niloticus,GCF_001858045.2,map7,gene
-3,hltf,hltf,20216778,20231495,-,,,,,W054,Oreochromis niloticus,GCF_001858045.2,map7,gene
-2,LOC100710923,LOC100710923,20232586,20248903,+,,,,,W054,Oreochromis niloticus,GCF_001858045.2,map7,gene
-1,LOC100710657,LOC100710657,20251792,20273169,-,LOC113538567,NC_069719.1,11484773.0,LOC113538567,W054,Oreochromis niloticus,GCF_001858045.2,map7,gene
0,map7a,map7a,20274821,20281153,+,map7a,NC_069719.1,28236724.0,map7a,W054,Oreochromis niloticus,GCF_001858045.2,map7,gene
1,LOC102078694,LOC102078694,20280997,20290553,-,,,,,W054,Oreochromis niloticus,GCF_001858045.2,map7,gene
2,ahi1,ahi1,20291140,20310442,+,ahi1,NC_069719.1,12933165.0,ahi1,W054,Oreochromis niloticus,GCF_001858045.2,map7,gene
3,LOC100710131,LOC100710131,20301298,20309034,-,,,,,W054,Oreochromis niloticus,GCF_001858045.2,map7,gene
4,slc18b1,slc18b1,20310283,20318232,-,slc18b1,NC_069719.1,12919729.0,slc18b1,W054,Oreochromis niloticus,GCF_001858045.2,map7,gene
5,tulp4b,tulp4b,20319559,20333457,-,tulp4b,NC_069719.1,12907510.0,tulp4b,W054,Oreochromis niloticus,GCF_001858045.2,map7,gene
6,myct1b,myct1b,20333949,20335970,-,myct1a,NC_069728.1,17694358.0,myct1a,W054,Oreochromis niloticus,GCF_001858045.2,map7,gene
7,syne1b,syne1b,20337516,20413514,+,syne1b,NC_069719.1,12858520.0,syne1b,W054,Oreochromis niloticus,GCF_001858045.2,map7,gene
8,ccdc170,ccdc170,20413303,20416896,-,ccdc170,NC_069719.1,12819471.0,ccdc170,W054,Oreochromis niloticus,GCF_001858045.2,map7,gene
9,rmnd1,rmnd1,20417272,20421784,+,rmnd1,NC_069719.1,12814441.0,rmnd1,W054,Oreochromis niloticus,GCF_001858045.2,map7,gene
10,akap12a,akap12a,20421752,20432843,-,akap12a,NC_069719.1,12803754.0,akap12a,W054,Oreochromis niloticus,GCF_001858045.2,map7,gene
-10,LOC100705477,LOC100705477,7440273,7451261,-,,,,,W054,Oreochromis niloticus,GCF_001858045.2,mtfr2,gene
-9,ddx1,ddx1,7454049,7460956,-,ddx1,NC_069739.1,10615799.0,ddx1,W054,Oreochromis niloticus,GCF_001858045.2,mtfr2,gene
-8,nbas,nbas,7461153,7638697,+,nbas,NC_069739.1,10717215.0,nbas,W054,Oreochromis niloticus,GCF_001858045.2,mtfr2,gene
-7,lratd1,lratd1,7686797,7688944,-,lratd1,NC_069739.1,10871836.0,lratd1,W054,Oreochromis niloticus,GCF_001858045.2,mtfr2,gene
-6,scml4,scml4,7803281,7820767,-,,,,,W054,Oreochromis niloticus,GCF_001858045.2,mtfr2,gene
-5,sec63,sec63,7821635,7836738,-,sec63,NC_069739.1,11078213.0,sec63,W054,Oreochromis niloticus,GCF_001858045.2,mtfr2,gene
-4,iyd,iyd,7837577,7841600,-,iyd,NC_069725.1,21209749.0,iyd,W054,Oreochromis niloticus,GCF_001858045.2,mtfr2,gene
-3,ppp1r14c,ppp1r14c,7848274,7873668,+,ppp1r14c,NC_069725.1,21228606.0,ppp1r14c,W054,Oreochromis niloticus,GCF_001858045.2,mtfr2,gene
-2,map7b,map7b,7884145,7908780,+,map7b,NC_069725.1,21260057.0,map7b,W054,Oreochromis niloticus,GCF_001858045.2,mtfr2,gene
-1,armc1l,armc1l,7908843,7912509,-,armc1l,NC_069725.1,4808118.0,armc1l,W054,Oreochromis niloticus,GCF_001858045.2,mtfr2,gene
0,mtfr2,mtfr2,7912531,7916440,+,mtfr2,NC_069725.1,4815314.0,mtfr2,W054,Oreochromis niloticus,GCF_001858045.2,mtfr2,gene
1,LOC100701168,LOC100701168,7923129,7949107,+,,,,,W054,Oreochromis niloticus,GCF_001858045.2,mtfr2,gene
2,myb,myb,7987618,7995940,-,myb,NC_069725.1,4876831.0,myb,W054,Oreochromis niloticus,GCF_001858045.2,mtfr2,gene
3,hbs1l,hbs1l,8005080,8030351,+,hbs1l,NC_069725.1,4909069.0,hbs1l,W054,Oreochromis niloticus,GCF_001858045.2,mtfr2,gene
4,aldh8a1,aldh8a1,8033026,8037687,+,aldh8a1,NC_069725.1,4937816.0,aldh8a1,W054,Oreochromis niloticus,GCF_001858045.2,mtfr2,gene
5,sgk1,sgk1,8078333,8113919,+,sgk1,NC_069725.1,4998406.0,sgk1,W054,Oreochromis niloticus,GCF_001858045.2,mtfr2,gene
6,slc2a12,slc2a12,8122122,8132542,+,slc2a12,NC_069725.1,5033615.0,slc2a12,W054,Oreochromis niloticus,GCF_001858045.2,mtfr2,gene
7,tbpl1,tbpl1,8132248,8137575,-,tbpl1,NC_069725.1,5046830.0,tbpl1,W054,Oreochromis niloticus,GCF_001858045.2,mtfr2,gene
8,tcf21,tcf21,8162813,8164082,+,tcf21,NC_069725.1,5079306.0,tcf21,W054,Oreochromis niloticus,GCF_001858045.2,mtfr2,gene
9,LOC100700078,LOC100700078,8183925,8187101,-,,,,,W054,Oreochromis niloticus,GCF_001858045.2,mtfr2,gene
10,eya4,eya4,8194163,8247410,+,eya4,NC_069725.1,5147622.0,eya4,W054,Oreochromis niloticus,GCF_001858045.2,mtfr2,gene
-10,kin,kin,17894561,17903251,-,kin,NC_069727.1,11790912.0,kin,W054,Oreochromis niloticus,GCF_001858045.2,kcnj8,gene
-9,atp5f1c,atp5f1c,17903969,17908405,+,atp5f1c,NC_069727.1,11797717.0,atp5f1c,W054,Oreochromis niloticus,GCF_001858045.2,kcnj8,gene
-8,gata3,gata3,17996463,18013064,+,gata3,NC_069727.1,11894852.0,gata3,W054,Oreochromis niloticus,GCF_001858045.2,kcnj8,gene
-7,celf2,celf2,18661452,18898159,+,celf2,NC_069727.1,12581998.0,celf2,W054,Oreochromis niloticus,GCF_001858045.2,kcnj8,gene
-6,usp6nl,usp6nl,18911226,19006486,+,usp6nl,NC_069727.1,12705812.0,usp6nl,W054,Oreochromis niloticus,GCF_001858045.2,kcnj8,gene
-5,LOC106098457,LOC106098457,19013408,19018543,-,,,,,W054,Oreochromis niloticus,GCF_001858045.2,kcnj8,gene
-4,plxnb2a.1,plxnb2a.1,19031017,19255730,-,,,,,W054,Oreochromis niloticus,GCF_001858045.2,kcnj8,gene
-3,LOC100694247,LOC100694247,19276699,19285263,-,,,,,W054,Oreochromis niloticus,GCF_001858045.2,kcnj8,gene
-2,LOC109194489,LOC109194489,19289584,19296383,-,,,,,W054,Oreochromis niloticus,GCF_001858045.2,kcnj8,gene
-1,abcc9,abcc9,19307138,19378442,+,abcc9,NC_069727.1,10608373.0,abcc9,W054,Oreochromis niloticus,GCF_001858045.2,kcnj8,gene
0,kcnj8,kcnj8,19379340,19389139,+,kcnj8,NC_069727.1,10581395.0,kcnj8,W054,Oreochromis niloticus,GCF_001858045.2,kcnj8,gene
1,LOC112842635,LOC112842635,19388841,19390773,-,,,,,W054,Oreochromis niloticus,GCF_001858045.2,kcnj8,gene
2,trim35-14,trim35-14,19392345,19394812,+,,,,,W054,Oreochromis niloticus,GCF_001858045.2,kcnj8,gene
3,echdc3,echdc3,19400118,19404672,-,echdc3,NC_069718.1,25508871.0,echdc3,W054,Oreochromis niloticus,GCF_001858045.2,kcnj8,gene
4,LOC100695571,LOC100695571,19407833,19418147,-,LOC113532413,NC_069727.1,11506689.0,LOC113532413,W054,Oreochromis niloticus,GCF_001858045.2,kcnj8,gene
5,LOC100695840,LOC100695840,19426671,19437447,-,,,,,W054,Oreochromis niloticus,GCF_001858045.2,kcnj8,gene
6,LOC100696098,LOC100696098,19477070,19524374,+,srgap1b,NC_069727.1,6063856.0,srgap1b,W054,Oreochromis niloticus,GCF_001858045.2,kcnj8,gene
7,kics2,kics2,19525345,19529884,-,kics2,NC_069727.1,6096449.0,kics2,W054,Oreochromis niloticus,GCF_001858045.2,kcnj8,gene
8,tmem19,tmem19,19535700,19544884,+,tmem19,NC_069727.1,8929202.0,tmem19,W054,Oreochromis niloticus,GCF_001858045.2,kcnj8,gene
9,rab3ip,rab3ip,19545260,19558664,-,rab3ip,NC_069727.1,8640064.0,rab3ip,W054,Oreochromis niloticus,GCF_001858045.2,kcnj8,gene
10,proser2,proser2,19557837,19569604,+,LOC113530165,NC_069718.1,25519171.0,LOC113530165,W054,Oreochromis niloticus,GCF_001858045.2,kcnj8,gene
-10,LOC109199871,LOC109199871,34566738,34571037,+,,,,,W054,Oreochromis niloticus,GCF_001858045.2,fhit,gene
-9,LOC100696148,LOC100696148,34702428,34711890,-,,,,,W054,Oreochromis niloticus,GCF_001858045.2,fhit,gene
-8,LOC109202121,LOC109202121,34768100,34769288,-,,,,,W054,Oreochromis niloticus,GCF_001858045.2,fhit,gene
-7,LOC102077985,LOC102077985,34825023,34826933,-,,,,,W054,Oreochromis niloticus,GCF_001858045.2,fhit,gene
-6,LOC100708976,LOC100708976,34843061,35174473,+,,,,,W054,Oreochromis niloticus,GCF_001858045.2,fhit,gene
-5,LOC112846984,LOC112846984,34990763,34997553,-,,,,,W054,Oreochromis niloticus,GCF_001858045.2,fhit,gene
-4,LOC109202168,LOC109202168,34997605,35001387,-,,,,,W054,Oreochromis niloticus,GCF_001858045.2,fhit,gene
-3,fezf2,fezf2,35224765,35229375,+,fezf2,NC_069729.1,4217906.0,fezf2,W054,Oreochromis niloticus,GCF_001858045.2,fhit,gene
-2,LOC112847003,LOC112847003,35312860,35313575,-,,,,,W054,Oreochromis niloticus,GCF_001858045.2,fhit,gene
-1,LOC100709248,LOC100709248,35322614,35726459,-,,,,,W054,Oreochromis niloticus,GCF_001858045.2,fhit,gene
0,fhit,fhit,35759073,35947608,+,fhit,NC_069729.1,5010527.0,fhit,W054,Oreochromis niloticus,GCF_001858045.2,fhit,gene
1,elf3,elf3,35980592,35984362,-,elf3,NC_069729.1,427831.0,elf3,W054,Oreochromis niloticus,GCF_001858045.2,fhit,gene
2,helz2b,helz2b,36105808,36128269,+,helz2a,NC_069720.1,27227265.0,helz2a,W054,Oreochromis niloticus,GCF_001858045.2,fhit,gene
3,LOC100710053,LOC100710053,36130373,36145601,+,stk35l,NC_069711.1,1087193.0,stk35l,W054,Oreochromis niloticus,GCF_001858045.2,fhit,gene
4,LOC100710318,LOC100710318,36154873,36156992,+,si:dkey-78k11.9,NC_069725.1,19402485.0,si:dkey-78k11.9,W054,Oreochromis niloticus,GCF_001858045.2,fhit,gene
5,serinc3,serinc3,36197917,36218099,+,,,,,W054,Oreochromis niloticus,GCF_001858045.2,fhit,gene
6,tp53rk,tp53rk,36236644,36238241,-,tp53rk,NC_069729.1,20639660.0,tp53rk,W054,Oreochromis niloticus,GCF_001858045.2,fhit,gene
7,slc2a10,slc2a10,36240518,36246387,+,slc2a10,NC_069729.1,20645616.0,slc2a10,W054,Oreochromis niloticus,GCF_001858045.2,fhit,gene
8,csnk2a4,csnk2a4,36248910,36267196,-,csnk2a4,NC_069729.1,20666538.0,csnk2a4,W054,Oreochromis niloticus,GCF_001858045.2,fhit,gene
9,LOC100703713,LOC100703713,36279678,36282697,-,,,,,W054,Oreochromis niloticus,GCF_001858045.2,fhit,gene
10,LOC100711115,LOC100711115,36308430,36316981,-,,,,,W054,Oreochromis niloticus,GCF_001858045.2,fhit,gene
-10,cmlc1,cmlc1,19632489,19633368,+,LOC113531068,NC_069736.1,2243675.0,LOC113531068,W054,Oreochromis niloticus,GCF_001858045.2,dnm1,gene
-9,astn2,astn2,19709234,20001245,+,LOC113531323,NC_069736.1,2584224.0,LOC113531323,W054,Oreochromis niloticus,GCF_001858045.2,dnm1,gene
-8,trim32,trim32,19937936,19944868,-,LOC113531325,NC_069736.1,2710863.0,LOC113531325,W054,Oreochromis niloticus,GCF_001858045.2,dnm1,gene
-7,pappaa,pappaa,20005181,20103548,-,pappaa,NC_069736.1,2820155.0,pappaa,W054,Oreochromis niloticus,GCF_001858045.2,dnm1,gene
-6,znf618,znf618,20122177,20166676,-,znf618,NC_069736.1,2896984.0,znf618,W054,Oreochromis niloticus,GCF_001858045.2,dnm1,gene
-5,rgs3a,rgs3a,20206975,20326357,-,rgs3a,NC_069736.1,3076468.0,rgs3a,W054,Oreochromis niloticus,GCF_001858045.2,dnm1,gene
-4,rabepk,rabepk,20368138,20377419,+,rabepk,NC_069736.1,3171246.0,rabepk,W054,Oreochromis niloticus,GCF_001858045.2,dnm1,gene
-3,LOC100706160,LOC100706160,20377397,20380924,-,,,,,W054,Oreochromis niloticus,GCF_001858045.2,dnm1,gene
-2,LOC100708428,LOC100708428,20384266,20387778,-,hspa5,NC_069736.1,3176307.0,hspa5,W054,Oreochromis niloticus,GCF_001858045.2,dnm1,gene
-1,golga2,golga2,20390201,20407863,+,golga2,NC_069736.1,3415710.0,golga2,W054,Oreochromis niloticus,GCF_001858045.2,dnm1,gene
0,dnm1a,dnm1a,20410972,20462287,-,dnm1a,NC_069736.1,3372282.0,dnm1a,W054,Oreochromis niloticus,GCF_001858045.2,dnm1,gene
1,ciz1a,ciz1a,20463028,20471883,+,ciz1a,NC_069736.1,3328682.0,ciz1a,W054,Oreochromis niloticus,GCF_001858045.2,dnm1,gene
2,bbln,bbln,20472358,20474372,-,bbln,NC_069736.1,3321078.0,bbln,W054,Oreochromis niloticus,GCF_001858045.2,dnm1,gene
3,surf2,surf2,20474661,20478567,+,surf2,NC_069736.1,3318695.0,surf2,W054,Oreochromis niloticus,GCF_001858045.2,dnm1,gene
4,surf4,surf4,20480112,20488051,+,surf4,NC_069736.1,3304970.0,surf4,W054,Oreochromis niloticus,GCF_001858045.2,dnm1,gene
5,ass1,ass1,20503690,20535945,+,ass1,NC_069736.1,3283533.0,ass1,W054,Oreochromis niloticus,GCF_001858045.2,dnm1,gene
6,fubp3,fubp3,20549359,20579384,+,fubp3,NC_069736.1,3243373.0,fubp3,W054,Oreochromis niloticus,GCF_001858045.2,dnm1,gene
7,prdm12a,prdm12a,20583562,20587398,+,prdm12b,NC_069733.1,5932655.0,prdm12b,W054,Oreochromis niloticus,GCF_001858045.2,dnm1,gene
8,fbxw5,fbxw5,20590796,20601254,+,fbxw5,NC_069736.1,5078620.0,fbxw5,W054,Oreochromis niloticus,GCF_001858045.2,dnm1,gene
9,traf2b,traf2b,20603224,20618169,-,traf2b,NC_069736.1,5102844.0,traf2b,W054,Oreochromis niloticus,GCF_001858045.2,dnm1,gene
10,coq4,coq4,20618215,20626096,+,coq4,NC_069736.1,5113786.0,coq4,W054,Oreochromis niloticus,GCF_001858045.2,dnm1,gene
-10,LOC100704092,LOC100704092,6660711,6665612,+,LOC113532302,NC_069727.1,15349822.0,LOC113532302,W054,Oreochromis niloticus,GCF_001858045.2,cald1,gene
-9,tmem209,tmem209,6673030,6678506,+,tmem209,NC_069727.1,16002143.0,tmem209,W054,Oreochromis niloticus,GCF_001858045.2,cald1,gene
-8,ahcyl2b,ahcyl2b,6679418,6728245,+,ahcyl2b,NC_069727.1,15973980.0,ahcyl2b,W054,Oreochromis niloticus,GCF_001858045.2,cald1,gene
-7,strip2,strip2,6729971,6763963,+,strip2,NC_069727.1,15934433.0,strip2,W054,Oreochromis niloticus,GCF_001858045.2,cald1,gene
-6,morn2,morn2,6764344,6766699,-,morn2,NC_069719.1,3641007.0,morn2,W054,Oreochromis niloticus,GCF_001858045.2,cald1,gene
-5,dhx57,dhx57,6766855,6776960,+,dhx57,NC_069712.1,17830632.0,dhx57,W054,Oreochromis niloticus,GCF_001858045.2,cald1,gene
-4,smkr1,smkr1,6777061,6778178,+,LOC113532261,NC_069727.1,15905210.0,LOC113532261,W054,Oreochromis niloticus,GCF_001858045.2,cald1,gene
-3,stmp1,stmp1,6777801,6780587,-,stmp1,NC_069727.1,2847683.0,stmp1,W054,Oreochromis niloticus,GCF_001858045.2,cald1,gene
-2,LOC100699313,LOC100699313,6780675,6792844,+,,,,,W054,Oreochromis niloticus,GCF_001858045.2,cald1,gene
-1,tnnt2e,tnnt2e,6792519,6810722,-,tnnt2e,NC_069727.1,16077284.0,tnnt2e,W054,Oreochromis niloticus,GCF_001858045.2,cald1,gene
0,cald1a,cald1a,6812355,6877801,-,cald1a,NC_069727.1,16111117.0,cald1a,W054,Oreochromis niloticus,GCF_001858045.2,cald1,gene
1,lrrn3b,lrrn3b,7037405,7053411,+,LOC113531730,NC_069727.1,16265352.0,LOC113531730,W054,Oreochromis niloticus,GCF_001858045.2,cald1,gene
2,dock4b,dock4b,7280932,7419917,-,dock4b,NC_069727.1,16465779.0,dock4b,W054,Oreochromis niloticus,GCF_001858045.2,cald1,gene
3,ifrd1,ifrd1,7454617,7460721,+,ifrd1,NC_069727.1,16557095.0,ifrd1,W054,Oreochromis niloticus,GCF_001858045.2,cald1,gene
4,tmem168a,tmem168a,7512114,7524860,-,tmem168a,NC_069727.1,16596546.0,tmem168a,W054,Oreochromis niloticus,GCF_001858045.2,cald1,gene
5,gpr85,gpr85,7577020,7581732,-,gpr85,NC_069727.1,16668469.0,gpr85,W054,Oreochromis niloticus,GCF_001858045.2,cald1,gene
6,LOC112842701,LOC112842701,7583152,7583935,-,LOC113532190,NC_069727.1,16676517.0,LOC113532190,W054,Oreochromis niloticus,GCF_001858045.2,cald1,gene
7,ppp1r3aa,ppp1r3aa,7625850,7638406,-,ppp1r3aa,NC_069727.1,16714057.0,ppp1r3aa,W054,Oreochromis niloticus,GCF_001858045.2,cald1,gene
8,foxp2,foxp2,7679303,7735612,+,foxp2,NC_069727.1,16769203.0,foxp2,W054,Oreochromis niloticus,GCF_001858045.2,cald1,gene
9,mdfic,mdfic,7741170,7797411,+,mdfic,NC_069727.1,16854446.0,mdfic,W054,Oreochromis niloticus,GCF_001858045.2,cald1,gene
10,tfec,tfec,7973336,8021757,-,tfec,NC_069727.1,17043008.0,tfec,W054,Oreochromis niloticus,GCF_001858045.2,cald1,gene
-10,sfmbt2,sfmbt2,17788641,17846495,-,sfmbt2,NC_069727.1,11686123.0,sfmbt2,W054,Oreochromis niloticus,GCF_001858045.2,plxnb2,gene
-9,tmem110l,tmem110l,17853161,17866192,+,,,,,W054,Oreochromis niloticus,GCF_001858045.2,plxnb2,gene
-8,itih5,itih5,17866066,17885236,-,itih5,NC_069727.1,11753544.0,itih5,W054,Oreochromis niloticus,GCF_001858045.2,plxnb2,gene
-7,itih2,itih2,17885298,17894751,+,itih2,NC_069727.1,11778318.0,itih2,W054,Oreochromis niloticus,GCF_001858045.2,plxnb2,gene
-6,kin,kin,17894561,17903251,-,kin,NC_069727.1,11790912.0,kin,W054,Oreochromis niloticus,GCF_001858045.2,plxnb2,gene
-5,atp5f1c,atp5f1c,17903969,17908405,+,atp5f1c,NC_069727.1,11797717.0,atp5f1c,W054,Oreochromis niloticus,GCF_001858045.2,plxnb2,gene
-4,gata3,gata3,17996463,18013064,+,gata3,NC_069727.1,11894852.0,gata3,W054,Oreochromis niloticus,GCF_001858045.2,plxnb2,gene
-3,celf2,celf2,18661452,18898159,+,celf2,NC_069727.1,12581998.0,celf2,W054,Oreochromis niloticus,GCF_001858045.2,plxnb2,gene
-2,usp6nl,usp6nl,18911226,19006486,+,usp6nl,NC_069727.1,12705812.0,usp6nl,W054,Oreochromis niloticus,GCF_001858045.2,plxnb2,gene
-1,LOC106098457,LOC106098457,19013408,19018543,-,,,,,W054,Oreochromis niloticus,GCF_001858045.2,plxnb2,gene
0,plxnb2a.1,plxnb2a.1,19031017,19255730,-,,,,,W054,Oreochromis niloticus,GCF_001858045.2,plxnb2,gene
1,LOC100694247,LOC100694247,19276699,19285263,-,,,,,W054,Oreochromis niloticus,GCF_001858045.2,plxnb2,gene
2,LOC109194489,LOC109194489,19289584,19296383,-,,,,,W054,Oreochromis niloticus,GCF_001858045.2,plxnb2,gene
3,abcc9,abcc9,19307138,19378442,+,abcc9,NC_069727.1,10608373.0,abcc9,W054,Oreochromis niloticus,GCF_001858045.2,plxnb2,gene
4,kcnj8,kcnj8,19379340,19389139,+,kcnj8,NC_069727.1,10581395.0,kcnj8,W054,Oreochromis niloticus,GCF_001858045.2,plxnb2,gene
5,LOC112842635,LOC112842635,19388841,19390773,-,,,,,W054,Oreochromis niloticus,GCF_001858045.2,plxnb2,gene
6,trim35-14,trim35-14,19392345,19394812,+,,,,,W054,Oreochromis niloticus,GCF_001858045.2,plxnb2,gene
7,echdc3,echdc3,19400118,19404672,-,echdc3,NC_069718.1,25508871.0,echdc3,W054,Oreochromis niloticus,GCF_001858045.2,plxnb2,gene
8,LOC100695571,LOC100695571,19407833,19418147,-,LOC113532413,NC_069727.1,11506689.0,LOC113532413,W054,Oreochromis niloticus,GCF_001858045.2,plxnb2,gene
9,LOC100695840,LOC100695840,19426671,19437447,-,,,,,W054,Oreochromis niloticus,GCF_001858045.2,plxnb2,gene
10,LOC100696098,LOC100696098,19477070,19524374,+,srgap1b,NC_069727.1,6063856.0,srgap1b,W054,Oreochromis niloticus,GCF_001858045.2,plxnb2,gene
-10,LOC100690278,LOC100690278,46890135,46893391,-,,,,,W054,Oreochromis niloticus,GCF_001858045.2,nuak1,gene
-9,aplnr2,aplnr2,46894738,46898350,+,aplnr2,NC_069734.1,12799343.0,aplnr2,W054,Oreochromis niloticus,GCF_001858045.2,nuak1,gene
-8,hdac10,hdac10,46898137,46905192,+,hdac10,NC_069718.1,23616601.0,hdac10,W054,Oreochromis niloticus,GCF_001858045.2,nuak1,gene
-7,parvb,parvb,46906695,46924284,+,parvb,NC_069718.1,23633880.0,parvb,W054,Oreochromis niloticus,GCF_001858045.2,nuak1,gene
-6,parvg,parvg,46927364,46939996,+,parvg,NC_069718.1,23647930.0,parvg,W054,Oreochromis niloticus,GCF_001858045.2,nuak1,gene
-5,shisal1b,shisal1b,46952263,47054814,-,shisal1a,NC_069727.1,10496168.0,shisal1a,W054,Oreochromis niloticus,GCF_001858045.2,nuak1,gene
-4,LOC100711829,LOC100711829,47061070,47193787,+,plxnb2b,NC_069718.1,23823476.0,plxnb2b,W054,Oreochromis niloticus,GCF_001858045.2,nuak1,gene
-3,tubgcp6,tubgcp6,47197950,47222251,+,tubgcp6,NC_069718.1,23905188.0,tubgcp6,W054,Oreochromis niloticus,GCF_001858045.2,nuak1,gene
-2,appl2,appl2,47222471,47239185,-,appl2,NC_069718.1,23937179.0,appl2,W054,Oreochromis niloticus,GCF_001858045.2,nuak1,gene
-1,c25h12orf75,c25h12orf75,47243534,47255402,+,LOC113529608,NC_069718.1,23971646.0,LOC113529608,W054,Oreochromis niloticus,GCF_001858045.2,nuak1,gene
0,nuak1b,nuak1b,47310807,47329134,-,nuak1b,NC_069718.1,24045553.0,nuak1b,W054,Oreochromis niloticus,GCF_001858045.2,nuak1,gene
1,mov10l1,mov10l1,47332794,47342643,+,mov10l1,NC_069718.1,20275620.0,mov10l1,W054,Oreochromis niloticus,GCF_001858045.2,nuak1,gene
2,szl,szl,47342823,47349479,+,szl,NC_069718.1,20287200.0,szl,W054,Oreochromis niloticus,GCF_001858045.2,nuak1,gene
3,nell2a,nell2a,47362188,47443881,+,nell2a,NC_069718.1,20345540.0,nell2a,W054,Oreochromis niloticus,GCF_001858045.2,nuak1,gene
4,tmem117,tmem117,47451988,47500124,-,tmem117,NC_069718.1,20420113.0,tmem117,W054,Oreochromis niloticus,GCF_001858045.2,nuak1,gene
5,LOC112847337,LOC112847337,47478919,47492474,+,LOC113529538,NC_069718.1,20430725.0,LOC113529538,W054,Oreochromis niloticus,GCF_001858045.2,nuak1,gene
6,twf1a,twf1a,47504353,47512775,+,twf1a,NC_069718.1,20455459.0,twf1a,W054,Oreochromis niloticus,GCF_001858045.2,nuak1,gene
7,irak4,irak4,47511926,47518613,-,irak4,NC_069718.1,20464889.0,irak4,W054,Oreochromis niloticus,GCF_001858045.2,nuak1,gene
8,LOC100709964,LOC100709964,47551887,47627557,+,LOC113529760,NC_069718.1,20542875.0,LOC113529760,W054,Oreochromis niloticus,GCF_001858045.2,nuak1,gene
9,LOC102076862,LOC102076862,47643698,47645732,-,,,,,W054,Oreochromis niloticus,GCF_001858045.2,nuak1,gene
10,prickle1a,prickle1a,47690078,47713849,+,prickle1a,NC_069718.1,20656451.0,prickle1a,W054,Oreochromis niloticus,GCF_001858045.2,nuak1,gene
-10,LOC100706913,LOC100706913,47731198,47735914,+,,,,,W054,Oreochromis niloticus,GCF_001858045.2,bpgm,gene
-9,gxylt1a,gxylt1a,47736347,47745593,+,LOC113529530,NC_069718.1,20710912.0,LOC113529530,W054,Oreochromis niloticus,GCF_001858045.2,bpgm,gene
-8,LOC100706642,LOC100706642,47786731,47899299,-,pdzrn4,NC_069718.1,20780026.0,pdzrn4,W054,Oreochromis niloticus,GCF_001858045.2,bpgm,gene
-7,cntn1a,cntn1a,47899454,47959370,-,cntn1a,NC_069718.1,20914145.0,cntn1a,W054,Oreochromis niloticus,GCF_001858045.2,bpgm,gene
-6,LOC100708883,LOC100708883,47966672,48041111,-,nrcama,NC_069718.1,20995276.0,nrcama,W054,Oreochromis niloticus,GCF_001858045.2,bpgm,gene
-5,LOC100708614,LOC100708614,48047284,48072167,-,pnpla8,NC_069718.1,21054428.0,pnpla8,W054,Oreochromis niloticus,GCF_001858045.2,bpgm,gene
-4,dnajb9a,dnajb9a,48072433,48074785,+,dnajb9a,NC_069716.1,23486627.0,dnajb9a,W054,Oreochromis niloticus,GCF_001858045.2,bpgm,gene
-3,dnm1l,dnm1l,48075739,48085789,+,dnm1l,NC_069716.1,23496699.0,dnm1l,W054,Oreochromis niloticus,GCF_001858045.2,bpgm,gene
-2,tnnt2d,tnnt2d,48085879,48089888,-,tnnt2d,NC_069716.1,23507571.0,tnnt2d,W054,Oreochromis niloticus,GCF_001858045.2,bpgm,gene
-1,LOC100708341,LOC100708341,48090154,48110679,-,,,,,W054,Oreochromis niloticus,GCF_001858045.2,bpgm,gene
0,bpgm,bpgm,48120135,48123245,-,bpgm,NC_069716.1,23557027.0,bpgm,W054,Oreochromis niloticus,GCF_001858045.2,bpgm,gene
1,LOC100705217,LOC100705217,48126759,48139363,-,LOC113528756,NC_069716.1,23573188.0,LOC113528756,W054,Oreochromis niloticus,GCF_001858045.2,bpgm,gene
2,tnni4b.2,tnni4b.2,48135541,48138355,-,,,,,W054,Oreochromis niloticus,GCF_001858045.2,bpgm,gene
3,LOC100704512,LOC100704512,48140541,48144466,-,,,,,W054,Oreochromis niloticus,GCF_001858045.2,bpgm,gene
4,LOC102079242,LOC102079242,48146397,48151701,+,LOC113529289,NC_069716.1,23585331.0,LOC113529289,W054,Oreochromis niloticus,GCF_001858045.2,bpgm,gene
5,zgc:136858,zgc:136858,48151817,48161047,+,zgc:136858,NC_069716.1,23596429.0,zgc:136858,W054,Oreochromis niloticus,GCF_001858045.2,bpgm,gene
6,cnot4a,cnot4a,48161859,48171386,+,cnot4a,NC_069716.1,23610478.0,cnot4a,W054,Oreochromis niloticus,GCF_001858045.2,bpgm,gene
7,kcna1a,kcna1a,48183883,48192810,-,kcna1a,NC_069716.1,23634615.0,kcna1a,W054,Oreochromis niloticus,GCF_001858045.2,bpgm,gene
8,LOC100707533,LOC100707533,48194262,48197594,-,,,,,W054,Oreochromis niloticus,GCF_001858045.2,bpgm,gene
9,LOC102079147,LOC102079147,48208188,48210321,-,LOC113529696,NC_069718.1,15959975.0,LOC113529696,W054,Oreochromis niloticus,GCF_001858045.2,bpgm,gene
10,LOC100702982,LOC100702982,48214231,48218428,-,,,,,W054,Oreochromis niloticus,GCF_001858045.2,bpgm,gene
-10,LOC127508310,LOC127508310,3424380,3437971,-,,,,,W056,Ctenopharyngodon idella,GCF_019924925.1,UBL5,gene
-9,LOC127508295,LOC127508295,3438217,3444005,-,,,,,W056,Ctenopharyngodon idella,GCF_019924925.1,UBL5,gene
-8,LOC127517944,LOC127517944,3448421,3464592,-,,,,,W056,Ctenopharyngodon idella,GCF_019924925.1,UBL5,gene
-7,LOC127517972,LOC127517972,3465704,3488002,-,,,,,W056,Ctenopharyngodon idella,GCF_019924925.1,UBL5,gene
-6,LOC127517963,LOC127517963,3500317,3515109,-,,,,,W056,Ctenopharyngodon idella,GCF_019924925.1,UBL5,gene
-5,trip10b,trip10b,3515257,3527650,+,trip10b,NC_069735.1,18403555.0,trip10b,W056,Ctenopharyngodon idella,GCF_019924925.1,UBL5,gene
-4,LOC127518352,LOC127518352,3529843,3537299,+,,,,,W056,Ctenopharyngodon idella,GCF_019924925.1,UBL5,gene
-3,sh2d3a,sh2d3a,3537645,3549593,-,sh2d3a,NC_069735.1,18422200.0,sh2d3a,W056,Ctenopharyngodon idella,GCF_019924925.1,UBL5,gene
-2,LOC127517981,LOC127517981,3552863,3578773,+,LOC113525128,NC_069735.1,18464191.0,LOC113525128,W056,Ctenopharyngodon idella,GCF_019924925.1,UBL5,gene
-1,LOC127518372,LOC127518372,3572765,3582117,-,,,,,W056,Ctenopharyngodon idella,GCF_019924925.1,UBL5,gene
0,LOC127518363,LOC127518363,3578807,3582117,-,ubl5,NC_069735.1,18503631.0,ubl5,W056,Ctenopharyngodon idella,GCF_019924925.1,UBL5,gene
1,pin1,pin1,3583384,3586300,+,pin1,NC_069735.1,18512619.0,pin1,W056,Ctenopharyngodon idella,GCF_019924925.1,UBL5,gene
2,LOC127518316,LOC127518316,3587114,3630152,+,,,,,W056,Ctenopharyngodon idella,GCF_019924925.1,UBL5,gene
3,LOC127518338,LOC127518338,3587297,3607300,+,,,,,W056,Ctenopharyngodon idella,GCF_019924925.1,UBL5,gene
4,LOC127518334,LOC127518334,3601635,3602939,-,,,,,W056,Ctenopharyngodon idella,GCF_019924925.1,UBL5,gene
5,LOC127518260,LOC127518260,3610723,3636524,-,,,,,W056,Ctenopharyngodon idella,GCF_019924925.1,UBL5,gene
6,LOC127518331,LOC127518331,3627854,3637519,+,LOC117596145,NC_069735.1,18572244.0,LOC117596145,W056,Ctenopharyngodon idella,GCF_019924925.1,UBL5,gene
7,LOC127518299,LOC127518299,3659242,3660611,-,LOC113525124,NC_069735.1,18521778.0,LOC113525124,W056,Ctenopharyngodon idella,GCF_019924925.1,UBL5,gene
8,LOC127518303,LOC127518303,3681272,3689744,-,,,,,W056,Ctenopharyngodon idella,GCF_019924925.1,UBL5,gene
9,LOC127518272,LOC127518272,3688415,3700737,-,,,,,W056,Ctenopharyngodon idella,GCF_019924925.1,UBL5,gene
10,LOC127518286,LOC127518286,3691254,3700551,-,,,,,W056,Ctenopharyngodon idella,GCF_019924925.1,UBL5,gene
-10,samd7,samd7,6266138,6288624,-,samd7,NC_069713.1,27592987.0,samd7,W056,Ctenopharyngodon idella,GCF_019924925.1,GNG7,gene
-9,apoda.2,apoda.2,6289338,6295312,-,,,,,W056,Ctenopharyngodon idella,GCF_019924925.1,GNG7,gene
-8,apoda.1,apoda.1,6293992,6296809,+,apoda.1,NC_069713.1,27521351.0,apoda.1,W056,Ctenopharyngodon idella,GCF_019924925.1,GNG7,gene
-7,copa,copa,6297561,6315304,-,copa,NC_069713.1,27531331.0,copa,W056,Ctenopharyngodon idella,GCF_019924925.1,GNG7,gene
-6,pex19,pex19,6317769,6323163,-,pex19,NC_069713.1,27542287.0,pex19,W056,Ctenopharyngodon idella,GCF_019924925.1,GNG7,gene
-5,tspan37,tspan37,6323546,6329128,+,,,,,W056,Ctenopharyngodon idella,GCF_019924925.1,GNG7,gene
-4,elavl1a,elavl1a,6329079,6338628,+,elavl1a,NC_069713.1,27604305.0,elavl1a,W056,Ctenopharyngodon idella,GCF_019924925.1,GNG7,gene
-3,slc1a8b,slc1a8b,6337920,6358558,-,,,,,W056,Ctenopharyngodon idella,GCF_019924925.1,GNG7,gene
-2,zgc:101744,zgc:101744,6358501,6366167,+,zgc:101744,NC_069713.1,27613672.0,zgc:101744,W056,Ctenopharyngodon idella,GCF_019924925.1,GNG7,gene
-1,diras1b,diras1b,6372879,6397517,+,,,,,W056,Ctenopharyngodon idella,GCF_019924925.1,GNG7,gene
0,gng7,gng7,6404506,6441909,+,gng7,NC_069713.1,27628395.0,gng7,W056,Ctenopharyngodon idella,GCF_019924925.1,GNG7,gene
1,gadd45bb,gadd45bb,6463123,6465317,-,,,,,W056,Ctenopharyngodon idella,GCF_019924925.1,GNG7,gene
2,map1sb,map1sb,6470080,6479616,+,map1sb,NC_069713.1,27551991.0,map1sb,W056,Ctenopharyngodon idella,GCF_019924925.1,GNG7,gene
3,LOC127499753,LOC127499753,6482609,6488810,+,,,,,W056,Ctenopharyngodon idella,GCF_019924925.1,GNG7,gene
4,LOC127499767,LOC127499767,6489493,6493198,+,ifi44c2,NC_069713.1,27504682.0,ifi44c2,W056,Ctenopharyngodon idella,GCF_019924925.1,GNG7,gene
5,rabgap1l2,rabgap1l2,6493347,6500707,-,,,,,W056,Ctenopharyngodon idella,GCF_019924925.1,GNG7,gene
6,fam163aa,fam163aa,6504810,6505247,-,,,,,W056,Ctenopharyngodon idella,GCF_019924925.1,GNG7,gene
7,nrd1a,nrd1a,6529927,6547290,-,,,,,W056,Ctenopharyngodon idella,GCF_019924925.1,GNG7,gene
8,slitrk3b,slitrk3b,6550606,6557907,+,slitrk3b,NC_069713.1,27461480.0,slitrk3b,W056,Ctenopharyngodon idella,GCF_019924925.1,GNG7,gene
9,pdcd10b,pdcd10b,6618384,6626053,-,pdcd10b,NC_069713.1,27445422.0,pdcd10b,W056,Ctenopharyngodon idella,GCF_019924925.1,GNG7,gene
10,golim4b,golim4b,6626214,6639734,-,,,,,W056,Ctenopharyngodon idella,GCF_019924925.1,GNG7,gene
-10,rgs14a,rgs14a,22740599,22761098,-,rgs14a,NC_069718.1,9285337.0,rgs14a,W056,Ctenopharyngodon idella,GCF_019924925.1,SLC16A2,gene
-9,LOC127494231,LOC127494231,22764633,22771508,+,,,,,W056,Ctenopharyngodon idella,GCF_019924925.1,SLC16A2,gene
-8,arl3l2,arl3l2,22773177,22777748,+,,,,,W056,Ctenopharyngodon idella,GCF_019924925.1,SLC16A2,gene
-7,LOC127494764,LOC127494764,22788047,22804395,-,LOC113530022,NC_069718.1,9247547.0,LOC113530022,W056,Ctenopharyngodon idella,GCF_019924925.1,SLC16A2,gene
-6,myoz3a,myoz3a,22807081,22819261,+,myoz3a,NC_069718.1,9232582.0,myoz3a,W056,Ctenopharyngodon idella,GCF_019924925.1,SLC16A2,gene
-5,LOC127494658,LOC127494658,22819185,22827010,-,,,,,W056,Ctenopharyngodon idella,GCF_019924925.1,SLC16A2,gene
-4,acsl1b,acsl1b,22827885,22853660,-,acsl1b,NC_069718.1,9208972.0,acsl1b,W056,Ctenopharyngodon idella,GCF_019924925.1,SLC16A2,gene
-3,arsia,arsia,22856111,22860276,-,arsia,NC_069718.1,12430068.0,arsia,W056,Ctenopharyngodon idella,GCF_019924925.1,SLC16A2,gene
-2,tcof1,tcof1,22870219,22879227,+,tcof1,NC_069718.1,12407523.0,tcof1,W056,Ctenopharyngodon idella,GCF_019924925.1,SLC16A2,gene
-1,f8,f8,22883004,22908024,+,f8,NC_069722.1,21302193.0,f8,W056,Ctenopharyngodon idella,GCF_019924925.1,SLC16A2,gene
0,slc16a2,slc16a2,22916273,22959693,-,slc16a2,NC_069722.1,21340174.0,slc16a2,W056,Ctenopharyngodon idella,GCF_019924925.1,SLC16A2,gene
1,si:ch1073-303k11.2,si:ch1073-303k11.2,22967317,22971583,+,si:ch1073-303k11.2,NC_069722.1,21378786.0,si:ch1073-303k11.2,W056,Ctenopharyngodon idella,GCF_019924925.1,SLC16A2,gene
2,sec24b,sec24b,22973507,22999237,+,sec24b,NC_069722.1,21400180.0,sec24b,W056,Ctenopharyngodon idella,GCF_019924925.1,SLC16A2,gene
3,hopx,hopx,23014876,23021074,+,hopx,NC_069722.1,21429984.0,hopx,W056,Ctenopharyngodon idella,GCF_019924925.1,SLC16A2,gene
4,arl9,arl9,23033211,23038393,-,arl9,NC_069722.1,21448810.0,arl9,W056,Ctenopharyngodon idella,GCF_019924925.1,SLC16A2,gene
5,srp72,srp72,23039785,23052129,-,srp72,NC_069722.1,21459517.0,srp72,W056,Ctenopharyngodon idella,GCF_019924925.1,SLC16A2,gene
6,adad1,adad1,23056346,23082102,+,adad1,NC_069718.1,12384071.0,adad1,W056,Ctenopharyngodon idella,GCF_019924925.1,SLC16A2,gene
7,LOC127494200,LOC127494200,23087475,23089256,-,,,,,W056,Ctenopharyngodon idella,GCF_019924925.1,SLC16A2,gene
8,il21,il21,23110588,23116301,-,,,,,W056,Ctenopharyngodon idella,GCF_019924925.1,SLC16A2,gene
9,cetn4,cetn4,23135339,23143910,-,cetn4,NC_069718.1,12334770.0,cetn4,W056,Ctenopharyngodon idella,GCF_019924925.1,SLC16A2,gene
10,bbs12,bbs12,23135993,23147281,+,bbs12,NC_069718.1,12328515.0,bbs12,W056,Ctenopharyngodon idella,GCF_019924925.1,SLC16A2,gene
-10,ABG768_014424,ABG768_014424,29132068,29137562,+,heca,NC_069739.1,12380046.0,heca,W057,Culter alburnus,GCA_040182925.1,aig1,gene
-9,ABG768_014425,ABG768_014425,29143713,29170494,-,txlnba,NC_069739.1,12365197.0,txlnba,W057,Culter alburnus,GCA_040182925.1,aig1,gene
-8,ABG768_014426,ABG768_014426,29185822,29188232,-,,,,,W057,Culter alburnus,GCA_040182925.1,aig1,gene
-7,ABG768_014427,ABG768_014427,29395783,29406065,-,,,,,W057,Culter alburnus,GCA_040182925.1,aig1,gene
-6,ABG768_014428,ABG768_014428,29410875,29412886,+,,,,,W057,Culter alburnus,GCA_040182925.1,aig1,gene
-5,ABG768_014429,ABG768_014429,29414463,29455757,+,vta1,NC_069739.1,12341109.0,vta1,W057,Culter alburnus,GCA_040182925.1,aig1,gene
-4,ABG768_014430,ABG768_014430,29462627,29503469,+,adgrg6,NC_069739.1,12301698.0,adgrg6,W057,Culter alburnus,GCA_040182925.1,aig1,gene
-3,ABG768_014431,ABG768_014431,29508285,29513241,-,si:ch211-202p1.5,NC_069739.1,12272708.0,si:ch211-202p1.5,W057,Culter alburnus,GCA_040182925.1,aig1,gene
-2,ABG768_014432,ABG768_014432,29525870,29570335,-,hivep2a,NC_069739.1,12029294.0,hivep2a,W057,Culter alburnus,GCA_040182925.1,aig1,gene
-1,ABG768_014433,ABG768_014433,29592355,29592756,+,,,,,W057,Culter alburnus,GCA_040182925.1,aig1,gene
0,ABG768_014434,ABG768_014434,29621420,29660332,+,aig1,NC_069739.1,12099479.0,aig1,W057,Culter alburnus,GCA_040182925.1,aig1,gene
1,ABG768_014435,ABG768_014435,29670116,29677298,-,adat2,NC_069739.1,12129311.0,adat2,W057,Culter alburnus,GCA_040182925.1,aig1,gene
2,ABG768_014436,ABG768_014436,29677476,29685068,+,pex3,NC_069739.1,12138178.0,pex3,W057,Culter alburnus,GCA_040182925.1,aig1,gene
3,ABG768_014437,ABG768_014437,29698127,29703106,+,atf3,NC_069739.1,12154522.0,atf3,W057,Culter alburnus,GCA_040182925.1,aig1,gene
4,ABG768_014438,ABG768_014438,29707596,29708428,-,batf3,NC_069739.1,12167465.0,batf3,W057,Culter alburnus,GCA_040182925.1,aig1,gene
5,ABG768_014439,ABG768_014439,29713470,29718285,-,nsl1,NC_069739.1,12173680.0,nsl1,W057,Culter alburnus,GCA_040182925.1,aig1,gene
6,ABG768_014440,ABG768_014440,29718371,29723142,+,,,,,W057,Culter alburnus,GCA_040182925.1,aig1,gene
7,ABG768_014441,ABG768_014441,29723229,29723608,-,LOC113529329,NC_069739.1,12187811.0,LOC113529329,W057,Culter alburnus,GCA_040182925.1,aig1,gene
8,ABG768_014442,ABG768_014442,29727386,29735876,+,flvcr1,NC_069739.1,12196259.0,flvcr1,W057,Culter alburnus,GCA_040182925.1,aig1,gene
9,ABG768_014443,ABG768_014443,29742196,29774972,+,,,,,W057,Culter alburnus,GCA_040182925.1,aig1,gene
10,ABG768_014444,ABG768_014444,29781438,29788320,-,angel2,NC_069739.1,12233389.0,angel2,W057,Culter alburnus,GCA_040182925.1,aig1,gene
-10,ABG768_023011,ABG768_023011,35785901,35787480,+,LOC113537065,NC_069733.1,14174388.0,LOC113537065,W057,Culter alburnus,GCA_040182925.1,cacna1b,gene
-9,ABG768_023012,ABG768_023012,35795588,35797175,+,,,,,W057,Culter alburnus,GCA_040182925.1,cacna1b,gene
-8,ABG768_023013,ABG768_023013,35804966,35832016,-,npdc1b,NC_069733.1,14193252.0,npdc1b,W057,Culter alburnus,GCA_040182925.1,cacna1b,gene
-7,ABG768_023014,ABG768_023014,35835055,35860269,-,niban2b,NC_069733.1,14231506.0,niban2b,W057,Culter alburnus,GCA_040182925.1,cacna1b,gene
-6,ABG768_023015,ABG768_023015,35861589,35872922,+,stxbp1b,NC_069733.1,14263504.0,stxbp1b,W057,Culter alburnus,GCA_040182925.1,cacna1b,gene
-5,ABG768_023016,ABG768_023016,35876285,35941083,-,whrnb,NC_069733.1,14315832.0,whrnb,W057,Culter alburnus,GCA_040182925.1,cacna1b,gene
-4,ABG768_023017,ABG768_023017,35945509,35955973,-,noxa1,NC_069733.1,14373008.0,noxa1,W057,Culter alburnus,GCA_040182925.1,cacna1b,gene
-3,ABG768_023018,ABG768_023018,35957807,35964504,+,dpp7,NC_069733.1,14383704.0,dpp7,W057,Culter alburnus,GCA_040182925.1,cacna1b,gene
-2,ABG768_023019,ABG768_023019,35964905,35972103,-,man1b1b,NC_069733.1,14395415.0,man1b1b,W057,Culter alburnus,GCA_040182925.1,cacna1b,gene
-1,ABG768_023020,ABG768_023020,35974330,36022024,-,si:dkey-61l1.4,NC_069733.1,14436116.0,si:dkey-61l1.4,W057,Culter alburnus,GCA_040182925.1,cacna1b,gene
0,ABG768_023021,ABG768_023021,36025365,36160082,-,cacna1ba,NC_069733.1,14533559.0,cacna1ba,W057,Culter alburnus,GCA_040182925.1,cacna1b,gene
1,ABG768_023022,ABG768_023022,36163746,36180739,-,ehmt1a,NC_069733.1,14608741.0,ehmt1a,W057,Culter alburnus,GCA_040182925.1,cacna1b,gene
2,ABG768_023023,ABG768_023023,36182025,36190710,-,arrdc1a,NC_069733.1,14627053.0,arrdc1a,W057,Culter alburnus,GCA_040182925.1,cacna1b,gene
3,ABG768_023024,ABG768_023024,36192096,36193145,-,LOC113537144,NC_069733.1,14644192.0,LOC113537144,W057,Culter alburnus,GCA_040182925.1,cacna1b,gene
4,ABG768_023025,ABG768_023025,36200132,36207170,-,nelfb,NC_069733.1,14656896.0,nelfb,W057,Culter alburnus,GCA_040182925.1,cacna1b,gene
5,ABG768_023026,ABG768_023026,36208787,36214304,-,,,,,W057,Culter alburnus,GCA_040182925.1,cacna1b,gene
6,ABG768_023027,ABG768_023027,36219914,36231194,-,LOC113536885,NC_069733.1,14670422.0,LOC113536885,W057,Culter alburnus,GCA_040182925.1,cacna1b,gene
7,ABG768_023028,ABG768_023028,36241801,36266510,-,grin1b,NC_069733.1,14702788.0,grin1b,W057,Culter alburnus,GCA_040182925.1,cacna1b,gene
8,ABG768_023029,ABG768_023029,36272738,36292940,+,tsc1a,NC_069733.1,14733406.0,tsc1a,W057,Culter alburnus,GCA_040182925.1,cacna1b,gene
9,ABG768_023030,ABG768_023030,36293037,36294354,-,spaca9,NC_069733.1,14743048.0,spaca9,W057,Culter alburnus,GCA_040182925.1,cacna1b,gene
10,ABG768_023031,ABG768_023031,36295356,36318685,+,ak8,NC_069733.1,14758553.0,ak8,W057,Culter alburnus,GCA_040182925.1,cacna1b,gene
-10,ABG768_026549,ABG768_026549,22214653,22228423,+,mapk4,NC_069717.1,13955293.0,mapk4,W057,Culter alburnus,GCA_040182925.1,pgm5,gene
-9,ABG768_026550,ABG768_026550,22234316,22270028,-,slc20a2,NC_069717.1,13930353.0,slc20a2,W057,Culter alburnus,GCA_040182925.1,pgm5,gene
-8,ABG768_026551,ABG768_026551,22273291,22286172,+,hsd17b3,NC_069717.1,13894907.0,hsd17b3,W057,Culter alburnus,GCA_040182925.1,pgm5,gene
-7,ABG768_026552,ABG768_026552,22295727,22309762,-,ercc6l2,NC_069717.1,13877096.0,ercc6l2,W057,Culter alburnus,GCA_040182925.1,pgm5,gene
-6,ABG768_026553,ABG768_026553,22332728,22394206,+,ptch1,NC_069717.1,13815211.0,ptch1,W057,Culter alburnus,GCA_040182925.1,pgm5,gene
-5,ABG768_026554,ABG768_026554,22432901,22457849,+,fancc,NC_069717.1,13751199.0,fancc,W057,Culter alburnus,GCA_040182925.1,pgm5,gene
-4,ABG768_026555,ABG768_026555,22466860,22549429,-,aopep,NC_069717.1,13699028.0,aopep,W057,Culter alburnus,GCA_040182925.1,pgm5,gene
-3,ABG768_026556,ABG768_026556,22553291,22590731,-,dock8,NC_069717.1,13632748.0,dock8,W057,Culter alburnus,GCA_040182925.1,pgm5,gene
-2,ABG768_026557,ABG768_026557,22613188,22630296,+,cbwd,NC_069717.1,7463084.0,cbwd,W057,Culter alburnus,GCA_040182925.1,pgm5,gene
-1,ABG768_026558,ABG768_026558,22631998,22632966,+,foxd5,NC_069717.1,7452606.0,foxd5,W057,Culter alburnus,GCA_040182925.1,pgm5,gene
0,ABG768_026559,ABG768_026559,22635243,22663906,+,pgm5,NC_069717.1,7438461.0,pgm5,W057,Culter alburnus,GCA_040182925.1,pgm5,gene
1,ABG768_026560,ABG768_026560,22666701,22719534,+,,,,,W057,Culter alburnus,GCA_040182925.1,pgm5,gene
2,ABG768_026561,ABG768_026561,22725233,22766381,+,,,,,W057,Culter alburnus,GCA_040182925.1,pgm5,gene
3,ABG768_026562,ABG768_026562,22774178,22778510,+,,,,,W057,Culter alburnus,GCA_040182925.1,pgm5,gene
4,ABG768_026563,ABG768_026563,22784690,22786564,+,LOC117597593,NC_069715.1,6055970.0,LOC117597593,W057,Culter alburnus,GCA_040182925.1,pgm5,gene
5,ABG768_026564,ABG768_026564,22790759,22806566,+,upb1,NC_069717.1,16623069.0,upb1,W057,Culter alburnus,GCA_040182925.1,pgm5,gene
6,ABG768_026565,ABG768_026565,22807720,22811551,-,gucd1,NC_069717.1,16587942.0,gucd1,W057,Culter alburnus,GCA_040182925.1,pgm5,gene
7,ABG768_026566,ABG768_026566,22812398,22813646,+,,,,,W057,Culter alburnus,GCA_040182925.1,pgm5,gene
8,ABG768_026567,ABG768_026567,22815286,22818843,+,,,,,W057,Culter alburnus,GCA_040182925.1,pgm5,gene
9,ABG768_026568,ABG768_026568,22818958,22825784,-,,,,,W057,Culter alburnus,GCA_040182925.1,pgm5,gene
10,ABG768_026569,ABG768_026569,22827225,22828190,+,,,,,W057,Culter alburnus,GCA_040182925.1,pgm5,gene
-10,ABG768_015106,ABG768_015106,12414961,12442317,-,tnfrsfa,NC_069724.1,18480375.0,tnfrsfa,W057,Culter alburnus,GCA_040182925.1,bcr,gene
-9,ABG768_015107,ABG768_015107,12471411,12548508,-,unc5da,NC_069724.1,18618221.0,unc5da,W057,Culter alburnus,GCA_040182925.1,bcr,gene
-8,ABG768_015108,ABG768_015108,12768187,12768352,-,,,,,W057,Culter alburnus,GCA_040182925.1,bcr,gene
-7,ABG768_015109,ABG768_015109,12929751,12936872,+,aqp3b,NC_069724.1,18863174.0,aqp3b,W057,Culter alburnus,GCA_040182925.1,bcr,gene
-6,ABG768_015110,ABG768_015110,12964486,12968994,+,vps29,NC_069724.1,22254333.0,vps29,W057,Culter alburnus,GCA_040182925.1,bcr,gene
-5,ABG768_015111,ABG768_015111,12970716,12973176,-,LOC113535709,NC_069724.1,22249839.0,LOC113535709,W057,Culter alburnus,GCA_040182925.1,bcr,gene
-4,ABG768_015112,ABG768_015112,12973291,12977490,+,gpn3,NC_069724.1,22245842.0,gpn3,W057,Culter alburnus,GCA_040182925.1,bcr,gene
-3,ABG768_015113,ABG768_015113,12977830,12981669,+,arpc3,NC_069724.1,22240471.0,arpc3,W057,Culter alburnus,GCA_040182925.1,bcr,gene
-2,ABG768_015114,ABG768_015114,12982632,12988888,-,ube2g1b,NC_069724.1,22236073.0,ube2g1b,W057,Culter alburnus,GCA_040182925.1,bcr,gene
-1,ABG768_015115,ABG768_015115,12994940,13033812,+,atp2a2b,NC_069724.1,22211842.0,atp2a2b,W057,Culter alburnus,GCA_040182925.1,bcr,gene
0,ABG768_015116,ABG768_015116,13039005,13109503,+,bcr,NC_069724.1,22151890.0,bcr,W057,Culter alburnus,GCA_040182925.1,bcr,gene
1,ABG768_015117,ABG768_015117,13123065,13127109,-,gfi1b,NC_069724.1,22106812.0,gfi1b,W057,Culter alburnus,GCA_040182925.1,bcr,gene
2,ABG768_015118,ABG768_015118,13131226,13156795,+,tsc1b,NC_069724.1,22089684.0,tsc1b,W057,Culter alburnus,GCA_040182925.1,bcr,gene
3,ABG768_015119,ABG768_015119,13208072,13214957,-,gtf3c4,NC_069724.1,22031367.0,gtf3c4,W057,Culter alburnus,GCA_040182925.1,bcr,gene
4,ABG768_015120,ABG768_015120,13230363,13230566,+,,,,,W057,Culter alburnus,GCA_040182925.1,bcr,gene
5,ABG768_015121,ABG768_015121,13254252,13257733,-,barhl1b,NC_069724.1,21991860.0,barhl1b,W057,Culter alburnus,GCA_040182925.1,bcr,gene
6,ABG768_015122,ABG768_015122,13296915,13313385,+,stom,NC_069724.1,21943403.0,stom,W057,Culter alburnus,GCA_040182925.1,bcr,gene
7,ABG768_015123,ABG768_015123,13313481,13332365,-,gsna,NC_069724.1,21924628.0,gsna,W057,Culter alburnus,GCA_040182925.1,bcr,gene
8,ABG768_015124,ABG768_015124,13343968,13344181,-,,,,,W057,Culter alburnus,GCA_040182925.1,bcr,gene
9,ABG768_015125,ABG768_015125,13433496,13547942,+,rxraa,NC_069724.1,21784381.0,rxraa,W057,Culter alburnus,GCA_040182925.1,bcr,gene
10,ABG768_015126,ABG768_015126,13462034,13462230,+,,,,,W057,Culter alburnus,GCA_040182925.1,bcr,gene
-10,jmjd4,Q5Y98_012475,10406233,10408656,-,jmjd4,NC_069713.1,1532689.0,jmjd4,W059,Lateolabrax maculatus,GCA_031216445.1,cdk5,gene
-9,snap47,Q5Y98_012476,10408706,10415387,+,snap47,NC_069713.1,1539555.0,snap47,W059,Lateolabrax maculatus,GCA_031216445.1,cdk5,gene
-8,wnt9a,Q5Y98_012127,10467883,10489245,-,wnt9a,NC_069713.1,1653005.0,wnt9a,W059,Lateolabrax maculatus,GCA_031216445.1,cdk5,gene
-7,wnt3a,Q5Y98_011960,10499796,10511520,+,,,,,W059,Lateolabrax maculatus,GCA_031216445.1,cdk5,gene
-6,arf1,Q5Y98_011653,10526488,10530672,+,,,,,W059,Lateolabrax maculatus,GCA_031216445.1,cdk5,gene
-5,Q5Y98_012023,Q5Y98_012023,10531368,10535731,-,c4h1orf35,NC_069713.1,1752598.0,c4h1orf35,W059,Lateolabrax maculatus,GCA_031216445.1,cdk5,gene
-4,guk1a,Q5Y98_012024,10535385,10544142,+,guk1a,NC_069713.1,1762268.0,guk1a,W059,Lateolabrax maculatus,GCA_031216445.1,cdk5,gene
-3,obscnb,Q5Y98_012021,10542898,10610106,-,obscnb,NC_069710.1,13769459.0,obscnb,W059,Lateolabrax maculatus,GCA_031216445.1,cdk5,gene
-2,atg9b,Q5Y98_012390,10610874,10623521,-,atg9b,NC_069710.1,13058049.0,atg9b,W059,Lateolabrax maculatus,GCA_031216445.1,cdk5,gene
-1,abcb8,Q5Y98_012391,10623656,10629503,+,abcb8,NC_069710.1,13047709.0,abcb8,W059,Lateolabrax maculatus,GCA_031216445.1,cdk5,gene
0,cdk5,Q5Y98_012393,10630352,10637893,+,cdk5,NC_069710.1,13909802.0,cdk5,W059,Lateolabrax maculatus,GCA_031216445.1,cdk5,gene
1,Q5Y98_012392,Q5Y98_012392,10639164,10722723,-,asic1c,NC_069710.1,13106472.0,asic1c,W059,Lateolabrax maculatus,GCA_031216445.1,cdk5,gene
2,Q5Y98_011538,Q5Y98_011538,10656576,10657945,-,LOC128317966,NC_069710.1,13094868.0,LOC128317966,W059,Lateolabrax maculatus,GCA_031216445.1,cdk5,gene
3,h2bk1,Q5Y98_011669,10729313,10730396,+,zgc:92591,NC_069710.1,13160293.0,zgc:92591,W059,Lateolabrax maculatus,GCA_031216445.1,cdk5,gene
4,asb10,Q5Y98_011519,10735544,10740059,+,asb10,NC_069710.1,13174295.0,asb10,W059,Lateolabrax maculatus,GCA_031216445.1,cdk5,gene
5,gbx1,Q5Y98_011956,10742684,10744513,+,gbx1,NC_069710.1,13184295.0,gbx1,W059,Lateolabrax maculatus,GCA_031216445.1,cdk5,gene
6,agap3,Q5Y98_011830,10750191,10861635,-,agap3,NC_069710.1,13267155.0,agap3,W059,Lateolabrax maculatus,GCA_031216445.1,cdk5,gene
7,rb1cc1,Q5Y98_012180,10866671,10881840,+,rb1cc1,NC_069710.1,13366352.0,rb1cc1,W059,Lateolabrax maculatus,GCA_031216445.1,cdk5,gene
8,st18,Q5Y98_012451,10896839,10929190,+,st18,NC_069710.1,13436356.0,st18,W059,Lateolabrax maculatus,GCA_031216445.1,cdk5,gene
9,pcmtd1,Q5Y98_011917,10933133,10948199,+,pcmtd1,NC_069710.1,13470857.0,pcmtd1,W059,Lateolabrax maculatus,GCA_031216445.1,cdk5,gene
10,sntg1,Q5Y98_011374,10950110,10977675,-,sntg1,NC_069710.1,13492129.0,sntg1,W059,Lateolabrax maculatus,GCA_031216445.1,cdk5,gene
-10,prkg2,prkg2,2087116,2107009,+,prkg2,NC_069733.1,12455799.0,prkg2,W060,Paralichthys olivaceus,GCF_024713975.1,fras1,gene
-9,bmp3,bmp3,2107741,2115380,-,bmp3,NC_069733.1,12443346.0,bmp3,W060,Paralichthys olivaceus,GCF_024713975.1,fras1,gene
-8,cfap299,cfap299,2119229,2180546,-,cfap299,NC_069733.1,12411337.0,cfap299,W060,Paralichthys olivaceus,GCF_024713975.1,fras1,gene
-7,fgf5,fgf5,2182904,2195613,-,fgf5,NC_069733.1,12370696.0,fgf5,W060,Paralichthys olivaceus,GCF_024713975.1,fras1,gene
-6,prdm8b,prdm8b,2203868,2209779,-,prdm8b,NC_069733.1,12347065.0,prdm8b,W060,Paralichthys olivaceus,GCF_024713975.1,fras1,gene
-5,antxr2a,antxr2a,2234859,2293622,+,antxr2a,NC_069733.1,12300491.0,antxr2a,W060,Paralichthys olivaceus,GCF_024713975.1,fras1,gene
-4,paqr3a,paqr3a,2406967,2414451,+,paqr3a,NC_069733.1,12149461.0,paqr3a,W060,Paralichthys olivaceus,GCF_024713975.1,fras1,gene
-3,bmp2k,bmp2k,2414492,2450315,-,bmp2k,NC_069733.1,12122589.0,bmp2k,W060,Paralichthys olivaceus,GCF_024713975.1,fras1,gene
-2,anxa3a,anxa3a,2454441,2459834,-,,,,,W060,Paralichthys olivaceus,GCF_024713975.1,fras1,gene
-1,LOC109641325,LOC109641325,2461696,2465459,-,,,,,W060,Paralichthys olivaceus,GCF_024713975.1,fras1,gene
0,fras1,fras1,2465902,2634007,-,fras1,NC_069733.1,12034600.0,fras1,W060,Paralichthys olivaceus,GCF_024713975.1,fras1,gene
1,mrpl1,mrpl1,2637682,2644786,-,mrpl1,NC_069733.1,11968543.0,mrpl1,W060,Paralichthys olivaceus,GCF_024713975.1,fras1,gene
2,cnot6l,cnot6l,2644747,2656373,+,cnot6l,NC_069733.1,11956647.0,cnot6l,W060,Paralichthys olivaceus,GCF_024713975.1,fras1,gene
3,LOC109640297,LOC109640297,2656988,2663024,-,LOC113537118,NC_069733.1,11911720.0,LOC113537118,W060,Paralichthys olivaceus,GCF_024713975.1,fras1,gene
4,eeig1a,eeig1a,2663990,2688504,-,eeig1b,NC_069736.1,7582134.0,eeig1b,W060,Paralichthys olivaceus,GCF_024713975.1,fras1,gene
5,slc25a25a,slc25a25a,2692241,2699481,+,,,,,W060,Paralichthys olivaceus,GCF_024713975.1,fras1,gene
6,LOC109644625,LOC109644625,2700550,2704092,+,,,,,W060,Paralichthys olivaceus,GCF_024713975.1,fras1,gene
7,LOC109643801,LOC109643801,2705245,2718602,-,,,,,W060,Paralichthys olivaceus,GCF_024713975.1,fras1,gene
8,LOC109643800,LOC109643800,2720397,2724415,+,setb,NC_069724.1,10670667.0,setb,W060,Paralichthys olivaceus,GCF_024713975.1,fras1,gene
9,LOC138407380,LOC138407380,2723643,2726717,-,,,,,W060,Paralichthys olivaceus,GCF_024713975.1,fras1,gene
10,LOC109645720,LOC109645720,2728488,2734704,+,,,,,W060,Paralichthys olivaceus,GCF_024713975.1,fras1,gene
-10,ss18l2,ss18l2,8599841,8600771,+,ss18l2,NC_069715.1,5829681.0,ss18l2,W060,Paralichthys olivaceus,GCF_024713975.1,nkd1,gene
-9,garre1,garre1,8601193,8636187,-,garre1,NC_069715.1,5800878.0,garre1,W060,Paralichthys olivaceus,GCF_024713975.1,nkd1,gene
-8,gpib,gpib,8637727,8646160,+,gpib,NC_069715.1,5764359.0,gpib,W060,Paralichthys olivaceus,GCF_024713975.1,nkd1,gene
-7,wtip,wtip,8654572,8685881,-,wtip,NC_069715.1,5731783.0,wtip,W060,Paralichthys olivaceus,GCF_024713975.1,nkd1,gene
-6,sdr42e1,sdr42e1,8685881,8688709,-,sdr42e1,NC_069715.1,5708213.0,sdr42e1,W060,Paralichthys olivaceus,GCF_024713975.1,nkd1,gene
-5,cnep1r1,cnep1r1,8689693,8693228,+,cnep1r1,NC_069734.1,3288521.0,cnep1r1,W060,Paralichthys olivaceus,GCF_024713975.1,nkd1,gene
-4,heatr3,heatr3,8693364,8705460,+,heatr3,NC_069734.1,3551572.0,heatr3,W060,Paralichthys olivaceus,GCF_024713975.1,nkd1,gene
-3,tent4b,tent4b,8707277,8729414,+,tent4b,NC_069734.1,3572396.0,tent4b,W060,Paralichthys olivaceus,GCF_024713975.1,nkd1,gene
-2,adcy7,adcy7,8729456,8790680,+,adcy7,NC_069734.1,3623315.0,adcy7,W060,Paralichthys olivaceus,GCF_024713975.1,nkd1,gene
-1,brd7,brd7,8790720,8799922,-,brd7,NC_069734.1,3670101.0,brd7,W060,Paralichthys olivaceus,GCF_024713975.1,nkd1,gene
0,nkd1,nkd1,8851942,8885766,+,nkd1,NC_069734.1,3766091.0,nkd1,W060,Paralichthys olivaceus,GCF_024713975.1,nkd1,gene
1,nod2,nod2,8898137,8904293,+,nod2,NC_069734.1,3802459.0,nod2,W060,Paralichthys olivaceus,GCF_024713975.1,nkd1,gene
2,cyld,cyld,8904905,8925905,+,cylda,NC_069734.1,3823592.0,cylda,W060,Paralichthys olivaceus,GCF_024713975.1,nkd1,gene
3,sall1a,sall1a,9008638,9024769,-,sall1a,NC_069734.1,3946888.0,sall1a,W060,Paralichthys olivaceus,GCF_024713975.1,nkd1,gene
4,tox3,tox3,9246877,9288673,-,tox3,NC_069734.1,4307462.0,tox3,W060,Paralichthys olivaceus,GCF_024713975.1,nkd1,gene
5,LOC109624795,LOC109624795,9419855,9432425,-,,,,,W060,Paralichthys olivaceus,GCF_024713975.1,nkd1,gene
6,chd9,chd9,9433264,9510472,-,chd9,NC_069734.1,4512944.0,chd9,W060,Paralichthys olivaceus,GCF_024713975.1,nkd1,gene
7,aktip,aktip,9512190,9518876,-,aktip,NC_069734.1,4564944.0,aktip,W060,Paralichthys olivaceus,GCF_024713975.1,nkd1,gene
8,fto,fto,9579731,9699617,+,fto,NC_069734.1,4736400.0,fto,W060,Paralichthys olivaceus,GCF_024713975.1,nkd1,gene
9,irx3a,irx3a,9744135,9747702,-,irx3a,NC_069734.1,4873525.0,irx3a,W060,Paralichthys olivaceus,GCF_024713975.1,nkd1,gene
10,LOC138405650,LOC138405650,9932404,9937633,+,,,,,W060,Paralichthys olivaceus,GCF_024713975.1,nkd1,gene
0,lamb4,lamb4,15538,41394,+,lamb4,NC_069718.1,18351188.0,lamb4,W060,Paralichthys olivaceus,GCF_024713975.1,lamb4,gene
1,lamb1a,lamb1a,41539,65368,+,lamb1a,NC_069718.1,18374126.0,lamb1a,W060,Paralichthys olivaceus,GCF_024713975.1,lamb4,gene
2,pnp4b,pnp4b,66712,76654,-,pnp4b,NC_069710.1,3699723.0,pnp4b,W060,Paralichthys olivaceus,GCF_024713975.1,lamb4,gene
3,LOC109642030,LOC109642030,77135,96289,-,,,,,W060,Paralichthys olivaceus,GCF_024713975.1,lamb4,gene
4,nup160,nup160,98160,118002,-,nup160,NC_069716.1,29630821.0,nup160,W060,Paralichthys olivaceus,GCF_024713975.1,lamb4,gene
5,LOC109646854,LOC109646854,118576,124968,-,frs2b,NC_069716.1,29612511.0,frs2b,W060,Paralichthys olivaceus,GCF_024713975.1,lamb4,gene
6,LOC138410832,LOC138410832,124477,128186,+,,,,,W060,Paralichthys olivaceus,GCF_024713975.1,lamb4,gene
7,LOC109643286,LOC109643286,128197,148378,-,LOC113524732,NC_069716.1,30337729.0,LOC113524732,W060,Paralichthys olivaceus,GCF_024713975.1,lamb4,gene
8,LOC138410833,LOC138410833,148869,154193,-,,,,,W060,Paralichthys olivaceus,GCF_024713975.1,lamb4,gene
9,LOC109646886,LOC109646886,155685,173591,-,LOC113525440,NC_069716.1,30033413.0,LOC113525440,W060,Paralichthys olivaceus,GCF_024713975.1,lamb4,gene
10,tbc1d15,tbc1d15,174213,185135,+,tbc1d15,NC_069715.1,12555828.0,tbc1d15,W060,Paralichthys olivaceus,GCF_024713975.1,lamb4,gene
0,abat,abat,196127,292556,+,abat,NC_069722.1,24079708.0,abat,W061,Plecoglossus altivelis,GCF_021917145.1,abat,gene
1,LOC124488073,LOC124488073,313072,326587,+,,,,,W061,Plecoglossus altivelis,GCF_021917145.1,abat,gene
2,LOC124488066,LOC124488066,387527,450751,-,,,,,W061,Plecoglossus altivelis,GCF_021917145.1,abat,gene
3,hoatz,hoatz,450853,451465,+,hoatz,NC_069736.1,15358580.0,hoatz,W061,Plecoglossus altivelis,GCF_021917145.1,abat,gene
4,LOC124488067,LOC124488067,458830,462465,+,,,,,W061,Plecoglossus altivelis,GCF_021917145.1,abat,gene
5,LOC124488068,LOC124488068,462958,478780,-,,,,,W061,Plecoglossus altivelis,GCF_021917145.1,abat,gene
6,fbxl16,fbxl16,519483,553830,-,fbxl16,NC_069722.1,23582317.0,fbxl16,W061,Plecoglossus altivelis,GCF_021917145.1,abat,gene
-7,noctb,noctb,7724,14680,+,nocta,NC_069716.1,4271969.0,nocta,W061,Plecoglossus altivelis,GCF_021917145.1,maml3,gene
-6,LOC124483960,LOC124483960,14380,27212,-,elf2b,NC_069737.1,17065307.0,elf2b,W061,Plecoglossus altivelis,GCF_021917145.1,maml3,gene
-5,LOC124484319,LOC124484319,27800,30720,-,,,,,W061,Plecoglossus altivelis,GCF_021917145.1,maml3,gene
-4,LOC124484381,LOC124484381,31722,39996,-,,,,,W061,Plecoglossus altivelis,GCF_021917145.1,maml3,gene
-3,LOC124484173,LOC124484173,41745,45195,-,,,,,W061,Plecoglossus altivelis,GCF_021917145.1,maml3,gene
-2,naa15b,naa15b,46150,63238,-,naa15b,NC_069712.1,7963335.0,naa15b,W061,Plecoglossus altivelis,GCF_021917145.1,maml3,gene
-1,LOC124484174,LOC124484174,53295,57500,+,LOC113547384,NC_069737.1,14002131.0,LOC113547384,W061,Plecoglossus altivelis,GCF_021917145.1,maml3,gene
0,maml3,maml3,65281,82415,-,maml3,NC_069712.1,7816096.0,maml3,W061,Plecoglossus altivelis,GCF_021917145.1,maml3,gene
1,scoca,scoca,94579,100796,+,scoca,NC_069712.1,7928776.0,scoca,W061,Plecoglossus altivelis,GCF_021917145.1,maml3,gene
2,clgn,clgn,100798,108283,-,clgn,NC_069712.1,7941497.0,clgn,W061,Plecoglossus altivelis,GCF_021917145.1,maml3,gene
3,exosc9,exosc9,107094,111664,+,exosc9,NC_069737.1,12213546.0,exosc9,W061,Plecoglossus altivelis,GCF_021917145.1,maml3,gene
4,slc25a51a,slc25a51a,111750,116219,-,,,,,W061,Plecoglossus altivelis,GCF_021917145.1,maml3,gene
5,LOC124484124,LOC124484124,116776,131018,-,,,,,W061,Plecoglossus altivelis,GCF_021917145.1,maml3,gene
6,LOC124484323,LOC124484323,134861,139114,+,,,,,W061,Plecoglossus altivelis,GCF_021917145.1,maml3,gene
7,LOC124484321,LOC124484321,141819,159512,-,LOC113547356,NC_069737.1,14551970.0,LOC113547356,W061,Plecoglossus altivelis,GCF_021917145.1,maml3,gene
8,LOC124484831,LOC124484831,181496,184412,-,,,,,W061,Plecoglossus altivelis,GCF_021917145.1,maml3,gene
9,rtn4rl2a,rtn4rl2a,192439,195716,-,rtn4rl2a,NC_069712.1,9105079.0,rtn4rl2a,W061,Plecoglossus altivelis,GCF_021917145.1,maml3,gene
10,crybb1l2,crybb1l2,202307,206373,-,,,,,W061,Plecoglossus altivelis,GCF_021917145.1,maml3,gene
-10,LOC124472838,LOC124472838,7895805,7901020,+,cnmd,NC_069735.1,7244283.0,cnmd,W061,Plecoglossus altivelis,GCF_021917145.1,slc25a12,gene
-9,sugt1,sugt1,7902381,7910910,-,sugt1,NC_069735.1,7262561.0,sugt1,W061,Plecoglossus altivelis,GCF_021917145.1,slc25a12,gene
-8,LOC124472830,LOC124472830,7911047,7918188,-,LOC113537349,NC_069735.1,7286629.0,LOC113537349,W061,Plecoglossus altivelis,GCF_021917145.1,slc25a12,gene
-7,ednrba,ednrba,7920744,7925313,-,ednrba,NC_069735.1,7316076.0,ednrba,W061,Plecoglossus altivelis,GCF_021917145.1,slc25a12,gene
-6,LOC124472847,LOC124472847,7933812,7938597,-,,,,,W061,Plecoglossus altivelis,GCF_021917145.1,slc25a12,gene
-5,erich2,erich2,7948163,7950909,+,erich2,NC_069711.1,3323208.0,erich2,W061,Plecoglossus altivelis,GCF_021917145.1,slc25a12,gene
-4,gad1b,gad1b,7951398,7963347,+,,,,,W061,Plecoglossus altivelis,GCF_021917145.1,slc25a12,gene
-3,gorasp2,gorasp2,7965458,7969856,+,gorasp2,NC_069711.1,3378879.0,gorasp2,W061,Plecoglossus altivelis,GCF_021917145.1,slc25a12,gene
-2,LOC124472819,LOC124472819,7973667,7982206,-,tlk1a,NC_069714.1,17382250.0,tlk1a,W061,Plecoglossus altivelis,GCF_021917145.1,slc25a12,gene
-1,LOC124472822,LOC124472822,7983662,7990468,+,dync1i2a,NC_069714.1,17561914.0,dync1i2a,W061,Plecoglossus altivelis,GCF_021917145.1,slc25a12,gene
0,slc25a12,slc25a12,7990346,7998767,-,slc25a12,NC_069711.1,3438161.0,slc25a12,W061,Plecoglossus altivelis,GCF_021917145.1,slc25a12,gene
1,metap1d,metap1d,7999853,8002529,+,metap1d,NC_069735.1,12212540.0,metap1d,W061,Plecoglossus altivelis,GCF_021917145.1,slc25a12,gene
2,itga6b,itga6b,8009860,8023544,+,,,,,W061,Plecoglossus altivelis,GCF_021917145.1,slc25a12,gene
3,LOC124472855,LOC124472855,8022881,8032945,-,,,,,W061,Plecoglossus altivelis,GCF_021917145.1,slc25a12,gene
4,LOC124472827,LOC124472827,8035850,8050790,+,rapgef4a,NC_069714.1,17651973.0,rapgef4a,W061,Plecoglossus altivelis,GCF_021917145.1,slc25a12,gene
5,LOC124472823,LOC124472823,8051479,8059350,+,,,,,W061,Plecoglossus altivelis,GCF_021917145.1,slc25a12,gene
6,dnah9l,dnah9l,8059402,8089589,-,dnah9l,NC_069711.1,32064507.0,dnah9l,W061,Plecoglossus altivelis,GCF_021917145.1,slc25a12,gene
7,LOC124472808,LOC124472808,8134547,8135628,+,,,,,W061,Plecoglossus altivelis,GCF_021917145.1,slc25a12,gene
8,LOC124472785,LOC124472785,8138283,8139441,-,ccl20a.4,NC_069730.1,10743851.0,ccl20a.4,W061,Plecoglossus altivelis,GCF_021917145.1,slc25a12,gene
9,ccl20l,ccl20l,8143487,8144644,-,ccl20l,NC_069713.1,31821545.0,ccl20l,W061,Plecoglossus altivelis,GCF_021917145.1,slc25a12,gene
10,epha4a,epha4a,8150664,8165236,+,epha4a,NC_069713.1,31874350.0,epha4a,W061,Plecoglossus altivelis,GCF_021917145.1,slc25a12,gene
-10,ficd,ficd,1610329,1612958,-,ficd,NC_069733.1,4008206.0,ficd,W061,Plecoglossus altivelis,GCF_021917145.1,dnah10,gene
-9,LOC124464926,LOC124464926,1632730,1634395,+,LOC113542542,NC_069733.1,3945877.0,LOC113542542,W061,Plecoglossus altivelis,GCF_021917145.1,dnah10,gene
-8,wscd2,wscd2,1637780,1649625,-,wscd2,NC_069733.1,3902227.0,wscd2,W061,Plecoglossus altivelis,GCF_021917145.1,dnah10,gene
-7,LOC124464927,LOC124464927,1642020,1643857,+,,,,,W061,Plecoglossus altivelis,GCF_021917145.1,dnah10,gene
-6,si:ch211-225b11.1,si:ch211-225b11.1,1681420,1696640,-,,,,,W061,Plecoglossus altivelis,GCF_021917145.1,dnah10,gene
-5,limk2,limk2,1698415,1715123,+,limk2,NC_069733.1,13698453.0,limk2,W061,Plecoglossus altivelis,GCF_021917145.1,dnah10,gene
-4,pik3ip1,pik3ip1,1715343,1721881,-,pik3ip1,NC_069733.1,13677038.0,pik3ip1,W061,Plecoglossus altivelis,GCF_021917145.1,dnah10,gene
-3,si:ch211-225b11.4,si:ch211-225b11.4,1723867,1740350,-,si:ch211-225b11.4,NC_069733.1,13657575.0,si:ch211-225b11.4,W061,Plecoglossus altivelis,GCF_021917145.1,dnah10,gene
-2,tctn2,tctn2,1739597,1744896,+,tctn2,NC_069733.1,14989373.0,tctn2,W061,Plecoglossus altivelis,GCF_021917145.1,dnah10,gene
-1,atp6v0a2b,atp6v0a2b,1745093,1755481,+,atp6v0a2b,NC_069733.1,18670918.0,atp6v0a2b,W061,Plecoglossus altivelis,GCF_021917145.1,dnah10,gene
0,dnah10,dnah10,1756689,1772309,+,dnah10,NC_069733.1,18805194.0,dnah10,W061,Plecoglossus altivelis,GCF_021917145.1,dnah10,gene
1,LOC124464802,LOC124464802,1774110,1793049,+,ap1b1,NC_069733.1,19132524.0,ap1b1,W061,Plecoglossus altivelis,GCF_021917145.1,dnah10,gene
2,rasl10a,rasl10a,1797032,1807413,+,rasl10a,NC_069733.1,19175645.0,rasl10a,W061,Plecoglossus altivelis,GCF_021917145.1,dnah10,gene
3,osbp2b,osbp2b,1809393,1836987,+,osbp2b,NC_069733.1,19236525.0,osbp2b,W061,Plecoglossus altivelis,GCF_021917145.1,dnah10,gene
4,si:ch211-102c2.8,si:ch211-102c2.8,1844257,1849535,+,si:ch211-102c2.8,NC_069733.1,16575644.0,si:ch211-102c2.8,W061,Plecoglossus altivelis,GCF_021917145.1,dnah10,gene
5,ccdc117,ccdc117,1849866,1853235,-,ccdc117,NC_069733.1,16558834.0,ccdc117,W061,Plecoglossus altivelis,GCF_021917145.1,dnah10,gene
6,tcn2,tcn2,1853363,1857418,+,tcn2,NC_069733.1,16548388.0,tcn2,W061,Plecoglossus altivelis,GCF_021917145.1,dnah10,gene
7,dguok,dguok,1857534,1861100,+,dguok,NC_069733.1,4949489.0,dguok,W061,Plecoglossus altivelis,GCF_021917145.1,dnah10,gene
8,spaw,spaw,1861444,1864009,+,spaw,NC_069733.1,4765185.0,spaw,W061,Plecoglossus altivelis,GCF_021917145.1,dnah10,gene
9,LOC124464836,LOC124464836,1867700,1870923,-,eif4ebp1,NC_069724.1,12754044.0,eif4ebp1,W061,Plecoglossus altivelis,GCF_021917145.1,dnah10,gene
10,ank1a,ank1a,1871387,1881264,-,,,,,W061,Plecoglossus altivelis,GCF_021917145.1,dnah10,gene
-10,LOC118313784,LOC118313784,15213795,15216790,-,,,,,L001,Scophthalmus maximus,GCF_022379125.1,fam81b,gene
-9,LOC118314480,LOC118314480,15227641,15233525,+,aqp3b,NC_069724.1,18863174.0,aqp3b,L001,Scophthalmus maximus,GCF_022379125.1,fam81b,gene
-8,si:dkey-245n4.2,si:dkey-245n4.2,15240644,15245863,-,si:dkey-245n4.2,NC_069733.1,10572292.0,si:dkey-245n4.2,L001,Scophthalmus maximus,GCF_022379125.1,fam81b,gene
-7,si:dkey-172m14.1,si:dkey-172m14.1,15248109,15253113,-,,,,,L001,Scophthalmus maximus,GCF_022379125.1,fam81b,gene
-6,LOC118313456,LOC118313456,15253292,15554769,+,,,,,L001,Scophthalmus maximus,GCF_022379125.1,fam81b,gene
-5,nr2f1a,nr2f1a,15562001,15570801,+,nr2f1a,NC_069733.1,6975266.0,nr2f1a,L001,Scophthalmus maximus,GCF_022379125.1,fam81b,gene
-4,fam172a,fam172a,15594851,15737412,-,fam172a,NC_069733.1,7080955.0,fam172a,L001,Scophthalmus maximus,GCF_022379125.1,fam81b,gene
-3,kiaa0825,kiaa0825,15739959,15851302,-,kiaa0825,NC_069733.1,7225863.0,kiaa0825,L001,Scophthalmus maximus,GCF_022379125.1,fam81b,gene
-2,slf1,slf1,15850653,15879960,+,slf1,NC_069733.1,7305555.0,slf1,L001,Scophthalmus maximus,GCF_022379125.1,fam81b,gene
-1,mctp1a,mctp1a,15883044,16010468,-,mctp1a,NC_069733.1,7400290.0,mctp1a,L001,Scophthalmus maximus,GCF_022379125.1,fam81b,gene
0,fam81b,fam81b,16010625,16021320,+,fam81b,NC_069733.1,7481681.0,fam81b,L001,Scophthalmus maximus,GCF_022379125.1,fam81b,gene
1,LOC118313915,LOC118313915,16022751,16027197,+,,,,,L001,Scophthalmus maximus,GCF_022379125.1,fam81b,gene
2,ttc37,ttc37,16027183,16041537,-,skic3,NC_069733.1,7502241.0,skic3,L001,Scophthalmus maximus,GCF_022379125.1,fam81b,gene
3,arsk,arsk,16041657,16046564,-,arsk,NC_069733.1,7534450.0,arsk,L001,Scophthalmus maximus,GCF_022379125.1,fam81b,gene
4,arrdc3a,arrdc3a,16046932,16054867,+,arrdc3a,NC_069733.1,9269625.0,arrdc3a,L001,Scophthalmus maximus,GCF_022379125.1,fam81b,gene
5,adgrv1,adgrv1,16072298,16175718,-,adgrv1,NC_069733.1,9359278.0,adgrv1,L001,Scophthalmus maximus,GCF_022379125.1,fam81b,gene
6,lysmd3,lysmd3,16176362,16181210,+,lysmd3,NC_069733.1,9431124.0,lysmd3,L001,Scophthalmus maximus,GCF_022379125.1,fam81b,gene
7,polr3g,polr3g,16181044,16185454,-,polr3g,NC_069733.1,9435455.0,polr3g,L001,Scophthalmus maximus,GCF_022379125.1,fam81b,gene
8,mblac2,mblac2,16185574,16188980,+,mblac2,NC_069733.1,9439756.0,mblac2,L001,Scophthalmus maximus,GCF_022379125.1,fam81b,gene
9,rtkna,rtkna,16189384,16245160,-,rtkna,NC_069733.1,10737309.0,rtkna,L001,Scophthalmus maximus,GCF_022379125.1,fam81b,gene
10,smn1,smn1,16249115,16253253,-,smn1,NC_069733.1,10773420.0,smn1,L001,Scophthalmus maximus,GCF_022379125.1,fam81b,gene
-10,LOC118285788,LOC118285788,2519335,2535196,-,,,,,L001,Scophthalmus maximus,GCF_022379125.1,atrn,gene
-9,LOC118286601,LOC118286601,2648265,2652403,+,,,,,L001,Scophthalmus maximus,GCF_022379125.1,atrn,gene
-8,foxi2,foxi2,2662317,2666387,+,foxi2,NC_069712.1,20201040.0,foxi2,L001,Scophthalmus maximus,GCF_022379125.1,atrn,gene
-7,cfd,cfd,2695968,2698339,+,cfd,NC_069712.1,20169852.0,cfd,L001,Scophthalmus maximus,GCF_022379125.1,atrn,gene
-6,LOC118285662,LOC118285662,2698789,2704303,-,,,,,L001,Scophthalmus maximus,GCF_022379125.1,atrn,gene
-5,dnaaf9,dnaaf9,2703028,2727969,+,dnaaf9,NC_069712.1,20155679.0,dnaaf9,L001,Scophthalmus maximus,GCF_022379125.1,atrn,gene
-4,ky,ky,2727753,2734687,-,LOC113529592,NC_069718.1,10449001.0,LOC113529592,L001,Scophthalmus maximus,GCF_022379125.1,atrn,gene
-3,slc4a11,slc4a11,2739637,2826906,+,slc4a11,NC_069712.1,20100659.0,slc4a11,L001,Scophthalmus maximus,GCF_022379125.1,atrn,gene
-2,rpia,rpia,2828320,2833620,+,rpia,NC_069712.1,20066274.0,rpia,L001,Scophthalmus maximus,GCF_022379125.1,atrn,gene
-1,eif2ak3,eif2ak3,2834913,2864520,+,eif2ak3,NC_069712.1,20043133.0,eif2ak3,L001,Scophthalmus maximus,GCF_022379125.1,atrn,gene
0,atrn,atrn,2866128,2978073,+,atrn,NC_069712.1,19998840.0,atrn,L001,Scophthalmus maximus,GCF_022379125.1,atrn,gene
1,gfra4a,gfra4a,2986879,3186199,-,gfra4a,NC_069712.1,19916920.0,gfra4a,L001,Scophthalmus maximus,GCF_022379125.1,atrn,gene
2,ap5s1,ap5s1,3195089,3200764,-,ap5s1,NC_069712.1,19777006.0,ap5s1,L001,Scophthalmus maximus,GCF_022379125.1,atrn,gene
3,cdc25b,cdc25b,3205613,3213276,-,cdc25b,NC_069712.1,19762906.0,cdc25b,L001,Scophthalmus maximus,GCF_022379125.1,atrn,gene
4,noto,noto,3233316,3234629,+,noto,NC_069712.1,19731527.0,noto,L001,Scophthalmus maximus,GCF_022379125.1,atrn,gene
5,emx1,emx1,3243700,3249577,+,emx1,NC_069712.1,19716871.0,emx1,L001,Scophthalmus maximus,GCF_022379125.1,atrn,gene
6,sfxn5a,sfxn5a,3252972,3268254,-,,,,,L001,Scophthalmus maximus,GCF_022379125.1,atrn,gene
7,rab11fip5a,rab11fip5a,3269053,3291734,-,rab11fip5a,NC_069712.1,19685967.0,rab11fip5a,L001,Scophthalmus maximus,GCF_022379125.1,atrn,gene
8,LOC118285818,LOC118285818,3316471,3318935,+,LOC113540998,NC_069712.1,19658429.0,LOC113540998,L001,Scophthalmus maximus,GCF_022379125.1,atrn,gene
9,mavs,mavs,3324287,3332333,+,mavs,NC_069712.1,19647364.0,mavs,L001,Scophthalmus maximus,GCF_022379125.1,atrn,gene
10,pank2,pank2,3332997,3338075,+,pank2,NC_069712.1,19640469.0,pank2,L001,Scophthalmus maximus,GCF_022379125.1,atrn,gene
-10,LOC118302729,LOC118302729,1299569,1309875,-,znf408,NC_069734.1,12870831.0,znf408,L001,Scophthalmus maximus,GCF_022379125.1,iqgap1,gene
-9,LOC118302774,LOC118302774,1311698,1327856,-,acana,NC_069734.1,9539546.0,acana,L001,Scophthalmus maximus,GCF_022379125.1,iqgap1,gene
-8,ppip5k1a,ppip5k1a,1335424,1364289,+,ppip5k1a,NC_069734.1,10601395.0,ppip5k1a,L001,Scophthalmus maximus,GCF_022379125.1,iqgap1,gene
-7,map1aa,map1aa,1366219,1400543,-,map1aa,NC_069734.1,10567436.0,map1aa,L001,Scophthalmus maximus,GCF_022379125.1,iqgap1,gene
-6,tp53bp1,tp53bp1,1406200,1422548,+,tp53bp1,NC_069734.1,10537489.0,tp53bp1,L001,Scophthalmus maximus,GCF_022379125.1,iqgap1,gene
-5,tubgcp4,tubgcp4,1422543,1432334,-,tubgcp4,NC_069734.1,10522664.0,tubgcp4,L001,Scophthalmus maximus,GCF_022379125.1,iqgap1,gene
-4,LOC118301923,LOC118301923,1431933,1436390,+,cdkn2aip,NC_069734.1,10516799.0,cdkn2aip,L001,Scophthalmus maximus,GCF_022379125.1,iqgap1,gene
-3,LOC118301925,LOC118301925,1441066,1442754,-,cart2,NC_069716.1,22905685.0,cart2,L001,Scophthalmus maximus,GCF_022379125.1,iqgap1,gene
-2,LOC118302511,LOC118302511,1457344,1460387,+,,,,,L001,Scophthalmus maximus,GCF_022379125.1,iqgap1,gene
-1,cartl,cartl,1471222,1475334,-,cartl,NC_069734.1,10496773.0,cartl,L001,Scophthalmus maximus,GCF_022379125.1,iqgap1,gene
0,iqgap1,iqgap1,1480471,1527849,+,iqgap1,NC_069734.1,10471238.0,iqgap1,L001,Scophthalmus maximus,GCF_022379125.1,iqgap1,gene
1,crtc3,crtc3,1529714,1565452,+,crtc3,NC_069734.1,10420657.0,crtc3,L001,Scophthalmus maximus,GCF_022379125.1,iqgap1,gene
2,adamtsl5,adamtsl5,1573261,1605768,+,adamtsl5,NC_069734.1,10383816.0,adamtsl5,L001,Scophthalmus maximus,GCF_022379125.1,iqgap1,gene
3,serinc4,serinc4,1605917,1633152,-,serinc4,NC_069734.1,10362952.0,serinc4,L001,Scophthalmus maximus,GCF_022379125.1,iqgap1,gene
4,LOC118302124,LOC118302124,1634561,1637308,-,,,,,L001,Scophthalmus maximus,GCF_022379125.1,iqgap1,gene
5,hypk,hypk,1638819,1641316,+,hypk,NC_069734.1,10349581.0,hypk,L001,Scophthalmus maximus,GCF_022379125.1,iqgap1,gene
6,mfap1,mfap1,1640912,1646226,-,mfap1,NC_069734.1,10345195.0,mfap1,L001,Scophthalmus maximus,GCF_022379125.1,iqgap1,gene
7,hddc3,hddc3,1646852,1649708,-,hddc3,NC_069734.1,10340785.0,hddc3,L001,Scophthalmus maximus,GCF_022379125.1,iqgap1,gene
8,vps33b,vps33b,1649686,1659466,+,vps33b,NC_069734.1,10334928.0,vps33b,L001,Scophthalmus maximus,GCF_022379125.1,iqgap1,gene
9,prc1b,prc1b,1660897,1670457,+,prc1b,NC_069734.1,10325127.0,prc1b,L001,Scophthalmus maximus,GCF_022379125.1,iqgap1,gene
10,ptpmt1,ptpmt1,1671154,1674010,+,ptpmt1,NC_069734.1,12525701.0,ptpmt1,L001,Scophthalmus maximus,GCF_022379125.1,iqgap1,gene
-10,lyrm2,lyrm2,3579007,3581231,+,lyrm2,NC_069739.1,6014833.0,lyrm2,L001,Scophthalmus maximus,GCF_022379125.1,enah,gene
-9,ankrd6b,ankrd6b,3581238,3619248,-,ankrd6b,NC_069739.1,6033983.0,ankrd6b,L001,Scophthalmus maximus,GCF_022379125.1,enah,gene
-8,LOC118290093,LOC118290093,3627059,3649745,-,LOC113529180,NC_069739.1,6102634.0,LOC113529180,L001,Scophthalmus maximus,GCF_022379125.1,enah,gene
-7,ube2j1,ube2j1,3652398,3686839,-,ube2j1,NC_069739.1,6072566.0,ube2j1,L001,Scophthalmus maximus,GCF_022379125.1,enah,gene
-6,LOC118289750,LOC118289750,3698078,3717432,+,,,,,L001,Scophthalmus maximus,GCF_022379125.1,enah,gene
-5,rpl7l1,rpl7l1,3717967,3721711,+,rpl7l1,NC_069739.1,12463575.0,rpl7l1,L001,Scophthalmus maximus,GCF_022379125.1,enah,gene
-4,slc5a6a,slc5a6a,3721803,3745420,+,slc5a6a,NC_069728.1,1471173.0,slc5a6a,L001,Scophthalmus maximus,GCF_022379125.1,enah,gene
-3,LOC118290107,LOC118290107,3749480,3755595,-,tcf23,NC_069711.1,31572511.0,tcf23,L001,Scophthalmus maximus,GCF_022379125.1,enah,gene
-2,ephx1,ephx1,3755741,3763337,-,ephx5,NC_069712.1,28911473.0,ephx5,L001,Scophthalmus maximus,GCF_022379125.1,enah,gene
-1,srp9,srp9,3763822,3767301,-,srp9,NC_069728.1,1751014.0,srp9,L001,Scophthalmus maximus,GCF_022379125.1,enah,gene
0,enah,enah,3770690,3884575,+,enah,NC_069728.1,2240513.0,enah,L001,Scophthalmus maximus,GCF_022379125.1,enah,gene
1,lbr,lbr,3884720,3901971,+,lbr,NC_069728.1,2291066.0,lbr,L001,Scophthalmus maximus,GCF_022379125.1,enah,gene
2,LOC118289804,LOC118289804,3903798,3907882,-,,,,,L001,Scophthalmus maximus,GCF_022379125.1,enah,gene
3,si:dkey-1j5.4,si:dkey-1j5.4,3916622,3923290,+,,,,,L001,Scophthalmus maximus,GCF_022379125.1,enah,gene
4,cnih3,cnih3,3992194,4055646,-,cnih3,NC_069728.1,2358884.0,cnih3,L001,Scophthalmus maximus,GCF_022379125.1,enah,gene
5,ptchd4,ptchd4,4152135,4186655,+,ptchd4,NC_069728.1,2402392.0,ptchd4,L001,Scophthalmus maximus,GCF_022379125.1,enah,gene
6,opn5,opn5,4201900,4237421,-,,,,,L001,Scophthalmus maximus,GCF_022379125.1,enah,gene
7,LOC118290041,LOC118290041,4252435,4303177,-,cd2ap,NC_069728.1,2448569.0,cd2ap,L001,Scophthalmus maximus,GCF_022379125.1,enah,gene
8,tnfrsf21,tnfrsf21,4313226,4351491,+,tnfrsf21,NC_069728.1,2497877.0,tnfrsf21,L001,Scophthalmus maximus,GCF_022379125.1,enah,gene
9,LOC118290626,LOC118290626,4359538,4392947,+,LOC113544086,NC_069726.1,19561372.0,LOC113544086,L001,Scophthalmus maximus,GCF_022379125.1,enah,gene
10,LOC124849604,LOC124849604,4396996,4399490,-,LOC113536530,NC_069739.1,1495294.0,LOC113536530,L001,Scophthalmus maximus,GCF_022379125.1,enah,gene
-10,LOC118316426,LOC118316426,2260952,2267845,+,,,,,L001,Scophthalmus maximus,GCF_022379125.1,baz2a,gene
-9,g6pd,g6pd,2268883,2280026,-,LOC113530704,NC_069725.1,6590910.0,LOC113530704,L001,Scophthalmus maximus,GCF_022379125.1,baz2a,gene
-8,LOC118316907,LOC118316907,2283426,2317564,-,,,,,L001,Scophthalmus maximus,GCF_022379125.1,baz2a,gene
-7,LOC118316260,LOC118316260,2321890,2338967,+,,,,,L001,Scophthalmus maximus,GCF_022379125.1,baz2a,gene
-6,ddx23,ddx23,2341981,2349127,-,ddx23,NC_069725.1,15450678.0,ddx23,L001,Scophthalmus maximus,GCF_022379125.1,baz2a,gene
-5,LOC118316262,LOC118316262,2355000,2362696,-,,,,,L001,Scophthalmus maximus,GCF_022379125.1,baz2a,gene
-4,prim1,prim1,2369595,2374961,+,prim1,NC_069725.1,11972761.0,prim1,L001,Scophthalmus maximus,GCF_022379125.1,baz2a,gene
-3,LOC118316528,LOC118316528,2375335,2378590,-,,,,,L001,Scophthalmus maximus,GCF_022379125.1,baz2a,gene
-2,naca,naca,2379326,2387730,+,naca,NC_069725.1,11957064.0,naca,L001,Scophthalmus maximus,GCF_022379125.1,baz2a,gene
-1,ptges3b,ptges3b,2389553,2394974,+,ptges3a,NC_069725.1,6801040.0,ptges3a,L001,Scophthalmus maximus,GCF_022379125.1,baz2a,gene
0,baz2a,baz2a,2396569,2415410,+,baz2a,NC_069725.1,16197164.0,baz2a,L001,Scophthalmus maximus,GCF_022379125.1,baz2a,gene
1,LOC118316443,LOC118316443,2419740,2425664,+,LOC113530889,NC_069725.1,16290559.0,LOC113530889,L001,Scophthalmus maximus,GCF_022379125.1,baz2a,gene
2,mipb,mipb,2427137,2429881,+,,,,,L001,Scophthalmus maximus,GCF_022379125.1,baz2a,gene
3,rbm38,rbm38,2431142,2452533,-,,,,,L001,Scophthalmus maximus,GCF_022379125.1,baz2a,gene
4,LOC118316315,LOC118316315,2454493,2500838,-,LOC113545574,NC_069725.1,1145850.0,LOC113545574,L001,Scophthalmus maximus,GCF_022379125.1,baz2a,gene
5,zgc:113278,zgc:113278,2510431,2519951,-,zgc:113278,NC_069725.1,1202544.0,zgc:113278,L001,Scophthalmus maximus,GCF_022379125.1,baz2a,gene
6,LOC118316316,LOC118316316,2523687,2543413,+,prkcbp1l,NC_069725.1,14924317.0,prkcbp1l,L001,Scophthalmus maximus,GCF_022379125.1,baz2a,gene
7,si:ch73-181d5.4,si:ch73-181d5.4,2544217,2573679,+,,,,,L001,Scophthalmus maximus,GCF_022379125.1,baz2a,gene
8,LOC118316321,LOC118316321,2574538,2579506,+,LOC113545693,NC_069725.1,2397744.0,LOC113545693,L001,Scophthalmus maximus,GCF_022379125.1,baz2a,gene
9,col9a3,col9a3,2579183,2596748,-,col9a3,NC_069725.1,2418321.0,col9a3,L001,Scophthalmus maximus,GCF_022379125.1,baz2a,gene
10,ogfr,ogfr,2598527,2604424,-,ogfr,NC_069725.1,2444619.0,ogfr,L001,Scophthalmus maximus,GCF_022379125.1,baz2a,gene
-10,tube1,tube1,1178081,1189212,+,tube1,NC_069739.1,228660.0,tube1,L001,Scophthalmus maximus,GCF_022379125.1,amd1,gene
-9,ccn6,ccn6,1189107,1195971,-,,,,,L001,Scophthalmus maximus,GCF_022379125.1,amd1,gene
-8,si:dkey-119m7.4,si:dkey-119m7.4,1206838,1217464,+,,,,,L001,Scophthalmus maximus,GCF_022379125.1,amd1,gene
-7,fynb,fynb,1221486,1294881,+,,,,,L001,Scophthalmus maximus,GCF_022379125.1,amd1,gene
-6,LOC118290708,LOC118290708,1339253,1342037,+,LOC113525200,NC_069739.1,489807.0,LOC113525200,L001,Scophthalmus maximus,GCF_022379125.1,amd1,gene
-5,traf3ip2a,traf3ip2a,1348452,1355735,+,traf3ip2a,NC_069739.1,481271.0,traf3ip2a,L001,Scophthalmus maximus,GCF_022379125.1,amd1,gene
-4,rev3l,rev3l,1360390,1430293,+,rev3l,NC_069739.1,465678.0,rev3l,L001,Scophthalmus maximus,GCF_022379125.1,amd1,gene
-3,mfsd4b,mfsd4b,1430220,1437695,-,LOC113525208,NC_069739.1,455036.0,LOC113525208,L001,Scophthalmus maximus,GCF_022379125.1,amd1,gene
-2,slc16a10,slc16a10,1442960,1483349,-,slc16a10,NC_069739.1,437686.0,slc16a10,L001,Scophthalmus maximus,GCF_022379125.1,amd1,gene
-1,rpf2,rpf2,1484770,1490726,-,rpf2,NC_069739.1,414968.0,rpf2,L001,Scophthalmus maximus,GCF_022379125.1,amd1,gene
0,amd1,amd1,1494362,1508524,-,amd1,NC_069739.1,3894687.0,amd1,L001,Scophthalmus maximus,GCF_022379125.1,amd1,gene
1,cdk19,cdk19,1509677,1565086,+,cdk19,NC_069739.1,3937059.0,cdk19,L001,Scophthalmus maximus,GCF_022379125.1,amd1,gene
2,tab2,tab2,1583116,1636463,+,tab2,NC_069739.1,4013278.0,tab2,L001,Scophthalmus maximus,GCF_022379125.1,amd1,gene
3,LOC118290355,LOC118290355,1637924,1648804,-,LOC113528863,NC_069739.1,4036671.0,LOC113528863,L001,Scophthalmus maximus,GCF_022379125.1,amd1,gene
4,ppil4,ppil4,1653970,1675220,-,ppil4,NC_069739.1,3881290.0,ppil4,L001,Scophthalmus maximus,GCF_022379125.1,amd1,gene
5,ginm1,ginm1,1682860,1691387,+,ginm1,NC_069739.1,5845737.0,ginm1,L001,Scophthalmus maximus,GCF_022379125.1,amd1,gene
6,katna1,katna1,1693770,1708133,-,katna1,NC_069739.1,5837211.0,katna1,L001,Scophthalmus maximus,GCF_022379125.1,amd1,gene
7,si:dkey-63b1.1,si:dkey-63b1.1,1710272,1713507,-,si:dkey-63b1.1,NC_069728.1,21355305.0,si:dkey-63b1.1,L001,Scophthalmus maximus,GCF_022379125.1,amd1,gene
8,psmc6,psmc6,1725464,1733599,+,psmc6,NC_069728.1,21841146.0,psmc6,L001,Scophthalmus maximus,GCF_022379125.1,amd1,gene
9,cgrrf1,cgrrf1,1734059,1740223,-,cgrrf1,NC_069728.1,21828921.0,cgrrf1,L001,Scophthalmus maximus,GCF_022379125.1,amd1,gene
10,ddhd1b,ddhd1b,1740444,1763558,+,,,,,L001,Scophthalmus maximus,GCF_022379125.1,amd1,gene
-10,poc1a,poc1a,18484651,18517318,-,poc1a,NC_069729.1,21557582.0,poc1a,L002,Channa argus,GCF_033026475.1,COL2A1,gene
-9,b9d2,b9d2,18514106,18515238,+,b9d2,NC_069724.1,10200135.0,b9d2,L002,Channa argus,GCF_033026475.1,COL2A1,gene
-8,alas1,alas1,18527487,18533246,-,alas1,NC_069729.1,21404494.0,alas1,L002,Channa argus,GCF_033026475.1,COL2A1,gene
-7,LOC137127617,LOC137127617,18536540,18547126,-,,,,,L002,Channa argus,GCF_033026475.1,COL2A1,gene
-6,LOC137127618,LOC137127618,18546906,18550528,+,,,,,L002,Channa argus,GCF_033026475.1,COL2A1,gene
-5,itga7,itga7,18553642,18582700,+,itga7,NC_069729.1,21901350.0,itga7,L002,Channa argus,GCF_033026475.1,COL2A1,gene
-4,npffl,npffl,18584818,18587046,+,npffl,NC_069729.1,21931320.0,npffl,L002,Channa argus,GCF_033026475.1,COL2A1,gene
-3,LOC137127323,LOC137127323,18592914,18613864,+,LOC113524442,NC_069729.1,21949918.0,LOC113524442,L002,Channa argus,GCF_033026475.1,COL2A1,gene
-2,LOC137127322,LOC137127322,18617101,18633064,-,LOC113524444,NC_069729.1,21968907.0,LOC113524444,L002,Channa argus,GCF_033026475.1,COL2A1,gene
-1,nckap1l,nckap1l,18639028,18659758,-,nckap1l,NC_069729.1,21989658.0,nckap1l,L002,Channa argus,GCF_033026475.1,COL2A1,gene
0,col2a1b,col2a1b,18698183,18738637,+,col2a1a,NC_069717.1,11466480.0,col2a1a,L002,Channa argus,GCF_033026475.1,COL2A1,gene
1,LOC137127089,LOC137127089,18739344,18746013,-,,,,,L002,Channa argus,GCF_033026475.1,COL2A1,gene
2,myg1,myg1,18749441,18772439,-,timm17a,NC_069729.1,9635465.0,timm17a,L002,Channa argus,GCF_033026475.1,COL2A1,gene
3,LOC137127145,LOC137127145,18773603,18798876,+,,,,,L002,Channa argus,GCF_033026475.1,COL2A1,gene
4,LOC137127146,LOC137127146,18798847,18809777,-,,,,,L002,Channa argus,GCF_033026475.1,COL2A1,gene
5,prr13,prr13,18810136,18814384,-,,,,,L002,Channa argus,GCF_033026475.1,COL2A1,gene
6,LOC137127965,LOC137127965,18815568,18822265,-,LOC113533735,NC_069719.1,26656566.0,LOC113533735,L002,Channa argus,GCF_033026475.1,COL2A1,gene
7,LOC137127959,LOC137127959,18823610,18827743,+,,,,,L002,Channa argus,GCF_033026475.1,COL2A1,gene
8,sp1,sp1,18827801,18837161,-,sp1,NC_069729.1,22036254.0,sp1,L002,Channa argus,GCF_033026475.1,COL2A1,gene
9,tespa1,tespa1,18838874,18846734,+,tespa1,NC_069711.1,12354878.0,tespa1,L002,Channa argus,GCF_033026475.1,COL2A1,gene
10,tarbp2,tarbp2,18846789,18851633,-,tarbp2,NC_069711.1,12362900.0,tarbp2,L002,Channa argus,GCF_033026475.1,COL2A1,gene
-10,tmem45b,tmem45b,622717,627813,-,tmem45b,NC_069724.1,7640462.0,tmem45b,L002,Channa argus,GCF_033026475.1,PYGM,gene
-9,gng8,gng8,628244,632970,-,gng8,NC_069724.1,7650080.0,gng8,L002,Channa argus,GCF_033026475.1,PYGM,gene
-8,brd8a,brd8a,633425,644496,+,,,,,L002,Channa argus,GCF_033026475.1,PYGM,gene
-7,dnajc18,dnajc18,644867,652322,-,dnajc18,NC_069724.1,6397438.0,dnajc18,L002,Channa argus,GCF_033026475.1,PYGM,gene
-6,ppp3ca,ppp3ca,653813,682193,-,ppp3ca,NC_069724.1,6359541.0,ppp3ca,L002,Channa argus,GCF_033026475.1,PYGM,gene
-5,cxxc5a,cxxc5a,688939,708070,+,cxxc5a,NC_069724.1,6298927.0,cxxc5a,L002,Channa argus,GCF_033026475.1,PYGM,gene
-4,zgc:100829,zgc:100829,749296,764860,-,zgc:100829,NC_069724.1,6219195.0,zgc:100829,L002,Channa argus,GCF_033026475.1,PYGM,gene
-3,puraa,puraa,768991,778968,-,puraa,NC_069724.1,6194137.0,puraa,L002,Channa argus,GCF_033026475.1,PYGM,gene
-2,nrg2a,nrg2a,780135,844710,+,,,,,L002,Channa argus,GCF_033026475.1,PYGM,gene
-1,slc22a6l,slc22a6l,846776,850882,-,slc22a6l,NC_069724.1,6059847.0,slc22a6l,L002,Channa argus,GCF_033026475.1,PYGM,gene
0,pygma,pygma,856986,868622,-,pygma,NC_069724.1,6044554.0,pygma,L002,Channa argus,GCF_033026475.1,PYGM,gene
1,LOC137109066,LOC137109066,877088,989801,+,nrxn2a,NC_069724.1,5830819.0,nrxn2a,L002,Channa argus,GCF_033026475.1,PYGM,gene
2,LOC137109150,LOC137109150,992142,1014355,+,LOC113541414,NC_069724.1,5633490.0,LOC113541414,L002,Channa argus,GCF_033026475.1,PYGM,gene
3,zgc:165604,zgc:165604,1014449,1020825,-,zgc:165604,NC_069724.1,5616420.0,zgc:165604,L002,Channa argus,GCF_033026475.1,PYGM,gene
4,dlat,dlat,1020974,1030425,-,dlat,NC_069724.1,9089991.0,dlat,L002,Channa argus,GCF_033026475.1,PYGM,gene
5,LOC137109152,LOC137109152,1032623,1043730,-,dixdc1b,NC_069724.1,7746623.0,dixdc1b,L002,Channa argus,GCF_033026475.1,PYGM,gene
6,LOC137109149,LOC137109149,1043867,1210236,-,cfap54,NC_069727.1,17581411.0,cfap54,L002,Channa argus,GCF_033026475.1,PYGM,gene
7,LOC137108906,LOC137108906,1211426,1213563,+,,,,,L002,Channa argus,GCF_033026475.1,PYGM,gene
8,mia,mia,1213664,1215068,-,mia,NC_069736.1,15475859.0,mia,L002,Channa argus,GCF_033026475.1,PYGM,gene
9,bicdl2,bicdl2,1215591,1220339,+,bicdl2,NC_069736.1,15468828.0,bicdl2,L002,Channa argus,GCF_033026475.1,PYGM,gene
10,si:dkey-71l1.1,si:dkey-71l1.1,1220665,1225090,-,si:dkey-71l1.1,NC_069736.1,15450982.0,si:dkey-71l1.1,L002,Channa argus,GCF_033026475.1,PYGM,gene
-10,ppp3ca,ppp3ca,653813,682193,-,ppp3ca,NC_069724.1,6359541.0,ppp3ca,L002,Channa argus,GCF_033026475.1,DLAT,gene
-9,cxxc5a,cxxc5a,688939,708070,+,cxxc5a,NC_069724.1,6298927.0,cxxc5a,L002,Channa argus,GCF_033026475.1,DLAT,gene
-8,zgc:100829,zgc:100829,749296,764860,-,zgc:100829,NC_069724.1,6219195.0,zgc:100829,L002,Channa argus,GCF_033026475.1,DLAT,gene
-7,puraa,puraa,768991,778968,-,puraa,NC_069724.1,6194137.0,puraa,L002,Channa argus,GCF_033026475.1,DLAT,gene
-6,nrg2a,nrg2a,780135,844710,+,,,,,L002,Channa argus,GCF_033026475.1,DLAT,gene
-5,slc22a6l,slc22a6l,846776,850882,-,slc22a6l,NC_069724.1,6059847.0,slc22a6l,L002,Channa argus,GCF_033026475.1,DLAT,gene
-4,pygma,pygma,856986,868622,-,pygma,NC_069724.1,6044554.0,pygma,L002,Channa argus,GCF_033026475.1,DLAT,gene
-3,LOC137109066,LOC137109066,877088,989801,+,nrxn2a,NC_069724.1,5830819.0,nrxn2a,L002,Channa argus,GCF_033026475.1,DLAT,gene
-2,LOC137109150,LOC137109150,992142,1014355,+,LOC113541414,NC_069724.1,5633490.0,LOC113541414,L002,Channa argus,GCF_033026475.1,DLAT,gene
-1,zgc:165604,zgc:165604,1014449,1020825,-,zgc:165604,NC_069724.1,5616420.0,zgc:165604,L002,Channa argus,GCF_033026475.1,DLAT,gene
0,dlat,dlat,1020974,1030425,-,dlat,NC_069724.1,9089991.0,dlat,L002,Channa argus,GCF_033026475.1,DLAT,gene
1,LOC137109152,LOC137109152,1032623,1043730,-,dixdc1b,NC_069724.1,7746623.0,dixdc1b,L002,Channa argus,GCF_033026475.1,DLAT,gene
2,LOC137109149,LOC137109149,1043867,1210236,-,cfap54,NC_069727.1,17581411.0,cfap54,L002,Channa argus,GCF_033026475.1,DLAT,gene
3,LOC137108906,LOC137108906,1211426,1213563,+,,,,,L002,Channa argus,GCF_033026475.1,DLAT,gene
4,mia,mia,1213664,1215068,-,mia,NC_069736.1,15475859.0,mia,L002,Channa argus,GCF_033026475.1,DLAT,gene
5,bicdl2,bicdl2,1215591,1220339,+,bicdl2,NC_069736.1,15468828.0,bicdl2,L002,Channa argus,GCF_033026475.1,DLAT,gene
6,si:dkey-71l1.1,si:dkey-71l1.1,1220665,1225090,-,si:dkey-71l1.1,NC_069736.1,15450982.0,si:dkey-71l1.1,L002,Channa argus,GCF_033026475.1,DLAT,gene
7,fdxacb1,fdxacb1,1225338,1229223,+,fdxacb1,NC_069736.1,15433923.0,fdxacb1,L002,Channa argus,GCF_033026475.1,DLAT,gene
8,alg9,alg9,1230011,1238071,+,alg9,NC_069736.1,15416176.0,alg9,L002,Channa argus,GCF_033026475.1,DLAT,gene
9,layna,layna,1238213,1245464,-,layna,NC_069736.1,15367698.0,layna,L002,Channa argus,GCF_033026475.1,DLAT,gene
10,LOC137108900,LOC137108900,1246059,1255619,-,LOC113541657,NC_069724.1,5549622.0,LOC113541657,L002,Channa argus,GCF_033026475.1,DLAT,gene
-10,LOC137108150,LOC137108150,7482885,7505795,+,,,,,L002,Channa argus,GCF_033026475.1,MSX2,gene
-9,slc7a3a,slc7a3a,7489294,7502685,-,slc7a3a,NC_069724.1,6718497.0,slc7a3a,L002,Channa argus,GCF_033026475.1,MSX2,gene
-8,snx12,snx12,7506855,7513938,-,snx12,NC_069724.1,6701337.0,snx12,L002,Channa argus,GCF_033026475.1,MSX2,gene
-7,LOC137108149,LOC137108149,7513979,7519948,-,il2rga,NC_069726.1,422599.0,il2rga,L002,Channa argus,GCF_033026475.1,MSX2,gene
-6,LOC137107799,LOC137107799,7524567,7534914,+,,,,,L002,Channa argus,GCF_033026475.1,MSX2,gene
-5,LOC137107798,LOC137107798,7535237,7548442,+,fhl1b,NC_069726.1,388358.0,fhl1b,L002,Channa argus,GCF_033026475.1,MSX2,gene
-4,LOC137107797,LOC137107797,7549184,7568007,+,LOC113538250,NC_069726.1,374212.0,LOC113538250,L002,Channa argus,GCF_033026475.1,MSX2,gene
-3,adad2,adad2,7568017,7578481,-,adad2,NC_069713.1,17345449.0,adad2,L002,Channa argus,GCF_033026475.1,MSX2,gene
-2,cpeb4b,cpeb4b,7620388,7651532,+,cpeb4b,NC_069724.1,13265385.0,cpeb4b,L002,Channa argus,GCF_033026475.1,MSX2,gene
-1,nsg2,nsg2,7653874,7687665,+,nsg2,NC_069724.1,13216646.0,nsg2,L002,Channa argus,GCF_033026475.1,MSX2,gene
0,msx2b,msx2b,7741355,7744299,+,msx2b,NC_069724.1,41910.0,msx2b,L002,Channa argus,GCF_033026475.1,MSX2,gene
1,drd1b,drd1b,7824597,7831606,-,drd1b,NC_069724.1,74392.0,drd1b,L002,Channa argus,GCF_033026475.1,MSX2,gene
2,rad50,rad50,7846096,7873333,+,rad50,NC_069724.1,98780.0,rad50,L002,Channa argus,GCF_033026475.1,MSX2,gene
3,pou4f3,pou4f3,7886964,7889251,-,,,,,L002,Channa argus,GCF_033026475.1,MSX2,gene
4,rbm27,rbm27,7893140,7909369,-,rbm27,NC_069724.1,136135.0,rbm27,L002,Channa argus,GCF_033026475.1,MSX2,gene
5,LOC137107701,LOC137107701,7909518,7930009,+,lars1b,NC_069724.1,805859.0,lars1b,L002,Channa argus,GCF_033026475.1,MSX2,gene
6,plac8l1,plac8l1,7931182,7934221,+,plac8l1,NC_069724.1,783687.0,plac8l1,L002,Channa argus,GCF_033026475.1,MSX2,gene
7,LOC137108174,LOC137108174,7959048,7968443,+,LOC113541811,NC_069724.1,772986.0,LOC113541811,L002,Channa argus,GCF_033026475.1,MSX2,gene
8,kctd16b,kctd16b,8025925,8103442,-,kctd16b,NC_069724.1,730121.0,kctd16b,L002,Channa argus,GCF_033026475.1,MSX2,gene
9,yipf5,yipf5,8112673,8120868,+,yipf5,NC_069724.1,693092.0,yipf5,L002,Channa argus,GCF_033026475.1,MSX2,gene
10,LOC137108100,LOC137108100,8150344,8205736,+,LOC113541807,NC_069724.1,634382.0,LOC113541807,L002,Channa argus,GCF_033026475.1,MSX2,gene
-10,LOC137136250,LOC137136250,4867760,4869557,+,,,,,L002,Channa argus,GCF_033026475.1,ZNRF3,gene
-9,si:dkey-13n15.2,si:dkey-13n15.2,4872098,4891217,+,si:dkey-13n15.2,NC_069733.1,13568891.0,si:dkey-13n15.2,L002,Channa argus,GCF_033026475.1,ZNRF3,gene
-8,camk2b1,camk2b1,4893765,4964389,+,LOC113544821,NC_069726.1,6058849.0,LOC113544821,L002,Channa argus,GCF_033026475.1,ZNRF3,gene
-7,LOC137135559,LOC137135559,4967582,4969894,-,,,,,L002,Channa argus,GCF_033026475.1,ZNRF3,gene
-6,LOC137135558,LOC137135558,4971859,4974308,-,,,,,L002,Channa argus,GCF_033026475.1,ZNRF3,gene
-5,LOC137135560,LOC137135560,4980558,4982989,-,,,,,L002,Channa argus,GCF_033026475.1,ZNRF3,gene
-4,si:dkey-174n20.1,si:dkey-174n20.1,4989657,4991869,-,si:dkey-174n20.1,NC_069733.1,13646245.0,si:dkey-174n20.1,L002,Channa argus,GCF_033026475.1,ZNRF3,gene
-3,susd2,susd2,4991967,5024235,+,,,,,L002,Channa argus,GCF_033026475.1,ZNRF3,gene
-2,kremen1,kremen1,5024424,5078370,+,kremen1,NC_069733.1,16884964.0,kremen1,L002,Channa argus,GCF_033026475.1,ZNRF3,gene
-1,coq5,coq5,5083585,5108494,+,coq5,NC_069733.1,16926164.0,coq5,L002,Channa argus,GCF_033026475.1,ZNRF3,gene
0,znrf3,znrf3,5089623,5153505,-,znrf3,NC_069733.1,16969679.0,znrf3,L002,Channa argus,GCF_033026475.1,ZNRF3,gene
1,xbp1,xbp1,5170080,5172857,+,xbp1,NC_069733.1,17035704.0,xbp1,L002,Channa argus,GCF_033026475.1,ZNRF3,gene
2,LOC137135984,LOC137135984,5180403,5208029,-,LOC113536881,NC_069733.1,17066960.0,LOC113536881,L002,Channa argus,GCF_033026475.1,ZNRF3,gene
3,si:dkey-1k23.3,si:dkey-1k23.3,5210363,5214171,+,,,,,L002,Channa argus,GCF_033026475.1,ZNRF3,gene
4,hspb8,hspb8,5214215,5224604,-,hspb8,NC_069733.1,17090374.0,hspb8,L002,Channa argus,GCF_033026475.1,ZNRF3,gene
5,srrm4,srrm4,5225198,5278421,-,srrm4,NC_069733.1,17136622.0,srrm4,L002,Channa argus,GCF_033026475.1,ZNRF3,gene
6,suds3,suds3,5353882,5362061,-,suds3,NC_069733.1,17268035.0,suds3,L002,Channa argus,GCF_033026475.1,ZNRF3,gene
7,taok3a,taok3a,5364600,5424925,+,taok3a,NC_069733.1,17308986.0,taok3a,L002,Channa argus,GCF_033026475.1,ZNRF3,gene
8,pebp1,pebp1,5425439,5428266,-,pebp1,NC_069733.1,17341270.0,pebp1,L002,Channa argus,GCF_033026475.1,ZNRF3,gene
9,vsig10,vsig10,5430912,5439422,+,vsig10,NC_069733.1,15411512.0,vsig10,L002,Channa argus,GCF_033026475.1,ZNRF3,gene
10,wsb2,wsb2,5440040,5445904,+,wsb2,NC_069733.1,15425377.0,wsb2,L002,Channa argus,GCF_033026475.1,ZNRF3,gene
-10,kat6a,kat6a,49018517,49048597,+,kat6a,NC_069733.1,17884046.0,kat6a,L003,Larimichthys crocea,GCF_000972845.2,Unc5d,gene
-9,ap3m2,ap3m2,49050973,49058684,+,ap3m2,NC_069733.1,17910325.0,ap3m2,L003,Larimichthys crocea,GCF_000972845.2,Unc5d,gene
-8,tet3,tet3,49059892,49101395,+,tet3,NC_069733.1,17945094.0,tet3,L003,Larimichthys crocea,GCF_000972845.2,Unc5d,gene
-7,LOC113744566,LOC113744566,49153582,49156606,+,,,,,L003,Larimichthys crocea,GCF_000972845.2,Unc5d,gene
-6,LOC109137085,LOC109137085,49176864,49187233,-,,,,,L003,Larimichthys crocea,GCF_000972845.2,Unc5d,gene
-5,LOC104937559,LOC104937559,49282219,49294097,-,sfrp1a,NC_069733.1,2635963.0,sfrp1a,L003,Larimichthys crocea,GCF_000972845.2,Unc5d,gene
-4,LOC104937560,LOC104937560,49313972,49341202,+,,,,,L003,Larimichthys crocea,GCF_000972845.2,Unc5d,gene
-3,loxl2b,loxl2b,49365933,49401809,-,loxl2b,NC_069733.1,2689504.0,loxl2b,L003,Larimichthys crocea,GCF_000972845.2,Unc5d,gene
-2,cyb561a3a,cyb561a3a,49404982,49409753,-,LOC113542230,NC_069733.1,2719677.0,LOC113542230,L003,Larimichthys crocea,GCF_000972845.2,Unc5d,gene
-1,LOC104939559,LOC104939559,49429100,49435373,-,,,,,L003,Larimichthys crocea,GCF_000972845.2,Unc5d,gene
0,unc5db,unc5db,49448411,49611615,-,unc5db,NC_069733.1,2828327.0,unc5db,L003,Larimichthys crocea,GCF_000972845.2,Unc5d,gene
1,top3b,top3b,49651309,49683461,+,top3b,NC_069733.1,15079473.0,top3b,L003,Larimichthys crocea,GCF_000972845.2,Unc5d,gene
2,LOC113745699,LOC113745699,49743204,49744853,-,,,,,L003,Larimichthys crocea,GCF_000972845.2,Unc5d,gene
3,LOC113745681,LOC113745681,49753212,49755425,-,,,,,L003,Larimichthys crocea,GCF_000972845.2,Unc5d,gene
4,LOC104930871,LOC104930871,49778632,49806880,+,pdzd2,NC_069733.1,13157625.0,pdzd2,L003,Larimichthys crocea,GCF_000972845.2,Unc5d,gene
5,npr3,npr3,49813745,49834053,+,npr3,NC_069733.1,13326132.0,npr3,L003,Larimichthys crocea,GCF_000972845.2,Unc5d,gene
6,LOC109139775,LOC109139775,49836422,49859554,+,,,,,L003,Larimichthys crocea,GCF_000972845.2,Unc5d,gene
7,LOC109139776,LOC109139776,49860054,49862188,-,,,,,L003,Larimichthys crocea,GCF_000972845.2,Unc5d,gene
8,LOC104930860,LOC104930860,49866753,49871345,-,sub1b,NC_069733.1,13261638.0,sub1b,L003,Larimichthys crocea,GCF_000972845.2,Unc5d,gene
9,LOC113744409,LOC113744409,49873624,49878585,+,,,,,L003,Larimichthys crocea,GCF_000972845.2,Unc5d,gene
10,LOC104930862,LOC104930862,49892669,49898839,+,zgc:64051,NC_069733.1,3164747.0,zgc:64051,L003,Larimichthys crocea,GCF_000972845.2,Unc5d,gene
-10,LOC109142033,LOC109142033,18503555,18507948,+,,,,,L003,Larimichthys crocea,GCF_000972845.2,HUS1,gene
-9,map3k8,map3k8,18536956,18544022,-,map3k8,NC_069721.1,15364374.0,map3k8,L003,Larimichthys crocea,GCF_000972845.2,HUS1,gene
-8,mtpap,mtpap,18544043,18554628,+,mtpap,NC_069721.1,15376104.0,mtpap,L003,Larimichthys crocea,GCF_000972845.2,HUS1,gene
-7,jcada,jcada,18588662,18609859,+,jcada,NC_069721.1,15410949.0,jcada,L003,Larimichthys crocea,GCF_000972845.2,HUS1,gene
-6,svila,svila,18656039,18731919,+,svila,NC_069721.1,15476928.0,svila,L003,Larimichthys crocea,GCF_000972845.2,HUS1,gene
-5,znf438,znf438,18771638,18817680,-,znf438,NC_069721.1,15570996.0,znf438,L003,Larimichthys crocea,GCF_000972845.2,HUS1,gene
-4,zeb1b,zeb1b,18830845,18875239,+,zeb1b,NC_069721.1,15636414.0,zeb1b,L003,Larimichthys crocea,GCF_000972845.2,HUS1,gene
-3,arhgap12b,arhgap12b,18894183,18945847,-,arhgap12b,NC_069721.1,15697796.0,arhgap12b,L003,Larimichthys crocea,GCF_000972845.2,HUS1,gene
-2,LOC104926299,LOC104926299,18947312,18964099,-,,,,,L003,Larimichthys crocea,GCF_000972845.2,HUS1,gene
-1,LOC113744519,LOC113744519,18985185,18987523,+,,,,,L003,Larimichthys crocea,GCF_000972845.2,HUS1,gene
0,hus1,hus1,18989901,18994022,-,hus1,NC_069731.1,8402047.0,hus1,L003,Larimichthys crocea,GCF_000972845.2,HUS1,gene
1,LOC104937534,LOC104937534,18995287,19025791,-,,,,,L003,Larimichthys crocea,GCF_000972845.2,HUS1,gene
2,LOC104937536,LOC104937536,19034508,19045339,+,,,,,L003,Larimichthys crocea,GCF_000972845.2,HUS1,gene
3,cavin4b,cavin4b,19056825,19063711,+,cavin4b,NC_069710.1,9521722.0,cavin4b,L003,Larimichthys crocea,GCF_000972845.2,HUS1,gene
4,dnah5l,dnah5l,19064747,19097449,-,,,,,L003,Larimichthys crocea,GCF_000972845.2,HUS1,gene
5,rreb1a,rreb1a,19113175,19163285,-,rreb1a,NC_069710.1,27700921.0,rreb1a,L003,Larimichthys crocea,GCF_000972845.2,HUS1,gene
6,LOC104936032,LOC104936032,19171792,19177146,-,,,,,L003,Larimichthys crocea,GCF_000972845.2,HUS1,gene
7,nrn1a,nrn1a,19183856,19193249,+,nrn1a,NC_069710.1,27643680.0,nrn1a,L003,Larimichthys crocea,GCF_000972845.2,HUS1,gene
8,fars2,fars2,19216464,19299001,-,fars2,NC_069710.1,27549174.0,fars2,L003,Larimichthys crocea,GCF_000972845.2,HUS1,gene
9,lyrm4b,lyrm4b,19295108,19322410,+,,,,,L003,Larimichthys crocea,GCF_000972845.2,HUS1,gene
10,ppp1r3g,ppp1r3g,19323864,19325319,-,ppp1r3g,NC_069710.1,27433568.0,ppp1r3g,L003,Larimichthys crocea,GCF_000972845.2,HUS1,gene
-10,LOC119914272,LOC119914272,30672347,30782853,+,ralgps1,NC_069717.1,19055171.0,ralgps1,L004,Micropterus salmoides,GCF_014851395.1,Mapkap1,gene
-9,LOC119914273,LOC119914273,30715625,30732796,-,,,,,L004,Micropterus salmoides,GCF_014851395.1,Mapkap1,gene
-8,fbxw2,fbxw2,30796310,30810156,-,fbxw2,NC_069736.1,10168883.0,fbxw2,L004,Micropterus salmoides,GCF_014851395.1,Mapkap1,gene
-7,crb2a,crb2a,30827855,30854864,+,,,,,L004,Micropterus salmoides,GCF_014851395.1,Mapkap1,gene
-6,dennd1a,dennd1a,30856451,30912579,-,dennd1a,NC_069724.1,15174808.0,dennd1a,L004,Micropterus salmoides,GCF_014851395.1,Mapkap1,gene
-5,nek6,nek6,30919835,30953803,+,,,,,L004,Micropterus salmoides,GCF_014851395.1,Mapkap1,gene
-4,psmb7,psmb7,30956072,30960770,-,psmb7,NC_069724.1,16744674.0,psmb7,L004,Micropterus salmoides,GCF_014851395.1,Mapkap1,gene
-3,LOC119914648,LOC119914648,30966911,30974792,-,,,,,L004,Micropterus salmoides,GCF_014851395.1,Mapkap1,gene
-2,LOC119914928,LOC119914928,31005966,31056044,-,,,,,L004,Micropterus salmoides,GCF_014851395.1,Mapkap1,gene
-1,mvb12ba,mvb12ba,31062305,31089127,-,mvb12ba,NC_069736.1,11524586.0,mvb12ba,L004,Micropterus salmoides,GCF_014851395.1,Mapkap1,gene
0,mapkap1,mapkap1,31093780,31134057,+,mapkap1,NC_069736.1,11377534.0,mapkap1,L004,Micropterus salmoides,GCF_014851395.1,Mapkap1,gene
1,ajm1,ajm1,31161348,31196268,-,ajm1,NC_069736.1,11441524.0,ajm1,L004,Micropterus salmoides,GCF_014851395.1,Mapkap1,gene
2,LOC119915164,LOC119915164,31209794,31215684,+,LOC113543668,NC_069726.1,15103129.0,LOC113543668,L004,Micropterus salmoides,GCF_014851395.1,Mapkap1,gene
3,slc12a2,slc12a2,31229261,31307944,-,slc12a2,NC_069726.1,15255663.0,slc12a2,L004,Micropterus salmoides,GCF_014851395.1,Mapkap1,gene
4,slc27a6,slc27a6,31338539,31383912,-,slc27a6,NC_069726.1,15131406.0,slc27a6,L004,Micropterus salmoides,GCF_014851395.1,Mapkap1,gene
5,lmnb1,lmnb1,31420546,31448374,-,lmnb1,NC_069726.1,15463229.0,lmnb1,L004,Micropterus salmoides,GCF_014851395.1,Mapkap1,gene
6,prrc1,prrc1,31471310,31506819,-,prrc1,NC_069726.1,15345526.0,prrc1,L004,Micropterus salmoides,GCF_014851395.1,Mapkap1,gene
7,chd1,chd1,31540938,31588630,+,chd1,NC_069726.1,16793577.0,chd1,L004,Micropterus salmoides,GCF_014851395.1,Mapkap1,gene
8,reep5,reep5,31604705,31643676,+,reep5,NC_069726.1,16771011.0,reep5,L004,Micropterus salmoides,GCF_014851395.1,Mapkap1,gene
9,LOC119914210,LOC119914210,31651093,31713595,-,,,,,L004,Micropterus salmoides,GCF_014851395.1,Mapkap1,gene
10,sptlc1,sptlc1,31728570,31771125,+,sptlc1,NC_069726.1,17240779.0,sptlc1,L004,Micropterus salmoides,GCF_014851395.1,Mapkap1,gene
-10,shroom3,shroom3,28533198,28606201,-,shroom3,NC_069724.1,16933701.0,shroom3,L004,Micropterus salmoides,GCF_014851395.1,Hmgcs1,gene
-9,LOC119914650,LOC119914650,28614611,28627066,-,,,,,L004,Micropterus salmoides,GCF_014851395.1,Hmgcs1,gene
-8,mfsd14ba,mfsd14ba,28627795,28645212,-,mfsd14ba,NC_069726.1,5693572.0,mfsd14ba,L004,Micropterus salmoides,GCF_014851395.1,Hmgcs1,gene
-7,zmp:0000001301,zmp:0000001301,28648414,28657004,+,zmp:0000001301,NC_069726.1,5710908.0,zmp:0000001301,L004,Micropterus salmoides,GCF_014851395.1,Hmgcs1,gene
-6,LOC119914636,LOC119914636,28662506,28684511,+,LOC113544883,NC_069726.1,5728772.0,LOC113544883,L004,Micropterus salmoides,GCF_014851395.1,Hmgcs1,gene
-5,dnajc25,dnajc25,28688432,28695873,-,dnajc25,NC_069736.1,4310134.0,dnajc25,L004,Micropterus salmoides,GCF_014851395.1,Hmgcs1,gene
-4,psmb10,psmb10,28718499,28724015,+,psmb10,NC_069718.1,2077997.0,psmb10,L004,Micropterus salmoides,GCF_014851395.1,Hmgcs1,gene
-3,LOC119915094,LOC119915094,28724774,28735904,+,LOC117597931,NC_069718.1,2071017.0,LOC117597931,L004,Micropterus salmoides,GCF_014851395.1,Hmgcs1,gene
-2,dcp2,dcp2,28738919,28755324,+,dcp2,NC_069726.1,16758526.0,dcp2,L004,Micropterus salmoides,GCF_014851395.1,Hmgcs1,gene
-1,LOC119914323,LOC119914323,28756014,28792069,+,LOC113531609,NC_069736.1,3194696.0,LOC113531609,L004,Micropterus salmoides,GCF_014851395.1,Hmgcs1,gene
0,hmgcs1,hmgcs1,28801166,28813191,+,hmgcs1,NC_069726.1,16610326.0,hmgcs1,L004,Micropterus salmoides,GCF_014851395.1,Hmgcs1,gene
1,tln1,tln1,28822373,28892762,+,tln1,NC_069726.1,16655256.0,tln1,L004,Micropterus salmoides,GCF_014851395.1,Hmgcs1,gene
2,tpm2,tpm2,28893976,28918221,+,tpm2,NC_069726.1,16707565.0,tpm2,L004,Micropterus salmoides,GCF_014851395.1,Hmgcs1,gene
3,il6st,il6st,28922469,28940087,+,LOC113543547,NC_069726.1,16505321.0,LOC113543547,L004,Micropterus salmoides,GCF_014851395.1,Hmgcs1,gene
4,purg,purg,28942629,28953345,+,purg,NC_069726.1,16133731.0,purg,L004,Micropterus salmoides,GCF_014851395.1,Hmgcs1,gene
5,slc38a9,slc38a9,28958632,28974911,+,slc38a9,NC_069726.1,16452057.0,slc38a9,L004,Micropterus salmoides,GCF_014851395.1,Hmgcs1,gene
6,nrg1,nrg1,28979363,29028717,+,nrg1,NC_069726.1,16219444.0,nrg1,L004,Micropterus salmoides,GCF_014851395.1,Hmgcs1,gene
7,tdgf1,tdgf1,29038221,29044419,+,tdgf1,NC_069726.1,5342758.0,tdgf1,L004,Micropterus salmoides,GCF_014851395.1,Hmgcs1,gene
8,dcc,dcc,29117221,29436150,-,dcc,NC_069736.1,3664536.0,dcc,L004,Micropterus salmoides,GCF_014851395.1,Hmgcs1,gene
9,LOC119914056,LOC119914056,29520562,29548753,+,LOC128318881,NC_069718.1,28340510.0,LOC128318881,L004,Micropterus salmoides,GCF_014851395.1,Hmgcs1,gene
10,LOC119914057,LOC119914057,29549797,29552369,+,LOC117599317,NC_069726.1,16988024.0,LOC117599317,L004,Micropterus salmoides,GCF_014851395.1,Hmgcs1,gene
-10,dennd1a,dennd1a,30856451,30912579,-,dennd1a,NC_069724.1,15174808.0,dennd1a,L004,Micropterus salmoides,GCF_014851395.1,Slc27a6,gene
-9,nek6,nek6,30919835,30953803,+,,,,,L004,Micropterus salmoides,GCF_014851395.1,Slc27a6,gene
-8,psmb7,psmb7,30956072,30960770,-,psmb7,NC_069724.1,16744674.0,psmb7,L004,Micropterus salmoides,GCF_014851395.1,Slc27a6,gene
-7,LOC119914648,LOC119914648,30966911,30974792,-,,,,,L004,Micropterus salmoides,GCF_014851395.1,Slc27a6,gene
-6,LOC119914928,LOC119914928,31005966,31056044,-,,,,,L004,Micropterus salmoides,GCF_014851395.1,Slc27a6,gene
-5,mvb12ba,mvb12ba,31062305,31089127,-,mvb12ba,NC_069736.1,11524586.0,mvb12ba,L004,Micropterus salmoides,GCF_014851395.1,Slc27a6,gene
-4,mapkap1,mapkap1,31093780,31134057,+,mapkap1,NC_069736.1,11377534.0,mapkap1,L004,Micropterus salmoides,GCF_014851395.1,Slc27a6,gene
-3,ajm1,ajm1,31161348,31196268,-,ajm1,NC_069736.1,11441524.0,ajm1,L004,Micropterus salmoides,GCF_014851395.1,Slc27a6,gene
-2,LOC119915164,LOC119915164,31209794,31215684,+,LOC113543668,NC_069726.1,15103129.0,LOC113543668,L004,Micropterus salmoides,GCF_014851395.1,Slc27a6,gene
-1,slc12a2,slc12a2,31229261,31307944,-,slc12a2,NC_069726.1,15255663.0,slc12a2,L004,Micropterus salmoides,GCF_014851395.1,Slc27a6,gene
0,slc27a6,slc27a6,31338539,31383912,-,slc27a6,NC_069726.1,15131406.0,slc27a6,L004,Micropterus salmoides,GCF_014851395.1,Slc27a6,gene
1,lmnb1,lmnb1,31420546,31448374,-,lmnb1,NC_069726.1,15463229.0,lmnb1,L004,Micropterus salmoides,GCF_014851395.1,Slc27a6,gene
2,prrc1,prrc1,31471310,31506819,-,prrc1,NC_069726.1,15345526.0,prrc1,L004,Micropterus salmoides,GCF_014851395.1,Slc27a6,gene
3,chd1,chd1,31540938,31588630,+,chd1,NC_069726.1,16793577.0,chd1,L004,Micropterus salmoides,GCF_014851395.1,Slc27a6,gene
4,reep5,reep5,31604705,31643676,+,reep5,NC_069726.1,16771011.0,reep5,L004,Micropterus salmoides,GCF_014851395.1,Slc27a6,gene
5,LOC119914210,LOC119914210,31651093,31713595,-,,,,,L004,Micropterus salmoides,GCF_014851395.1,Slc27a6,gene
6,sptlc1,sptlc1,31728570,31771125,+,sptlc1,NC_069726.1,17240779.0,sptlc1,L004,Micropterus salmoides,GCF_014851395.1,Slc27a6,gene
7,ror2,ror2,31773632,31830086,+,ror2,NC_069726.1,17198112.0,ror2,L004,Micropterus salmoides,GCF_014851395.1,Slc27a6,gene
8,nfil3,nfil3,31887965,31892905,+,nfil3,NC_069726.1,17156277.0,nfil3,L004,Micropterus salmoides,GCF_014851395.1,Slc27a6,gene
9,auh,auh,31910248,31931771,+,auh,NC_069726.1,17139764.0,auh,L004,Micropterus salmoides,GCF_014851395.1,Slc27a6,gene
10,syk,syk,31940930,31979960,-,syk,NC_069726.1,17061732.0,syk,L004,Micropterus salmoides,GCF_014851395.1,Slc27a6,gene
-10,txnl1,txnl1,28088980,28095552,+,txnl1,NC_069724.1,18890061.0,txnl1,L004,Micropterus salmoides,GCF_014851395.1,Shroom3,gene
-9,nars1,nars1,28101325,28115147,+,nars1,NC_069724.1,18879337.0,nars1,L004,Micropterus salmoides,GCF_014851395.1,Shroom3,gene
-8,fech,fech,28117328,28137167,+,fech,NC_069724.1,23467487.0,fech,L004,Micropterus salmoides,GCF_014851395.1,Shroom3,gene
-7,onecut2,onecut2,28144422,28187813,-,onecut2,NC_069724.1,23436359.0,onecut2,L004,Micropterus salmoides,GCF_014851395.1,Shroom3,gene
-6,st8sia3,st8sia3,28209455,28226711,-,st8sia3,NC_069724.1,23403339.0,st8sia3,L004,Micropterus salmoides,GCF_014851395.1,Shroom3,gene
-5,LOC119914376,LOC119914376,28336331,28463897,-,LOC113535522,NC_069724.1,23284356.0,LOC113535522,L004,Micropterus salmoides,GCF_014851395.1,Shroom3,gene
-4,taf1c,taf1c,28467582,28483385,+,taf1c,NC_069724.1,16850744.0,taf1c,L004,Micropterus salmoides,GCF_014851395.1,Shroom3,gene
-3,ccng2,ccng2,28484248,28491356,-,ccng2,NC_069724.1,16864361.0,ccng2,L004,Micropterus salmoides,GCF_014851395.1,Shroom3,gene
-2,ccni,ccni,28492384,28511297,+,ccni,NC_069724.1,16874208.0,ccni,L004,Micropterus salmoides,GCF_014851395.1,Shroom3,gene
-1,LOC119914523,LOC119914523,28516937,28526531,-,LOC113535391,NC_069724.1,16890251.0,LOC113535391,L004,Micropterus salmoides,GCF_014851395.1,Shroom3,gene
0,shroom3,shroom3,28533198,28606201,-,shroom3,NC_069724.1,16933701.0,shroom3,L004,Micropterus salmoides,GCF_014851395.1,Shroom3,gene
1,LOC119914650,LOC119914650,28614611,28627066,-,,,,,L004,Micropterus salmoides,GCF_014851395.1,Shroom3,gene
2,mfsd14ba,mfsd14ba,28627795,28645212,-,mfsd14ba,NC_069726.1,5693572.0,mfsd14ba,L004,Micropterus salmoides,GCF_014851395.1,Shroom3,gene
3,zmp:0000001301,zmp:0000001301,28648414,28657004,+,zmp:0000001301,NC_069726.1,5710908.0,zmp:0000001301,L004,Micropterus salmoides,GCF_014851395.1,Shroom3,gene
4,LOC119914636,LOC119914636,28662506,28684511,+,LOC113544883,NC_069726.1,5728772.0,LOC113544883,L004,Micropterus salmoides,GCF_014851395.1,Shroom3,gene
5,dnajc25,dnajc25,28688432,28695873,-,dnajc25,NC_069736.1,4310134.0,dnajc25,L004,Micropterus salmoides,GCF_014851395.1,Shroom3,gene
6,psmb10,psmb10,28718499,28724015,+,psmb10,NC_069718.1,2077997.0,psmb10,L004,Micropterus salmoides,GCF_014851395.1,Shroom3,gene
7,LOC119915094,LOC119915094,28724774,28735904,+,LOC117597931,NC_069718.1,2071017.0,LOC117597931,L004,Micropterus salmoides,GCF_014851395.1,Shroom3,gene
8,dcp2,dcp2,28738919,28755324,+,dcp2,NC_069726.1,16758526.0,dcp2,L004,Micropterus salmoides,GCF_014851395.1,Shroom3,gene
9,LOC119914323,LOC119914323,28756014,28792069,+,LOC113531609,NC_069736.1,3194696.0,LOC113531609,L004,Micropterus salmoides,GCF_014851395.1,Shroom3,gene
10,hmgcs1,hmgcs1,28801166,28813191,+,hmgcs1,NC_069726.1,16610326.0,hmgcs1,L004,Micropterus salmoides,GCF_014851395.1,Shroom3,gene
-10,wdr75,wdr75,36164847,36185392,+,wdr75,NC_069714.1,29556481.0,wdr75,L005,Clarias fuscus,GCF_024256425.1,mstnb,gene
-9,slc40a1,slc40a1,36191028,36200503,-,slc40a1,NC_069714.1,29531255.0,slc40a1,L005,Clarias fuscus,GCF_024256425.1,mstnb,gene
-8,LOC128524561,LOC128524561,36211162,36215451,+,LOC113526165,NC_069714.1,29514687.0,LOC113526165,L005,Clarias fuscus,GCF_024256425.1,mstnb,gene
-7,asnsd1,asnsd1,36213144,36217392,+,asnsd1,NC_069714.1,29512021.0,asnsd1,L005,Clarias fuscus,GCF_024256425.1,mstnb,gene
-6,zgc:136439,zgc:136439,36217282,36221915,-,zgc:136439,NC_069714.1,29507961.0,zgc:136439,L005,Clarias fuscus,GCF_024256425.1,mstnb,gene
-5,ankar,ankar,36222227,36241940,+,ankar,NC_069714.1,29493261.0,ankar,L005,Clarias fuscus,GCF_024256425.1,mstnb,gene
-4,osgepl1,osgepl1,36242043,36247475,-,osgepl1,NC_069714.1,29479533.0,osgepl1,L005,Clarias fuscus,GCF_024256425.1,mstnb,gene
-3,adat3,adat3,36247683,36249368,+,adat3,NC_069714.1,29474880.0,adat3,L005,Clarias fuscus,GCF_024256425.1,mstnb,gene
-2,ormdl1,ormdl1,36252014,36264220,-,ormdl1,NC_069714.1,29464096.0,ormdl1,L005,Clarias fuscus,GCF_024256425.1,mstnb,gene
-1,pms1,pms1,36264543,36298975,+,pms1,NC_069714.1,29438239.0,pms1,L005,Clarias fuscus,GCF_024256425.1,mstnb,gene
0,mstnb,mstnb,36325449,36330239,-,mstnb,NC_069714.1,29400907.0,mstnb,L005,Clarias fuscus,GCF_024256425.1,mstnb,gene
1,LOC128523708,LOC128523708,36335481,36342414,+,,,,,L005,Clarias fuscus,GCF_024256425.1,mstnb,gene
2,hibch,hibch,36347209,36390096,-,hibch,NC_069714.1,29356252.0,hibch,L005,Clarias fuscus,GCF_024256425.1,mstnb,gene
3,pofut2,pofut2,36391316,36406108,+,pofut2,NC_069714.1,29326469.0,pofut2,L005,Clarias fuscus,GCF_024256425.1,mstnb,gene
4,abca12,abca12,36430188,36522583,+,abca12,NC_069714.1,29248223.0,abca12,L005,Clarias fuscus,GCF_024256425.1,mstnb,gene
5,bard1,bard1,36528901,36559271,+,bard1,NC_069714.1,29160675.0,bard1,L005,Clarias fuscus,GCF_024256425.1,mstnb,gene
6,vwc2l,vwc2l,36576428,36625592,-,vwc2l,NC_069714.1,29105286.0,vwc2l,L005,Clarias fuscus,GCF_024256425.1,mstnb,gene
7,ikzf2,ikzf2,37241992,37292381,+,ikzf2,NC_069714.1,28578277.0,ikzf2,L005,Clarias fuscus,GCF_024256425.1,mstnb,gene
8,LOC128523835,LOC128523835,37345261,37735523,+,LOC113525375,NC_069714.1,28327712.0,LOC113525375,L005,Clarias fuscus,GCF_024256425.1,mstnb,gene
9,cps1,cps1,37850906,37921041,-,cps1,NC_069714.1,28015687.0,cps1,L005,Clarias fuscus,GCF_024256425.1,mstnb,gene
10,myl1,myl1,37938459,37945286,+,myl1,NC_069714.1,27948917.0,myl1,L005,Clarias fuscus,GCF_024256425.1,mstnb,gene
-10,si:ch211-106n13.3,si:ch211-106n13.3,21775346,21804738,+,si:ch211-106n13.3,NC_069730.1,17554108.0,si:ch211-106n13.3,L005,Clarias fuscus,GCF_024256425.1,egfr,gene
-9,ccr12a,ccr12a,21805174,21807906,+,ccr12a,NC_069730.1,17568897.0,ccr12a,L005,Clarias fuscus,GCF_024256425.1,egfr,gene
-8,hecw1b,hecw1b,21813117,21861512,+,hecw1b,NC_069730.1,17595726.0,hecw1b,L005,Clarias fuscus,GCF_024256425.1,egfr,gene
-7,fuz,fuz,21862743,21867188,+,fuz,NC_069730.1,17620942.0,fuz,L005,Clarias fuscus,GCF_024256425.1,egfr,gene
-6,gpt,gpt,21872045,21891987,+,gpt,NC_069730.1,17637339.0,gpt,L005,Clarias fuscus,GCF_024256425.1,egfr,gene
-5,c1ql3b,c1ql3b,21901235,21903958,+,c1ql3b,NC_069730.1,17656053.0,c1ql3b,L005,Clarias fuscus,GCF_024256425.1,egfr,gene
-4,LOC128513501,LOC128513501,21903960,21909172,-,pter,NC_069730.1,17660167.0,pter,L005,Clarias fuscus,GCF_024256425.1,egfr,gene
-3,LOC128513236,LOC128513236,21911908,21914618,-,,,,,L005,Clarias fuscus,GCF_024256425.1,egfr,gene
-2,mmp16b,mmp16b,21925341,21956862,-,mmp16b,NC_069730.1,17679903.0,mmp16b,L005,Clarias fuscus,GCF_024256425.1,egfr,gene
-1,LOC128512822,LOC128512822,21977099,21979608,-,,,,,L005,Clarias fuscus,GCF_024256425.1,egfr,gene
0,egfra,egfra,21999148,22062900,+,egfra,NC_069730.1,17744175.0,egfra,L005,Clarias fuscus,GCF_024256425.1,egfr,gene
1,npc1,npc1,22067114,22094713,+,npc1,NC_069730.1,17793382.0,npc1,L005,Clarias fuscus,GCF_024256425.1,egfr,gene
2,cables1,cables1,22105645,22134408,-,cables1,NC_069730.1,17827321.0,cables1,L005,Clarias fuscus,GCF_024256425.1,egfr,gene
3,gata6,gata6,22189191,22197818,-,gata6,NC_069730.1,17889778.0,gata6,L005,Clarias fuscus,GCF_024256425.1,egfr,gene
4,mib1,mib1,22227084,22287588,-,mib1,NC_069730.1,17954428.0,mib1,L005,Clarias fuscus,GCF_024256425.1,egfr,gene
5,yme1l1b,yme1l1b,22288837,22302092,+,yme1l1b,NC_069730.1,17989172.0,yme1l1b,L005,Clarias fuscus,GCF_024256425.1,egfr,gene
6,LOC128512917,LOC128512917,22302723,22305670,-,LOC113546399,NC_069730.1,17998047.0,LOC113546399,L005,Clarias fuscus,GCF_024256425.1,egfr,gene
7,rab18b,rab18b,22308757,22319723,+,rab18b,NC_069730.1,18007175.0,rab18b,L005,Clarias fuscus,GCF_024256425.1,egfr,gene
8,mkxb,mkxb,22327777,22343116,-,mkxb,NC_069730.1,18025124.0,mkxb,L005,Clarias fuscus,GCF_024256425.1,egfr,gene
9,mpp7b,mpp7b,22365658,22425519,-,mpp7b,NC_069730.1,18076891.0,mpp7b,L005,Clarias fuscus,GCF_024256425.1,egfr,gene
10,wacb,wacb,22432333,22445770,+,wacb,NC_069730.1,18113269.0,wacb,L005,Clarias fuscus,GCF_024256425.1,egfr,gene
-10,LOC128544954,LOC128544954,8345629,8369840,+,,,,,L005,Clarias fuscus,GCF_024256425.1,serca1,gene
-9,si:ch211-198p11.6,si:ch211-198p11.6,8373769,8377692,+,si:ch211-198p11.6,NC_069722.1,6155128.0,si:ch211-198p11.6,L005,Clarias fuscus,GCF_024256425.1,serca1,gene
-8,cln3,cln3,8382771,8392021,+,cln3,NC_069722.1,6165842.0,cln3,L005,Clarias fuscus,GCF_024256425.1,serca1,gene
-7,nudt9,nudt9,8392119,8399902,-,nudt9,NC_069722.1,6175725.0,nudt9,L005,Clarias fuscus,GCF_024256425.1,serca1,gene
-6,mapk3,mapk3,8403264,8419821,+,mapk3,NC_069722.1,6190336.0,mapk3,L005,Clarias fuscus,GCF_024256425.1,serca1,gene
-5,gdpd3a,gdpd3a,8425718,8434120,+,gdpd3a,NC_069722.1,6208646.0,gdpd3a,L005,Clarias fuscus,GCF_024256425.1,serca1,gene
-4,ypel3,ypel3,8435506,8440273,+,ypel3,NC_069722.1,6216668.0,ypel3,L005,Clarias fuscus,GCF_024256425.1,serca1,gene
-3,LOC128544676,LOC128544676,8443588,8450604,+,LOC113527922,NC_069722.1,6224782.0,LOC113527922,L005,Clarias fuscus,GCF_024256425.1,serca1,gene
-2,LOC128544983,LOC128544983,8453387,8462862,+,,,,,L005,Clarias fuscus,GCF_024256425.1,serca1,gene
-1,rabep2,rabep2,8465198,8472960,+,rabep2,NC_069722.1,6243334.0,rabep2,L005,Clarias fuscus,GCF_024256425.1,serca1,gene
0,atp2a1,atp2a1,8473834,8488496,-,atp2a1,NC_069722.1,6254696.0,atp2a1,L005,Clarias fuscus,GCF_024256425.1,serca1,gene
1,LOC128544474,LOC128544474,8497553,8500099,-,,,,,L005,Clarias fuscus,GCF_024256425.1,serca1,gene
2,LOC128544898,LOC128544898,8502260,8505111,-,,,,,L005,Clarias fuscus,GCF_024256425.1,serca1,gene
3,LOC128544236,LOC128544236,8507585,8510692,-,,,,,L005,Clarias fuscus,GCF_024256425.1,serca1,gene
4,LOC128544235,LOC128544235,8511504,8514584,+,hsp70.3,NC_069722.1,6273579.0,hsp70.3,L005,Clarias fuscus,GCF_024256425.1,serca1,gene
5,LOC128544237,LOC128544237,8530813,8559455,-,,,,,L005,Clarias fuscus,GCF_024256425.1,serca1,gene
6,LOC128545037,LOC128545037,8575314,8577721,+,,,,,L005,Clarias fuscus,GCF_024256425.1,serca1,gene
7,hsd17b1,hsd17b1,8586429,8588650,+,hsd17b1,NC_069722.1,6282463.0,hsd17b1,L005,Clarias fuscus,GCF_024256425.1,serca1,gene
8,si:ch73-141c7.1,si:ch73-141c7.1,8591862,8598761,+,si:ch73-141c7.1,NC_069722.1,6290424.0,si:ch73-141c7.1,L005,Clarias fuscus,GCF_024256425.1,serca1,gene
9,aclya,aclya,8598624,8630570,-,aclya,NC_069722.1,6306831.0,aclya,L005,Clarias fuscus,GCF_024256425.1,serca1,gene
10,cnp,cnp,8636265,8643104,-,cnp,NC_069722.1,6326722.0,cnp,L005,Clarias fuscus,GCF_024256425.1,serca1,gene
-10,map3k21,map3k21,4267191,4285429,-,map3k21,NC_069712.1,9700393.0,map3k21,L006,Cynoglossus semilaevis,GCF_000523025.1,grid1,gene
-9,pcnx2,pcnx2,4285541,4301652,+,pcnx2,NC_069712.1,9670025.0,pcnx2,L006,Cynoglossus semilaevis,GCF_000523025.1,grid1,gene
-8,rgs17,rgs17,4306358,4311911,-,rgs17,NC_069712.1,9633785.0,rgs17,L006,Cynoglossus semilaevis,GCF_000523025.1,grid1,gene
-7,oprm1,oprm1,4326781,4341054,+,oprm1,NC_069712.1,9560481.0,oprm1,L006,Cynoglossus semilaevis,GCF_000523025.1,grid1,gene
-6,sf3b5,sf3b5,4350664,4351639,+,sf3b5,NC_069712.1,9532133.0,sf3b5,L006,Cynoglossus semilaevis,GCF_000523025.1,grid1,gene
-5,LOC103387079,LOC103387079,4354116,4355311,+,,,,,L006,Cynoglossus semilaevis,GCF_000523025.1,grid1,gene
-4,phactr2,phactr2,4357902,4384996,-,phactr2,NC_069712.1,9487368.0,phactr2,L006,Cynoglossus semilaevis,GCF_000523025.1,grid1,gene
-3,LOC103387078,LOC103387078,4384616,4404636,+,,,,,L006,Cynoglossus semilaevis,GCF_000523025.1,grid1,gene
-2,LOC103387077,LOC103387077,4406616,4429247,+,,,,,L006,Cynoglossus semilaevis,GCF_000523025.1,grid1,gene
-1,wapla,wapla,4432102,4449399,+,wapla,NC_069719.1,2074781.0,wapla,L006,Cynoglossus semilaevis,GCF_000523025.1,grid1,gene
0,grid1a,grid1a,4485457,4650716,+,grid1b,NC_069721.1,376194.0,grid1b,L006,Cynoglossus semilaevis,GCF_000523025.1,grid1,gene
1,ccser2a,ccser2a,4776828,4816807,-,ccser2b,NC_069721.1,85665.0,ccser2b,L006,Cynoglossus semilaevis,GCF_000523025.1,grid1,gene
2,sparcl2,sparcl2,4817061,4823716,+,sparcl2,NC_069719.1,29662170.0,sparcl2,L006,Cynoglossus semilaevis,GCF_000523025.1,grid1,gene
3,ndnfl,ndnfl,4851352,4857730,+,ndnfl,NC_069719.1,29643472.0,ndnfl,L006,Cynoglossus semilaevis,GCF_000523025.1,grid1,gene
4,dnajc9,dnajc9,4857956,4859825,+,dnajc9,NC_069721.1,3650062.0,dnajc9,L006,Cynoglossus semilaevis,GCF_000523025.1,grid1,gene
5,fam149b1,fam149b1,4860099,4869493,-,fam149b1,NC_069719.1,29619209.0,fam149b1,L006,Cynoglossus semilaevis,GCF_000523025.1,grid1,gene
6,ecd,ecd,4869510,4873463,+,ecd,NC_069719.1,3722931.0,ecd,L006,Cynoglossus semilaevis,GCF_000523025.1,grid1,gene
7,LOC103387099,LOC103387099,4870738,4878498,-,si:ch211-248a14.8,NC_069719.1,3732442.0,si:ch211-248a14.8,L006,Cynoglossus semilaevis,GCF_000523025.1,grid1,gene
8,peli1b,peli1b,4878857,4909699,-,peli1b,NC_069719.1,4995105.0,peli1b,L006,Cynoglossus semilaevis,GCF_000523025.1,grid1,gene
9,abch1,abch1,4919011,4934317,-,abch1,NC_069719.1,4939105.0,abch1,L006,Cynoglossus semilaevis,GCF_000523025.1,grid1,gene
10,LOC103387107,LOC103387107,4934579,4937389,+,lgalslb,NC_069712.1,13200341.0,lgalslb,L006,Cynoglossus semilaevis,GCF_000523025.1,grid1,gene
-10,plk2b,plk2b,20522632,20531204,+,plk2a,NC_069726.1,6788722.0,plk2a,L006,Cynoglossus semilaevis,GCF_000523025.1,grid2,gene
-9,mier3b,mier3b,20589161,20601938,+,mier3b,NC_069717.1,7160217.0,mier3b,L006,Cynoglossus semilaevis,GCF_000523025.1,grid2,gene
-8,elac1,elac1,20603714,20608383,-,,,,,L006,Cynoglossus semilaevis,GCF_000523025.1,grid2,gene
-7,me2,me2,20612296,20641411,-,me2,NC_069733.1,61753.0,me2,L006,Cynoglossus semilaevis,GCF_000523025.1,grid2,gene
-6,mapk4,mapk4,20647553,20660142,-,mapk4,NC_069717.1,13955293.0,mapk4,L006,Cynoglossus semilaevis,GCF_000523025.1,grid2,gene
-5,tspan36,tspan36,20706475,20714791,-,tspan36,NC_069717.1,13971777.0,tspan36,L006,Cynoglossus semilaevis,GCF_000523025.1,grid2,gene
-4,mpeg1.1,mpeg1.1,20714790,20718941,+,mpeg1.1,NC_069717.1,13981698.0,mpeg1.1,L006,Cynoglossus semilaevis,GCF_000523025.1,grid2,gene
-3,prf1.5,prf1.5,20720600,20725365,+,prf1.5,NC_069717.1,13990228.0,prf1.5,L006,Cynoglossus semilaevis,GCF_000523025.1,grid2,gene
-2,LOC103398305,LOC103398305,20725184,20741354,-,,,,,L006,Cynoglossus semilaevis,GCF_000523025.1,grid2,gene
-1,LOC103398306,LOC103398306,20785925,20787807,-,,,,,L006,Cynoglossus semilaevis,GCF_000523025.1,grid2,gene
0,grid2,grid2,20792206,21046513,-,grid2,NC_069717.1,14240518.0,grid2,L006,Cynoglossus semilaevis,GCF_000523025.1,grid2,gene
1,LOC112486508,LOC112486508,21130809,21131643,+,,,,,L006,Cynoglossus semilaevis,GCF_000523025.1,grid2,gene
2,LOC103398318,LOC103398318,21172361,21193935,+,,,,,L006,Cynoglossus semilaevis,GCF_000523025.1,grid2,gene
3,anapc5,anapc5,21220550,21225983,+,anapc5,NC_069717.1,29887930.0,anapc5,L006,Cynoglossus semilaevis,GCF_000523025.1,grid2,gene
4,ggt1a,ggt1a,21226132,21235543,-,,,,,L006,Cynoglossus semilaevis,GCF_000523025.1,grid2,gene
5,lrrc75ba,lrrc75ba,21230879,21239879,+,lrrc75ba,NC_069717.1,29843548.0,lrrc75ba,L006,Cynoglossus semilaevis,GCF_000523025.1,grid2,gene
6,ggt5a,ggt5a,21240727,21247145,-,ggt5a,NC_069717.1,29734371.0,ggt5a,L006,Cynoglossus semilaevis,GCF_000523025.1,grid2,gene
7,asphd2,asphd2,21247427,21252267,+,asphd2,NC_069717.1,29720184.0,asphd2,L006,Cynoglossus semilaevis,GCF_000523025.1,grid2,gene
8,cabp1a,cabp1a,21252318,21259701,+,cabp1a,NC_069717.1,29696549.0,cabp1a,L006,Cynoglossus semilaevis,GCF_000523025.1,grid2,gene
9,mlec,mlec,21261316,21266176,+,mlec,NC_069717.1,29678720.0,mlec,L006,Cynoglossus semilaevis,GCF_000523025.1,grid2,gene
10,rnf34a,rnf34a,21275998,21283261,-,rnf34a,NC_069717.1,29896840.0,rnf34a,L006,Cynoglossus semilaevis,GCF_000523025.1,grid2,gene
-10,uraha,uraha,14352660,14355875,-,uraha,NC_069715.1,28168609.0,uraha,L006,Cynoglossus semilaevis,GCF_000523025.1,shcbp1,gene
-9,LOC103379185,LOC103379185,14357578,14425979,-,LOC113526465,NC_069715.1,28127037.0,LOC113526465,L006,Cynoglossus semilaevis,GCF_000523025.1,shcbp1,gene
-8,LOC103379184,LOC103379184,14423535,14430841,+,LOC113526894,NC_069715.1,28031568.0,LOC113526894,L006,Cynoglossus semilaevis,GCF_000523025.1,shcbp1,gene
-7,kif7,kif7,14432260,14442481,+,kif7,NC_069720.1,8256501.0,kif7,L006,Cynoglossus semilaevis,GCF_000523025.1,shcbp1,gene
-6,uqcrfs1,uqcrfs1,14442805,14445297,+,LOC113523960,NC_069734.1,156653.0,LOC113523960,L006,Cynoglossus semilaevis,GCF_000523025.1,shcbp1,gene
-5,LOC103379189,LOC103379189,14446348,14449456,+,si:cabz01068815.1,NC_069720.1,8544268.0,si:cabz01068815.1,L006,Cynoglossus semilaevis,GCF_000523025.1,shcbp1,gene
-4,kbtbd13a,kbtbd13a,14449728,14451928,+,kbtbd13a,NC_069720.1,8559665.0,kbtbd13a,L006,Cynoglossus semilaevis,GCF_000523025.1,shcbp1,gene
-3,ubap1lb,ubap1lb,14452724,14457157,-,ubap1lb,NC_069720.1,8566069.0,ubap1lb,L006,Cynoglossus semilaevis,GCF_000523025.1,shcbp1,gene
-2,pdcd7,pdcd7,14457294,14459394,-,pdcd7,NC_069720.1,8573760.0,pdcd7,L006,Cynoglossus semilaevis,GCF_000523025.1,shcbp1,gene
-1,spg21,spg21,14461178,14466674,+,spg21,NC_069720.1,8594242.0,spg21,L006,Cynoglossus semilaevis,GCF_000523025.1,shcbp1,gene
0,shcbp1,shcbp1,14466947,14472055,-,shcbp1,NC_069734.1,294433.0,shcbp1,L006,Cynoglossus semilaevis,GCF_000523025.1,shcbp1,gene
1,LOC103379203,LOC103379203,14473431,14484779,+,ano9b,NC_069734.1,6772668.0,ano9b,L006,Cynoglossus semilaevis,GCF_000523025.1,shcbp1,gene
2,sh3gl3a,sh3gl3a,14497858,14512659,-,sh3gl3a,NC_069720.1,10535948.0,sh3gl3a,L006,Cynoglossus semilaevis,GCF_000523025.1,shcbp1,gene
3,bnc1,bnc1,14518933,14537749,-,bnc1,NC_069715.1,697031.0,bnc1,L006,Cynoglossus semilaevis,GCF_000523025.1,shcbp1,gene
4,hdgfl3,hdgfl3,14602216,14609098,+,hdgfl3,NC_069715.1,721517.0,hdgfl3,L006,Cynoglossus semilaevis,GCF_000523025.1,shcbp1,gene
5,rbbp7,rbbp7,14611259,14616584,+,rbb4l,NC_069720.1,21097761.0,rbb4l,L006,Cynoglossus semilaevis,GCF_000523025.1,shcbp1,gene
6,txlng,txlng,14618247,14623824,-,txlng,NC_069720.1,21086946.0,txlng,L006,Cynoglossus semilaevis,GCF_000523025.1,shcbp1,gene
7,ccdc102a,ccdc102a,14625305,14669940,+,ccdc102a,NC_069720.1,807434.0,ccdc102a,L006,Cynoglossus semilaevis,GCF_000523025.1,shcbp1,gene
8,dok4,dok4,14682861,14721647,+,dok4,NC_069720.1,889790.0,dok4,L006,Cynoglossus semilaevis,GCF_000523025.1,shcbp1,gene
9,nadsyn1,nadsyn1,14724981,14732880,+,nadsyn1,NC_069720.1,4309877.0,nadsyn1,L006,Cynoglossus semilaevis,GCF_000523025.1,shcbp1,gene
10,tpcn2,tpcn2,14733306,14753743,+,tpcn2,NC_069720.1,4333498.0,tpcn2,L006,Cynoglossus semilaevis,GCF_000523025.1,shcbp1,gene
-10,kng1,kng1,8152928,8156818,-,,,,,L006,Cynoglossus semilaevis,GCF_000523025.1,sass6,gene
-9,lamp3,lamp3,8158333,8166896,+,LOC113536502,NC_069720.1,12006620.0,LOC113536502,L006,Cynoglossus semilaevis,GCF_000523025.1,sass6,gene
-8,LOC103396580,LOC103396580,8159333,8164819,+,,,,,L006,Cynoglossus semilaevis,GCF_000523025.1,sass6,gene
-7,mccc1,mccc1,8167045,8174925,+,mccc1,NC_069720.1,11995108.0,mccc1,L006,Cynoglossus semilaevis,GCF_000523025.1,sass6,gene
-6,LOC103396631,LOC103396631,8176224,8183962,-,thop1,NC_069720.1,20179665.0,thop1,L006,Cynoglossus semilaevis,GCF_000523025.1,sass6,gene
-5,LOC103396643,LOC103396643,8184201,8189094,-,reep6,NC_069720.1,20147795.0,reep6,L006,Cynoglossus semilaevis,GCF_000523025.1,sass6,gene
-4,ndufa11,ndufa11,8189154,8190839,-,ndufa11,NC_069720.1,19994940.0,ndufa11,L006,Cynoglossus semilaevis,GCF_000523025.1,sass6,gene
-3,mrpl55,mrpl55,8191303,8192734,-,mrpl55,NC_069717.1,10587104.0,mrpl55,L006,Cynoglossus semilaevis,GCF_000523025.1,sass6,gene
-2,LOC103396663,LOC103396663,8193137,8200561,+,,,,,L006,Cynoglossus semilaevis,GCF_000523025.1,sass6,gene
-1,ahsg1,ahsg1,8201279,8204482,+,ahsg1,NC_069720.1,17642238.0,ahsg1,L006,Cynoglossus semilaevis,GCF_000523025.1,sass6,gene
0,sass6,sass6,8204938,8211521,-,sass6,NC_069720.1,12389291.0,sass6,L006,Cynoglossus semilaevis,GCF_000523025.1,sass6,gene
1,nfic,nfic,8218071,8242616,-,nfic,NC_069717.1,3639739.0,nfic,L006,Cynoglossus semilaevis,GCF_000523025.1,sass6,gene
2,smim24,smim24,8252372,8253842,-,smim24,NC_069717.1,3551218.0,smim24,L006,Cynoglossus semilaevis,GCF_000523025.1,sass6,gene
3,lrrc40,lrrc40,8254332,8259848,-,lrrc40,NC_069711.1,20590477.0,lrrc40,L006,Cynoglossus semilaevis,GCF_000523025.1,sass6,gene
4,ptmaa,ptmaa,8260348,8268655,-,,,,,L006,Cynoglossus semilaevis,GCF_000523025.1,sass6,gene
5,phb2b,phb2b,8276156,8281939,-,phb2a,NC_069730.1,18520237.0,phb2a,L006,Cynoglossus semilaevis,GCF_000523025.1,sass6,gene
6,LOC103396894,LOC103396894,8282966,8286310,-,,,,,L006,Cynoglossus semilaevis,GCF_000523025.1,sass6,gene
7,pde6d,pde6d,8287802,8296073,-,pde6d,NC_069711.1,20382642.0,pde6d,L006,Cynoglossus semilaevis,GCF_000523025.1,sass6,gene
8,rpl36,rpl36,8297286,8298919,-,rpl36,NC_069720.1,13473430.0,rpl36,L006,Cynoglossus semilaevis,GCF_000523025.1,sass6,gene
9,lmnb2,lmnb2,8299803,8310944,+,lmnb2,NC_069720.1,13460174.0,lmnb2,L006,Cynoglossus semilaevis,GCF_000523025.1,sass6,gene
10,commd2,commd2,8312444,8314487,+,commd2,NC_069720.1,17508681.0,commd2,L006,Cynoglossus semilaevis,GCF_000523025.1,sass6,gene
-10,cldn10l2,cldn10l2,5983104,5985516,-,LOC113524676,NC_069714.1,1983199.0,LOC113524676,L006,Cynoglossus semilaevis,GCF_000523025.1,cdca7,gene
-9,LOC103391834,LOC103391834,5988698,5993892,-,,,,,L006,Cynoglossus semilaevis,GCF_000523025.1,cdca7,gene
-8,LOC103391835,LOC103391835,5994459,6043985,+,abcc4,NC_069711.1,26127460.0,abcc4,L006,Cynoglossus semilaevis,GCF_000523025.1,cdca7,gene
-7,sox21b,sox21b,6047806,6063192,+,sox21b,NC_069714.1,1134626.0,sox21b,L006,Cynoglossus semilaevis,GCF_000523025.1,cdca7,gene
-6,itga6a,itga6a,6082284,6102037,+,itga6a,NC_069714.1,17429677.0,itga6a,L006,Cynoglossus semilaevis,GCF_000523025.1,cdca7,gene
-5,nup62l,nup62l,6103391,6105645,-,nup62l,NC_069716.1,9316503.0,nup62l,L006,Cynoglossus semilaevis,GCF_000523025.1,cdca7,gene
-4,pdk1,pdk1,6106967,6111048,+,pdk1,NC_069714.1,17582730.0,pdk1,L006,Cynoglossus semilaevis,GCF_000523025.1,cdca7,gene
-3,ppp1r9ala,ppp1r9ala,6110915,6134622,-,ppp1r9ala,NC_069714.1,17601869.0,ppp1r9ala,L006,Cynoglossus semilaevis,GCF_000523025.1,cdca7,gene
-2,rapgef4a,rapgef4a,6146637,6165244,+,,,,,L006,Cynoglossus semilaevis,GCF_000523025.1,cdca7,gene
-1,map3k20a,map3k20a,6166051,6184406,+,map3k20a,NC_069714.1,17688983.0,map3k20a,L006,Cynoglossus semilaevis,GCF_000523025.1,cdca7,gene
0,cdca7a,cdca7a,6185728,6190136,+,cdca7a,NC_069714.1,17704146.0,cdca7a,L006,Cynoglossus semilaevis,GCF_000523025.1,cdca7,gene
1,sp3a,sp3a,6193862,6235465,-,sp3a,NC_069714.1,17744534.0,sp3a,L006,Cynoglossus semilaevis,GCF_000523025.1,cdca7,gene
2,LOC103391853,LOC103391853,6241786,6288002,-,ola1,NC_069711.1,32107215.0,ola1,L006,Cynoglossus semilaevis,GCF_000523025.1,cdca7,gene
3,sp9,sp9,6288122,6291305,+,sp9,NC_069714.1,17800594.0,sp9,L006,Cynoglossus semilaevis,GCF_000523025.1,cdca7,gene
4,cirsr,cirsr,6292153,6297018,-,cir1,NC_069714.1,17808201.0,cir1,L006,Cynoglossus semilaevis,GCF_000523025.1,cdca7,gene
5,scrn3,scrn3,6297142,6300701,+,scrn3,NC_069714.1,17815106.0,scrn3,L006,Cynoglossus semilaevis,GCF_000523025.1,cdca7,gene
6,gpr155a,gpr155a,6300104,6308572,-,gpr155a,NC_069714.1,17824946.0,gpr155a,L006,Cynoglossus semilaevis,GCF_000523025.1,cdca7,gene
7,LOC103391859,LOC103391859,6308754,6315168,-,LOC113547453,NC_069714.1,17845407.0,LOC113547453,L006,Cynoglossus semilaevis,GCF_000523025.1,cdca7,gene
8,chn1,chn1,6316032,6345481,-,,,,,L006,Cynoglossus semilaevis,GCF_000523025.1,cdca7,gene
9,atf2,atf2,6349271,6365072,-,atf2,NC_069714.1,17910873.0,atf2,L006,Cynoglossus semilaevis,GCF_000523025.1,cdca7,gene
10,atp5mc3a,atp5mc3a,6365797,6368245,-,atp5mc3a,NC_069714.1,17926053.0,atp5mc3a,L006,Cynoglossus semilaevis,GCF_000523025.1,cdca7,gene
-10,borcs7,borcs7,16381453,16383482,-,borcs7,NC_069712.1,15325299.0,borcs7,L006,Cynoglossus semilaevis,GCF_000523025.1,gh,gene
-9,cyp17a1,cyp17a1,16383392,16387890,+,LOC113542020,NC_069712.1,15317472.0,LOC113542020,L006,Cynoglossus semilaevis,GCF_000523025.1,gh,gene
-8,LOC103387724,LOC103387724,16388631,16391367,-,,,,,L006,Cynoglossus semilaevis,GCF_000523025.1,gh,gene
-7,ctu2,ctu2,16391915,16400024,+,ctu2,NC_069734.1,12212592.0,ctu2,L006,Cynoglossus semilaevis,GCF_000523025.1,gh,gene
-6,wbp1la,wbp1la,16401032,16405314,+,wbp1la,NC_069712.1,15307297.0,wbp1la,L006,Cynoglossus semilaevis,GCF_000523025.1,gh,gene
-5,slc2a15a,slc2a15a,16413307,16421402,+,slc2a15a,NC_069712.1,15217319.0,slc2a15a,L006,Cynoglossus semilaevis,GCF_000523025.1,gh,gene
-4,fgf8a,fgf8a,16434047,16439104,+,fgf8a,NC_069712.1,15254360.0,fgf8a,L006,Cynoglossus semilaevis,GCF_000523025.1,gh,gene
-3,fbxw4,fbxw4,16444293,16460466,+,fbxw4,NC_069712.1,15275905.0,fbxw4,L006,Cynoglossus semilaevis,GCF_000523025.1,gh,gene
-2,tlx1,tlx1,16469149,16474983,+,tlx1,NC_069712.1,15140931.0,tlx1,L006,Cynoglossus semilaevis,GCF_000523025.1,gh,gene
-1,sdhaf4,sdhaf4,16475639,16478063,+,sdhaf4,NC_069712.1,15134732.0,sdhaf4,L006,Cynoglossus semilaevis,GCF_000523025.1,gh,gene
0,gh1,gh1,16479910,16482267,+,gh1,NC_069738.1,4925386.0,gh1,L006,Cynoglossus semilaevis,GCF_000523025.1,gh,gene
1,hells,hells,16482859,16493275,+,hells,NC_069712.1,17871452.0,hells,L006,Cynoglossus semilaevis,GCF_000523025.1,gh,gene
2,calhm3,calhm3,16493466,16495924,+,calhm3,NC_069712.1,13670152.0,calhm3,L006,Cynoglossus semilaevis,GCF_000523025.1,gh,gene
3,LOC103387751,LOC103387751,16497408,16510154,+,ncapd3,NC_069737.1,14117083.0,ncapd3,L006,Cynoglossus semilaevis,GCF_000523025.1,gh,gene
4,mcm8,mcm8,16510365,16518850,+,mcm8,NC_069719.1,11951203.0,mcm8,L006,Cynoglossus semilaevis,GCF_000523025.1,gh,gene
5,crls1,crls1,16519154,16525094,+,crls1,NC_069719.1,11944149.0,crls1,L006,Cynoglossus semilaevis,GCF_000523025.1,gh,gene
6,LOC103387749,LOC103387749,16530444,16535829,+,,,,,L006,Cynoglossus semilaevis,GCF_000523025.1,gh,gene
7,LOC112486245,LOC112486245,16535802,16551134,+,,,,,L006,Cynoglossus semilaevis,GCF_000523025.1,gh,gene
8,napba,napba,16553416,16562053,+,,,,,L006,Cynoglossus semilaevis,GCF_000523025.1,gh,gene
9,LOC103387748,LOC103387748,16563285,16564822,-,LOC117597050,NC_069713.1,26626975.0,LOC117597050,L006,Cynoglossus semilaevis,GCF_000523025.1,gh,gene
10,cdc5l,cdc5l,16565381,16574082,+,cdc5l,NC_069719.1,12127224.0,cdc5l,L006,Cynoglossus semilaevis,GCF_000523025.1,gh,gene
-10,nrip2,nrip2,17925659,17942138,+,nrip2,NC_069718.1,26439892.0,nrip2,L006,Cynoglossus semilaevis,GCF_000523025.1,igf1,gene
-9,itfg2,itfg2,17946684,17950787,-,itfg2,NC_069718.1,26408280.0,itfg2,L006,Cynoglossus semilaevis,GCF_000523025.1,igf1,gene
-8,ascl1a,ascl1a,17954602,17956093,+,ascl1a,NC_069727.1,3532361.0,ascl1a,L006,Cynoglossus semilaevis,GCF_000523025.1,igf1,gene
-7,LOC103382581,LOC103382581,17959114,17998786,-,LOC113532275,NC_069727.1,3569837.0,LOC113532275,L006,Cynoglossus semilaevis,GCF_000523025.1,igf1,gene
-6,pah,pah,18022956,18037833,+,pah,NC_069727.1,3514787.0,pah,L006,Cynoglossus semilaevis,GCF_000523025.1,igf1,gene
-5,LOC107988893,LOC107988893,18037937,18039412,+,,,,,L006,Cynoglossus semilaevis,GCF_000523025.1,igf1,gene
-4,LOC103382582,LOC103382582,18039818,18047666,+,th2,NC_069727.1,3494833.0,th2,L006,Cynoglossus semilaevis,GCF_000523025.1,igf1,gene
-3,nup37,nup37,18050493,18064522,-,nup37,NC_069727.1,3469911.0,nup37,L006,Cynoglossus semilaevis,GCF_000523025.1,igf1,gene
-2,parpbp,parpbp,18064644,18081967,+,parpbp,NC_069727.1,3447896.0,parpbp,L006,Cynoglossus semilaevis,GCF_000523025.1,igf1,gene
-1,pmch,pmch,18082266,18084641,-,pmch,NC_069727.1,3434969.0,pmch,L006,Cynoglossus semilaevis,GCF_000523025.1,igf1,gene
0,igf1,igf1,18095424,18110689,-,igf1,NC_069727.1,3412760.0,igf1,L006,Cynoglossus semilaevis,GCF_000523025.1,igf1,gene
1,LOC103382579,LOC103382579,18118311,18123643,-,,,,,L006,Cynoglossus semilaevis,GCF_000523025.1,igf1,gene
2,LOC103382584,LOC103382584,18125859,18174640,-,,,,,L006,Cynoglossus semilaevis,GCF_000523025.1,igf1,gene
3,snrpf,snrpf,18230202,18232764,-,snrpf,NC_069713.1,20655158.0,snrpf,L006,Cynoglossus semilaevis,GCF_000523025.1,igf1,gene
4,ntn4,ntn4,18235328,18258418,+,ntn4,NC_069713.1,20668217.0,ntn4,L006,Cynoglossus semilaevis,GCF_000523025.1,igf1,gene
5,usp44,usp44,18263592,18272359,+,usp44,NC_069727.1,11309394.0,usp44,L006,Cynoglossus semilaevis,GCF_000523025.1,igf1,gene
6,LOC103382604,LOC103382604,18275332,18281259,-,metap2b,NC_069718.1,15952782.0,metap2b,L006,Cynoglossus semilaevis,GCF_000523025.1,igf1,gene
7,vezt,vezt,18284588,18294747,-,vezt,NC_069727.1,11352067.0,vezt,L006,Cynoglossus semilaevis,GCF_000523025.1,igf1,gene
8,fgd6,fgd6,18295273,18311651,+,fgd6,NC_069727.1,11384336.0,fgd6,L006,Cynoglossus semilaevis,GCF_000523025.1,igf1,gene
9,ndufa12,ndufa12,18312235,18314309,+,ndufa12,NC_069727.1,11415974.0,ndufa12,L006,Cynoglossus semilaevis,GCF_000523025.1,igf1,gene
10,tmcc3,tmcc3,18316268,18350305,+,tmcc3,NC_069727.1,11443085.0,tmcc3,L006,Cynoglossus semilaevis,GCF_000523025.1,igf1,gene
-10,vps33b,vps33b,50345234,50384891,-,vps33b,NC_069734.1,10334928.0,vps33b,L007,Epinephelus lanceolatus,GCF_041903045.1,iqgap1,gene
-9,hddc3,hddc3,50384936,50396563,+,hddc3,NC_069734.1,10340785.0,hddc3,L007,Epinephelus lanceolatus,GCF_041903045.1,iqgap1,gene
-8,mfap1,mfap1,50415595,50427745,+,mfap1,NC_069734.1,10345195.0,mfap1,L007,Epinephelus lanceolatus,GCF_041903045.1,iqgap1,gene
-7,hypk,hypk,50427765,50449295,-,hypk,NC_069734.1,10349581.0,hypk,L007,Epinephelus lanceolatus,GCF_041903045.1,iqgap1,gene
-6,serinc4,serinc4,50528520,50628815,+,serinc4,NC_069734.1,10362952.0,serinc4,L007,Epinephelus lanceolatus,GCF_041903045.1,iqgap1,gene
-5,adamtsl5,adamtsl5,50630418,50783996,-,adamtsl5,NC_069734.1,10383816.0,adamtsl5,L007,Epinephelus lanceolatus,GCF_041903045.1,iqgap1,gene
-4,LOC144465064,LOC144465064,50969450,50971314,-,,,,,L007,Epinephelus lanceolatus,GCF_041903045.1,iqgap1,gene
-3,LOC117254187,LOC117254187,50994043,50999070,+,,,,,L007,Epinephelus lanceolatus,GCF_041903045.1,iqgap1,gene
-2,LOC117254210,LOC117254210,51013389,51027246,+,,,,,L007,Epinephelus lanceolatus,GCF_041903045.1,iqgap1,gene
-1,crtc3,crtc3,51029107,51247514,-,crtc3,NC_069734.1,10420657.0,crtc3,L007,Epinephelus lanceolatus,GCF_041903045.1,iqgap1,gene
0,iqgap1,iqgap1,51249494,51383920,-,iqgap1,NC_069734.1,10471238.0,iqgap1,L007,Epinephelus lanceolatus,GCF_041903045.1,iqgap1,gene
1,cartl,cartl,51414436,51417597,-,cartl,NC_069734.1,10496773.0,cartl,L007,Epinephelus lanceolatus,GCF_041903045.1,iqgap1,gene
2,LOC117258489,LOC117258489,51498519,51500036,+,cart2,NC_069716.1,22905685.0,cart2,L007,Epinephelus lanceolatus,GCF_041903045.1,iqgap1,gene
3,LOC117263461,LOC117263461,51541284,51543963,+,,,,,L007,Epinephelus lanceolatus,GCF_041903045.1,iqgap1,gene
4,LOC144465065,LOC144465065,51544050,51546355,+,,,,,L007,Epinephelus lanceolatus,GCF_041903045.1,iqgap1,gene
5,tmc3,tmc3,51574784,51753606,-,LOC113536465,NC_069720.1,9879316.0,LOC113536465,L007,Epinephelus lanceolatus,GCF_041903045.1,iqgap1,gene
6,cers3a,cers3a,51846877,51972591,+,cers3a,NC_069720.1,9050213.0,cers3a,L007,Epinephelus lanceolatus,GCF_041903045.1,iqgap1,gene
7,LOC144459362,LOC144459362,51988529,51990973,-,,,,,L007,Epinephelus lanceolatus,GCF_041903045.1,iqgap1,gene
8,LOC117250894,LOC117250894,51991630,51994769,+,,,,,L007,Epinephelus lanceolatus,GCF_041903045.1,iqgap1,gene
9,LOC144459364,LOC144459364,52015584,52016665,+,,,,,L007,Epinephelus lanceolatus,GCF_041903045.1,iqgap1,gene
10,adamts17,adamts17,52018053,52544601,+,adamts17,NC_069720.1,9143549.0,adamts17,L007,Epinephelus lanceolatus,GCF_041903045.1,iqgap1,gene
-10,mesd,mesd,48236195,48242427,+,mesd,NC_069720.1,9791658.0,mesd,L007,Epinephelus lanceolatus,GCF_041903045.1,mex3b,gene
-9,cemip,cemip,48318602,48701615,-,cemip,NC_069720.1,9718430.0,cemip,L007,Epinephelus lanceolatus,GCF_041903045.1,mex3b,gene
-8,abhd17c,abhd17c,48724861,48772599,-,abhd17c,NC_069720.1,9595220.0,abhd17c,L007,Epinephelus lanceolatus,GCF_041903045.1,mex3b,gene
-7,arnt2,arnt2,48842154,48992025,-,arnt2,NC_069720.1,9501120.0,arnt2,L007,Epinephelus lanceolatus,GCF_041903045.1,mex3b,gene
-6,ctxnd1,ctxnd1,49166044,49194568,+,LOC113536412,NC_069720.1,9425464.0,LOC113536412,L007,Epinephelus lanceolatus,GCF_041903045.1,mex3b,gene
-5,LOC144458260,LOC144458260,49167726,49178470,+,,,,,L007,Epinephelus lanceolatus,GCF_041903045.1,mex3b,gene
-4,fah,fah,49283384,49372470,-,fah,NC_069720.1,9393031.0,fah,L007,Epinephelus lanceolatus,GCF_041903045.1,mex3b,gene
-3,efl1,efl1,49378347,49668277,+,efl1,NC_069720.1,10212712.0,efl1,L007,Epinephelus lanceolatus,GCF_041903045.1,mex3b,gene
-2,LOC144458793,LOC144458793,49706598,49707844,+,,,,,L007,Epinephelus lanceolatus,GCF_041903045.1,mex3b,gene
-1,LOC144465060,LOC144465060,49731728,49732636,-,,,,,L007,Epinephelus lanceolatus,GCF_041903045.1,mex3b,gene
0,mex3b,mex3b,49829505,49834630,+,mex3b,NC_069720.1,10100879.0,mex3b,L007,Epinephelus lanceolatus,GCF_041903045.1,mex3b,gene
1,c1qtnf4,c1qtnf4,50058018,50205783,+,c1qtnf4,NC_069734.1,12549514.0,c1qtnf4,L007,Epinephelus lanceolatus,GCF_041903045.1,mex3b,gene
2,ndufs3,ndufs3,50237471,50277341,-,ndufs3,NC_069734.1,12532901.0,ndufs3,L007,Epinephelus lanceolatus,GCF_041903045.1,mex3b,gene
3,ptpmt1,ptpmt1,50281467,50304637,-,ptpmt1,NC_069734.1,12525701.0,ptpmt1,L007,Epinephelus lanceolatus,GCF_041903045.1,mex3b,gene
4,prc1b,prc1b,50306208,50345105,-,prc1b,NC_069734.1,10325127.0,prc1b,L007,Epinephelus lanceolatus,GCF_041903045.1,mex3b,gene
5,vps33b,vps33b,50345234,50384891,-,vps33b,NC_069734.1,10334928.0,vps33b,L007,Epinephelus lanceolatus,GCF_041903045.1,mex3b,gene
6,hddc3,hddc3,50384936,50396563,+,hddc3,NC_069734.1,10340785.0,hddc3,L007,Epinephelus lanceolatus,GCF_041903045.1,mex3b,gene
7,mfap1,mfap1,50415595,50427745,+,mfap1,NC_069734.1,10345195.0,mfap1,L007,Epinephelus lanceolatus,GCF_041903045.1,mex3b,gene
8,hypk,hypk,50427765,50449295,-,hypk,NC_069734.1,10349581.0,hypk,L007,Epinephelus lanceolatus,GCF_041903045.1,mex3b,gene
9,serinc4,serinc4,50528520,50628815,+,serinc4,NC_069734.1,10362952.0,serinc4,L007,Epinephelus lanceolatus,GCF_041903045.1,mex3b,gene
10,adamtsl5,adamtsl5,50630418,50783996,-,adamtsl5,NC_069734.1,10383816.0,adamtsl5,L007,Epinephelus lanceolatus,GCF_041903045.1,mex3b,gene
-10,abhd17c,abhd17c,48724861,48772599,-,abhd17c,NC_069720.1,9595220.0,abhd17c,L007,Epinephelus lanceolatus,GCF_041903045.1,ndufs3,gene
-9,arnt2,arnt2,48842154,48992025,-,arnt2,NC_069720.1,9501120.0,arnt2,L007,Epinephelus lanceolatus,GCF_041903045.1,ndufs3,gene
-8,ctxnd1,ctxnd1,49166044,49194568,+,LOC113536412,NC_069720.1,9425464.0,LOC113536412,L007,Epinephelus lanceolatus,GCF_041903045.1,ndufs3,gene
-7,LOC144458260,LOC144458260,49167726,49178470,+,,,,,L007,Epinephelus lanceolatus,GCF_041903045.1,ndufs3,gene
-6,fah,fah,49283384,49372470,-,fah,NC_069720.1,9393031.0,fah,L007,Epinephelus lanceolatus,GCF_041903045.1,ndufs3,gene
-5,efl1,efl1,49378347,49668277,+,efl1,NC_069720.1,10212712.0,efl1,L007,Epinephelus lanceolatus,GCF_041903045.1,ndufs3,gene
-4,LOC144458793,LOC144458793,49706598,49707844,+,,,,,L007,Epinephelus lanceolatus,GCF_041903045.1,ndufs3,gene
-3,LOC144465060,LOC144465060,49731728,49732636,-,,,,,L007,Epinephelus lanceolatus,GCF_041903045.1,ndufs3,gene
-2,mex3b,mex3b,49829505,49834630,+,mex3b,NC_069720.1,10100879.0,mex3b,L007,Epinephelus lanceolatus,GCF_041903045.1,ndufs3,gene
-1,c1qtnf4,c1qtnf4,50058018,50205783,+,c1qtnf4,NC_069734.1,12549514.0,c1qtnf4,L007,Epinephelus lanceolatus,GCF_041903045.1,ndufs3,gene
0,ndufs3,ndufs3,50237471,50277341,-,ndufs3,NC_069734.1,12532901.0,ndufs3,L007,Epinephelus lanceolatus,GCF_041903045.1,ndufs3,gene
1,ptpmt1,ptpmt1,50281467,50304637,-,ptpmt1,NC_069734.1,12525701.0,ptpmt1,L007,Epinephelus lanceolatus,GCF_041903045.1,ndufs3,gene
2,prc1b,prc1b,50306208,50345105,-,prc1b,NC_069734.1,10325127.0,prc1b,L007,Epinephelus lanceolatus,GCF_041903045.1,ndufs3,gene
3,vps33b,vps33b,50345234,50384891,-,vps33b,NC_069734.1,10334928.0,vps33b,L007,Epinephelus lanceolatus,GCF_041903045.1,ndufs3,gene
4,hddc3,hddc3,50384936,50396563,+,hddc3,NC_069734.1,10340785.0,hddc3,L007,Epinephelus lanceolatus,GCF_041903045.1,ndufs3,gene
5,mfap1,mfap1,50415595,50427745,+,mfap1,NC_069734.1,10345195.0,mfap1,L007,Epinephelus lanceolatus,GCF_041903045.1,ndufs3,gene
6,hypk,hypk,50427765,50449295,-,hypk,NC_069734.1,10349581.0,hypk,L007,Epinephelus lanceolatus,GCF_041903045.1,ndufs3,gene
7,serinc4,serinc4,50528520,50628815,+,serinc4,NC_069734.1,10362952.0,serinc4,L007,Epinephelus lanceolatus,GCF_041903045.1,ndufs3,gene
8,adamtsl5,adamtsl5,50630418,50783996,-,adamtsl5,NC_069734.1,10383816.0,adamtsl5,L007,Epinephelus lanceolatus,GCF_041903045.1,ndufs3,gene
9,LOC144465064,LOC144465064,50969450,50971314,-,,,,,L007,Epinephelus lanceolatus,GCF_041903045.1,ndufs3,gene
10,LOC117254187,LOC117254187,50994043,50999070,+,,,,,L007,Epinephelus lanceolatus,GCF_041903045.1,ndufs3,gene
-10,AC4PPQ_031288,AC4PPQ_031288,4515981,4518131,+,,,,,L008,Takifugu fasciatus,GCA_059138665.1,ADGRB,gene
-9,AC4PPQ_031289,AC4PPQ_031289,4538381,4542348,+,,,,,L008,Takifugu fasciatus,GCA_059138665.1,ADGRB,gene
-8,AC4PPQ_031290,AC4PPQ_031290,4552109,4554163,+,,,,,L008,Takifugu fasciatus,GCA_059138665.1,ADGRB,gene
-7,AC4PPQ_031291,AC4PPQ_031291,4555081,4562205,+,,,,,L008,Takifugu fasciatus,GCA_059138665.1,ADGRB,gene
-6,AC4PPQ_031292,AC4PPQ_031292,4564093,4564558,-,,,,,L008,Takifugu fasciatus,GCA_059138665.1,ADGRB,gene
-5,AC4PPQ_031293,AC4PPQ_031293,4569252,4570347,-,,,,,L008,Takifugu fasciatus,GCA_059138665.1,ADGRB,gene
-4,AC4PPQ_031294,AC4PPQ_031294,4573153,4575572,-,,,,,L008,Takifugu fasciatus,GCA_059138665.1,ADGRB,gene
-3,AC4PPQ_031295,AC4PPQ_031295,4576735,4577600,+,,,,,L008,Takifugu fasciatus,GCA_059138665.1,ADGRB,gene
-2,AC4PPQ_031296,AC4PPQ_031296,4579360,4580642,+,,,,,L008,Takifugu fasciatus,GCA_059138665.1,ADGRB,gene
-1,AC4PPQ_031297,AC4PPQ_031297,4581573,4583905,+,,,,,L008,Takifugu fasciatus,GCA_059138665.1,ADGRB,gene
0,AC4PPQ_031298,AC4PPQ_031298,4585304,4601770,+,adgrb2,NC_069738.1,9304836.0,adgrb2,L008,Takifugu fasciatus,GCA_059138665.1,ADGRB,gene
1,AC4PPQ_031299,AC4PPQ_031299,4604626,4608635,+,,,,,L008,Takifugu fasciatus,GCA_059138665.1,ADGRB,gene
2,AC4PPQ_031300,AC4PPQ_031300,4619929,4620882,-,,,,,L008,Takifugu fasciatus,GCA_059138665.1,ADGRB,gene
3,AC4PPQ_031301,AC4PPQ_031301,4622367,4625211,-,,,,,L008,Takifugu fasciatus,GCA_059138665.1,ADGRB,gene
4,AC4PPQ_031302,AC4PPQ_031302,4629634,4632818,+,,,,,L008,Takifugu fasciatus,GCA_059138665.1,ADGRB,gene
5,AC4PPQ_031303,AC4PPQ_031303,4642660,4686679,+,col16a1,NC_069738.1,8994038.0,col16a1,L008,Takifugu fasciatus,GCA_059138665.1,ADGRB,gene
6,AC4PPQ_031304,AC4PPQ_031304,4686950,4700985,-,col9a2,NC_069738.1,8931112.0,col9a2,L008,Takifugu fasciatus,GCA_059138665.1,ADGRB,gene
7,AC4PPQ_031305,AC4PPQ_031305,4713098,4725363,+,angpt2b,NC_069732.1,10637815.0,angpt2b,L008,Takifugu fasciatus,GCA_059138665.1,ADGRB,gene
8,AC4PPQ_031306,AC4PPQ_031306,4776544,4777470,-,,,,,L008,Takifugu fasciatus,GCA_059138665.1,ADGRB,gene
9,AC4PPQ_031307,AC4PPQ_031307,4785633,4786853,+,,,,,L008,Takifugu fasciatus,GCA_059138665.1,ADGRB,gene
10,AC4PPQ_031308,AC4PPQ_031308,4809060,4830074,-,,,,,L008,Takifugu fasciatus,GCA_059138665.1,ADGRB,gene
-10,LOC109083014,LOC109083014,17805299,17812099,+,,,,,L011,Cyprinus carpio,GCF_018340385.1,pld1,gene
-9,LOC109083013,LOC109083013,17813280,17815985,+,lrrc34,NC_069731.1,20524439.0,lrrc34,L011,Cyprinus carpio,GCF_018340385.1,pld1,gene
-8,LOC109066661,LOC109066661,17816118,17821615,-,lrrc31,NC_069731.1,20533301.0,lrrc31,L011,Cyprinus carpio,GCF_018340385.1,pld1,gene
-7,LOC109066662,LOC109066662,17822052,17831993,-,skilb,NC_069731.1,20552136.0,skilb,L011,Cyprinus carpio,GCF_018340385.1,pld1,gene
-6,LOC109066651,LOC109066651,17837960,17852385,+,,,,,L011,Cyprinus carpio,GCF_018340385.1,pld1,gene
-5,LOC109066663,LOC109066663,17853331,17858036,+,,,,,L011,Cyprinus carpio,GCF_018340385.1,pld1,gene
-4,LOC109066652,LOC109066652,17859198,17866167,-,,,,,L011,Cyprinus carpio,GCF_018340385.1,pld1,gene
-3,LOC109066665,LOC109066665,17872599,17874107,-,,,,,L011,Cyprinus carpio,GCF_018340385.1,pld1,gene
-2,LOC109066666,LOC109066666,17875947,17879069,-,,,,,L011,Cyprinus carpio,GCF_018340385.1,pld1,gene
-1,LOC109066668,LOC109066668,17879476,17937265,-,,,,,L011,Cyprinus carpio,GCF_018340385.1,pld1,gene
0,pld1b,pld1b,17940952,17967694,-,,,,,L011,Cyprinus carpio,GCF_018340385.1,pld1,gene
1,LOC109049047,LOC109049047,17976780,17979639,+,ghsrb,NC_069731.1,20747656.0,ghsrb,L011,Cyprinus carpio,GCF_018340385.1,pld1,gene
2,LOC109057116,LOC109057116,17983620,18042286,-,,,,,L011,Cyprinus carpio,GCF_018340385.1,pld1,gene
3,LOC122135379,LOC122135379,18044874,18048208,+,,,,,L011,Cyprinus carpio,GCF_018340385.1,pld1,gene
4,LOC109049154,LOC109049154,18056078,18059962,+,,,,,L011,Cyprinus carpio,GCF_018340385.1,pld1,gene
5,LOC122135380,LOC122135380,18060980,18066031,-,,,,,L011,Cyprinus carpio,GCF_018340385.1,pld1,gene
6,LOC109049160,LOC109049160,18066897,18088418,-,,,,,L011,Cyprinus carpio,GCF_018340385.1,pld1,gene
7,LOC109049430,LOC109049430,18089479,18105862,+,,,,,L011,Cyprinus carpio,GCF_018340385.1,pld1,gene
8,LOC109089254,LOC109089254,18106872,18219414,+,dip2ca,NC_069731.1,20959837.0,dip2ca,L011,Cyprinus carpio,GCF_018340385.1,pld1,gene
9,LOC109108238,LOC109108238,18219223,18232603,-,zmynd11,NC_069731.1,21015467.0,zmynd11,L011,Cyprinus carpio,GCF_018340385.1,pld1,gene
10,LOC109109672,LOC109109672,18238101,18268383,+,vipr2,NC_069731.1,21036497.0,vipr2,L011,Cyprinus carpio,GCF_018340385.1,pld1,gene
-10,arap1,arap1,11777861,11832939,+,LOC113544632,NC_069723.1,4968823.0,LOC113544632,L012,Oreochromis niloticus,GCF_001858045.2,hip1,gene
-9,pde2a,pde2a,11863674,12036876,+,LOC113544562,NC_069723.1,4805806.0,LOC113544562,L012,Oreochromis niloticus,GCF_001858045.2,hip1,gene
-8,cul3b,cul3b,12039326,12056286,+,cul3b,NC_069730.1,6181640.0,cul3b,L012,Oreochromis niloticus,GCF_001858045.2,hip1,gene
-7,fam124b,fam124b,12058108,12068948,+,LOC113543022,NC_069730.1,6194474.0,LOC113543022,L012,Oreochromis niloticus,GCF_001858045.2,hip1,gene
-6,mmp28,mmp28,12066480,12083916,-,mmp28,NC_069730.1,6213453.0,mmp28,L012,Oreochromis niloticus,GCF_001858045.2,hip1,gene
-5,taf15,taf15,12084118,12092514,-,taf15,NC_069730.1,6231348.0,taf15,L012,Oreochromis niloticus,GCF_001858045.2,hip1,gene
-4,porb,porb,12093476,12115167,-,porb,NC_069730.1,6251263.0,porb,L012,Oreochromis niloticus,GCF_001858045.2,hip1,gene
-3,tmem120ab,tmem120ab,12116794,12121908,-,tmem120ab,NC_069723.1,6414351.0,tmem120ab,L012,Oreochromis niloticus,GCF_001858045.2,hip1,gene
-2,gdpd1,gdpd1,12123220,12135199,+,gdpd1,NC_069723.1,6438208.0,gdpd1,L012,Oreochromis niloticus,GCF_001858045.2,hip1,gene
-1,ypel2b,ypel2b,12137514,12152874,+,ypel2b,NC_069723.1,6456522.0,ypel2b,L012,Oreochromis niloticus,GCF_001858045.2,hip1,gene
0,hip1,hip1,12169977,12224577,-,hip1,NC_069723.1,6492215.0,hip1,L012,Oreochromis niloticus,GCF_001858045.2,hip1,gene
1,bcl7bb,bcl7bb,12227917,12230311,+,bcl7bb,NC_069715.1,7476928.0,bcl7bb,L012,Oreochromis niloticus,GCF_001858045.2,hip1,gene
2,baz1b,baz1b,12231065,12249110,+,baz1b,NC_069715.1,7465246.0,baz1b,L012,Oreochromis niloticus,GCF_001858045.2,hip1,gene
3,fzd9b,fzd9b,12273094,12275945,-,fzd9b,NC_069715.1,7441125.0,fzd9b,L012,Oreochromis niloticus,GCF_001858045.2,hip1,gene
4,LOC102081540,LOC102081540,12293491,12296548,-,,,,,L012,Oreochromis niloticus,GCF_001858045.2,hip1,gene
5,LOC109204988,LOC109204988,12324000,12339161,-,,,,,L012,Oreochromis niloticus,GCF_001858045.2,hip1,gene
6,grk7b,grk7b,12343370,12352338,-,,,,,L012,Oreochromis niloticus,GCF_001858045.2,hip1,gene
7,rnf7,rnf7,12353257,12354340,-,rnf7,NC_069715.1,7399680.0,rnf7,L012,Oreochromis niloticus,GCF_001858045.2,hip1,gene
8,LOC100701807,LOC100701807,12354330,12371054,+,,,,,L012,Oreochromis niloticus,GCF_001858045.2,hip1,gene
9,rasa2,rasa2,12372624,12405028,-,rasa2,NC_069715.1,20634166.0,rasa2,L012,Oreochromis niloticus,GCF_001858045.2,hip1,gene
10,zbtb38,zbtb38,12407051,12417471,-,zbtb38,NC_069715.1,20674703.0,zbtb38,L012,Oreochromis niloticus,GCF_001858045.2,hip1,gene
-10,osr1,osr1,3219057,3225208,-,osr1,NC_069712.1,33490247.0,osr1,L012,Oreochromis niloticus,GCF_001858045.2,hectd1,gene
-9,hhipl1,hhipl1,3242999,3257484,-,hhipl1,NC_069719.1,27223094.0,hhipl1,L012,Oreochromis niloticus,GCF_001858045.2,hectd1,gene
-8,gpr135,gpr135,3267070,3279886,+,LOC113533755,NC_069719.1,28531833.0,LOC113533755,L012,Oreochromis niloticus,GCF_001858045.2,hectd1,gene
-7,LOC100699877,LOC100699877,3297882,3342417,+,,,,,L012,Oreochromis niloticus,GCF_001858045.2,hectd1,gene
-6,ak7b,ak7b,3444390,3468229,-,ak7b,NC_069719.1,26668524.0,ak7b,L012,Oreochromis niloticus,GCF_001858045.2,hectd1,gene
-5,zgc:109986,zgc:109986,3499733,3533359,-,zgc:109986,NC_069719.1,13545717.0,zgc:109986,L012,Oreochromis niloticus,GCF_001858045.2,hectd1,gene
-4,LOC109195835,LOC109195835,3521697,3524901,+,,,,,L012,Oreochromis niloticus,GCF_001858045.2,hectd1,gene
-3,slc3a2b,slc3a2b,3535407,3542738,+,slc3a2b,NC_069724.1,5087650.0,slc3a2b,L012,Oreochromis niloticus,GCF_001858045.2,hectd1,gene
-2,hikeshi,hikeshi,3563292,3565167,-,hikeshi,NC_069735.1,6762158.0,hikeshi,L012,Oreochromis niloticus,GCF_001858045.2,hectd1,gene
-1,heatr5a,heatr5a,3572172,3629660,+,heatr5a,NC_069719.1,21965122.0,heatr5a,L012,Oreochromis niloticus,GCF_001858045.2,hectd1,gene
0,hectd1,hectd1,3640417,3682853,+,hectd1,NC_069719.1,21893414.0,hectd1,L012,Oreochromis niloticus,GCF_001858045.2,hectd1,gene
1,ap4s1,ap4s1,3683606,3685807,-,ap4s1,NC_069719.1,21863457.0,ap4s1,L012,Oreochromis niloticus,GCF_001858045.2,hectd1,gene
2,strn3,strn3,3685814,3716153,+,strn3,NC_069719.1,21843622.0,strn3,L012,Oreochromis niloticus,GCF_001858045.2,hectd1,gene
3,coch,coch,3719844,3735766,-,coch,NC_069719.1,21823034.0,coch,L012,Oreochromis niloticus,GCF_001858045.2,hectd1,gene
4,scfd1,scfd1,3749478,3783883,-,scfd1,NC_069719.1,21796551.0,scfd1,L012,Oreochromis niloticus,GCF_001858045.2,hectd1,gene
5,g2e3,g2e3,3786450,3801908,-,g2e3,NC_069719.1,21774659.0,g2e3,L012,Oreochromis niloticus,GCF_001858045.2,hectd1,gene
6,ehd4,ehd4,3804646,3851368,+,ehd4,NC_069719.1,21509001.0,ehd4,L012,Oreochromis niloticus,GCF_001858045.2,hectd1,gene
7,sptbn5,sptbn5,3855031,3972988,+,sptbn5,NC_069719.1,21541292.0,sptbn5,L012,Oreochromis niloticus,GCF_001858045.2,hectd1,gene
8,LOC102075719,LOC102075719,3959401,3964735,-,,,,,L012,Oreochromis niloticus,GCF_001858045.2,hectd1,gene
9,LOC109195991,LOC109195991,3973775,3976093,-,,,,,L012,Oreochromis niloticus,GCF_001858045.2,hectd1,gene
10,foxg1a,foxg1a,3985328,3987612,+,foxg1a,NC_069719.1,21578913.0,foxg1a,L012,Oreochromis niloticus,GCF_001858045.2,hectd1,gene
-10,zgc:153372,zgc:153372,19634709,19638537,+,zgc:153372,NC_069723.1,21724343.0,zgc:153372,L012,Oreochromis niloticus,GCF_001858045.2,elna,gene
-9,aifm4,aifm4,19638036,19647985,-,aifm4,NC_069723.1,11452448.0,aifm4,L012,Oreochromis niloticus,GCF_001858045.2,elna,gene
-8,tlcd2,tlcd2,19655856,19679327,+,tlcd2,NC_069723.1,11438210.0,tlcd2,L012,Oreochromis niloticus,GCF_001858045.2,elna,gene
-7,ccdc92ba,ccdc92ba,19679690,19693929,+,ccdc92ba,NC_069723.1,11419988.0,ccdc92ba,L012,Oreochromis niloticus,GCF_001858045.2,elna,gene
-6,cluha,cluha,19697629,19718922,+,cluha,NC_069723.1,11399629.0,cluha,L012,Oreochromis niloticus,GCF_001858045.2,elna,gene
-5,LOC100695973,LOC100695973,19720787,19759995,+,pafah1b1b,NC_069724.1,2938299.0,pafah1b1b,L012,Oreochromis niloticus,GCF_001858045.2,elna,gene
-4,mettl16,mettl16,19761115,19786647,+,mettl16,NC_069723.1,11342134.0,mettl16,L012,Oreochromis niloticus,GCF_001858045.2,elna,gene
-3,mnta,mnta,19788103,19804003,+,mnta,NC_069723.1,11313896.0,mnta,L012,Oreochromis niloticus,GCF_001858045.2,elna,gene
-2,septin4b,septin4b,19807672,19857137,-,septin4b,NC_069730.1,6606828.0,septin4b,L012,Oreochromis niloticus,GCF_001858045.2,elna,gene
-1,limk1a,limk1a,19859096,19913258,-,limk1a,NC_069730.1,6671721.0,limk1a,L012,Oreochromis niloticus,GCF_001858045.2,elna,gene
0,elna,elna,19915686,19969828,-,elna,NC_069730.1,6734151.0,elna,L012,Oreochromis niloticus,GCF_001858045.2,elna,gene
1,LOC100692767,LOC100692767,20034676,20044403,+,nipsnap2,NC_069730.1,6948126.0,nipsnap2,L012,Oreochromis niloticus,GCF_001858045.2,elna,gene
2,psph,psph,20044405,20048160,-,psph,NC_069730.1,6957088.0,psph,L012,Oreochromis niloticus,GCF_001858045.2,elna,gene
3,LOC100694651,LOC100694651,20052493,20060831,-,phkg1a,NC_069730.1,6970406.0,phkg1a,L012,Oreochromis niloticus,GCF_001858045.2,elna,gene
4,chchd2,chchd2,20060888,20064075,-,chchd2,NC_069730.1,6980697.0,chchd2,L012,Oreochromis niloticus,GCF_001858045.2,elna,gene
5,LOC109205003,LOC109205003,20070403,20075054,+,,,,,L012,Oreochromis niloticus,GCF_001858045.2,elna,gene
6,LOC109205002,LOC109205002,20074956,20080919,-,,,,,L012,Oreochromis niloticus,GCF_001858045.2,elna,gene
7,LOC109205000,LOC109205000,20106013,20107945,-,,,,,L012,Oreochromis niloticus,GCF_001858045.2,elna,gene
8,im:7138535,im:7138535,20112473,20117255,-,im:7138535,NC_069736.1,13875930.0,im:7138535,L012,Oreochromis niloticus,GCF_001858045.2,elna,gene
9,si:ch211-235m3.5,si:ch211-235m3.5,20120134,20135647,+,si:ch211-235m3.5,NC_069730.1,6346293.0,si:ch211-235m3.5,L012,Oreochromis niloticus,GCF_001858045.2,elna,gene
10,ube4a,ube4a,20138181,20153848,+,ube4a,NC_069723.1,9670438.0,ube4a,L012,Oreochromis niloticus,GCF_001858045.2,elna,gene
-10,fbxl17,fbxl17,23752236,23974808,-,fbxl17,NC_069717.1,15502665.0,fbxl17,L012,Oreochromis niloticus,GCF_001858045.2,smyd1b,gene
-9,prxl2c,prxl2c,23976132,23979933,+,prxl2c,NC_069717.1,15617901.0,prxl2c,L012,Oreochromis niloticus,GCF_001858045.2,smyd1b,gene
-8,cdc14b,cdc14b,23980175,23992937,+,cdc14b,NC_069717.1,15628260.0,cdc14b,L012,Oreochromis niloticus,GCF_001858045.2,smyd1b,gene
-7,LOC100703711,LOC100703711,23993351,23999065,-,zgc:103482,NC_069724.1,12316942.0,zgc:103482,L012,Oreochromis niloticus,GCF_001858045.2,smyd1b,gene
-6,znf367,znf367,24002263,24006863,+,znf367,NC_069717.1,15639852.0,znf367,L012,Oreochromis niloticus,GCF_001858045.2,smyd1b,gene
-5,slc35d2,slc35d2,24006935,24011293,-,slc35d2,NC_069717.1,15652692.0,slc35d2,L012,Oreochromis niloticus,GCF_001858045.2,smyd1b,gene
-4,ccl27a,ccl27a,24022794,24026872,-,,,,,L012,Oreochromis niloticus,GCF_001858045.2,smyd1b,gene
-3,avp,avp,24028950,24030647,-,,,,,L012,Oreochromis niloticus,GCF_001858045.2,smyd1b,gene
-2,ubox5,ubox5,24034113,24040674,-,ubox5,NC_069717.1,15680848.0,ubox5,L012,Oreochromis niloticus,GCF_001858045.2,smyd1b,gene
-1,lzts3b,lzts3b,24043562,24056360,-,lzts3b,NC_069717.1,15699912.0,lzts3b,L012,Oreochromis niloticus,GCF_001858045.2,smyd1b,gene
0,smyd1b,smyd1b,24059207,24068557,+,smyd1b,NC_069717.1,15713653.0,smyd1b,L012,Oreochromis niloticus,GCF_001858045.2,smyd1b,gene
1,LOC100709431,LOC100709431,24068662,24069539,-,LOC117597775,NC_069717.1,15724246.0,LOC117597775,L012,Oreochromis niloticus,GCF_001858045.2,smyd1b,gene
2,LOC100709702,LOC100709702,24070808,24072888,-,LOC113527448,NC_069717.1,15727078.0,LOC113527448,L012,Oreochromis niloticus,GCF_001858045.2,smyd1b,gene
3,znf366,znf366,24074479,24084670,+,znf366,NC_069717.1,15733109.0,znf366,L012,Oreochromis niloticus,GCF_001858045.2,smyd1b,gene
4,mrps27,mrps27,24088755,24098851,+,mrps27,NC_069717.1,15744513.0,mrps27,L012,Oreochromis niloticus,GCF_001858045.2,smyd1b,gene
5,ptger4a,ptger4a,24109810,24113874,+,ptger4a,NC_069717.1,15764800.0,ptger4a,L012,Oreochromis niloticus,GCF_001858045.2,smyd1b,gene
6,loxhd1b,loxhd1b,24130576,24161022,+,loxhd1b,NC_069717.1,15782164.0,loxhd1b,L012,Oreochromis niloticus,GCF_001858045.2,smyd1b,gene
7,ark2cb,ark2cb,24163958,24176785,-,rnf165b,NC_069717.1,15798336.0,rnf165b,L012,Oreochromis niloticus,GCF_001858045.2,smyd1b,gene
8,LOC100709974,LOC100709974,24178749,24183082,+,,,,,L012,Oreochromis niloticus,GCF_001858045.2,smyd1b,gene
9,LOC100705853,LOC100705853,24188116,24195395,-,LOC113535909,NC_069717.1,15172659.0,LOC113535909,L012,Oreochromis niloticus,GCF_001858045.2,smyd1b,gene
10,LOC100706120,LOC100706120,24199568,24209046,-,,,,,L012,Oreochromis niloticus,GCF_001858045.2,smyd1b,gene
-10,prom2,prom2,18809233,18825298,-,prom2,NC_069712.1,15420364.0,prom2,L012,Oreochromis niloticus,GCF_001858045.2,rrp12,gene
-9,ldb1a,ldb1a,18829399,18845728,-,,,,,L012,Oreochromis niloticus,GCF_001858045.2,rrp12,gene
-8,pprc1,pprc1,18850646,18860227,+,pprc1,NC_069712.1,20745674.0,pprc1,L012,Oreochromis niloticus,GCF_001858045.2,rrp12,gene
-7,oga,oga,18862460,18875934,+,oga,NC_069712.1,20759656.0,oga,L012,Oreochromis niloticus,GCF_001858045.2,rrp12,gene
-6,npm3,npm3,18877361,18880850,+,npm3,NC_069712.1,20768834.0,npm3,L012,Oreochromis niloticus,GCF_001858045.2,rrp12,gene
-5,LOC100710124,LOC100710124,18890683,18902652,-,,,,,L012,Oreochromis niloticus,GCF_001858045.2,rrp12,gene
-4,sufu,sufu,18903509,18914418,-,sufu,NC_069712.1,20810956.0,sufu,L012,Oreochromis niloticus,GCF_001858045.2,rrp12,gene
-3,mettl18,mettl18,18920187,18924190,-,mettl18,NC_069712.1,16810781.0,mettl18,L012,Oreochromis niloticus,GCF_001858045.2,rrp12,gene
-2,zdhhc16a,zdhhc16a,18924384,18931041,+,zdhhc16a,NC_069712.1,16804940.0,zdhhc16a,L012,Oreochromis niloticus,GCF_001858045.2,rrp12,gene
-1,ubtd1a,ubtd1a,18934166,18941256,+,,,,,L012,Oreochromis niloticus,GCF_001858045.2,rrp12,gene
0,rrp12,rrp12,18941990,18952059,+,rrp12,NC_069712.1,16786800.0,rrp12,L012,Oreochromis niloticus,GCF_001858045.2,rrp12,gene
1,antxr1d,antxr1d,18953797,18979147,-,,,,,L012,Oreochromis niloticus,GCF_001858045.2,rrp12,gene
2,znf488,znf488,18976315,18979781,+,prdm8,NC_069712.1,16749142.0,prdm8,L012,Oreochromis niloticus,GCF_001858045.2,rrp12,gene
3,gdf10a,gdf10a,18982576,18987428,-,,,,,L012,Oreochromis niloticus,GCF_001858045.2,rrp12,gene
4,ptpn20,ptpn20,19016299,19042640,-,ptpn20,NC_069712.1,16694339.0,ptpn20,L012,Oreochromis niloticus,GCF_001858045.2,rrp12,gene
5,mapk8a,mapk8a,19042886,19053357,+,mapk8a,NC_069712.1,16669086.0,mapk8a,L012,Oreochromis niloticus,GCF_001858045.2,rrp12,gene
6,arhgap22a,arhgap22a,19052845,19066106,-,,,,,L012,Oreochromis niloticus,GCF_001858045.2,rrp12,gene
7,si:ch211-223a10.1,si:ch211-223a10.1,19066480,19076311,-,si:ch211-223a10.1,NC_069712.1,16631303.0,si:ch211-223a10.1,L012,Oreochromis niloticus,GCF_001858045.2,rrp12,gene
8,wdfy4,wdfy4,19075226,19115751,+,wdfy4,NC_069712.1,16597615.0,wdfy4,L012,Oreochromis niloticus,GCF_001858045.2,rrp12,gene
9,lrrc18a,lrrc18a,19101432,19105265,-,lrrc18a,NC_069712.1,16589307.0,lrrc18a,L012,Oreochromis niloticus,GCF_001858045.2,rrp12,gene
10,vstm4a,vstm4a,19115855,19125915,-,,,,,L012,Oreochromis niloticus,GCF_001858045.2,rrp12,gene
-10,LOC100703684,LOC100703684,18494286,18527745,-,,,,,L012,Oreochromis niloticus,GCF_001858045.2,pprc1,gene
-9,LOC100708507,LOC100708507,18528846,18554348,-,,,,,L012,Oreochromis niloticus,GCF_001858045.2,pprc1,gene
-8,LOC100708777,LOC100708777,18565405,18585568,-,abcc2,NC_069737.1,8158410.0,abcc2,L012,Oreochromis niloticus,GCF_001858045.2,pprc1,gene
-7,cutc,cutc,18587898,18594639,-,cutc,NC_069737.1,8203783.0,cutc,L012,Oreochromis niloticus,GCF_001858045.2,pprc1,gene
-6,cox15,cox15,18594800,18600433,+,LOC113544435,NC_069737.1,8218529.0,LOC113544435,L012,Oreochromis niloticus,GCF_001858045.2,pprc1,gene
-5,LOC100709045,LOC100709045,18600148,18706794,-,LOC113544376,NC_069737.1,8328692.0,LOC113544376,L012,Oreochromis niloticus,GCF_001858045.2,pprc1,gene
-4,LOC109204711,LOC109204711,18767441,18769606,+,,,,,L012,Oreochromis niloticus,GCF_001858045.2,pprc1,gene
-3,hps6,hps6,18801920,18807707,+,LOC113544576,NC_069712.1,15433316.0,LOC113544576,L012,Oreochromis niloticus,GCF_001858045.2,pprc1,gene
-2,prom2,prom2,18809233,18825298,-,prom2,NC_069712.1,15420364.0,prom2,L012,Oreochromis niloticus,GCF_001858045.2,pprc1,gene
-1,ldb1a,ldb1a,18829399,18845728,-,,,,,L012,Oreochromis niloticus,GCF_001858045.2,pprc1,gene
0,pprc1,pprc1,18850646,18860227,+,pprc1,NC_069712.1,20745674.0,pprc1,L012,Oreochromis niloticus,GCF_001858045.2,pprc1,gene
1,oga,oga,18862460,18875934,+,oga,NC_069712.1,20759656.0,oga,L012,Oreochromis niloticus,GCF_001858045.2,pprc1,gene
2,npm3,npm3,18877361,18880850,+,npm3,NC_069712.1,20768834.0,npm3,L012,Oreochromis niloticus,GCF_001858045.2,pprc1,gene
3,LOC100710124,LOC100710124,18890683,18902652,-,,,,,L012,Oreochromis niloticus,GCF_001858045.2,pprc1,gene
4,sufu,sufu,18903509,18914418,-,sufu,NC_069712.1,20810956.0,sufu,L012,Oreochromis niloticus,GCF_001858045.2,pprc1,gene
5,mettl18,mettl18,18920187,18924190,-,mettl18,NC_069712.1,16810781.0,mettl18,L012,Oreochromis niloticus,GCF_001858045.2,pprc1,gene
6,zdhhc16a,zdhhc16a,18924384,18931041,+,zdhhc16a,NC_069712.1,16804940.0,zdhhc16a,L012,Oreochromis niloticus,GCF_001858045.2,pprc1,gene
7,ubtd1a,ubtd1a,18934166,18941256,+,,,,,L012,Oreochromis niloticus,GCF_001858045.2,pprc1,gene
8,rrp12,rrp12,18941990,18952059,+,rrp12,NC_069712.1,16786800.0,rrp12,L012,Oreochromis niloticus,GCF_001858045.2,pprc1,gene
9,antxr1d,antxr1d,18953797,18979147,-,,,,,L012,Oreochromis niloticus,GCF_001858045.2,pprc1,gene
10,znf488,znf488,18976315,18979781,+,prdm8,NC_069712.1,16749142.0,prdm8,L012,Oreochromis niloticus,GCF_001858045.2,pprc1,gene
-10,tyk2,tyk2,24326178,24336833,-,tyk2,NC_069732.1,18647531.0,tyk2,L015,Dentex dentex,GCF_900880675.2,ANGPTL6,gene
-9,LOC115575243,LOC115575243,24339340,24345129,-,cdc37,NC_069735.1,19497423.0,cdc37,L015,Dentex dentex,GCF_900880675.2,ANGPTL6,gene
-8,cmc4,cmc4,24346471,24348486,-,cmc4,NC_069724.1,1001387.0,cmc4,L015,Dentex dentex,GCF_900880675.2,ANGPTL6,gene
-7,LOC115575246,LOC115575246,24349272,24371535,-,LOC113535991,NC_069732.1,5675180.0,LOC113535991,L015,Dentex dentex,GCF_900880675.2,ANGPTL6,gene
-6,s1pr2,s1pr2,24401446,24418728,+,s1pr2,NC_069732.1,5592323.0,s1pr2,L015,Dentex dentex,GCF_900880675.2,ANGPTL6,gene
-5,dnmt1,dnmt1,24420309,24432712,+,dnmt1,NC_069732.1,5561263.0,dnmt1,L015,Dentex dentex,GCF_900880675.2,ANGPTL6,gene
-4,eif3g,eif3g,24433527,24436448,-,eif3g,NC_069732.1,5546765.0,eif3g,L015,Dentex dentex,GCF_900880675.2,ANGPTL6,gene
-3,p2ry11,p2ry11,24437916,24441045,-,LOC113535910,NC_069732.1,5536721.0,LOC113535910,L015,Dentex dentex,GCF_900880675.2,ANGPTL6,gene
-2,ppan,ppan,24441316,24445687,-,ppan,NC_069732.1,5481418.0,ppan,L015,Dentex dentex,GCF_900880675.2,ANGPTL6,gene
-1,LOC115576052,LOC115576052,24449515,24490193,+,icam5,NC_069732.1,5373307.0,icam5,L015,Dentex dentex,GCF_900880675.2,ANGPTL6,gene
0,angptl6,angptl6,24474260,24478663,+,angptl6,NC_069732.1,5470251.0,angptl6,L015,Dentex dentex,GCF_900880675.2,ANGPTL6,gene
1,trip10a,trip10a,24490386,24510130,+,trip10a,NC_069732.1,5344170.0,trip10a,L015,Dentex dentex,GCF_900880675.2,ANGPTL6,gene
2,olfm2a,olfm2a,24556064,24606204,-,olfm2a,NC_069732.1,5177025.0,olfm2a,L015,Dentex dentex,GCF_900880675.2,ANGPTL6,gene
3,col5a3a,col5a3a,24629220,24681245,-,col5a3a,NC_069732.1,5034384.0,col5a3a,L015,Dentex dentex,GCF_900880675.2,ANGPTL6,gene
4,rdh8a,rdh8a,24691109,24698300,+,rdh8a,NC_069732.1,4965017.0,rdh8a,L015,Dentex dentex,GCF_900880675.2,ANGPTL6,gene
5,notch3,notch3,24736011,24764714,+,notch3,NC_069732.1,4877110.0,notch3,L015,Dentex dentex,GCF_900880675.2,ANGPTL6,gene
6,LOC115575328,LOC115575328,24765799,24769065,-,zmp:0000001048,NC_069732.1,4857279.0,zmp:0000001048,L015,Dentex dentex,GCF_900880675.2,ANGPTL6,gene
7,soul5,soul5,24770359,24775156,+,soul5,NC_069732.1,4832292.0,soul5,L015,Dentex dentex,GCF_900880675.2,ANGPTL6,gene
8,nr5a5,nr5a5,24776590,24780934,+,nr5a5,NC_069732.1,4823056.0,nr5a5,L015,Dentex dentex,GCF_900880675.2,ANGPTL6,gene
9,camsap3,camsap3,24781437,24807253,-,camsap3,NC_069732.1,4796636.0,camsap3,L015,Dentex dentex,GCF_900880675.2,ANGPTL6,gene
10,xab2,xab2,24808678,24818026,-,xab2,NC_069732.1,4765251.0,xab2,L015,Dentex dentex,GCF_900880675.2,ANGPTL6,gene
-10,adpgk2,adpgk2,17621467,17630255,-,adpgk2,NC_069719.1,13080430.0,adpgk2,L018,Larimichthys polyactis,GCF_000972845.2,kif26b,gene
-9,ctsba,ctsba,17630775,17637803,-,ctsba,NC_069719.1,24304254.0,ctsba,L018,Larimichthys polyactis,GCF_000972845.2,kif26b,gene
-8,xkr5b,xkr5b,17640750,17652665,-,,,,,L018,Larimichthys polyactis,GCF_000972845.2,kif26b,gene
-7,eva1ab,eva1ab,17654954,17662267,-,,,,,L018,Larimichthys polyactis,GCF_000972845.2,kif26b,gene
-6,itsn2b,itsn2b,17669906,17702496,-,itsn2b,NC_069719.1,23399489.0,itsn2b,L018,Larimichthys polyactis,GCF_000972845.2,kif26b,gene
-5,gcfc2,gcfc2,17702600,17710046,+,gcfc2,NC_069719.1,19704978.0,gcfc2,L018,Larimichthys polyactis,GCF_000972845.2,kif26b,gene
-4,LOC104920143,LOC104920143,17711985,17721303,-,sccpdha.1,NC_069719.1,29403226.0,sccpdha.1,L018,Larimichthys polyactis,GCF_000972845.2,kif26b,gene
-3,tfb2m,tfb2m,17722891,17727948,+,tfb2m,NC_069719.1,29439263.0,tfb2m,L018,Larimichthys polyactis,GCF_000972845.2,kif26b,gene
-2,cnsta,cnsta,17728144,17748532,+,cnsta,NC_069719.1,29420920.0,cnsta,L018,Larimichthys polyactis,GCF_000972845.2,kif26b,gene
-1,smyd3,smyd3,17750059,17846843,+,smyd3,NC_069719.1,29477102.0,smyd3,L018,Larimichthys polyactis,GCF_000972845.2,kif26b,gene
0,kif26ba,kif26ba,17851886,17929770,-,kif26ba,NC_069719.1,29529514.0,kif26ba,L018,Larimichthys polyactis,GCF_000972845.2,kif26b,gene
1,si:dkey-127k13.1,si:dkey-127k13.1,17931921,17937377,+,si:dkey-127k13.1,NC_069713.1,27372690.0,si:dkey-127k13.1,L018,Larimichthys polyactis,GCF_000972845.2,kif26b,gene
2,ahctf1,ahctf1,17939767,17961204,+,ahctf1,NC_069719.1,29367424.0,ahctf1,L018,Larimichthys polyactis,GCF_000972845.2,kif26b,gene
3,kif28,kif28,17961980,17970676,+,kif28,NC_069719.1,29388728.0,kif28,L018,Larimichthys polyactis,GCF_000972845.2,kif26b,gene
4,LOC104940210,LOC104940210,17970816,18000045,-,,,,,L018,Larimichthys polyactis,GCF_000972845.2,kif26b,gene
5,krtcap3,krtcap3,18000417,18006425,-,LOC113538827,NC_069719.1,13035704.0,LOC113538827,L018,Larimichthys polyactis,GCF_000972845.2,kif26b,gene
6,LOC104940212,LOC104940212,18006501,18019507,-,,,,,L018,Larimichthys polyactis,GCF_000972845.2,kif26b,gene
7,kctd3,kctd3,18019854,18033517,+,kctd3,NC_069719.1,24040643.0,kctd3,L018,Larimichthys polyactis,GCF_000972845.2,kif26b,gene
8,ush2a,ush2a,18035561,18231074,-,ush2a,NC_069719.1,23928278.0,ush2a,L018,Larimichthys polyactis,GCF_000972845.2,kif26b,gene
9,esrrga,esrrga,18243217,18381528,-,esrrga,NC_069719.1,23773737.0,esrrga,L018,Larimichthys polyactis,GCF_000972845.2,kif26b,gene
10,spata17,spata17,18464156,18499223,+,spata17,NC_069719.1,23544949.0,spata17,L018,Larimichthys polyactis,GCF_000972845.2,kif26b,gene
-10,bag6l,bag6l,7465773,7477477,-,bag6l,NC_069738.1,8299488.0,bag6l,L018,Larimichthys polyactis,GCF_000972845.2,bat1,gene
-9,si:ch211-152p11.4,si:ch211-152p11.4,7477843,7488497,+,si:ch211-152p11.4,NC_069738.1,6910048.0,si:ch211-152p11.4,L018,Larimichthys polyactis,GCF_000972845.2,bat1,gene
-8,atat1,atat1,7490148,7505459,-,atat1,NC_069738.1,6898863.0,atat1,L018,Larimichthys polyactis,GCF_000972845.2,bat1,gene
-7,LOC104931068,LOC104931068,7516701,7518429,+,,,,,L018,Larimichthys polyactis,GCF_000972845.2,bat1,gene
-6,LOC109136924,LOC109136924,7518154,7520989,+,,,,,L018,Larimichthys polyactis,GCF_000972845.2,bat1,gene
-5,LOC104931067,LOC104931067,7521501,7523357,+,tnfa,NC_069738.1,6677101.0,tnfa,L018,Larimichthys polyactis,GCF_000972845.2,bat1,gene
-4,gabbr1b,gabbr1b,7533273,7660505,-,gabbr1b,NC_069738.1,6735406.0,gabbr1b,L018,Larimichthys polyactis,GCF_000972845.2,bat1,gene
-3,sh3bp5lb,sh3bp5lb,7668615,7678087,-,sh3bp5lb,NC_069738.1,6805714.0,sh3bp5lb,L018,Larimichthys polyactis,GCF_000972845.2,bat1,gene
-2,gtf2h4,gtf2h4,7680949,7692791,-,gtf2h4,NC_069738.1,6817955.0,gtf2h4,L018,Larimichthys polyactis,GCF_000972845.2,bat1,gene
-1,polr1h,polr1h,7693954,7696146,-,polr1h,NC_069738.1,6830359.0,polr1h,L018,Larimichthys polyactis,GCF_000972845.2,bat1,gene
0,ddx39b,ddx39b,7697019,7705523,+,ddx39b,NC_069738.1,6834067.0,ddx39b,L018,Larimichthys polyactis,GCF_000972845.2,bat1,gene
1,mgat1b,mgat1b,7709917,7721192,-,mgat1b,NC_069738.1,6850781.0,mgat1b,L018,Larimichthys polyactis,GCF_000972845.2,bat1,gene
2,vars2,vars2,7722150,7738280,-,vars2,NC_069738.1,6866638.0,vars2,L018,Larimichthys polyactis,GCF_000972845.2,bat1,gene
3,ppp1r11,ppp1r11,7739343,7744991,+,ppp1r11,NC_069738.1,6876916.0,ppp1r11,L018,Larimichthys polyactis,GCF_000972845.2,bat1,gene
4,cxiiih6orf47,cxiiih6orf47,7746016,7752916,-,c29h6orf47,NC_069738.1,6885574.0,c29h6orf47,L018,Larimichthys polyactis,GCF_000972845.2,bat1,gene
5,sacm1la,sacm1la,7760116,7776597,+,sacm1la,NC_069738.1,6652210.0,sacm1la,L018,Larimichthys polyactis,GCF_000972845.2,bat1,gene
6,LOC104931058,LOC104931058,7778554,7782773,+,,,,,L018,Larimichthys polyactis,GCF_000972845.2,bat1,gene
7,eppk1,eppk1,7797548,7810112,+,eppk1,NC_069732.1,7694283.0,eppk1,L018,Larimichthys polyactis,GCF_000972845.2,bat1,gene
8,fbxl6,fbxl6,7810685,7817305,-,fbxl6,NC_069732.1,7681620.0,fbxl6,L018,Larimichthys polyactis,GCF_000972845.2,bat1,gene
9,LOC104931053,LOC104931053,7817298,7823884,+,slc52a2,NC_069732.1,7671175.0,slc52a2,L018,Larimichthys polyactis,GCF_000972845.2,bat1,gene
10,slc52a2,slc52a2,7826723,7833254,+,,,,,L018,Larimichthys polyactis,GCF_000972845.2,bat1,gene
-10,mt2,mt2,2465129,2465928,-,mt2,NC_069715.1,12854153.0,mt2,L018,Larimichthys polyactis,GCF_000972845.2,amfr,gene
-9,LOC104938430,LOC104938430,2481130,2484463,+,,,,,L018,Larimichthys polyactis,GCF_000972845.2,amfr,gene
-8,anapc13,anapc13,2484596,2485983,-,anapc13,NC_069724.1,8111424.0,anapc13,L018,Larimichthys polyactis,GCF_000972845.2,amfr,gene
-7,rspry1,rspry1,2488340,2505049,+,rspry1,NC_069715.1,13015825.0,rspry1,L018,Larimichthys polyactis,GCF_000972845.2,amfr,gene
-6,arl2bp,arl2bp,2508577,2512371,+,arl2bp,NC_069715.1,13605853.0,arl2bp,L018,Larimichthys polyactis,GCF_000972845.2,amfr,gene
-5,pllp,pllp,2514423,2520055,-,pllp,NC_069715.1,13601279.0,pllp,L018,Larimichthys polyactis,GCF_000972845.2,amfr,gene
-4,plcg2,plcg2,2523337,2550086,-,plcg2,NC_069715.1,9222218.0,plcg2,L018,Larimichthys polyactis,GCF_000972845.2,amfr,gene
-3,meak7,meak7,2552444,2560678,-,meak7,NC_069715.1,9239712.0,meak7,L018,Larimichthys polyactis,GCF_000972845.2,amfr,gene
-2,immp2l,immp2l,2571601,2734184,+,immp2l,NC_069716.1,23918052.0,immp2l,L018,Larimichthys polyactis,GCF_000972845.2,amfr,gene
-1,LOC104927023,LOC104927023,2685523,2706147,-,,,,,L018,Larimichthys polyactis,GCF_000972845.2,amfr,gene
0,amfra,amfra,2760897,2775050,-,,,,,L018,Larimichthys polyactis,GCF_000972845.2,amfr,gene
1,pdcd2l,pdcd2l,2774492,2781415,+,pdcd2l,NC_069718.1,14303852.0,pdcd2l,L018,Larimichthys polyactis,GCF_000972845.2,amfr,gene
2,LOC104927020,LOC104927020,2781557,2802912,-,,,,,L018,Larimichthys polyactis,GCF_000972845.2,amfr,gene
3,dus2,dus2,2803979,2811185,-,dus2,NC_069718.1,16080261.0,dus2,L018,Larimichthys polyactis,GCF_000972845.2,amfr,gene
4,slc7a10b,slc7a10b,2811632,2829071,-,slc7a10b,NC_069718.1,19970733.0,slc7a10b,L018,Larimichthys polyactis,GCF_000972845.2,amfr,gene
5,faap24,faap24,2830620,2832905,-,faap24,NC_069718.1,19959180.0,faap24,L018,Larimichthys polyactis,GCF_000972845.2,amfr,gene
6,tdrd12,tdrd12,2833697,2853700,+,tdrd12,NC_069718.1,19580182.0,tdrd12,L018,Larimichthys polyactis,GCF_000972845.2,amfr,gene
7,ankrd27,ankrd27,2854566,2884012,+,ankrd27,NC_069718.1,19929537.0,ankrd27,L018,Larimichthys polyactis,GCF_000972845.2,amfr,gene
8,LOC104927017,LOC104927017,2884889,2891482,+,,,,,L018,Larimichthys polyactis,GCF_000972845.2,amfr,gene
9,LOC104927016,LOC104927016,2891622,2895212,+,LOC113529292,NC_069716.1,22694632.0,LOC113529292,L018,Larimichthys polyactis,GCF_000972845.2,amfr,gene
10,LOC113744230,LOC113744230,2902986,2903691,-,,,,,L018,Larimichthys polyactis,GCF_000972845.2,amfr,gene
-10,irx5a,irx5a,4878502,4881953,+,irx5a,NC_069734.1,5125364.0,irx5a,L019,Pelteobagrus vachelli,GCF_022655615.1,HSD11B2,gene
-9,irx6a,irx6a,5025350,5030596,+,irx6a,NC_069734.1,5269447.0,irx6a,L019,Pelteobagrus vachelli,GCF_022655615.1,HSD11B2,gene
-8,mmp2,mmp2,5086837,5105049,+,mmp2,NC_069734.1,5342730.0,mmp2,L019,Pelteobagrus vachelli,GCF_022655615.1,HSD11B2,gene
-7,lpcat2,lpcat2,5108114,5118374,+,lpcat2,NC_069734.1,5364979.0,lpcat2,L019,Pelteobagrus vachelli,GCF_022655615.1,HSD11B2,gene
-6,slc6a2,slc6a2,5127046,5149313,+,slc6a2,NC_069734.1,5395511.0,slc6a2,L019,Pelteobagrus vachelli,GCF_022655615.1,HSD11B2,gene
-5,slc12a4,slc12a4,5172574,5194495,+,slc12a4,NC_069734.1,5444065.0,slc12a4,L019,Pelteobagrus vachelli,GCF_022655615.1,HSD11B2,gene
-4,dpep2,dpep2,5193404,5203299,-,dpep2,NC_069734.1,5462912.0,dpep2,L019,Pelteobagrus vachelli,GCF_022655615.1,HSD11B2,gene
-3,LOC113636685,LOC113636685,5205292,5211569,-,LOC113540983,NC_069734.1,5478694.0,LOC113540983,L019,Pelteobagrus vachelli,GCF_022655615.1,HSD11B2,gene
-2,tppp3,tppp3,5215856,5222184,-,tppp3,NC_069734.1,5488049.0,tppp3,L019,Pelteobagrus vachelli,GCF_022655615.1,HSD11B2,gene
-1,zdhhc1,zdhhc1,5232743,5247944,-,zdhhc1,NC_069734.1,5512596.0,zdhhc1,L019,Pelteobagrus vachelli,GCF_022655615.1,HSD11B2,gene
0,hsd11b2,hsd11b2,5287996,5304042,+,hsd11b2,NC_069734.1,5574159.0,hsd11b2,L019,Pelteobagrus vachelli,GCF_022655615.1,HSD11B2,gene
1,atp6v0d1,atp6v0d1,5312896,5318832,-,atp6v0d1,NC_069734.1,5597201.0,atp6v0d1,L019,Pelteobagrus vachelli,GCF_022655615.1,HSD11B2,gene
2,LOC113636814,LOC113636814,5327752,5329962,+,agrp,NC_069734.1,5606987.0,agrp,L019,Pelteobagrus vachelli,GCF_022655615.1,HSD11B2,gene
3,galr1b,galr1b,5343354,5372151,+,galr1b,NC_069734.1,5658016.0,galr1b,L019,Pelteobagrus vachelli,GCF_022655615.1,HSD11B2,gene
4,ddx28,ddx28,5374126,5376248,-,ddx28,NC_069734.1,5677224.0,ddx28,L019,Pelteobagrus vachelli,GCF_022655615.1,HSD11B2,gene
5,nfatc3a,nfatc3a,5417540,5487139,+,nfatc3a,NC_069734.1,5759196.0,nfatc3a,L019,Pelteobagrus vachelli,GCF_022655615.1,HSD11B2,gene
6,esrp2,esrp2,5489195,5512108,-,esrp2,NC_069734.1,5812141.0,esrp2,L019,Pelteobagrus vachelli,GCF_022655615.1,HSD11B2,gene
7,si:dkey-148a17.6,si:dkey-148a17.6,5515866,5517724,-,si:dkey-148a17.6,NC_069734.1,5828563.0,si:dkey-148a17.6,L019,Pelteobagrus vachelli,GCF_022655615.1,HSD11B2,gene
8,LOC113636708,LOC113636708,5520055,5521536,-,si:dkey-148a17.5,NC_069734.1,5831810.0,si:dkey-148a17.5,L019,Pelteobagrus vachelli,GCF_022655615.1,HSD11B2,gene
9,LOC113636724,LOC113636724,5524095,5535138,+,LOC113540863,NC_069734.1,5841666.0,LOC113540863,L019,Pelteobagrus vachelli,GCF_022655615.1,HSD11B2,gene
10,plekhg4,plekhg4,5533583,5618731,-,plekhg4,NC_069734.1,5880791.0,plekhg4,L019,Pelteobagrus vachelli,GCF_022655615.1,HSD11B2,gene
-10,tbc1d2b,tbc1d2b,9857160,9876164,+,tbc1d2b,NC_069718.1,16993474.0,tbc1d2b,L019,Pelteobagrus vachelli,GCF_022655615.1,Sema7a,gene
-9,dapk2b,dapk2b,9876828,9893044,+,dapk2b,NC_069718.1,16970344.0,dapk2b,L019,Pelteobagrus vachelli,GCF_022655615.1,Sema7a,gene
-8,LOC113660099,LOC113660099,9903229,9915498,-,LOC113529940,NC_069718.1,16938934.0,LOC113529940,L019,Pelteobagrus vachelli,GCF_022655615.1,Sema7a,gene
-7,fbxl22,fbxl22,9932030,9944261,-,fbxl22,NC_069718.1,16902683.0,fbxl22,L019,Pelteobagrus vachelli,GCF_022655615.1,Sema7a,gene
-6,usp3,usp3,9945713,9956812,-,usp3,NC_069718.1,16893746.0,usp3,L019,Pelteobagrus vachelli,GCF_022655615.1,Sema7a,gene
-5,si:dkeyp-73b11.8,si:dkeyp-73b11.8,9958160,9960656,-,si:dkeyp-73b11.8,NC_069718.1,16885985.0,si:dkeyp-73b11.8,L019,Pelteobagrus vachelli,GCF_022655615.1,Sema7a,gene
-4,ca12,ca12,9961835,9971610,+,ca12,NC_069718.1,16875256.0,ca12,L019,Pelteobagrus vachelli,GCF_022655615.1,Sema7a,gene
-3,man2c1,man2c1,9980025,9987510,+,man2c1,NC_069718.1,16859300.0,man2c1,L019,Pelteobagrus vachelli,GCF_022655615.1,Sema7a,gene
-2,neil1,neil1,9987669,9992639,-,neil1,NC_069718.1,16851765.0,neil1,L019,Pelteobagrus vachelli,GCF_022655615.1,Sema7a,gene
-1,commd4,commd4,9995001,9999307,-,commd4,NC_069718.1,16846772.0,commd4,L019,Pelteobagrus vachelli,GCF_022655615.1,Sema7a,gene
0,sema7a,sema7a,9999589,10008657,+,sema7a,NC_069718.1,16839075.0,sema7a,L019,Pelteobagrus vachelli,GCF_022655615.1,Sema7a,gene
1,LOC113660232,LOC113660232,10014003,10016913,+,,,,,L019,Pelteobagrus vachelli,GCF_022655615.1,Sema7a,gene
2,LOC113660231,LOC113660231,10023252,10027175,+,islr2,NC_069718.1,16826084.0,islr2,L019,Pelteobagrus vachelli,GCF_022655615.1,Sema7a,gene
3,stra6,stra6,10028122,10043215,-,stra6,NC_069718.1,16814233.0,stra6,L019,Pelteobagrus vachelli,GCF_022655615.1,Sema7a,gene
4,ccdc33,ccdc33,10084810,10091739,+,ccdc33,NC_069718.1,16773341.0,ccdc33,L019,Pelteobagrus vachelli,GCF_022655615.1,Sema7a,gene
5,LOC113659881,LOC113659881,10091028,10096080,-,LOC113530122,NC_069718.1,16740988.0,LOC113530122,L019,Pelteobagrus vachelli,GCF_022655615.1,Sema7a,gene
6,stoml1,stoml1,10096740,10099366,-,stoml1,NC_069718.1,16733114.0,stoml1,L019,Pelteobagrus vachelli,GCF_022655615.1,Sema7a,gene
7,nr2e3,nr2e3,10100264,10102869,-,nr2e3,NC_069718.1,16729255.0,nr2e3,L019,Pelteobagrus vachelli,GCF_022655615.1,Sema7a,gene
8,hexa,hexa,10110430,10116041,-,hexa,NC_069718.1,16718156.0,hexa,L019,Pelteobagrus vachelli,GCF_022655615.1,Sema7a,gene
9,pkp3a,pkp3a,10124357,10139629,+,pkp3a,NC_069718.1,16695626.0,pkp3a,L019,Pelteobagrus vachelli,GCF_022655615.1,Sema7a,gene
10,sigirr,sigirr,10142810,10150066,-,sigirr,NC_069718.1,16676033.0,sigirr,L019,Pelteobagrus vachelli,GCF_022655615.1,Sema7a,gene
-10,LOC124061323,LOC124061323,8235965,8250972,+,,,,,L020,Scatophagus argus,GCF_020382885.2,Hbp1,gene
-9,nr2c1,nr2c1,8251279,8257818,+,nr2c1,NC_069727.1,11407059.0,nr2c1,L020,Scatophagus argus,GCF_020382885.2,Hbp1,gene
-8,LOC124061870,LOC124061870,8260286,8279098,+,,,,,L020,Scatophagus argus,GCF_020382885.2,Hbp1,gene
-7,LOC124062098,LOC124062098,8285054,8305634,+,,,,,L020,Scatophagus argus,GCF_020382885.2,Hbp1,gene
-6,LOC124062031,LOC124062031,8308012,8330709,+,,,,,L020,Scatophagus argus,GCF_020382885.2,Hbp1,gene
-5,LOC124062429,LOC124062429,8348501,8381055,+,,,,,L020,Scatophagus argus,GCF_020382885.2,Hbp1,gene
-4,LOC124061758,LOC124061758,8381258,8383538,-,parietopsin,NC_069716.1,24222250.0,parietopsin,L020,Scatophagus argus,GCF_020382885.2,Hbp1,gene
-3,LOC124061650,LOC124061650,8386097,8388614,-,LOC113531955,NC_069727.1,7280300.0,LOC113531955,L020,Scatophagus argus,GCF_020382885.2,Hbp1,gene
-2,nt5dc3,nt5dc3,8389042,8397068,-,nt5dc3,NC_069716.1,24212980.0,nt5dc3,L020,Scatophagus argus,GCF_020382885.2,Hbp1,gene
-1,hsp90b1,hsp90b1,8398468,8415666,+,hsp90b1,NC_069727.1,6618959.0,hsp90b1,L020,Scatophagus argus,GCF_020382885.2,Hbp1,gene
0,hbp1,hbp1,8416568,8424380,+,hbp1,NC_069718.1,16041683.0,hbp1,L020,Scatophagus argus,GCF_020382885.2,Hbp1,gene
1,LOC124062474,LOC124062474,8470706,8476143,+,gpr22b,NC_069718.1,16013101.0,gpr22b,L020,Scatophagus argus,GCF_020382885.2,Hbp1,gene
2,bcap29,bcap29,8485190,8487664,+,,,,,L020,Scatophagus argus,GCF_020382885.2,Hbp1,gene
3,LOC124062369,LOC124062369,8489268,8502158,-,slco1c1,NC_069727.1,19788802.0,slco1c1,L020,Scatophagus argus,GCF_020382885.2,Hbp1,gene
4,LOC124061601,LOC124061601,8504865,8617273,-,,,,,L020,Scatophagus argus,GCF_020382885.2,Hbp1,gene
5,LOC124061602,LOC124061602,8591003,8640067,-,,,,,L020,Scatophagus argus,GCF_020382885.2,Hbp1,gene
6,plekha5,plekha5,8641133,8715298,-,plekha5,NC_069727.1,20009276.0,plekha5,L020,Scatophagus argus,GCF_020382885.2,Hbp1,gene
7,LOC124061544,LOC124061544,8731650,8746091,+,,,,,L020,Scatophagus argus,GCF_020382885.2,Hbp1,gene
8,pik3c2g,pik3c2g,8746082,8762828,-,,,,,L020,Scatophagus argus,GCF_020382885.2,Hbp1,gene
9,LOC124061545,LOC124061545,8761245,8763732,+,,,,,L020,Scatophagus argus,GCF_020382885.2,Hbp1,gene
10,bncr,bncr,8763770,8764971,+,,,,,L020,Scatophagus argus,GCF_020382885.2,Hbp1,gene
-10,cdh26.1,cdh26.1,8066078,8075612,-,cdh26.1,NC_069725.1,3367725.0,cdh26.1,L020,Scatophagus argus,GCF_020382885.2,Vgll4,gene
-9,LOC124063973,LOC124063973,8078770,8089990,-,,,,,L020,Scatophagus argus,GCF_020382885.2,Vgll4,gene
-8,zmp:0000000926,zmp:0000000926,8103001,8120092,+,zmp:0000000926,NC_069725.1,3472211.0,zmp:0000000926,L020,Scatophagus argus,GCF_020382885.2,Vgll4,gene
-7,irf10,irf10,8120384,8125691,-,irf10,NC_069725.1,3506618.0,irf10,L020,Scatophagus argus,GCF_020382885.2,Vgll4,gene
-6,bmp7b,bmp7b,8127226,8148640,-,bmp7a,NC_069729.1,5465213.0,bmp7a,L020,Scatophagus argus,GCF_020382885.2,Vgll4,gene
-5,spo11,spo11,8154453,8161207,+,spo11,NC_069725.1,16359870.0,spo11,L020,Scatophagus argus,GCF_020382885.2,Vgll4,gene
-4,LOC124063611,LOC124063611,8162252,8166190,+,,,,,L020,Scatophagus argus,GCF_020382885.2,Vgll4,gene
-3,LOC124063481,LOC124063481,8169269,8173706,+,,,,,L020,Scatophagus argus,GCF_020382885.2,Vgll4,gene
-2,tnnc1a,tnnc1a,8181208,8185554,-,tnnc1a,NC_069725.1,542677.0,tnnc1a,L020,Scatophagus argus,GCF_020382885.2,Vgll4,gene
-1,slc6a1a,slc6a1a,8200984,8210157,+,,,,,L020,Scatophagus argus,GCF_020382885.2,Vgll4,gene
0,vgll4a,vgll4a,8223409,8229914,-,vgll4a,NC_069725.1,607078.0,vgll4a,L020,Scatophagus argus,GCF_020382885.2,Vgll4,gene
1,syn2a,syn2a,8229841,8242694,+,syn2a,NC_069725.1,623831.0,syn2a,L020,Scatophagus argus,GCF_020382885.2,Vgll4,gene
2,raf1a,raf1a,8247327,8260735,-,raf1a,NC_069725.1,683845.0,raf1a,L020,Scatophagus argus,GCF_020382885.2,Vgll4,gene
3,cnbpa,cnbpa,8261969,8266189,+,,,,,L020,Scatophagus argus,GCF_020382885.2,Vgll4,gene
4,gp9,gp9,8265881,8272614,-,gp9,NC_069725.1,714842.0,gp9,L020,Scatophagus argus,GCF_020382885.2,Vgll4,gene
5,LOC124062699,LOC124062699,8266974,8271183,+,zgc:77375,NC_069729.1,13572222.0,zgc:77375,L020,Scatophagus argus,GCF_020382885.2,Vgll4,gene
6,LOC124062733,LOC124062733,8273355,8360443,-,,,,,L020,Scatophagus argus,GCF_020382885.2,Vgll4,gene
7,LOC124062734,LOC124062734,8304329,8306285,+,,,,,L020,Scatophagus argus,GCF_020382885.2,Vgll4,gene
8,nup210,nup210,8365225,8389749,-,nup210,NC_069725.1,862068.0,nup210,L020,Scatophagus argus,GCF_020382885.2,Vgll4,gene
9,LOC124063408,LOC124063408,8395758,8417816,+,LOC113545672,NC_069725.1,923353.0,LOC113545672,L020,Scatophagus argus,GCF_020382885.2,Vgll4,gene
10,LOC124063798,LOC124063798,8442006,8449899,-,LOC113545684,NC_069725.1,999538.0,LOC113545684,L020,Scatophagus argus,GCF_020382885.2,Vgll4,gene
-10,wnt7ba,wnt7ba,10886369,10893608,+,,,,,L020,Scatophagus argus,GCF_020382885.2,Pim3,gene
-9,atxn10,atxn10,10896119,10904499,-,atxn10,NC_069727.1,17352843.0,atxn10,L020,Scatophagus argus,GCF_020382885.2,Pim3,gene
-8,LOC124053342,LOC124053342,10907320,10918270,-,,,,,L020,Scatophagus argus,GCF_020382885.2,Pim3,gene
-7,trim24,trim24,10918584,10934200,-,trim24,NC_069727.1,14627641.0,trim24,L020,Scatophagus argus,GCF_020382885.2,Pim3,gene
-6,LOC124053343,LOC124053343,10930290,10932911,+,LOC113531734,NC_069727.1,14614308.0,LOC113531734,L020,Scatophagus argus,GCF_020382885.2,Pim3,gene
-5,kdm5a,kdm5a,10934460,10948568,+,kdm5a,NC_069727.1,14595426.0,kdm5a,L020,Scatophagus argus,GCF_020382885.2,Pim3,gene
-4,LOC124053930,LOC124053930,10949777,10957193,+,LOC113532402,NC_069727.1,14576462.0,LOC113532402,L020,Scatophagus argus,GCF_020382885.2,Pim3,gene
-3,LOC124053712,LOC124053712,10958672,10978452,+,LOC113531895,NC_069727.1,14555806.0,LOC113531895,L020,Scatophagus argus,GCF_020382885.2,Pim3,gene
-2,LOC124053705,LOC124053705,10988353,11008694,-,LOC113531699,NC_069727.1,14523536.0,LOC113531699,L020,Scatophagus argus,GCF_020382885.2,Pim3,gene
-1,il17rel,il17rel,11008786,11022703,+,il17rel,NC_069727.1,14495008.0,il17rel,L020,Scatophagus argus,GCF_020382885.2,Pim3,gene
0,pim3,pim3,11151646,11156543,+,LOC113531729,NC_069727.1,14370519.0,LOC113531729,L020,Scatophagus argus,GCF_020382885.2,Pim3,gene
1,creld2,creld2,11189715,11194828,-,creld2,NC_069727.1,14330663.0,creld2,L020,Scatophagus argus,GCF_020382885.2,Pim3,gene
2,alg12,alg12,11195085,11198607,+,alg12,NC_069727.1,14324055.0,alg12,L020,Scatophagus argus,GCF_020382885.2,Pim3,gene
3,zbed4,zbed4,11198724,11205743,-,zbed4,NC_069727.1,14314994.0,zbed4,L020,Scatophagus argus,GCF_020382885.2,Pim3,gene
4,brd1a,brd1a,11205682,11220103,+,brd1a,NC_069727.1,14299538.0,brd1a,L020,Scatophagus argus,GCF_020382885.2,Pim3,gene
5,LOC124054077,LOC124054077,11383525,11512294,-,,,,,L020,Scatophagus argus,GCF_020382885.2,Pim3,gene
6,tbc1d22a,tbc1d22a,11630682,11736316,-,tbc1d22a,NC_069727.1,13795245.0,tbc1d22a,L020,Scatophagus argus,GCF_020382885.2,Pim3,gene
7,cerk,cerk,11739374,11776262,+,,,,,L020,Scatophagus argus,GCF_020382885.2,Pim3,gene
8,gramd4a,gramd4a,11811210,11854201,-,gramd4a,NC_069727.1,13616703.0,gramd4a,L020,Scatophagus argus,GCF_020382885.2,Pim3,gene
9,celsr1a,celsr1a,11860503,11943935,-,celsr1a,NC_069727.1,13544433.0,celsr1a,L020,Scatophagus argus,GCF_020382885.2,Pim3,gene
10,trmu,trmu,11944926,11949030,-,trmu,NC_069727.1,13496246.0,trmu,L020,Scatophagus argus,GCF_020382885.2,Pim3,gene
-10,rtkna,rtkna,11701373,11768998,-,rtkna,NC_069733.1,10737309.0,rtkna,L022,Ictalurus punctatus,GCF_001660625.3,gas1,gene
-9,smn1,smn1,11770900,11777524,-,smn1,NC_069733.1,10773420.0,smn1,L022,Ictalurus punctatus,GCF_001660625.3,gas1,gene
-8,hspb11,hspb11,11777594,11780362,+,hspb11,NC_069733.1,10777759.0,hspb11,L022,Ictalurus punctatus,GCF_001660625.3,gas1,gene
-7,mccc2,mccc2,11781568,11788560,-,mccc2,NC_069733.1,10784318.0,mccc2,L022,Ictalurus punctatus,GCF_001660625.3,gas1,gene
-6,LOC108255851,LOC108255851,11788652,11804616,-,LOC113536823,NC_069733.1,10798783.0,LOC113536823,L022,Ictalurus punctatus,GCF_001660625.3,gas1,gene
-5,si:ch211-204c21.1,si:ch211-204c21.1,11808362,11832184,-,si:ch211-204c21.1,NC_069733.1,10821263.0,si:ch211-204c21.1,L022,Ictalurus punctatus,GCF_001660625.3,gas1,gene
-4,LOC108255350,LOC108255350,11848208,11849207,+,LOC113537121,NC_069733.1,10850552.0,LOC113537121,L022,Ictalurus punctatus,GCF_001660625.3,gas1,gene
-3,tmem8b,tmem8b,11857415,11989127,+,tmem8b,NC_069733.1,10921159.0,tmem8b,L022,Ictalurus punctatus,GCF_001660625.3,gas1,gene
-2,si:ch73-337l15.2,si:ch73-337l15.2,11994661,12006487,-,si:ch73-337l15.2,NC_069733.1,10992625.0,si:ch73-337l15.2,L022,Ictalurus punctatus,GCF_001660625.3,gas1,gene
-1,tars1,tars1,12043005,12061018,+,tars1,NC_069733.1,11046725.0,tars1,L022,Ictalurus punctatus,GCF_001660625.3,gas1,gene
0,gas1a,gas1a,12129524,12131864,-,gas1a,NC_069733.1,11118014.0,gas1a,L022,Ictalurus punctatus,GCF_001660625.3,gas1,gene
1,dapk1,dapk1,12210767,12281288,+,dapk1,NC_069733.1,11231939.0,dapk1,L022,Ictalurus punctatus,GCF_001660625.3,gas1,gene
2,ctsla,ctsla,12284940,12289348,+,ctsla,NC_069733.1,11271231.0,ctsla,L022,Ictalurus punctatus,GCF_001660625.3,gas1,gene
3,fbp2,fbp2,12290506,12306594,-,fbp2,NC_069733.1,11282005.0,fbp2,L022,Ictalurus punctatus,GCF_001660625.3,gas1,gene
4,fbp1a,fbp1a,12307950,12312932,-,fbp1a,NC_069733.1,11293615.0,fbp1a,L022,Ictalurus punctatus,GCF_001660625.3,gas1,gene
5,kank1a,kank1a,12316438,12365553,+,kank1a,NC_069733.1,11323773.0,kank1a,L022,Ictalurus punctatus,GCF_001660625.3,gas1,gene
6,dmrt1,dmrt1,12367663,12391055,+,dmrt1,NC_069733.1,11360944.0,dmrt1,L022,Ictalurus punctatus,GCF_001660625.3,gas1,gene
7,dmrt3a,dmrt3a,12396894,12401918,+,dmrt3a,NC_069733.1,11379323.0,dmrt3a,L022,Ictalurus punctatus,GCF_001660625.3,gas1,gene
8,dmrt2a,dmrt2a,12404516,12409976,+,dmrt2a,NC_069733.1,11387817.0,dmrt2a,L022,Ictalurus punctatus,GCF_001660625.3,gas1,gene
9,smarca2,smarca2,12456741,12512787,+,smarca2,NC_069733.1,11453616.0,smarca2,L022,Ictalurus punctatus,GCF_001660625.3,gas1,gene
10,adamts3,adamts3,12527768,12603436,+,adamts3,NC_069733.1,11534805.0,adamts3,L022,Ictalurus punctatus,GCF_001660625.3,gas1,gene
-10,GBF38_007563,GBF38_007563,7414203,7415726,-,,,,,L025,Nibea albiflora,GCA_014281875.1,PLA2G4A,gene
-9,ANOS1.3,GBF38_007562,7419047,7434365,-,,,,,L025,Nibea albiflora,GCA_014281875.1,PLA2G4A,gene
-8,IVNS1ABPA,GBF38_007560,7490304,7497201,-,ivns1abpa,NC_069739.1,6324346.0,ivns1abpa,L025,Nibea albiflora,GCA_014281875.1,PLA2G4A,gene
-7,HMCN1.6,GBF38_007559,7524663,7581818,+,,,,,L025,Nibea albiflora,GCA_014281875.1,PLA2G4A,gene
-6,GBF38_007557,GBF38_007557,7586809,7587192,-,,,,,L025,Nibea albiflora,GCA_014281875.1,PLA2G4A,gene
-5,GBF38_007556,GBF38_007556,7587222,7588013,-,,,,,L025,Nibea albiflora,GCA_014281875.1,PLA2G4A,gene
-4,GBF38_007555,GBF38_007555,7589550,7590752,-,,,,,L025,Nibea albiflora,GCA_014281875.1,PLA2G4A,gene
-3,HMCN1.5,GBF38_007554,7592076,7610019,+,hmcn1,NC_069739.1,6241197.0,hmcn1,L025,Nibea albiflora,GCA_014281875.1,PLA2G4A,gene
-2,HMCN1.4,GBF38_007553,7611393,7614797,+,,,,,L025,Nibea albiflora,GCA_014281875.1,PLA2G4A,gene
-1,ARPC5,GBF38_007552,7618277,7620543,-,arpc5b,NC_069739.1,6188146.0,arpc5b,L025,Nibea albiflora,GCA_014281875.1,PLA2G4A,gene
0,PLA2G4A,GBF38_007551,7628815,7642660,-,pla2g4ab,NC_069728.1,2139165.0,pla2g4ab,L025,Nibea albiflora,GCA_014281875.1,PLA2G4A,gene
1,PTGS2,GBF38_007550,7647112,7651107,+,ptgs2b,NC_069728.1,2121827.0,ptgs2b,L025,Nibea albiflora,GCA_014281875.1,PLA2G4A,gene
2,PDC,GBF38_007549,7668902,7670252,+,pdcb,NC_069728.1,2094731.0,pdcb,L025,Nibea albiflora,GCA_014281875.1,PLA2G4A,gene
3,TPR,GBF38_007548,7675772,7694036,+,tprb,NC_069728.1,2059464.0,tprb,L025,Nibea albiflora,GCA_014281875.1,PLA2G4A,gene
4,PRG4,GBF38_007547,7695856,7702552,-,prg4b,NC_069728.1,2038303.0,prg4b,L025,Nibea albiflora,GCA_014281875.1,PLA2G4A,gene
5,RFX2,GBF38_007545,7761851,7774935,-,rfx2,NC_069717.1,3151055.0,rfx2,L025,Nibea albiflora,GCA_014281875.1,PLA2G4A,gene
6,MLLT1.2,GBF38_007543,7814677,7845444,-,mllt1a,NC_069717.1,3225576.0,mllt1a,L025,Nibea albiflora,GCA_014281875.1,PLA2G4A,gene
7,GBF38_007528,GBF38_007528,7860830,7882806,-,,,,,L025,Nibea albiflora,GCA_014281875.1,PLA2G4A,gene
8,ANO8,GBF38_007531,7913410,7917101,-,,,,,L025,Nibea albiflora,GCA_014281875.1,PLA2G4A,gene
9,ANO8.2,GBF38_007532,7917183,7926479,-,ano8b,NC_069720.1,19769155.0,ano8b,L025,Nibea albiflora,GCA_014281875.1,PLA2G4A,gene
10,GTPBP3,GBF38_007533,7949717,7962707,+,gtpbp3,NC_069720.1,19793851.0,gtpbp3,L025,Nibea albiflora,GCA_014281875.1,PLA2G4A,gene
-10,GBF38_018473,GBF38_018473,24625014,24626324,+,,,,,L025,Nibea albiflora,GCA_014281875.1,BRINP3,gene
-9,DEPDC1A,GBF38_018471,24635304,24640227,-,depdc1a,NC_069717.1,11330804.0,depdc1a,L025,Nibea albiflora,GCA_014281875.1,BRINP3,gene
-8,ASPM,GBF38_018470,24644029,24660704,+,aspm,NC_069720.1,24037055.0,aspm,L025,Nibea albiflora,GCA_014281875.1,BRINP3,gene
-7,CFHR3,GBF38_018468,24692258,24692756,-,LOC113535590,NC_069720.1,24068056.0,LOC113535590,L025,Nibea albiflora,GCA_014281875.1,BRINP3,gene
-6,B3GALT2,GBF38_018467,24889058,24889798,+,b3galt2,NC_069720.1,24167390.0,b3galt2,L025,Nibea albiflora,GCA_014281875.1,BRINP3,gene
-5,GLRX2,GBF38_018466,24926690,24928970,+,glrx2,NC_069720.1,25285439.0,glrx2,L025,Nibea albiflora,GCA_014281875.1,BRINP3,gene
-4,UCHL5,GBF38_018465,24929976,24938582,+,uchl5,NC_069720.1,25297032.0,uchl5,L025,Nibea albiflora,GCA_014281875.1,BRINP3,gene
-3,RGS2,GBF38_018464,24941129,24942450,-,,,,,L025,Nibea albiflora,GCA_014281875.1,BRINP3,gene
-2,RGS21,GBF38_018463,24954344,24962710,-,,,,,L025,Nibea albiflora,GCA_014281875.1,BRINP3,gene
-1,GBF38_018462,GBF38_018462,25099417,25103897,+,,,,,L025,Nibea albiflora,GCA_014281875.1,BRINP3,gene
0,GBF38_018460,GBF38_018460,25355678,25381989,+,,,,,L025,Nibea albiflora,GCA_014281875.1,BRINP3,gene
1,GBF38_018458,GBF38_018458,25463191,25463873,+,,,,,L025,Nibea albiflora,GCA_014281875.1,BRINP3,gene
2,GBF38_018457,GBF38_018457,25511281,25511589,-,,,,,L025,Nibea albiflora,GCA_014281875.1,BRINP3,gene
3,SLC19A3,GBF38_018456,25519117,25527197,+,,,,,L025,Nibea albiflora,GCA_014281875.1,BRINP3,gene
4,RGS4,GBF38_018452,25603816,25607085,-,rgs4,NC_069711.1,23949562.0,rgs4,L025,Nibea albiflora,GCA_014281875.1,BRINP3,gene
5,FETUB,GBF38_018451,25623657,25626897,+,fetub,NC_069720.1,17638363.0,fetub,L025,Nibea albiflora,GCA_014281875.1,BRINP3,gene
6,GBF38_018450,GBF38_018450,25628689,25629843,+,,,,,L025,Nibea albiflora,GCA_014281875.1,BRINP3,gene
7,GBF38_018449,GBF38_018449,25633137,25635454,+,c16h1orf52,NC_069725.1,23916956.0,c16h1orf52,L025,Nibea albiflora,GCA_014281875.1,BRINP3,gene
8,GBF38_018431,GBF38_018431,25688224,25690272,+,,,,,L025,Nibea albiflora,GCA_014281875.1,BRINP3,gene
9,TSPAN1,GBF38_018432,25784533,25807071,+,LOC113538154,NC_069711.1,23151762.0,LOC113538154,L025,Nibea albiflora,GCA_014281875.1,BRINP3,gene
10,IFIT1.2,GBF38_018434,25821501,25822790,+,,,,,L025,Nibea albiflora,GCA_014281875.1,BRINP3,gene
-10,FADS2,GBF38_020561,17712716,17716629,-,LOC113529790,NC_069718.1,23323591.0,LOC113529790,L025,Nibea albiflora,GCA_014281875.1,P2RY1,gene
-9,LRRC10B,GBF38_020562,17722039,17723100,+,LOC113529984,NC_069718.1,23307343.0,LOC113529984,L025,Nibea albiflora,GCA_014281875.1,P2RY1,gene
-8,GBF38_020563,GBF38_020563,17726330,17728871,-,,,,,L025,Nibea albiflora,GCA_014281875.1,P2RY1,gene
-7,SYT7,GBF38_020564,17746452,17762676,-,syt7a,NC_069718.1,23223023.0,syt7a,L025,Nibea albiflora,GCA_014281875.1,P2RY1,gene
-6,BEST1,GBF38_020569,17893792,17897425,-,best1,NC_069718.1,22457704.0,best1,L025,Nibea albiflora,GCA_014281875.1,P2RY1,gene
-5,RAB3IL1,GBF38_020570,17902038,17905573,+,rab3il1,NC_069718.1,22474740.0,rab3il1,L025,Nibea albiflora,GCA_014281875.1,P2RY1,gene
-4,TPO,GBF38_020571,17907532,17912654,-,epx,NC_069718.1,22485220.0,epx,L025,Nibea albiflora,GCA_014281875.1,P2RY1,gene
-3,SAAL1,GBF38_020575,18011547,18016083,+,saal1,NC_069718.1,22625609.0,saal1,L025,Nibea albiflora,GCA_014281875.1,P2RY1,gene
-2,TPH,GBF38_020576,18023524,18027571,+,tph1a,NC_069718.1,22646789.0,tph1a,L025,Nibea albiflora,GCA_014281875.1,P2RY1,gene
-1,ANO5,GBF38_020579,18113568,18122072,+,ano5a,NC_069718.1,16629698.0,ano5a,L025,Nibea albiflora,GCA_014281875.1,P2RY1,gene
0,P2RY1,GBF38_020580,18124255,18125325,+,,,,,L025,Nibea albiflora,GCA_014281875.1,P2RY1,gene
1,FANCF,GBF38_020582,18143361,18144395,-,,,,,L025,Nibea albiflora,GCA_014281875.1,P2RY1,gene
2,ANO3,GBF38_020583,18149410,18200332,+,ano3,NC_069718.1,16519763.0,ano3,L025,Nibea albiflora,GCA_014281875.1,P2RY1,gene
3,FIBIN,GBF38_020584,18211702,18213696,+,fibina,NC_069718.1,16484165.0,fibina,L025,Nibea albiflora,GCA_014281875.1,P2RY1,gene
4,GBF38_020585,GBF38_020585,18217002,18218754,-,,,,,L025,Nibea albiflora,GCA_014281875.1,P2RY1,gene
5,PRC1,GBF38_020586,18220760,18228523,+,,,,,L025,Nibea albiflora,GCA_014281875.1,P2RY1,gene
6,UBAP1L,GBF38_020587,18229153,18231348,-,,,,,L025,Nibea albiflora,GCA_014281875.1,P2RY1,gene
7,CYP19A1,GBF38_020589,18254715,18257597,+,,,,,L025,Nibea albiflora,GCA_014281875.1,P2RY1,gene
8,GNB5A,GBF38_020591,18270777,18275040,-,gnb5a,NC_069718.1,22971735.0,gnb5a,L025,Nibea albiflora,GCA_014281875.1,P2RY1,gene
9,MYO5A,GBF38_020593,18289671,18302957,-,myo5aa,NC_069715.1,2061280.0,myo5aa,L025,Nibea albiflora,GCA_014281875.1,P2RY1,gene
10,ARPP19,GBF38_020594,18306694,18307075,-,arpp19b,NC_069718.1,22916867.0,arpp19b,L025,Nibea albiflora,GCA_014281875.1,P2RY1,gene
-10,angptl3,angptl3,7834562,7838781,+,angptl3,NC_069711.1,21920310.0,angptl3,L027,Dicentrarchus labrax,GCF_905237075.1,Jak,gene
-9,atg4c,atg4c,7850752,7860531,+,atg4c,NC_069711.1,21886617.0,atg4c,L027,Dicentrarchus labrax,GCF_905237075.1,Jak,gene
-8,foxd3,foxd3,7990605,7992677,+,foxd3,NC_069711.1,21747442.0,foxd3,L027,Dicentrarchus labrax,GCF_905237075.1,Jak,gene
-7,alg6,alg6,7998929,8017027,+,alg6,NC_069711.1,21729588.0,alg6,L027,Dicentrarchus labrax,GCF_905237075.1,Jak,gene
-6,itgb3bp,itgb3bp,8017172,8041929,-,itgb3bp,NC_069711.1,21714371.0,itgb3bp,L027,Dicentrarchus labrax,GCF_905237075.1,Jak,gene
-5,efcab7,efcab7,8027663,8041310,+,,,,,L027,Dicentrarchus labrax,GCF_905237075.1,Jak,gene
-4,pgm1,pgm1,8041945,8050873,+,pgm1,NC_069711.1,21694103.0,pgm1,L027,Dicentrarchus labrax,GCF_905237075.1,Jak,gene
-3,ror1,ror1,8059423,8183701,+,ror1,NC_069711.1,21617450.0,ror1,L027,Dicentrarchus labrax,GCF_905237075.1,Jak,gene
-2,cachd1,cachd1,8207460,8294266,+,cachd1,NC_069711.1,21499272.0,cachd1,L027,Dicentrarchus labrax,GCF_905237075.1,Jak,gene
-1,raver2,raver2,8303793,8377305,+,raver2,NC_069711.1,21409756.0,raver2,L027,Dicentrarchus labrax,GCF_905237075.1,Jak,gene
0,jak1,jak1,8386218,8420258,-,jak1,NC_069711.1,21345791.0,jak1,L027,Dicentrarchus labrax,GCF_905237075.1,Jak,gene
1,ak4,ak4,8427034,8436816,+,ak4,NC_069711.1,21311300.0,ak4,L027,Dicentrarchus labrax,GCF_905237075.1,Jak,gene
2,dnajc6,dnajc6,8438748,8482688,+,dnajc6,NC_069711.1,21277315.0,dnajc6,L027,Dicentrarchus labrax,GCF_905237075.1,Jak,gene
3,lepr,lepr,8488561,8532088,+,lepr,NC_069711.1,21224201.0,lepr,L027,Dicentrarchus labrax,GCF_905237075.1,Jak,gene
4,lurap1,lurap1,8545695,8566133,-,lurap1,NC_069711.1,20887743.0,lurap1,L027,Dicentrarchus labrax,GCF_905237075.1,Jak,gene
5,ttc22,ttc22,8569781,8576520,+,ttc22,NC_069711.1,20901806.0,ttc22,L027,Dicentrarchus labrax,GCF_905237075.1,Jak,gene
6,LOC127350031,LOC127350031,8586963,8612679,+,LOC113524161,NC_069726.1,1448140.0,LOC113524161,L027,Dicentrarchus labrax,GCF_905237075.1,Jak,gene
7,ttc4,ttc4,8612552,8616554,-,ttc4,NC_069711.1,20907910.0,ttc4,L027,Dicentrarchus labrax,GCF_905237075.1,Jak,gene
8,pars2,pars2,8617295,8620556,-,pars2,NC_069711.1,20913309.0,pars2,L027,Dicentrarchus labrax,GCF_905237075.1,Jak,gene
9,insl5a,insl5a,8628315,8631811,+,insl5a,NC_069711.1,20932163.0,insl5a,L027,Dicentrarchus labrax,GCF_905237075.1,Jak,gene
10,sgip1a,sgip1a,8632823,8708140,-,sgip1a,NC_069711.1,20976645.0,sgip1a,L027,Dicentrarchus labrax,GCF_905237075.1,Jak,gene
-10,LOC127371907,LOC127371907,18503932,18514647,+,,,,,L027,Dicentrarchus labrax,GCF_905237075.1,STAT,gene
-9,LOC127371908,LOC127371908,18519272,18528358,+,,,,,L027,Dicentrarchus labrax,GCF_905237075.1,STAT,gene
-8,smarcc2,smarcc2,18529778,18541795,+,smarcc2,NC_069711.1,136680.0,smarcc2,L027,Dicentrarchus labrax,GCF_905237075.1,STAT,gene
-7,myl6,myl6,18542753,18546741,-,myl6,NC_069711.1,118764.0,myl6,L027,Dicentrarchus labrax,GCF_905237075.1,STAT,gene
-6,tsfm,tsfm,18547528,18550985,-,tsfm,NC_069711.1,111012.0,tsfm,L027,Dicentrarchus labrax,GCF_905237075.1,STAT,gene
-5,endou,endou,18552946,18556780,+,endou,NC_069711.1,104841.0,endou,L027,Dicentrarchus labrax,GCF_905237075.1,STAT,gene
-4,LOC127372404,LOC127372404,18560570,18564740,+,,,,,L027,Dicentrarchus labrax,GCF_905237075.1,STAT,gene
-3,LOC127372272,LOC127372272,18571377,18601695,+,,,,,L027,Dicentrarchus labrax,GCF_905237075.1,STAT,gene
-2,LOC127372274,LOC127372274,18602875,18609715,+,,,,,L027,Dicentrarchus labrax,GCF_905237075.1,STAT,gene
-1,gpr84,gpr84,18607434,18609715,+,gpr84,NC_069711.1,847796.0,gpr84,L027,Dicentrarchus labrax,GCF_905237075.1,STAT,gene
0,stat2,stat2,18611562,18621727,-,stat2,NC_069711.1,835146.0,stat2,L027,Dicentrarchus labrax,GCF_905237075.1,STAT,gene
1,apof,apof,18628498,18631312,-,apof,NC_069711.1,819060.0,apof,L027,Dicentrarchus labrax,GCF_905237075.1,STAT,gene
2,tac3b,tac3b,18634385,18640343,+,,,,,L027,Dicentrarchus labrax,GCF_905237075.1,STAT,gene
3,c1galt1lb,c1galt1lb,18641937,18648668,-,c1galt1lb,NC_069711.1,794007.0,c1galt1lb,L027,Dicentrarchus labrax,GCF_905237075.1,STAT,gene
4,os9,os9,18656545,18665686,-,os9,NC_069711.1,780959.0,os9,L027,Dicentrarchus labrax,GCF_905237075.1,STAT,gene
5,b4galnt1b,b4galnt1b,18665666,18677021,+,b4galnt1b,NC_069711.1,755396.0,b4galnt1b,L027,Dicentrarchus labrax,GCF_905237075.1,STAT,gene
6,arhgef25b,arhgef25b,18679119,18706579,-,,,,,L027,Dicentrarchus labrax,GCF_905237075.1,STAT,gene
7,ankrd33ab,ankrd33ab,18707842,18712871,+,,,,,L027,Dicentrarchus labrax,GCF_905237075.1,STAT,gene
8,LOC127372270,LOC127372270,18714942,18725814,+,,,,,L027,Dicentrarchus labrax,GCF_905237075.1,STAT,gene
9,prkag1,prkag1,18726334,18732954,-,prkag1,NC_069711.1,13628501.0,prkag1,L027,Dicentrarchus labrax,GCF_905237075.1,STAT,gene
10,rhebl1,rhebl1,18733199,18738694,-,rhebl1,NC_069711.1,6732286.0,rhebl1,L027,Dicentrarchus labrax,GCF_905237075.1,STAT,gene
-10,dmrt1,dmrt1,19173521,19205698,+,dmrt1,NC_069733.1,11360944.0,dmrt1,L027,Dicentrarchus labrax,GCF_905237075.1,MAPK,gene
-9,dmrt3a,dmrt3a,19214774,19218575,+,dmrt3a,NC_069733.1,11379323.0,dmrt3a,L027,Dicentrarchus labrax,GCF_905237075.1,MAPK,gene
-8,dmrt2a,dmrt2a,19226562,19231737,+,dmrt2a,NC_069733.1,11387817.0,dmrt2a,L027,Dicentrarchus labrax,GCF_905237075.1,MAPK,gene
-7,smarca2,smarca2,19300925,19355171,+,smarca2,NC_069733.1,11453616.0,smarca2,L027,Dicentrarchus labrax,GCF_905237075.1,MAPK,gene
-6,adamts3,adamts3,19411082,19555600,+,adamts3,NC_069733.1,11534805.0,adamts3,L027,Dicentrarchus labrax,GCF_905237075.1,MAPK,gene
-5,npffr2a,npffr2a,19577660,19598549,-,npffr2a,NC_069733.1,11634771.0,npffr2a,L027,Dicentrarchus labrax,GCF_905237075.1,MAPK,gene
-4,slc4a4a,slc4a4a,19634095,19688275,-,slc4a4a,NC_069733.1,11748022.0,slc4a4a,L027,Dicentrarchus labrax,GCF_905237075.1,MAPK,gene
-3,rufy3,rufy3,19695685,19712656,+,rufy3,NC_069733.1,11820595.0,rufy3,L027,Dicentrarchus labrax,GCF_905237075.1,MAPK,gene
-2,grsf1,grsf1,19713405,19719639,-,grsf1,NC_069733.1,11807209.0,grsf1,L027,Dicentrarchus labrax,GCF_905237075.1,MAPK,gene
-1,LOC127376467,LOC127376467,19721743,19723353,-,,,,,L027,Dicentrarchus labrax,GCF_905237075.1,MAPK,gene
0,mapk1,mapk1,19739018,19766663,+,mapk1,NC_069733.1,15125090.0,mapk1,L027,Dicentrarchus labrax,GCF_905237075.1,MAPK,gene
1,LOC127375751,LOC127375751,19768527,19802049,+,ypel1,NC_069733.1,15153895.0,ypel1,L027,Dicentrarchus labrax,GCF_905237075.1,MAPK,gene
2,ppil2,ppil2,19818545,19841660,-,ppil2,NC_069733.1,15211124.0,ppil2,L027,Dicentrarchus labrax,GCF_905237075.1,MAPK,gene
3,LOC127376368,LOC127376368,19842180,19849258,-,stambpb,NC_069717.1,27606914.0,stambpb,L027,Dicentrarchus labrax,GCF_905237075.1,MAPK,gene
4,slc39a14,slc39a14,19850886,19873569,+,slc39a14,NC_069733.1,16775829.0,slc39a14,L027,Dicentrarchus labrax,GCF_905237075.1,MAPK,gene
5,ascc2,ascc2,19875738,19885041,+,ascc2,NC_069733.1,19971693.0,ascc2,L027,Dicentrarchus labrax,GCF_905237075.1,MAPK,gene
6,rnf215,rnf215,19884445,19891079,-,rnf215,NC_069733.1,19995014.0,rnf215,L027,Dicentrarchus labrax,GCF_905237075.1,MAPK,gene
7,LOC127375714,LOC127375714,19891670,19908668,+,sec14l8,NC_069733.1,14970254.0,sec14l8,L027,Dicentrarchus labrax,GCF_905237075.1,MAPK,gene
8,LOC127375976,LOC127375976,19909342,19968963,-,,,,,L027,Dicentrarchus labrax,GCF_905237075.1,MAPK,gene
9,LOC127375974,LOC127375974,19969346,20073260,-,LOC113528517,NC_069733.1,809834.0,LOC113528517,L027,Dicentrarchus labrax,GCF_905237075.1,MAPK,gene
10,LOC127376390,LOC127376390,20077791,20099753,-,,,,,L027,Dicentrarchus labrax,GCF_905237075.1,MAPK,gene
-10,klhl42,klhl42,17770389,17775550,+,klhl42,NC_069718.1,26460837.0,klhl42,L027,Dicentrarchus labrax,GCF_905237075.1,IGFI,gene
-9,nrip2,nrip2,17779102,17809454,+,nrip2,NC_069718.1,26439892.0,nrip2,L027,Dicentrarchus labrax,GCF_905237075.1,IGFI,gene
-8,itfg2,itfg2,17819862,17831081,-,itfg2,NC_069718.1,26408280.0,itfg2,L027,Dicentrarchus labrax,GCF_905237075.1,IGFI,gene
-7,ascl1a,ascl1a,17834750,17836586,+,ascl1a,NC_069727.1,3532361.0,ascl1a,L027,Dicentrarchus labrax,GCF_905237075.1,IGFI,gene
-6,LOC127359114,LOC127359114,17840293,17895038,-,LOC113532275,NC_069727.1,3569837.0,LOC113532275,L027,Dicentrarchus labrax,GCF_905237075.1,IGFI,gene
-5,pah,pah,17909251,17923511,+,pah,NC_069727.1,3514787.0,pah,L027,Dicentrarchus labrax,GCF_905237075.1,IGFI,gene
-4,th2,th2,17924655,17930755,+,th2,NC_069727.1,3494833.0,th2,L027,Dicentrarchus labrax,GCF_905237075.1,IGFI,gene
-3,nup37,nup37,17935680,17947947,-,nup37,NC_069727.1,3469911.0,nup37,L027,Dicentrarchus labrax,GCF_905237075.1,IGFI,gene
-2,parpbp,parpbp,17948182,17960711,+,parpbp,NC_069727.1,3447896.0,parpbp,L027,Dicentrarchus labrax,GCF_905237075.1,IGFI,gene
-1,pmch,pmch,17960679,17964140,-,pmch,NC_069727.1,3434969.0,pmch,L027,Dicentrarchus labrax,GCF_905237075.1,IGFI,gene
0,igf1,igf1,17968534,18121588,-,igf1,NC_069727.1,3412760.0,igf1,L027,Dicentrarchus labrax,GCF_905237075.1,IGFI,gene
1,LOC127359281,LOC127359281,17993247,18001030,-,si:dkey-14k9.3,NC_069727.1,10468500.0,si:dkey-14k9.3,L027,Dicentrarchus labrax,GCF_905237075.1,IGFI,gene
2,LOC127359280,LOC127359280,18006085,18174521,-,btbd11a,NC_069727.1,18973911.0,btbd11a,L027,Dicentrarchus labrax,GCF_905237075.1,IGFI,gene
3,LOC127358952,LOC127358952,18177967,18191297,+,cry1a,NC_069727.1,19087651.0,cry1a,L027,Dicentrarchus labrax,GCF_905237075.1,IGFI,gene
4,LOC127358953,LOC127358953,18191428,18194205,-,,,,,L027,Dicentrarchus labrax,GCF_905237075.1,IGFI,gene
5,tmem243b,tmem243b,18195240,18207789,-,tmem243b,NC_069727.1,6307182.0,tmem243b,L027,Dicentrarchus labrax,GCF_905237075.1,IGFI,gene
6,meig1,meig1,18207896,18209445,-,meig1,NC_069727.1,6301848.0,meig1,L027,Dicentrarchus labrax,GCF_905237075.1,IGFI,gene
7,dclre1c,dclre1c,18209509,18217506,+,dclre1c,NC_069727.1,6293703.0,dclre1c,L027,Dicentrarchus labrax,GCF_905237075.1,IGFI,gene
8,lamb1b,lamb1b,18229830,18258202,+,,,,,L027,Dicentrarchus labrax,GCF_905237075.1,IGFI,gene
9,eri1,eri1,18258588,18263669,-,eri1,NC_069724.1,11983228.0,eri1,L027,Dicentrarchus labrax,GCF_905237075.1,IGFI,gene
10,tmcc3,tmcc3,18267174,18308610,-,tmcc3,NC_069727.1,11443085.0,tmcc3,L027,Dicentrarchus labrax,GCF_905237075.1,IGFI,gene
-10,LOC127359674,LOC127359674,78918,87562,-,,,,,L027,Dicentrarchus labrax,GCF_905237075.1,gh1,gene
-9,LOC127359663,LOC127359663,93027,119772,+,,,,,L027,Dicentrarchus labrax,GCF_905237075.1,gh1,gene
-8,LOC127359658,LOC127359658,121130,146611,-,,,,,L027,Dicentrarchus labrax,GCF_905237075.1,gh1,gene
-7,LOC127359672,LOC127359672,165132,167842,+,LOC113525124,NC_069735.1,18521778.0,LOC113525124,L027,Dicentrarchus labrax,GCF_905237075.1,gh1,gene
-6,LOC127359667,LOC127359667,172842,180755,-,LOC113528687,NC_069736.1,19684698.0,LOC113528687,L027,Dicentrarchus labrax,GCF_905237075.1,gh1,gene
-5,syngr1a,syngr1a,224149,233491,-,,,,,L027,Dicentrarchus labrax,GCF_905237075.1,gh1,gene
-4,itga2b,itga2b,233872,267665,-,itga2b,NC_069722.1,7878964.0,itga2b,L027,Dicentrarchus labrax,GCF_905237075.1,gh1,gene
-3,LOC127359685,LOC127359685,272777,278182,+,,,,,L027,Dicentrarchus labrax,GCF_905237075.1,gh1,gene
-2,crhr1,crhr1,303876,349158,+,,,,,L027,Dicentrarchus labrax,GCF_905237075.1,gh1,gene
-1,maptb,maptb,358677,369633,+,,,,,L027,Dicentrarchus labrax,GCF_905237075.1,gh1,gene
0,gh1,gh1,378328,380704,+,gh1,NC_069738.1,4925386.0,gh1,L027,Dicentrarchus labrax,GCF_905237075.1,gh1,gene
1,cdc27,cdc27,385151,405198,+,cdc27,NC_069738.1,4648810.0,cdc27,L027,Dicentrarchus labrax,GCF_905237075.1,gh1,gene
2,scn4ab,scn4ab,408875,456536,-,scn4ab,NC_069738.1,4814666.0,scn4ab,L027,Dicentrarchus labrax,GCF_905237075.1,gh1,gene
3,myl4,myl4,458272,461821,-,myl4,NC_069738.1,4777655.0,myl4,L027,Dicentrarchus labrax,GCF_905237075.1,gh1,gene
-10,btg1,btg1,12763355,12770517,-,,,,,L028,Cyprinus carpio,GCF_018340385.1,KISS2,gene
-9,caprin2,caprin2,12803275,12814134,-,caprin2,NC_069718.1,26316010.0,caprin2,L028,Cyprinus carpio,GCF_018340385.1,KISS2,gene
-8,sinhcaf,sinhcaf,12816698,12824658,-,sinhcaf,NC_069718.1,26301201.0,sinhcaf,L028,Cyprinus carpio,GCF_018340385.1,KISS2,gene
-7,dennd5b,dennd5b,12826144,12863031,-,dennd5b,NC_069718.1,26272024.0,dennd5b,L028,Cyprinus carpio,GCF_018340385.1,KISS2,gene
-6,pkp2,pkp2,12865352,12876497,+,pkp2,NC_069718.1,26234900.0,pkp2,L028,Cyprinus carpio,GCF_018340385.1,KISS2,gene
-5,LOC109074925,LOC109074925,12877315,12887716,+,,,,,L028,Cyprinus carpio,GCF_018340385.1,KISS2,gene
-4,stmp1,stmp1,12887929,12889086,+,stmp1,NC_069727.1,2847683.0,stmp1,L028,Cyprinus carpio,GCF_018340385.1,KISS2,gene
-3,golt1ba,golt1ba,12889889,12891535,+,,,,,L028,Cyprinus carpio,GCF_018340385.1,KISS2,gene
-2,spx,spx,12894115,12896387,+,spx,NC_069727.1,2862137.0,spx,L028,Cyprinus carpio,GCF_018340385.1,KISS2,gene
-1,gys2,gys2,12896695,12910662,-,gys2,NC_069727.1,2875781.0,gys2,L028,Cyprinus carpio,GCF_018340385.1,KISS2,gene
0,kiss2,kiss2,12910167,12910974,+,kiss2,NC_069727.1,2890109.0,kiss2,L028,Cyprinus carpio,GCF_018340385.1,KISS2,gene
1,ldhba,ldhba,12911264,12915903,-,ldhba,NC_069727.1,2903625.0,ldhba,L028,Cyprinus carpio,GCF_018340385.1,KISS2,gene
2,slc25a3a,slc25a3a,12919513,12924292,-,slc25a3a,NC_069727.1,2927098.0,slc25a3a,L028,Cyprinus carpio,GCF_018340385.1,KISS2,gene
3,LOC109070098,LOC109070098,12924905,12937624,-,,,,,L028,Cyprinus carpio,GCF_018340385.1,KISS2,gene
4,LOC109070093,LOC109070093,12937992,12944063,-,,,,,L028,Cyprinus carpio,GCF_018340385.1,KISS2,gene
5,etnk1,etnk1,12946257,12959498,+,,,,,L028,Cyprinus carpio,GCF_018340385.1,KISS2,gene
6,sox5,sox5,12993039,13198218,-,sox5,NC_069727.1,3176472.0,sox5,L028,Cyprinus carpio,GCF_018340385.1,KISS2,gene
7,dnai7,dnai7,13219237,13226236,+,,,,,L028,Cyprinus carpio,GCF_018340385.1,KISS2,gene
8,LOC109077438,LOC109077438,13226349,13255607,-,lrmp,NC_069727.1,3357033.0,lrmp,L028,Cyprinus carpio,GCF_018340385.1,KISS2,gene
9,bcat1,bcat1,13256067,13266201,+,bcat1,NC_069727.1,3322682.0,bcat1,L028,Cyprinus carpio,GCF_018340385.1,KISS2,gene
10,igf1,igf1,13274615,13287917,+,igf1,NC_069727.1,3412760.0,igf1,L028,Cyprinus carpio,GCF_018340385.1,KISS2,gene
-10,kiss2,kiss2,12910167,12910974,+,kiss2,NC_069727.1,2890109.0,kiss2,L028,Cyprinus carpio,GCF_018340385.1,IGF1,gene
-9,ldhba,ldhba,12911264,12915903,-,ldhba,NC_069727.1,2903625.0,ldhba,L028,Cyprinus carpio,GCF_018340385.1,IGF1,gene
-8,slc25a3a,slc25a3a,12919513,12924292,-,slc25a3a,NC_069727.1,2927098.0,slc25a3a,L028,Cyprinus carpio,GCF_018340385.1,IGF1,gene
-7,LOC109070098,LOC109070098,12924905,12937624,-,,,,,L028,Cyprinus carpio,GCF_018340385.1,IGF1,gene
-6,LOC109070093,LOC109070093,12937992,12944063,-,,,,,L028,Cyprinus carpio,GCF_018340385.1,IGF1,gene
-5,etnk1,etnk1,12946257,12959498,+,,,,,L028,Cyprinus carpio,GCF_018340385.1,IGF1,gene
-4,sox5,sox5,12993039,13198218,-,sox5,NC_069727.1,3176472.0,sox5,L028,Cyprinus carpio,GCF_018340385.1,IGF1,gene
-3,dnai7,dnai7,13219237,13226236,+,,,,,L028,Cyprinus carpio,GCF_018340385.1,IGF1,gene
-2,LOC109077438,LOC109077438,13226349,13255607,-,lrmp,NC_069727.1,3357033.0,lrmp,L028,Cyprinus carpio,GCF_018340385.1,IGF1,gene
-1,bcat1,bcat1,13256067,13266201,+,bcat1,NC_069727.1,3322682.0,bcat1,L028,Cyprinus carpio,GCF_018340385.1,IGF1,gene
0,igf1,igf1,13274615,13287917,+,igf1,NC_069727.1,3412760.0,igf1,L028,Cyprinus carpio,GCF_018340385.1,IGF1,gene
1,pmch,pmch,13293598,13295253,+,,,,,L028,Cyprinus carpio,GCF_018340385.1,IGF1,gene
2,LOC109072411,LOC109072411,13295205,13313080,-,parpbp,NC_069727.1,3447896.0,parpbp,L028,Cyprinus carpio,GCF_018340385.1,IGF1,gene
3,nup37,nup37,13312384,13323695,+,nup37,NC_069727.1,3469911.0,nup37,L028,Cyprinus carpio,GCF_018340385.1,IGF1,gene
4,th2,th2,13328106,13332302,-,th2,NC_069727.1,3494833.0,th2,L028,Cyprinus carpio,GCF_018340385.1,IGF1,gene
5,pah,pah,13332577,13344466,-,pah,NC_069727.1,3514787.0,pah,L028,Cyprinus carpio,GCF_018340385.1,IGF1,gene
6,ascl1a,ascl1a,13347373,13349100,+,ascl1a,NC_069727.1,3532361.0,ascl1a,L028,Cyprinus carpio,GCF_018340385.1,IGF1,gene
7,LOC109080206,LOC109080206,13352774,13400596,-,LOC113532275,NC_069727.1,3569837.0,LOC113532275,L028,Cyprinus carpio,GCF_018340385.1,IGF1,gene
8,recql,recql,13415051,13422588,+,,,,,L028,Cyprinus carpio,GCF_018340385.1,IGF1,gene
9,itfg2,itfg2,13423775,13432716,+,itfg2,NC_069718.1,26408280.0,itfg2,L028,Cyprinus carpio,GCF_018340385.1,IGF1,gene
10,nrip2,nrip2,13441186,13465942,-,nrip2,NC_069718.1,26439892.0,nrip2,L028,Cyprinus carpio,GCF_018340385.1,IGF1,gene
-10,rps25,rps25,18406661,18407948,-,rps25,NC_069726.1,2840742.0,rps25,L028,Cyprinus carpio,GCF_018340385.1,SMTLB,gene
-9,slc37a4b,slc37a4b,18409528,18412643,-,,,,,L028,Cyprinus carpio,GCF_018340385.1,SMTLB,gene
-8,LOC109098027,LOC109098027,18417439,18426934,+,,,,,L028,Cyprinus carpio,GCF_018340385.1,SMTLB,gene
-7,LOC109097657,LOC109097657,18428839,18442761,-,LOC113544866,NC_069726.1,2799612.0,LOC113544866,L028,Cyprinus carpio,GCF_018340385.1,SMTLB,gene
-6,ei24,ei24,18442788,18448169,+,ei24,NC_069726.1,2787754.0,ei24,L028,Cyprinus carpio,GCF_018340385.1,SMTLB,gene
-5,stt3a,stt3a,18448868,18457768,+,stt3a,NC_069726.1,2774394.0,stt3a,L028,Cyprinus carpio,GCF_018340385.1,SMTLB,gene
-4,foxred1,foxred1,18458180,18464498,+,foxred1,NC_069726.1,2763679.0,foxred1,L028,Cyprinus carpio,GCF_018340385.1,SMTLB,gene
-3,cry5,cry5,18464505,18468149,-,,,,,L028,Cyprinus carpio,GCF_018340385.1,SMTLB,gene
-2,dcps,dcps,18468209,18471555,+,dcps,NC_069726.1,2756597.0,dcps,L028,Cyprinus carpio,GCF_018340385.1,SMTLB,gene
-1,kcnj1b,kcnj1b,18474538,18479145,+,kcnj1b,NC_069726.1,2752397.0,kcnj1b,L028,Cyprinus carpio,GCF_018340385.1,SMTLB,gene
0,smtlb,smtlb,18481929,18483332,-,smtlb,NC_069726.1,2748705.0,smtlb,L028,Cyprinus carpio,GCF_018340385.1,SMTLB,gene
1,kirrel3a,kirrel3a,18537538,18661871,+,,,,,L028,Cyprinus carpio,GCF_018340385.1,SMTLB,gene
2,smfn,smfn,18677897,18680509,+,smfn,NC_069726.1,2403006.0,smfn,L028,Cyprinus carpio,GCF_018340385.1,SMTLB,gene
3,LOC109087974,LOC109087974,18707453,18758341,+,,,,,L028,Cyprinus carpio,GCF_018340385.1,SMTLB,gene
4,gramd1ba,gramd1ba,18784056,18822281,+,gramd1ba,NC_069726.1,2291851.0,gramd1ba,L028,Cyprinus carpio,GCF_018340385.1,SMTLB,gene
5,git2b,git2b,18825521,18842239,+,git2b,NC_069726.1,5137655.0,git2b,L028,Cyprinus carpio,GCF_018340385.1,SMTLB,gene
6,gltpb,gltpb,18842613,18845318,+,,,,,L028,Cyprinus carpio,GCF_018340385.1,SMTLB,gene
7,LOC109108715,LOC109108715,18859385,18860490,-,,,,,L028,Cyprinus carpio,GCF_018340385.1,SMTLB,gene
8,LOC122138611,LOC122138611,18873812,18876161,-,,,,,L028,Cyprinus carpio,GCF_018340385.1,SMTLB,gene
9,LOC122138624,LOC122138624,18897624,18899882,+,,,,,L028,Cyprinus carpio,GCF_018340385.1,SMTLB,gene
10,LOC122138625,LOC122138625,18922749,18924103,+,,,,,L028,Cyprinus carpio,GCF_018340385.1,SMTLB,gene
-10,LOC109078517,LOC109078517,569930,575021,+,,,,,L028,Cyprinus carpio,GCF_018340385.1,CPE,gene
-9,LOC122148703,LOC122148703,578220,582444,-,,,,,L028,Cyprinus carpio,GCF_018340385.1,CPE,gene
-8,LOC109101003,LOC109101003,590878,605780,+,uba6,NC_069737.1,13136417.0,uba6,L028,Cyprinus carpio,GCF_018340385.1,CPE,gene
-7,LOC109101088,LOC109101088,608220,653033,+,apbb2b,NC_069737.1,13173242.0,apbb2b,L028,Cyprinus carpio,GCF_018340385.1,CPE,gene
-6,LOC109052741,LOC109052741,665472,669621,-,mettl14,NC_069737.1,13111422.0,mettl14,L028,Cyprinus carpio,GCF_018340385.1,CPE,gene
-5,LOC109079326,LOC109079326,670619,703338,+,,,,,L028,Cyprinus carpio,GCF_018340385.1,CPE,gene
-4,ndst3,ndst3,708170,759932,-,ndst3,NC_069737.1,13027363.0,ndst3,L028,Cyprinus carpio,GCF_018340385.1,CPE,gene
-3,LOC109058520,LOC109058520,849629,873010,-,ugt8,NC_069737.1,12851075.0,ugt8,L028,Cyprinus carpio,GCF_018340385.1,CPE,gene
-2,LOC109058518,LOC109058518,888830,918037,+,spock3,NC_069737.1,12802265.0,spock3,L028,Cyprinus carpio,GCF_018340385.1,CPE,gene
-1,tll1,tll1,926994,960001,-,tll1,NC_069737.1,12760183.0,tll1,L028,Cyprinus carpio,GCF_018340385.1,CPE,gene
0,cpe,cpe,973574,987592,-,,,,,L028,Cyprinus carpio,GCF_018340385.1,CPE,gene
1,LOC109046545,LOC109046545,989162,994616,-,,,,,L028,Cyprinus carpio,GCF_018340385.1,CPE,gene
2,LOC109046540,LOC109046540,996037,1010011,-,klhl2,NC_069737.1,12688792.0,klhl2,L028,Cyprinus carpio,GCF_018340385.1,CPE,gene
3,LOC109063458,LOC109063458,1011701,1046395,-,rapgef2a,NC_069737.1,12662893.0,rapgef2a,L028,Cyprinus carpio,GCF_018340385.1,CPE,gene
4,LOC109081097,LOC109081097,1063113,1079750,-,,,,,L028,Cyprinus carpio,GCF_018340385.1,CPE,gene
5,LOC109081098,LOC109081098,1082248,1084194,+,,,,,L028,Cyprinus carpio,GCF_018340385.1,CPE,gene
6,LOC109056065,LOC109056065,1084152,1089214,-,tmem144a,NC_069737.1,14009748.0,tmem144a,L028,Cyprinus carpio,GCF_018340385.1,CPE,gene
7,LOC109101739,LOC109101739,1092145,1120834,-,,,,,L028,Cyprinus carpio,GCF_018340385.1,CPE,gene
8,LOC109056234,LOC109056234,1123582,1142638,-,glrba,NC_069737.1,14073586.0,glrba,L028,Cyprinus carpio,GCF_018340385.1,CPE,gene
9,wdr19,wdr19,1144484,1164283,-,wdr19,NC_069737.1,14098610.0,wdr19,L028,Cyprinus carpio,GCF_018340385.1,CPE,gene
10,ncapd3,ncapd3,1166016,1182781,-,ncapd3,NC_069737.1,14117083.0,ncapd3,L028,Cyprinus carpio,GCF_018340385.1,CPE,gene
-10,LOC109075807,LOC109075807,18627876,18633529,-,nasp,NC_069711.1,22685716.0,nasp,L028,Cyprinus carpio,GCF_018340385.1,DMRT2b,gene
-9,LOC109075806,LOC109075806,18634162,18637232,-,akr1a1b,NC_069711.1,22675637.0,akr1a1b,L028,Cyprinus carpio,GCF_018340385.1,DMRT2b,gene
-8,prpf38a,prpf38a,18637683,18640795,-,,,,,L028,Cyprinus carpio,GCF_018340385.1,DMRT2b,gene
-7,orc1,orc1,18640844,18649268,+,,,,,L028,Cyprinus carpio,GCF_018340385.1,DMRT2b,gene
-6,mpl,mpl,18649136,18658141,-,mpl,NC_069711.1,23206179.0,mpl,L028,Cyprinus carpio,GCF_018340385.1,DMRT2b,gene
-5,tie1,tie1,18658276,18671846,-,tie1,NC_069711.1,23222833.0,tie1,L028,Cyprinus carpio,GCF_018340385.1,DMRT2b,gene
-4,LOC109090428,LOC109090428,18683682,18688483,+,c2h1orf210,NC_069711.1,23251892.0,c2h1orf210,L028,Cyprinus carpio,GCF_018340385.1,DMRT2b,gene
-3,LOC109058869,LOC109058869,18688912,18701128,+,,,,,L028,Cyprinus carpio,GCF_018340385.1,DMRT2b,gene
-2,LOC109058879,LOC109058879,18704812,18714366,-,,,,,L028,Cyprinus carpio,GCF_018340385.1,DMRT2b,gene
-1,fam183a,fam183a,18724213,18727766,-,cfap144,NC_069711.1,23307115.0,cfap144,L028,Cyprinus carpio,GCF_018340385.1,DMRT2b,gene
0,dmrt2b,dmrt2b,18750374,18754929,-,,,,,L028,Cyprinus carpio,GCF_018340385.1,DMRT2b,gene
1,LOC109076306,LOC109076306,18794086,18939171,+,,,,,L028,Cyprinus carpio,GCF_018340385.1,DMRT2b,gene
2,LOC109093450,LOC109093450,18948853,18955980,-,,,,,L028,Cyprinus carpio,GCF_018340385.1,DMRT2b,gene
3,slc35d1a,slc35d1a,18956753,18964181,-,slc35d1a,NC_069711.1,23600341.0,slc35d1a,L028,Cyprinus carpio,GCF_018340385.1,DMRT2b,gene
4,il23r,il23r,18967534,18979313,+,il23r,NC_069711.1,23633107.0,il23r,L028,Cyprinus carpio,GCF_018340385.1,DMRT2b,gene
5,LOC109093447,LOC109093447,18983598,18997638,+,,,,,L028,Cyprinus carpio,GCF_018340385.1,DMRT2b,gene
6,serbp1a,serbp1a,18998310,19005646,-,,,,,L028,Cyprinus carpio,GCF_018340385.1,DMRT2b,gene
7,hsd17b7,hsd17b7,19008084,19014520,-,hsd17b7,NC_069711.1,23680741.0,hsd17b7,L028,Cyprinus carpio,GCF_018340385.1,DMRT2b,gene
8,ddr2a,ddr2a,19014628,19046977,-,ddr2a,NC_069711.1,23704868.0,ddr2a,L028,Cyprinus carpio,GCF_018340385.1,DMRT2b,gene
9,LOC109091410,LOC109091410,19048128,19059351,-,uap1,NC_069711.1,23735686.0,uap1,L028,Cyprinus carpio,GCF_018340385.1,DMRT2b,gene
10,LOC109091411,LOC109091411,19059941,19066032,+,,,,,L028,Cyprinus carpio,GCF_018340385.1,DMRT2b,gene
-10,ABVT39_002683,ABVT39_002683,20549187,20579086,+,LOC113533870,NC_069710.1,17723810.0,LOC113533870,L029,Epinephelus coioides,GCA_051314025.1,fez2,gene
-9,ABVT39_025175,ABVT39_025175,20580062,20584512,-,dscc1,NC_069710.1,22809636.0,dscc1,L029,Epinephelus coioides,GCA_051314025.1,fez2,gene
-8,ABVT39_019023,ABVT39_019023,20584889,20600529,+,mrpl13,NC_069710.1,22661283.0,mrpl13,L029,Epinephelus coioides,GCA_051314025.1,fez2,gene
-7,ABVT39_025897,ABVT39_025897,20600585,20793814,-,col14a1a,NC_069710.1,22716685.0,col14a1a,L029,Epinephelus coioides,GCA_051314025.1,fez2,gene
-6,ABVT39_020711,ABVT39_020711,20808841,20850124,-,deptor,NC_069710.1,22788294.0,deptor,L029,Epinephelus coioides,GCA_051314025.1,fez2,gene
-5,ABVT39_013358,ABVT39_013358,20854680,20877906,-,limd1a,NC_069710.1,3564909.0,limd1a,L029,Epinephelus coioides,GCA_051314025.1,fez2,gene
-4,ABVT39_005518,ABVT39_005518,20886520,20934575,-,lars2,NC_069710.1,3607877.0,lars2,L029,Epinephelus coioides,GCA_051314025.1,fez2,gene
-3,ABVT39_000741,ABVT39_000741,20950991,20951692,+,LOC113526849,NC_069710.1,3644397.0,LOC113526849,L029,Epinephelus coioides,GCA_051314025.1,fez2,gene
-2,ABVT39_008739,ABVT39_008739,20955029,20966141,+,cdcp1a,NC_069710.1,3650113.0,cdcp1a,L029,Epinephelus coioides,GCA_051314025.1,fez2,gene
-1,ABVT39_017103,ABVT39_017103,20967289,20968796,-,clec3ba,NC_069710.1,3657251.0,clec3ba,L029,Epinephelus coioides,GCA_051314025.1,fez2,gene
0,ABVT39_024225,ABVT39_024225,20977969,20988171,-,fez2a,NC_069710.1,2292530.0,fez2a,L029,Epinephelus coioides,GCA_051314025.1,fez2,gene
1,ABVT39_003842,ABVT39_003842,20991699,20995541,+,ubxn11,NC_069731.1,939268.0,ubxn11,L029,Epinephelus coioides,GCA_051314025.1,fez2,gene
2,ABVT39_011661,ABVT39_011661,20998489,21009463,-,cep85,NC_069731.1,923028.0,cep85,L029,Epinephelus coioides,GCA_051314025.1,fez2,gene
3,ABVT39_000650,ABVT39_000650,21013219,21021854,+,wdtc1,NC_069731.1,301704.0,wdtc1,L029,Epinephelus coioides,GCA_051314025.1,fez2,gene
4,ABVT39_022858,ABVT39_022858,21021963,21022376,+,,,,,L029,Epinephelus coioides,GCA_051314025.1,fez2,gene
5,ABVT39_009263,ABVT39_009263,21024446,21028231,+,,,,,L029,Epinephelus coioides,GCA_051314025.1,fez2,gene
6,ABVT39_003216,ABVT39_003216,21030245,21031878,+,,,,,L029,Epinephelus coioides,GCA_051314025.1,fez2,gene
7,ABVT39_027445,ABVT39_027445,21033561,21038527,+,kdf1a,NC_069731.1,193976.0,kdf1a,L029,Epinephelus coioides,GCA_051314025.1,fez2,gene
8,ABVT39_017871,ABVT39_017871,21041426,21042944,-,nr0b2a,NC_069731.1,172173.0,nr0b2a,L029,Epinephelus coioides,GCA_051314025.1,fez2,gene
9,ABVT39_008727,ABVT39_008727,21046018,21046308,+,,,,,L029,Epinephelus coioides,GCA_051314025.1,fez2,gene
10,ABVT39_026506,ABVT39_026506,21050833,21053813,+,gpatch3,NC_069731.1,1569897.0,gpatch3,L029,Epinephelus coioides,GCA_051314025.1,fez2,gene
-10,ABVT39_012163,ABVT39_012163,13088910,13089323,-,,,,,L029,Epinephelus coioides,GCA_051314025.1,alg3,gene
-9,ABVT39_008052,ABVT39_008052,13144485,13158446,+,pask,NC_069730.1,11229629.0,pask,L029,Epinephelus coioides,GCA_051314025.1,alg3,gene
-8,ABVT39_007008,ABVT39_007008,13160124,13164844,+,mterf4,NC_069730.1,11217346.0,mterf4,L029,Epinephelus coioides,GCA_051314025.1,alg3,gene
-7,ABVT39_000990,ABVT39_000990,13168984,13169946,+,LOC113533463,NC_069730.1,11210258.0,LOC113533463,L029,Epinephelus coioides,GCA_051314025.1,alg3,gene
-6,ABVT39_022604,ABVT39_022604,13175341,13199189,+,klhl24b,NC_069731.1,20287690.0,klhl24b,L029,Epinephelus coioides,GCA_051314025.1,alg3,gene
-5,ABVT39_017030,ABVT39_017030,13202792,13237749,+,yeats2,NC_069730.1,11139702.0,yeats2,L029,Epinephelus coioides,GCA_051314025.1,alg3,gene
-4,ABVT39_011001,ABVT39_011001,13241225,13255163,-,map6d1,NC_069730.1,11103584.0,map6d1,L029,Epinephelus coioides,GCA_051314025.1,alg3,gene
-3,ABVT39_004967,ABVT39_004967,13262010,13404118,+,ece2a,NC_069730.1,10995501.0,ece2a,L029,Epinephelus coioides,GCA_051314025.1,alg3,gene
-2,ABVT39_026637,ABVT39_026637,13418715,13419543,-,camk2n1a,NC_069730.1,10944241.0,camk2n1a,L029,Epinephelus coioides,GCA_051314025.1,alg3,gene
-1,ABVT39_021040,ABVT39_021040,13431079,13435834,-,mul1a,NC_069730.1,10927343.0,mul1a,L029,Epinephelus coioides,GCA_051314025.1,alg3,gene
0,ABVT39_020409,ABVT39_020409,13435884,13441854,+,alg3,NC_069730.1,10920004.0,alg3,L029,Epinephelus coioides,GCA_051314025.1,alg3,gene
1,ABVT39_018722,ABVT39_018722,13443947,13461966,-,vwa5b2,NC_069730.1,10891312.0,vwa5b2,L029,Epinephelus coioides,GCA_051314025.1,alg3,gene
2,ABVT39_005953,ABVT39_005953,13454529,13483008,+,prss56,NC_069730.1,10827247.0,prss56,L029,Epinephelus coioides,GCA_051314025.1,alg3,gene
3,ABVT39_022549,ABVT39_022549,13485959,13495851,+,chrng,NC_069730.1,10801421.0,chrng,L029,Epinephelus coioides,GCA_051314025.1,alg3,gene
4,ABVT39_014090,ABVT39_014090,13498701,13516104,+,LOC113533548,NC_069730.1,10787432.0,LOC113533548,L029,Epinephelus coioides,GCA_051314025.1,alg3,gene
5,ABVT39_010467,ABVT39_010467,13514641,13524870,-,eif4e2,NC_069730.1,10776698.0,eif4e2,L029,Epinephelus coioides,GCA_051314025.1,alg3,gene
6,ABVT39_009167,ABVT39_009167,13525210,13533045,-,capn10,NC_069730.1,10760316.0,capn10,L029,Epinephelus coioides,GCA_051314025.1,alg3,gene
7,ABVT39_025680,ABVT39_025680,13535023,13535866,-,ccl20a.4,NC_069730.1,10743851.0,ccl20a.4,L029,Epinephelus coioides,GCA_051314025.1,alg3,gene
8,ABVT39_019126,ABVT39_019126,13541448,13542769,+,LOC128318172,NC_069713.1,2496230.0,LOC128318172,L029,Epinephelus coioides,GCA_051314025.1,alg3,gene
9,ABVT39_011020,ABVT39_011020,13581405,13583590,+,ticam1,NC_069720.1,14234383.0,ticam1,L029,Epinephelus coioides,GCA_051314025.1,alg3,gene
10,ABVT39_022511,ABVT39_022511,13586975,13639359,+,camsap2b,NC_069730.1,10632484.0,camsap2b,L029,Epinephelus coioides,GCA_051314025.1,alg3,gene
-10,ABVT39_027810,ABVT39_027810,13043132,13043724,-,,,,,L029,Epinephelus coioides,GCA_051314025.1,ece2,gene
-9,ABVT39_004384,ABVT39_004384,13051185,13057122,-,,,,,L029,Epinephelus coioides,GCA_051314025.1,ece2,gene
-8,ABVT39_025496,ABVT39_025496,13080426,13144225,+,kcnab1b,NC_069730.1,11273517.0,kcnab1b,L029,Epinephelus coioides,GCA_051314025.1,ece2,gene
-7,ABVT39_012163,ABVT39_012163,13088910,13089323,-,,,,,L029,Epinephelus coioides,GCA_051314025.1,ece2,gene
-6,ABVT39_008052,ABVT39_008052,13144485,13158446,+,pask,NC_069730.1,11229629.0,pask,L029,Epinephelus coioides,GCA_051314025.1,ece2,gene
-5,ABVT39_007008,ABVT39_007008,13160124,13164844,+,mterf4,NC_069730.1,11217346.0,mterf4,L029,Epinephelus coioides,GCA_051314025.1,ece2,gene
-4,ABVT39_000990,ABVT39_000990,13168984,13169946,+,LOC113533463,NC_069730.1,11210258.0,LOC113533463,L029,Epinephelus coioides,GCA_051314025.1,ece2,gene
-3,ABVT39_022604,ABVT39_022604,13175341,13199189,+,klhl24b,NC_069731.1,20287690.0,klhl24b,L029,Epinephelus coioides,GCA_051314025.1,ece2,gene
-2,ABVT39_017030,ABVT39_017030,13202792,13237749,+,yeats2,NC_069730.1,11139702.0,yeats2,L029,Epinephelus coioides,GCA_051314025.1,ece2,gene
-1,ABVT39_011001,ABVT39_011001,13241225,13255163,-,map6d1,NC_069730.1,11103584.0,map6d1,L029,Epinephelus coioides,GCA_051314025.1,ece2,gene
0,ABVT39_004967,ABVT39_004967,13262010,13404118,+,ece2a,NC_069730.1,10995501.0,ece2a,L029,Epinephelus coioides,GCA_051314025.1,ece2,gene
1,ABVT39_026637,ABVT39_026637,13418715,13419543,-,camk2n1a,NC_069730.1,10944241.0,camk2n1a,L029,Epinephelus coioides,GCA_051314025.1,ece2,gene
2,ABVT39_021040,ABVT39_021040,13431079,13435834,-,mul1a,NC_069730.1,10927343.0,mul1a,L029,Epinephelus coioides,GCA_051314025.1,ece2,gene
3,ABVT39_020409,ABVT39_020409,13435884,13441854,+,alg3,NC_069730.1,10920004.0,alg3,L029,Epinephelus coioides,GCA_051314025.1,ece2,gene
4,ABVT39_018722,ABVT39_018722,13443947,13461966,-,vwa5b2,NC_069730.1,10891312.0,vwa5b2,L029,Epinephelus coioides,GCA_051314025.1,ece2,gene
5,ABVT39_005953,ABVT39_005953,13454529,13483008,+,prss56,NC_069730.1,10827247.0,prss56,L029,Epinephelus coioides,GCA_051314025.1,ece2,gene
6,ABVT39_022549,ABVT39_022549,13485959,13495851,+,chrng,NC_069730.1,10801421.0,chrng,L029,Epinephelus coioides,GCA_051314025.1,ece2,gene
7,ABVT39_014090,ABVT39_014090,13498701,13516104,+,LOC113533548,NC_069730.1,10787432.0,LOC113533548,L029,Epinephelus coioides,GCA_051314025.1,ece2,gene
8,ABVT39_010467,ABVT39_010467,13514641,13524870,-,eif4e2,NC_069730.1,10776698.0,eif4e2,L029,Epinephelus coioides,GCA_051314025.1,ece2,gene
9,ABVT39_009167,ABVT39_009167,13525210,13533045,-,capn10,NC_069730.1,10760316.0,capn10,L029,Epinephelus coioides,GCA_051314025.1,ece2,gene
10,ABVT39_025680,ABVT39_025680,13535023,13535866,-,ccl20a.4,NC_069730.1,10743851.0,ccl20a.4,L029,Epinephelus coioides,GCA_051314025.1,ece2,gene
-10,ABVT39_026829,ABVT39_026829,18471853,18514812,+,ric1,NC_069724.1,19386186.0,ric1,L029,Epinephelus coioides,GCA_051314025.1,arvcf,gene
-9,ABVT39_008166,ABVT39_008166,18517963,18549998,-,LOC113535667,NC_069724.1,19424486.0,LOC113535667,L029,Epinephelus coioides,GCA_051314025.1,arvcf,gene
-8,ABVT39_011010,ABVT39_011010,18554430,18558850,+,oaz1b,NC_069724.1,10601091.0,oaz1b,L029,Epinephelus coioides,GCA_051314025.1,arvcf,gene
-7,ABVT39_000229,ABVT39_000229,18562556,18600562,-,LOC113543086,NC_069724.1,10627202.0,LOC113543086,L029,Epinephelus coioides,GCA_051314025.1,arvcf,gene
-6,ABVT39_011756,ABVT39_011756,18604718,18616959,+,LOC113535575,NC_069724.1,19450138.0,LOC113535575,L029,Epinephelus coioides,GCA_051314025.1,arvcf,gene
-5,ABVT39_019407,ABVT39_019407,18615433,18620436,-,mlana,NC_069724.1,19440765.0,mlana,L029,Epinephelus coioides,GCA_051314025.1,arvcf,gene
-4,ABVT39_023421,ABVT39_023421,18622542,18648069,+,,,,,L029,Epinephelus coioides,GCA_051314025.1,arvcf,gene
-3,ABVT39_003737,ABVT39_003737,18649863,18666857,+,nup155,NC_069726.1,4370078.0,nup155,L029,Epinephelus coioides,GCA_051314025.1,arvcf,gene
-2,ABVT39_016312,ABVT39_016312,18668867,18669982,-,LOC113544758,NC_069726.1,4378102.0,LOC113544758,L029,Epinephelus coioides,GCA_051314025.1,arvcf,gene
-1,ABVT39_024432,ABVT39_024432,18672953,18688831,+,zdhhc8a,NC_069726.1,5061113.0,zdhhc8a,L029,Epinephelus coioides,GCA_051314025.1,arvcf,gene
0,ABVT39_000686,ABVT39_000686,18707200,18731277,+,arvcfa,NC_069726.1,5033813.0,arvcfa,L029,Epinephelus coioides,GCA_051314025.1,arvcf,gene
1,ABVT39_008705,ABVT39_008705,18771690,18773395,+,,,,,L029,Epinephelus coioides,GCA_051314025.1,arvcf,gene
2,ABVT39_019704,ABVT39_019704,18777559,18785060,+,smad4a,NC_069726.1,4986937.0,smad4a,L029,Epinephelus coioides,GCA_051314025.1,arvcf,gene
3,ABVT39_021820,ABVT39_021820,18790211,18804652,-,rfx3,NC_069726.1,4969769.0,rfx3,L029,Epinephelus coioides,GCA_051314025.1,arvcf,gene
4,ABVT39_026213,ABVT39_026213,18808965,18826868,-,glis3,NC_069726.1,4947375.0,glis3,L029,Epinephelus coioides,GCA_051314025.1,arvcf,gene
5,ABVT39_019932,ABVT39_019932,18826882,18836539,-,,,,,L029,Epinephelus coioides,GCA_051314025.1,arvcf,gene
6,ABVT39_002065,ABVT39_002065,18917815,19067262,+,unc5cb,NC_069726.1,4740342.0,unc5cb,L029,Epinephelus coioides,GCA_051314025.1,arvcf,gene
7,ABVT39_024052,ABVT39_024052,19068778,19145831,-,,,,,L029,Epinephelus coioides,GCA_051314025.1,arvcf,gene
8,ABVT39_015666,ABVT39_015666,19131908,19132222,-,,,,,L029,Epinephelus coioides,GCA_051314025.1,arvcf,gene
9,ABVT39_008033,ABVT39_008033,19146214,19195235,-,pdlim5b,NC_069726.1,4556173.0,pdlim5b,L029,Epinephelus coioides,GCA_051314025.1,arvcf,gene
10,ABVT39_021756,ABVT39_021756,19203142,19249301,-,opn4xa,NC_069726.1,4513903.0,opn4xa,L029,Epinephelus coioides,GCA_051314025.1,arvcf,gene
-10,ABVT39_002728,ABVT39_002728,44715909,44716622,-,,,,,L029,Epinephelus coioides,GCA_051314025.1,camk2,gene
-9,ABVT39_008175,ABVT39_008175,44722134,44723456,-,,,,,L029,Epinephelus coioides,GCA_051314025.1,camk2,gene
-8,ABVT39_026585,ABVT39_026585,44751770,44752552,+,,,,,L029,Epinephelus coioides,GCA_051314025.1,camk2,gene
-7,ABVT39_005760,ABVT39_005760,44754920,44778790,+,,,,,L029,Epinephelus coioides,GCA_051314025.1,camk2,gene
-6,ABVT39_010914,ABVT39_010914,44763374,44769667,-,,,,,L029,Epinephelus coioides,GCA_051314025.1,camk2,gene
-5,ABVT39_004973,ABVT39_004973,44784913,44803721,-,LOC117596405,NC_069738.1,1933428.0,LOC117596405,L029,Epinephelus coioides,GCA_051314025.1,camk2,gene
-4,ABVT39_009218,ABVT39_009218,44862389,44871013,-,,,,,L029,Epinephelus coioides,GCA_051314025.1,camk2,gene
-3,ABVT39_017554,ABVT39_017554,44880605,44894476,-,apbb3,NC_069724.1,3753416.0,apbb3,L029,Epinephelus coioides,GCA_051314025.1,camk2,gene
-2,ABVT39_002479,ABVT39_002479,44904143,44915695,-,,,,,L029,Epinephelus coioides,GCA_051314025.1,camk2,gene
-1,ABVT39_023297,ABVT39_023297,44918014,44924730,+,sra1,NC_069733.1,4546163.0,sra1,L029,Epinephelus coioides,GCA_051314025.1,camk2,gene
0,ABVT39_017076,ABVT39_017076,44938786,44983916,+,camk2a,NC_069724.1,25377394.0,camk2a,L029,Epinephelus coioides,GCA_051314025.1,camk2,gene
1,ABVT39_007150,ABVT39_007150,44990421,44994244,+,rps14,NC_069724.1,3780337.0,rps14,L029,Epinephelus coioides,GCA_051314025.1,camk2,gene
2,ABVT39_000890,ABVT39_000890,45003957,45038588,-,chm,NC_069724.1,14214620.0,chm,L029,Epinephelus coioides,GCA_051314025.1,camk2,gene
3,ABVT39_020184,ABVT39_020184,45046282,45094057,+,,,,,L029,Epinephelus coioides,GCA_051314025.1,camk2,gene
4,ABVT39_013349,ABVT39_013349,45094081,45096575,+,,,,,L029,Epinephelus coioides,GCA_051314025.1,camk2,gene
5,ABVT39_018085,ABVT39_018085,45100699,45113110,-,ik,NC_069724.1,25430673.0,ik,L029,Epinephelus coioides,GCA_051314025.1,camk2,gene
6,ABVT39_011973,ABVT39_011973,45115583,45118758,-,ndufa2,NC_069724.1,25422769.0,ndufa2,L029,Epinephelus coioides,GCA_051314025.1,camk2,gene
7,ABVT39_004689,ABVT39_004689,45125717,45163807,-,,,,,L029,Epinephelus coioides,GCA_051314025.1,camk2,gene
8,ABVT39_018875,ABVT39_018875,45170601,45173526,+,,,,,L029,Epinephelus coioides,GCA_051314025.1,camk2,gene
9,ABVT39_011326,ABVT39_011326,45174493,45181343,-,,,,,L029,Epinephelus coioides,GCA_051314025.1,camk2,gene
10,ABVT39_006334,ABVT39_006334,45183817,45189542,+,LOC113535183,NC_069738.1,13292992.0,LOC113535183,L029,Epinephelus coioides,GCA_051314025.1,camk2,gene
-10,ABVT39_026181,ABVT39_026181,15092528,15126307,+,add1,NC_069724.1,23199110.0,add1,L029,Epinephelus coioides,GCA_051314025.1,prrc2b,gene
-9,ABVT39_009055,ABVT39_009055,15131816,15151760,+,nop14,NC_069724.1,10325496.0,nop14,L029,Epinephelus coioides,GCA_051314025.1,prrc2b,gene
-8,ABVT39_003021,ABVT39_003021,15160068,15170662,-,,,,,L029,Epinephelus coioides,GCA_051314025.1,prrc2b,gene
-7,ABVT39_014973,ABVT39_014973,15270037,15274194,+,klf4,NC_069724.1,10413093.0,klf4,L029,Epinephelus coioides,GCA_051314025.1,prrc2b,gene
-6,ABVT39_012703,ABVT39_012703,15276345,15285064,-,rad23b,NC_069724.1,10431914.0,rad23b,L029,Epinephelus coioides,GCA_051314025.1,prrc2b,gene
-5,ABVT39_006411,ABVT39_006411,15295360,15354903,-,znf462,NC_069724.1,10464748.0,znf462,L029,Epinephelus coioides,GCA_051314025.1,prrc2b,gene
-4,ABVT39_027897,ABVT39_027897,15436418,15451961,-,tmem38b,NC_069724.1,10541063.0,tmem38b,L029,Epinephelus coioides,GCA_051314025.1,prrc2b,gene
-3,ABVT39_009090,ABVT39_009090,15518129,15538471,+,LOC113543146,NC_069724.1,10583571.0,LOC113543146,L029,Epinephelus coioides,GCA_051314025.1,prrc2b,gene
-2,ABVT39_018677,ABVT39_018677,15544704,15548738,-,LOC113531443,NC_069736.1,5791470.0,LOC113531443,L029,Epinephelus coioides,GCA_051314025.1,prrc2b,gene
-1,ABVT39_026325,ABVT39_026325,15549374,15553181,-,,,,,L029,Epinephelus coioides,GCA_051314025.1,prrc2b,gene
0,ABVT39_004392,ABVT39_004392,15554214,15578317,-,prrc2b,NC_069736.1,1522475.0,prrc2b,L029,Epinephelus coioides,GCA_051314025.1,prrc2b,gene
1,ABVT39_005932,ABVT39_005932,15586123,15594182,-,plpp7a,NC_069733.1,6301764.0,plpp7a,L029,Epinephelus coioides,GCA_051314025.1,prrc2b,gene
2,ABVT39_015543,ABVT39_015543,15597236,15606030,+,fam78ab,NC_069736.1,1553395.0,fam78ab,L029,Epinephelus coioides,GCA_051314025.1,prrc2b,gene
3,ABVT39_021606,ABVT39_021606,15624723,15664900,-,nup214,NC_069736.1,1596087.0,nup214,L029,Epinephelus coioides,GCA_051314025.1,prrc2b,gene
4,ABVT39_002617,ABVT39_002617,15671108,15702382,-,LOC113531424,NC_069736.1,1646254.0,LOC113531424,L029,Epinephelus coioides,GCA_051314025.1,prrc2b,gene
5,ABVT39_018784,ABVT39_018784,15710141,15711224,-,LOC113531053,NC_069736.1,1672635.0,LOC113531053,L029,Epinephelus coioides,GCA_051314025.1,prrc2b,gene
6,ABVT39_025296,ABVT39_025296,15757590,15766449,-,lhx3,NC_069736.1,1723609.0,lhx3,L029,Epinephelus coioides,GCA_051314025.1,prrc2b,gene
7,ABVT39_020724,ABVT39_020724,15790029,15827805,+,gpsm1b,NC_069736.1,1779669.0,gpsm1b,L029,Epinephelus coioides,GCA_051314025.1,prrc2b,gene
8,ABVT39_027230,ABVT39_027230,15829773,15840209,+,ak1,NC_069736.1,1798677.0,ak1,L029,Epinephelus coioides,GCA_051314025.1,prrc2b,gene
9,ABVT39_007530,ABVT39_007530,15853029,15910432,+,eng,NC_069736.1,1838525.0,eng,L029,Epinephelus coioides,GCA_051314025.1,prrc2b,gene
10,ABVT39_001719,ABVT39_001719,15998694,15998918,+,,,,,L029,Epinephelus coioides,GCA_051314025.1,prrc2b,gene
-10,ABVT39_019120,ABVT39_019120,21435380,21436873,+,rln1,NC_069724.1,24643443.0,rln1,L029,Epinephelus coioides,GCA_051314025.1,sardh,gene
-9,ABVT39_015216,ABVT39_015216,21439202,21485122,-,jak2a,NC_069724.1,24627287.0,jak2a,L029,Epinephelus coioides,GCA_051314025.1,sardh,gene
-8,ABVT39_021476,ABVT39_021476,21493389,21495157,+,,,,,L029,Epinephelus coioides,GCA_051314025.1,sardh,gene
-7,ABVT39_012735,ABVT39_012735,21503797,21534182,+,rc3h2,NC_069726.1,23444494.0,rc3h2,L029,Epinephelus coioides,GCA_051314025.1,sardh,gene
-6,ABVT39_015503,ABVT39_015503,21541003,21644173,+,LOC113543986,NC_069726.1,23517808.0,LOC113543986,L029,Epinephelus coioides,GCA_051314025.1,sardh,gene
-5,ABVT39_017599,ABVT39_017599,21669771,21772115,-,strbp,NC_069726.1,23636531.0,strbp,L029,Epinephelus coioides,GCA_051314025.1,sardh,gene
-4,ABVT39_023576,ABVT39_023576,21709807,21711521,+,,,,,L029,Epinephelus coioides,GCA_051314025.1,sardh,gene
-3,ABVT39_023148,ABVT39_023148,21830827,21905090,+,sh2d3ca,NC_069726.1,23782108.0,sh2d3ca,L029,Epinephelus coioides,GCA_051314025.1,sardh,gene
-2,ABVT39_016937,ABVT39_016937,21910757,21924575,+,urm1,NC_069726.1,23822574.0,urm1,L029,Epinephelus coioides,GCA_051314025.1,sardh,gene
-1,ABVT39_011318,ABVT39_011318,21945352,21957998,+,cercam,NC_069726.1,23859945.0,cercam,L029,Epinephelus coioides,GCA_051314025.1,sardh,gene
0,ABVT39_005269,ABVT39_005269,21961842,22038475,+,sardh,NC_069726.1,23894263.0,sardh,L029,Epinephelus coioides,GCA_051314025.1,sardh,gene
1,ABVT39_001465,ABVT39_001465,22041093,22066366,-,dbh,NC_069726.1,23925956.0,dbh,L029,Epinephelus coioides,GCA_051314025.1,sardh,gene
2,ABVT39_020141,ABVT39_020141,22105156,22107997,+,fam163ba,NC_069726.1,23956514.0,fam163ba,L029,Epinephelus coioides,GCA_051314025.1,sardh,gene
3,ABVT39_014496,ABVT39_014496,22123584,22132147,-,,,,,L029,Epinephelus coioides,GCA_051314025.1,sardh,gene
4,ABVT39_008207,ABVT39_008207,22143617,22151281,+,swi5,NC_069726.1,23974296.0,swi5,L029,Epinephelus coioides,GCA_051314025.1,sardh,gene
5,ABVT39_008389,ABVT39_008389,22157207,22178149,+,slc27a4,NC_069726.1,23992131.0,slc27a4,L029,Epinephelus coioides,GCA_051314025.1,sardh,gene
6,ABVT39_019945,ABVT39_019945,22190073,22195248,+,ptgdsa,NC_069726.1,24014540.0,ptgdsa,L029,Epinephelus coioides,GCA_051314025.1,sardh,gene
7,ABVT39_024526,ABVT39_024526,22197385,22201527,+,,,,,L029,Epinephelus coioides,GCA_051314025.1,sardh,gene
8,ABVT39_000826,ABVT39_000826,22204014,22210915,+,ambp,NC_069726.1,24031639.0,ambp,L029,Epinephelus coioides,GCA_051314025.1,sardh,gene
9,ABVT39_003585,ABVT39_003585,22213110,22261828,+,exd3,NC_069726.1,24091368.0,exd3,L029,Epinephelus coioides,GCA_051314025.1,sardh,gene
10,ABVT39_011505,ABVT39_011505,22270703,22273068,+,nrarpa,NC_069726.1,24052644.0,nrarpa,L029,Epinephelus coioides,GCA_051314025.1,sardh,gene
-10,ABVT39_018784,ABVT39_018784,15710141,15711224,-,LOC113531053,NC_069736.1,1672635.0,LOC113531053,L029,Epinephelus coioides,GCA_051314025.1,pappa,gene
-9,ABVT39_025296,ABVT39_025296,15757590,15766449,-,lhx3,NC_069736.1,1723609.0,lhx3,L029,Epinephelus coioides,GCA_051314025.1,pappa,gene
-8,ABVT39_020724,ABVT39_020724,15790029,15827805,+,gpsm1b,NC_069736.1,1779669.0,gpsm1b,L029,Epinephelus coioides,GCA_051314025.1,pappa,gene
-7,ABVT39_027230,ABVT39_027230,15829773,15840209,+,ak1,NC_069736.1,1798677.0,ak1,L029,Epinephelus coioides,GCA_051314025.1,pappa,gene
-6,ABVT39_007530,ABVT39_007530,15853029,15910432,+,eng,NC_069736.1,1838525.0,eng,L029,Epinephelus coioides,GCA_051314025.1,pappa,gene
-5,ABVT39_001719,ABVT39_001719,15998694,15998918,+,,,,,L029,Epinephelus coioides,GCA_051314025.1,pappa,gene
-4,ABVT39_023546,ABVT39_023546,16069763,16200164,+,brinp1,NC_069736.1,2037129.0,brinp1,L029,Epinephelus coioides,GCA_051314025.1,pappa,gene
-3,ABVT39_015978,ABVT39_015978,16353816,16356131,+,,,,,L029,Epinephelus coioides,GCA_051314025.1,pappa,gene
-2,ABVT39_010585,ABVT39_010585,16390731,16391339,+,LOC113531068,NC_069736.1,2243675.0,LOC113531068,L029,Epinephelus coioides,GCA_051314025.1,pappa,gene
-1,ABVT39_004787,ABVT39_004787,16517753,17083769,+,LOC113531323,NC_069736.1,2584224.0,LOC113531323,L029,Epinephelus coioides,GCA_051314025.1,pappa,gene
0,ABVT39_026765,ABVT39_026765,17108081,17219985,-,pappaa,NC_069736.1,2820155.0,pappaa,L029,Epinephelus coioides,GCA_051314025.1,pappa,gene
1,ABVT39_020680,ABVT39_020680,17248220,17270690,-,znf618,NC_069736.1,2896984.0,znf618,L029,Epinephelus coioides,GCA_051314025.1,pappa,gene
2,ABVT39_018996,ABVT39_018996,17333292,17517049,-,rgs3a,NC_069736.1,3076468.0,rgs3a,L029,Epinephelus coioides,GCA_051314025.1,pappa,gene
3,ABVT39_011305,ABVT39_011305,17527678,17532314,+,rabepk,NC_069736.1,3171246.0,rabepk,L029,Epinephelus coioides,GCA_051314025.1,pappa,gene
4,ABVT39_005564,ABVT39_005564,17532808,17536512,-,hspa5,NC_069736.1,3176307.0,hspa5,L029,Epinephelus coioides,GCA_051314025.1,pappa,gene
5,ABVT39_026991,ABVT39_026991,17540858,17561430,+,golga2,NC_069736.1,3415710.0,golga2,L029,Epinephelus coioides,GCA_051314025.1,pappa,gene
6,ABVT39_021475,ABVT39_021475,17565879,17632888,-,dnm1a,NC_069736.1,3372282.0,dnm1a,L029,Epinephelus coioides,GCA_051314025.1,pappa,gene
7,ABVT39_017330,ABVT39_017330,17635922,17646685,+,ciz1a,NC_069736.1,3328682.0,ciz1a,L029,Epinephelus coioides,GCA_051314025.1,pappa,gene
8,ABVT39_008836,ABVT39_008836,17649367,17652091,-,bbln,NC_069736.1,3321078.0,bbln,L029,Epinephelus coioides,GCA_051314025.1,pappa,gene
9,ABVT39_004775,ABVT39_004775,17654045,17659807,+,surf2,NC_069736.1,3318695.0,surf2,L029,Epinephelus coioides,GCA_051314025.1,pappa,gene
10,ABVT39_027570,ABVT39_027570,17662769,17672667,+,surf4,NC_069736.1,3304970.0,surf4,L029,Epinephelus coioides,GCA_051314025.1,pappa,gene
-10,ABVT39_018365,ABVT39_018365,3541546,3643161,+,LOC113543547,NC_069726.1,16505321.0,LOC113543547,L029,Epinephelus coioides,GCA_051314025.1,syk,gene
-9,ABVT39_000022,ABVT39_000022,3648860,3649888,+,purg,NC_069726.1,16133731.0,purg,L029,Epinephelus coioides,GCA_051314025.1,syk,gene
-8,ABVT39_018567,ABVT39_018567,3682542,3723579,+,slc38a9,NC_069726.1,16452057.0,slc38a9,L029,Epinephelus coioides,GCA_051314025.1,syk,gene
-7,ABVT39_024879,ABVT39_024879,3742789,3815179,+,,,,,L029,Epinephelus coioides,GCA_051314025.1,syk,gene
-6,ABVT39_023603,ABVT39_023603,3831761,3893355,+,,,,,L029,Epinephelus coioides,GCA_051314025.1,syk,gene
-5,ABVT39_012234,ABVT39_012234,3898332,3907977,+,,,,,L029,Epinephelus coioides,GCA_051314025.1,syk,gene
-4,ABVT39_014625,ABVT39_014625,3920458,3958460,+,reep5,NC_069726.1,16771011.0,reep5,L029,Epinephelus coioides,GCA_051314025.1,syk,gene
-3,ABVT39_024448,ABVT39_024448,3968233,3970127,+,,,,,L029,Epinephelus coioides,GCA_051314025.1,syk,gene
-2,ABVT39_005429,ABVT39_005429,3974301,3983760,-,,,,,L029,Epinephelus coioides,GCA_051314025.1,syk,gene
-1,ABVT39_008097,ABVT39_008097,3984706,4036715,-,chd1,NC_069726.1,16793577.0,chd1,L029,Epinephelus coioides,GCA_051314025.1,syk,gene
0,ABVT39_018797,ABVT39_018797,4059438,4111979,+,syk,NC_069726.1,17061732.0,syk,L029,Epinephelus coioides,GCA_051314025.1,syk,gene
1,ABVT39_025948,ABVT39_025948,4153159,4168810,-,auh,NC_069726.1,17139764.0,auh,L029,Epinephelus coioides,GCA_051314025.1,syk,gene
2,ABVT39_017106,ABVT39_017106,4173825,4183299,-,nfil3,NC_069726.1,17156277.0,nfil3,L029,Epinephelus coioides,GCA_051314025.1,syk,gene
3,ABVT39_010186,ABVT39_010186,4215644,4299484,-,ror2,NC_069726.1,17198112.0,ror2,L029,Epinephelus coioides,GCA_051314025.1,syk,gene
4,ABVT39_000626,ABVT39_000626,4299496,4299894,-,,,,,L029,Epinephelus coioides,GCA_051314025.1,syk,gene
5,ABVT39_022624,ABVT39_022624,4307811,4338854,-,sptlc1,NC_069726.1,17240779.0,sptlc1,L029,Epinephelus coioides,GCA_051314025.1,syk,gene
6,ABVT39_027991,ABVT39_027991,4343739,4354608,-,chsy3,NC_069726.1,15075397.0,chsy3,L029,Epinephelus coioides,GCA_051314025.1,syk,gene
7,ABVT39_017695,ABVT39_017695,4360147,4482483,+,megf10,NC_069726.1,15386767.0,megf10,L029,Epinephelus coioides,GCA_051314025.1,syk,gene
8,ABVT39_011546,ABVT39_011546,4487475,4561141,-,pam,NC_069726.1,16891764.0,pam,L029,Epinephelus coioides,GCA_051314025.1,syk,gene
9,ABVT39_023154,ABVT39_023154,4561464,4565496,+,pomk,NC_069712.1,19567364.0,pomk,L029,Epinephelus coioides,GCA_051314025.1,syk,gene
10,ABVT39_021428,ABVT39_021428,4587113,4587754,+,macir,NC_069726.1,16979908.0,macir,L029,Epinephelus coioides,GCA_051314025.1,syk,gene
-10,ABVT39_024046,ABVT39_024046,1659147,1776895,+,gabbr1b,NC_069738.1,6735406.0,gabbr1b,L029,Epinephelus coioides,GCA_051314025.1,tert,gene
-9,ABVT39_011694,ABVT39_011694,1790101,1792114,-,tnfa,NC_069738.1,6677101.0,tnfa,L029,Epinephelus coioides,GCA_051314025.1,tert,gene
-8,ABVT39_018007,ABVT39_018007,1817857,1836644,+,atat1,NC_069738.1,6898863.0,atat1,L029,Epinephelus coioides,GCA_051314025.1,tert,gene
-7,ABVT39_027369,ABVT39_027369,1842333,1858950,-,si:ch211-152p11.4,NC_069738.1,6910048.0,si:ch211-152p11.4,L029,Epinephelus coioides,GCA_051314025.1,tert,gene
-6,ABVT39_005445,ABVT39_005445,1857977,1872295,+,bag6l,NC_069738.1,8299488.0,bag6l,L029,Epinephelus coioides,GCA_051314025.1,tert,gene
-5,ABVT39_025691,ABVT39_025691,1890534,1897684,-,c29h6orf136,NC_069738.1,8287328.0,c29h6orf136,L029,Epinephelus coioides,GCA_051314025.1,tert,gene
-4,ABVT39_003507,ABVT39_003507,1907645,1928967,+,,,,,L029,Epinephelus coioides,GCA_051314025.1,tert,gene
-3,ABVT39_013516,ABVT39_013516,1930367,1930684,+,,,,,L029,Epinephelus coioides,GCA_051314025.1,tert,gene
-2,ABVT39_025243,ABVT39_025243,1956476,1966568,+,,,,,L029,Epinephelus coioides,GCA_051314025.1,tert,gene
-1,ABVT39_028288,ABVT39_028288,1974311,1988419,+,slc6a18,NC_069718.1,748906.0,slc6a18,L029,Epinephelus coioides,GCA_051314025.1,tert,gene
0,ABVT39_023100,ABVT39_023100,2009464,2024249,-,tert,NC_069718.1,773152.0,tert,L029,Epinephelus coioides,GCA_051314025.1,tert,gene
1,ABVT39_001001,ABVT39_001001,2024747,2033422,+,,,,,L029,Epinephelus coioides,GCA_051314025.1,tert,gene
2,ABVT39_007037,ABVT39_007037,2033896,2039967,-,,,,,L029,Epinephelus coioides,GCA_051314025.1,tert,gene
3,ABVT39_020151,ABVT39_020151,2063011,2117982,+,kiaa1522,NC_069732.1,11766155.0,kiaa1522,L029,Epinephelus coioides,GCA_051314025.1,tert,gene
4,ABVT39_008060,ABVT39_008060,2123997,2134198,-,yars1,NC_069732.1,11741640.0,yars1,L029,Epinephelus coioides,GCA_051314025.1,tert,gene
5,ABVT39_014118,ABVT39_014118,2136066,2154658,-,mfsd2ab,NC_069732.1,11728022.0,mfsd2ab,L029,Epinephelus coioides,GCA_051314025.1,tert,gene
6,ABVT39_027279,ABVT39_027279,2194012,2243475,-,trit1,NC_069732.1,11649144.0,trit1,L029,Epinephelus coioides,GCA_051314025.1,tert,gene
7,ABVT39_015083,ABVT39_015083,2246239,2253556,-,myclb,NC_069732.1,11677836.0,myclb,L029,Epinephelus coioides,GCA_051314025.1,tert,gene
8,ABVT39_009174,ABVT39_009174,2289870,2333937,-,fam49al,NC_069732.1,11587029.0,fam49al,L029,Epinephelus coioides,GCA_051314025.1,tert,gene
9,ABVT39_002714,ABVT39_002714,2358960,2362573,-,txnl4a,NC_069738.1,10191028.0,txnl4a,L029,Epinephelus coioides,GCA_051314025.1,tert,gene
10,ABVT39_025308,ABVT39_025308,2366930,2378146,-,,,,,L029,Epinephelus coioides,GCA_051314025.1,tert,gene
-10,ABVT39_009022,ABVT39_009022,24136592,24147501,-,mfsd8l1,NC_069720.1,11135296.0,mfsd8l1,L029,Epinephelus coioides,GCA_051314025.1,ftz-f1,gene
-9,ABVT39_001430,ABVT39_001430,24151011,24154949,-,polr2h,NC_069720.1,11145097.0,polr2h,L029,Epinephelus coioides,GCA_051314025.1,ftz-f1,gene
-8,ABVT39_021517,ABVT39_021517,24155313,24188174,+,LOC113536667,NC_069720.1,11172214.0,LOC113536667,L029,Epinephelus coioides,GCA_051314025.1,ftz-f1,gene
-7,ABVT39_020325,ABVT39_020325,24202487,24206434,+,b3gnt7,NC_069720.1,11213934.0,b3gnt7,L029,Epinephelus coioides,GCA_051314025.1,ftz-f1,gene
-6,ABVT39_025752,ABVT39_025752,24213399,24222876,-,ncl,NC_069720.1,11453443.0,ncl,L029,Epinephelus coioides,GCA_051314025.1,ftz-f1,gene
-5,ABVT39_017833,ABVT39_017833,24233844,24235240,-,nppc,NC_069720.1,11283721.0,nppc,L029,Epinephelus coioides,GCA_051314025.1,ftz-f1,gene
-4,ABVT39_011029,ABVT39_011029,24344443,24348097,-,srek1ip1,NC_069726.1,24660769.0,srek1ip1,L029,Epinephelus coioides,GCA_051314025.1,ftz-f1,gene
-3,ABVT39_024667,ABVT39_024667,24361150,24375599,+,alpi.1,NC_069720.1,11409687.0,alpi.1,L029,Epinephelus coioides,GCA_051314025.1,ftz-f1,gene
-2,ABVT39_021366,ABVT39_021366,24380901,24389552,+,alpi.2,NC_069720.1,11427816.0,alpi.2,L029,Epinephelus coioides,GCA_051314025.1,ftz-f1,gene
-1,ABVT39_001220,ABVT39_001220,24390280,24399820,+,ankle1,NC_069732.1,1541330.0,ankle1,L029,Epinephelus coioides,GCA_051314025.1,ftz-f1,gene
0,ABVT39_021125,ABVT39_021125,24589259,24661011,+,nr5a2,NC_069720.1,23541189.0,nr5a2,L029,Epinephelus coioides,GCA_051314025.1,ftz-f1,gene
1,ABVT39_025242,ABVT39_025242,24665199,24795387,-,kif14,NC_069720.1,23441525.0,kif14,L029,Epinephelus coioides,GCA_051314025.1,ftz-f1,gene
2,ABVT39_004558,ABVT39_004558,24802315,24807644,-,ddx59,NC_069720.1,23425088.0,ddx59,L029,Epinephelus coioides,GCA_051314025.1,ftz-f1,gene
3,ABVT39_009481,ABVT39_009481,24808616,24866524,+,camsap2a,NC_069720.1,23401016.0,camsap2a,L029,Epinephelus coioides,GCA_051314025.1,ftz-f1,gene
4,ABVT39_016863,ABVT39_016863,24872157,24882421,+,,,,,L029,Epinephelus coioides,GCA_051314025.1,ftz-f1,gene
5,ABVT39_021550,ABVT39_021550,24885424,24888128,+,lim2.2,NC_069720.1,13510882.0,lim2.2,L029,Epinephelus coioides,GCA_051314025.1,ftz-f1,gene
6,ABVT39_027073,ABVT39_027073,24890205,24906500,-,si:zfos-943e10.1,NC_069720.1,13526028.0,si:zfos-943e10.1,L029,Epinephelus coioides,GCA_051314025.1,ftz-f1,gene
7,ABVT39_005545,ABVT39_005545,24912706,24928812,+,gipc3,NC_069720.1,13549989.0,gipc3,L029,Epinephelus coioides,GCA_051314025.1,ftz-f1,gene
8,ABVT39_002693,ABVT39_002693,24928914,24944422,-,tbxa2r,NC_069720.1,13562539.0,tbxa2r,L029,Epinephelus coioides,GCA_051314025.1,ftz-f1,gene
9,ABVT39_023484,ABVT39_023484,24967394,25227492,-,ptprsa,NC_069720.1,13710474.0,ptprsa,L029,Epinephelus coioides,GCA_051314025.1,ftz-f1,gene
10,ABVT39_013159,ABVT39_013159,25216466,25218317,+,,,,,L029,Epinephelus coioides,GCA_051314025.1,ftz-f1,gene
-10,LOC109898024,LOC109898024,29666763,29707052,+,,,,,L033,Oncorhynchus kisutch,GCF_002021735.2,Clock,gene
-9,lnx1,lnx1,29707126,29790977,-,,,,,L033,Oncorhynchus kisutch,GCF_002021735.2,Clock,gene
-8,LOC109897194,LOC109897194,29850829,29852985,-,,,,,L033,Oncorhynchus kisutch,GCF_002021735.2,Clock,gene
-7,LOC109897512,LOC109897512,29941824,29943358,+,,,,,L033,Oncorhynchus kisutch,GCF_002021735.2,Clock,gene
-6,LOC109897196,LOC109897196,29949655,29950883,+,LOC128321671,NC_069728.1,4118654.0,LOC128321671,L033,Oncorhynchus kisutch,GCF_002021735.2,Clock,gene
-5,pdgfra,pdgfra,29965177,29986167,+,pdgfra,NC_069728.1,4134794.0,pdgfra,L033,Oncorhynchus kisutch,GCF_002021735.2,Clock,gene
-4,kita,kita,30017968,30053963,+,kita,NC_069728.1,4186505.0,kita,L033,Oncorhynchus kisutch,GCF_002021735.2,Clock,gene
-3,kdr,kdr,30126069,30142730,-,kdr,NC_069728.1,4247670.0,kdr,L033,Oncorhynchus kisutch,GCF_002021735.2,Clock,gene
-2,srd5a3,srd5a3,30156159,30159431,+,srd5a3,NC_069728.1,3349831.0,srd5a3,L033,Oncorhynchus kisutch,GCF_002021735.2,Clock,gene
-1,tmem165,tmem165,30160037,30165026,+,,,,,L033,Oncorhynchus kisutch,GCF_002021735.2,Clock,gene
0,clocka,clocka,30165180,30225955,-,,,,,L033,Oncorhynchus kisutch,GCF_002021735.2,Clock,gene
1,nmu,nmu,30236783,30248236,-,,,,,L033,Oncorhynchus kisutch,GCF_002021735.2,Clock,gene
2,exoc1,exoc1,30287361,30301405,+,exoc1,NC_069728.1,4605659.0,exoc1,L033,Oncorhynchus kisutch,GCF_002021735.2,Clock,gene
3,cep135,cep135,30301626,30318750,+,cep135,NC_069728.1,4579225.0,cep135,L033,Oncorhynchus kisutch,GCF_002021735.2,Clock,gene
4,chst14,chst14,30318596,30322393,-,chst14,NC_069728.1,4592049.0,chst14,L033,Oncorhynchus kisutch,GCF_002021735.2,Clock,gene
5,cracd,cracd,30323125,30351071,+,cracd,NC_069728.1,4547537.0,cracd,L033,Oncorhynchus kisutch,GCF_002021735.2,Clock,gene
6,aasdh,aasdh,30351118,30356490,-,aasdh,NC_069728.1,4523314.0,aasdh,L033,Oncorhynchus kisutch,GCF_002021735.2,Clock,gene
7,si:dkeyp-117h8.4,si:dkeyp-117h8.4,30356467,30362190,+,si:dkeyp-117h8.4,NC_069728.1,4512299.0,si:dkeyp-117h8.4,L033,Oncorhynchus kisutch,GCF_002021735.2,Clock,gene
8,ppat,ppat,30361765,30370698,-,,,,,L033,Oncorhynchus kisutch,GCF_002021735.2,Clock,gene
9,paics,paics,30366108,30375004,+,,,,,L033,Oncorhynchus kisutch,GCF_002021735.2,Clock,gene
10,LOC109897514,LOC109897514,30396719,30411585,-,,,,,L033,Oncorhynchus kisutch,GCF_002021735.2,Clock,gene
-10,parvg,parvg,46927364,46939996,+,parvg,NC_069718.1,23647930.0,parvg,S017,Oreochromis niloticus,GCF_001858045.2,"LG7:47,464,467",coordinate
-9,shisal1b,shisal1b,46952263,47054814,-,shisal1a,NC_069727.1,10496168.0,shisal1a,S017,Oreochromis niloticus,GCF_001858045.2,"LG7:47,464,467",coordinate
-8,LOC100711829,LOC100711829,47061070,47193787,+,plxnb2b,NC_069718.1,23823476.0,plxnb2b,S017,Oreochromis niloticus,GCF_001858045.2,"LG7:47,464,467",coordinate
-7,tubgcp6,tubgcp6,47197950,47222251,+,tubgcp6,NC_069718.1,23905188.0,tubgcp6,S017,Oreochromis niloticus,GCF_001858045.2,"LG7:47,464,467",coordinate
-6,appl2,appl2,47222471,47239185,-,appl2,NC_069718.1,23937179.0,appl2,S017,Oreochromis niloticus,GCF_001858045.2,"LG7:47,464,467",coordinate
-5,c25h12orf75,c25h12orf75,47243534,47255402,+,LOC113529608,NC_069718.1,23971646.0,LOC113529608,S017,Oreochromis niloticus,GCF_001858045.2,"LG7:47,464,467",coordinate
-4,nuak1b,nuak1b,47310807,47329134,-,nuak1b,NC_069718.1,24045553.0,nuak1b,S017,Oreochromis niloticus,GCF_001858045.2,"LG7:47,464,467",coordinate
-3,mov10l1,mov10l1,47332794,47342643,+,mov10l1,NC_069718.1,20275620.0,mov10l1,S017,Oreochromis niloticus,GCF_001858045.2,"LG7:47,464,467",coordinate
-2,szl,szl,47342823,47349479,+,szl,NC_069718.1,20287200.0,szl,S017,Oreochromis niloticus,GCF_001858045.2,"LG7:47,464,467",coordinate
-1,nell2a,nell2a,47362188,47443881,+,nell2a,NC_069718.1,20345540.0,nell2a,S017,Oreochromis niloticus,GCF_001858045.2,"LG7:47,464,467",coordinate
0,tmem117,tmem117,47451988,47500124,-,tmem117,NC_069718.1,20420113.0,tmem117,S017,Oreochromis niloticus,GCF_001858045.2,"LG7:47,464,467",coordinate
1,LOC112847337,LOC112847337,47478919,47492474,+,LOC113529538,NC_069718.1,20430725.0,LOC113529538,S017,Oreochromis niloticus,GCF_001858045.2,"LG7:47,464,467",coordinate
2,twf1a,twf1a,47504353,47512775,+,twf1a,NC_069718.1,20455459.0,twf1a,S017,Oreochromis niloticus,GCF_001858045.2,"LG7:47,464,467",coordinate
3,irak4,irak4,47511926,47518613,-,irak4,NC_069718.1,20464889.0,irak4,S017,Oreochromis niloticus,GCF_001858045.2,"LG7:47,464,467",coordinate
4,LOC100709964,LOC100709964,47551887,47627557,+,LOC113529760,NC_069718.1,20542875.0,LOC113529760,S017,Oreochromis niloticus,GCF_001858045.2,"LG7:47,464,467",coordinate
5,LOC102076862,LOC102076862,47643698,47645732,-,,,,,S017,Oreochromis niloticus,GCF_001858045.2,"LG7:47,464,467",coordinate
6,prickle1a,prickle1a,47690078,47713849,+,prickle1a,NC_069718.1,20656451.0,prickle1a,S017,Oreochromis niloticus,GCF_001858045.2,"LG7:47,464,467",coordinate
7,LOC100709692,LOC100709692,47713947,47729731,-,,,,,S017,Oreochromis niloticus,GCF_001858045.2,"LG7:47,464,467",coordinate
8,LOC100706913,LOC100706913,47731198,47735914,+,,,,,S017,Oreochromis niloticus,GCF_001858045.2,"LG7:47,464,467",coordinate
9,gxylt1a,gxylt1a,47736347,47745593,+,LOC113529530,NC_069718.1,20710912.0,LOC113529530,S017,Oreochromis niloticus,GCF_001858045.2,"LG7:47,464,467",coordinate
10,LOC100706642,LOC100706642,47786731,47899299,-,pdzrn4,NC_069718.1,20780026.0,pdzrn4,S017,Oreochromis niloticus,GCF_001858045.2,"LG7:47,464,467",coordinate
-10,trnap-agg,trnap-agg-18,13940481,13940552,+,,,,,C001,Ictalurus punctatus,GCF_001660625.3,"Chr20:14,657,971",coordinate
-9,trnaw-cca,trnaw-cca-30,13940856,13940927,-,,,,,C001,Ictalurus punctatus,GCF_001660625.3,"Chr20:14,657,971",coordinate
-8,trnai-aau,trnai-aau-40,13941377,13941450,+,,,,,C001,Ictalurus punctatus,GCF_001660625.3,"Chr20:14,657,971",coordinate
-7,acsl3b,acsl3b,13941583,13968662,-,acsl3b,NC_069730.1,11774179.0,acsl3b,C001,Ictalurus punctatus,GCF_001660625.3,"Chr20:14,657,971",coordinate
-6,trnag-ccc,trnag-ccc-2,13969077,13969147,+,,,,,C001,Ictalurus punctatus,GCF_001660625.3,"Chr20:14,657,971",coordinate
-5,LOC128628850,LOC128628850,13970723,13977744,+,,,,,C001,Ictalurus punctatus,GCF_001660625.3,"Chr20:14,657,971",coordinate
-4,pax3a,pax3a,14001625,14028143,+,pax3a,NC_069730.1,11822367.0,pax3a,C001,Ictalurus punctatus,GCF_001660625.3,"Chr20:14,657,971",coordinate
-3,LOC128628817,LOC128628817,14101770,14105494,-,LOC117599184,NC_069724.1,14980662.0,LOC117599184,C001,Ictalurus punctatus,GCF_001660625.3,"Chr20:14,657,971",coordinate
-2,wu:fb63a08,wu:fb63a08,14109995,14169025,-,wu:fb63a08,NC_069730.1,11909203.0,wu:fb63a08,C001,Ictalurus punctatus,GCF_001660625.3,"Chr20:14,657,971",coordinate
-1,LOC128628843,LOC128628843,14189503,14201407,+,,,,,C001,Ictalurus punctatus,GCF_001660625.3,"Chr20:14,657,971",coordinate
0,LOC128628814,LOC128628814,14608805,14609867,+,,,,,C001,Ictalurus punctatus,GCF_001660625.3,"Chr20:14,657,971",coordinate
1,LOC108280265,LOC108280265,14717942,14722075,-,,,,,C001,Ictalurus punctatus,GCF_001660625.3,"Chr20:14,657,971",coordinate
2,LOC108280618,LOC108280618,14902760,15283361,-,LOC113533285,NC_069730.1,12424033.0,LOC113533285,C001,Ictalurus punctatus,GCF_001660625.3,"Chr20:14,657,971",coordinate
3,LOC108280194,LOC108280194,15349820,15361399,+,LOC113533522,NC_069730.1,12632794.0,LOC113533522,C001,Ictalurus punctatus,GCF_001660625.3,"Chr20:14,657,971",coordinate
4,LOC124629295,LOC124629295,15362567,15363592,+,,,,,C001,Ictalurus punctatus,GCF_001660625.3,"Chr20:14,657,971",coordinate
5,gpc1b,gpc1b,15376687,15517453,-,gpc1b,NC_069730.1,12693323.0,gpc1b,C001,Ictalurus punctatus,GCF_001660625.3,"Chr20:14,657,971",coordinate
6,gpc5c,gpc5c,15704014,15847238,-,gpc5c,NC_069730.1,12890201.0,gpc5c,C001,Ictalurus punctatus,GCF_001660625.3,"Chr20:14,657,971",coordinate
7,LOC108280175,LOC108280175,15872607,15877060,+,,,,,C001,Ictalurus punctatus,GCF_001660625.3,"Chr20:14,657,971",coordinate
8,LOC108280174,LOC108280174,15878550,15880573,+,LOC113543126,NC_069730.1,316072.0,LOC113543126,C001,Ictalurus punctatus,GCF_001660625.3,"Chr20:14,657,971",coordinate
9,LOC108280423,LOC108280423,15914233,15969712,+,,,,,C001,Ictalurus punctatus,GCF_001660625.3,"Chr20:14,657,971",coordinate
10,LOC108261550,LOC108261550,15993892,15998509,+,,,,,C001,Ictalurus punctatus,GCF_001660625.3,"Chr20:14,657,971",coordinate
-10,trnap-agg,trnap-agg-18,13940481,13940552,+,,,,,C002,Ictalurus punctatus,GCF_001660625.3,"Chr20:14,658,012",coordinate
-9,trnaw-cca,trnaw-cca-30,13940856,13940927,-,,,,,C002,Ictalurus punctatus,GCF_001660625.3,"Chr20:14,658,012",coordinate
-8,trnai-aau,trnai-aau-40,13941377,13941450,+,,,,,C002,Ictalurus punctatus,GCF_001660625.3,"Chr20:14,658,012",coordinate
-7,acsl3b,acsl3b,13941583,13968662,-,acsl3b,NC_069730.1,11774179.0,acsl3b,C002,Ictalurus punctatus,GCF_001660625.3,"Chr20:14,658,012",coordinate
-6,trnag-ccc,trnag-ccc-2,13969077,13969147,+,,,,,C002,Ictalurus punctatus,GCF_001660625.3,"Chr20:14,658,012",coordinate
-5,LOC128628850,LOC128628850,13970723,13977744,+,,,,,C002,Ictalurus punctatus,GCF_001660625.3,"Chr20:14,658,012",coordinate
-4,pax3a,pax3a,14001625,14028143,+,pax3a,NC_069730.1,11822367.0,pax3a,C002,Ictalurus punctatus,GCF_001660625.3,"Chr20:14,658,012",coordinate
-3,LOC128628817,LOC128628817,14101770,14105494,-,LOC117599184,NC_069724.1,14980662.0,LOC117599184,C002,Ictalurus punctatus,GCF_001660625.3,"Chr20:14,658,012",coordinate
-2,wu:fb63a08,wu:fb63a08,14109995,14169025,-,wu:fb63a08,NC_069730.1,11909203.0,wu:fb63a08,C002,Ictalurus punctatus,GCF_001660625.3,"Chr20:14,658,012",coordinate
-1,LOC128628843,LOC128628843,14189503,14201407,+,,,,,C002,Ictalurus punctatus,GCF_001660625.3,"Chr20:14,658,012",coordinate
0,LOC128628814,LOC128628814,14608805,14609867,+,,,,,C002,Ictalurus punctatus,GCF_001660625.3,"Chr20:14,658,012",coordinate
1,LOC108280265,LOC108280265,14717942,14722075,-,,,,,C002,Ictalurus punctatus,GCF_001660625.3,"Chr20:14,658,012",coordinate
2,LOC108280618,LOC108280618,14902760,15283361,-,LOC113533285,NC_069730.1,12424033.0,LOC113533285,C002,Ictalurus punctatus,GCF_001660625.3,"Chr20:14,658,012",coordinate
3,LOC108280194,LOC108280194,15349820,15361399,+,LOC113533522,NC_069730.1,12632794.0,LOC113533522,C002,Ictalurus punctatus,GCF_001660625.3,"Chr20:14,658,012",coordinate
4,LOC124629295,LOC124629295,15362567,15363592,+,,,,,C002,Ictalurus punctatus,GCF_001660625.3,"Chr20:14,658,012",coordinate
5,gpc1b,gpc1b,15376687,15517453,-,gpc1b,NC_069730.1,12693323.0,gpc1b,C002,Ictalurus punctatus,GCF_001660625.3,"Chr20:14,658,012",coordinate
6,gpc5c,gpc5c,15704014,15847238,-,gpc5c,NC_069730.1,12890201.0,gpc5c,C002,Ictalurus punctatus,GCF_001660625.3,"Chr20:14,658,012",coordinate
7,LOC108280175,LOC108280175,15872607,15877060,+,,,,,C002,Ictalurus punctatus,GCF_001660625.3,"Chr20:14,658,012",coordinate
8,LOC108280174,LOC108280174,15878550,15880573,+,LOC113543126,NC_069730.1,316072.0,LOC113543126,C002,Ictalurus punctatus,GCF_001660625.3,"Chr20:14,658,012",coordinate
9,LOC108280423,LOC108280423,15914233,15969712,+,,,,,C002,Ictalurus punctatus,GCF_001660625.3,"Chr20:14,658,012",coordinate
10,LOC108261550,LOC108261550,15993892,15998509,+,,,,,C002,Ictalurus punctatus,GCF_001660625.3,"Chr20:14,658,012",coordinate
-10,LOC113662160,LOC113662160,20134912,20161338,-,LOC113535291,NC_069721.1,1464665.0,LOC113535291,C003,Tachysurus fulvidraco,GCF_022655615.1,stat5b,gene
-9,si:ch211-217a12.1,si:ch211-217a12.1,20161486,20213237,-,si:ch211-217a12.1,NC_069721.1,1492735.0,si:ch211-217a12.1,C003,Tachysurus fulvidraco,GCF_022655615.1,stat5b,gene
-8,trnal-uag,trnal-uag-14,20183385,20183466,+,,,,,C003,Tachysurus fulvidraco,GCF_022655615.1,stat5b,gene
-7,trnaf-gaa,trnaf-gaa-16,20184313,20184385,+,,,,,C003,Tachysurus fulvidraco,GCF_022655615.1,stat5b,gene
-6,trnal-uag,trnal-uag-15,20185198,20185279,+,,,,,C003,Tachysurus fulvidraco,GCF_022655615.1,stat5b,gene
-5,ppp1r16a,ppp1r16a,20222687,20263295,-,ppp1r16a,NC_069721.1,1519116.0,ppp1r16a,C003,Tachysurus fulvidraco,GCF_022655615.1,stat5b,gene
-4,LOC113662176,LOC113662176,20222687,20225261,-,,,,,C003,Tachysurus fulvidraco,GCF_022655615.1,stat5b,gene
-3,LOC113662177,LOC113662177,20240966,20245558,+,LOC113535036,NC_069721.1,1521810.0,LOC113535036,C003,Tachysurus fulvidraco,GCF_022655615.1,stat5b,gene
-2,foxh1,foxh1,20266038,20272173,+,foxh1,NC_069721.1,1552596.0,foxh1,C003,Tachysurus fulvidraco,GCF_022655615.1,stat5b,gene
-1,oplah,oplah,20276182,20295232,-,oplah,NC_069721.1,1570199.0,oplah,C003,Tachysurus fulvidraco,GCF_022655615.1,stat5b,gene
0,stat5b,stat5b,20298621,20314934,+,stat5b,NC_069721.1,1588169.0,stat5b,C003,Tachysurus fulvidraco,GCF_022655615.1,stat5b,gene
1,ghdc,ghdc,20315081,20322036,+,ghdc,NC_069721.1,1602588.0,ghdc,C003,Tachysurus fulvidraco,GCF_022655615.1,stat5b,gene
2,kcnh4b,kcnh4b,20330823,20364526,-,kcnh4b,NC_069721.1,1632802.0,kcnh4b,C003,Tachysurus fulvidraco,GCF_022655615.1,stat5b,gene
3,LOC113662145,LOC113662145,20367623,20372787,+,LOC113535328,NC_069721.1,1660180.0,LOC113535328,C003,Tachysurus fulvidraco,GCF_022655615.1,stat5b,gene
4,drosha,drosha,20373278,20431275,+,drosha,NC_069721.1,1693331.0,drosha,C003,Tachysurus fulvidraco,GCF_022655615.1,stat5b,gene
5,LOC125145330,LOC125145330,20424048,20426028,+,,,,,C003,Tachysurus fulvidraco,GCF_022655615.1,stat5b,gene
6,LOC113662142,LOC113662142,20434067,20458126,-,LOC113535332,NC_069721.1,1736649.0,LOC113535332,C003,Tachysurus fulvidraco,GCF_022655615.1,stat5b,gene
7,LOC113662201,LOC113662201,20479634,20485668,+,LOC113535349,NC_069721.1,1781495.0,LOC113535349,C003,Tachysurus fulvidraco,GCF_022655615.1,stat5b,gene
8,buc2l,buc2l,20490019,20493473,-,buc2l,NC_069721.1,1791602.0,buc2l,C003,Tachysurus fulvidraco,GCF_022655615.1,stat5b,gene
9,LOC113662171,LOC113662171,20494895,20500033,-,LOC113534974,NC_069721.1,1798821.0,LOC113534974,C003,Tachysurus fulvidraco,GCF_022655615.1,stat5b,gene
10,kbtbd2,kbtbd2,20501509,20510856,+,kbtbd2,NC_069721.1,1811076.0,kbtbd2,C003,Tachysurus fulvidraco,GCF_022655615.1,stat5b,gene
-10,dcn,dcn,17990187,18014669,-,dcn,NC_069727.1,3690241.0,dcn,C004,Tachysurus fulvidraco,GCF_022655615.1,igf1,gene
-9,LOC113651571,LOC113651571,18047241,18050732,-,LOC113531703,NC_069727.1,3644202.0,LOC113531703,C004,Tachysurus fulvidraco,GCF_022655615.1,igf1,gene
-8,recql,recql,18052249,18062548,-,recql,NC_069727.1,3631335.0,recql,C004,Tachysurus fulvidraco,GCF_022655615.1,igf1,gene
-7,LOC113651595,LOC113651595,18082805,18148899,+,LOC113532275,NC_069727.1,3569837.0,LOC113532275,C004,Tachysurus fulvidraco,GCF_022655615.1,igf1,gene
-6,ascl1a,ascl1a,18153080,18155108,-,ascl1a,NC_069727.1,3532361.0,ascl1a,C004,Tachysurus fulvidraco,GCF_022655615.1,igf1,gene
-5,pah,pah,18159969,18180973,+,pah,NC_069727.1,3514787.0,pah,C004,Tachysurus fulvidraco,GCF_022655615.1,igf1,gene
-4,th2,th2,18181341,18190777,+,th2,NC_069727.1,3494833.0,th2,C004,Tachysurus fulvidraco,GCF_022655615.1,igf1,gene
-3,nup37,nup37,18194595,18212082,-,nup37,NC_069727.1,3469911.0,nup37,C004,Tachysurus fulvidraco,GCF_022655615.1,igf1,gene
-2,LOC113651586,LOC113651586,18212368,18231725,+,parpbp,NC_069727.1,3447896.0,parpbp,C004,Tachysurus fulvidraco,GCF_022655615.1,igf1,gene
-1,pmch,pmch,18231733,18235262,-,pmch,NC_069727.1,3434969.0,pmch,C004,Tachysurus fulvidraco,GCF_022655615.1,igf1,gene
0,igf1,igf1,18248317,18271233,-,igf1,NC_069727.1,3412760.0,igf1,C004,Tachysurus fulvidraco,GCF_022655615.1,igf1,gene
1,dnai7,dnai7,18284107,18293903,+,dnai7,NC_069727.1,3384609.0,dnai7,C004,Tachysurus fulvidraco,GCF_022655615.1,igf1,gene
2,LOC113651583,LOC113651583,18294354,18326197,-,lrmp,NC_069727.1,3357033.0,lrmp,C004,Tachysurus fulvidraco,GCF_022655615.1,igf1,gene
3,bcat1,bcat1,18328502,18351065,+,bcat1,NC_069727.1,3322682.0,bcat1,C004,Tachysurus fulvidraco,GCF_022655615.1,igf1,gene
4,sox5,sox5,18375146,18601488,+,sox5,NC_069727.1,3176472.0,sox5,C004,Tachysurus fulvidraco,GCF_022655615.1,igf1,gene
5,etnk1,etnk1,18649903,18676602,-,etnk1,NC_069727.1,2999079.0,etnk1,C004,Tachysurus fulvidraco,GCF_022655615.1,igf1,gene
6,LOC113651575,LOC113651575,18676682,18688775,+,strap,NC_069727.1,2972778.0,strap,C004,Tachysurus fulvidraco,GCF_022655615.1,igf1,gene
7,tmpoa,tmpoa,18690446,18702491,+,tmpoa,NC_069727.1,2952282.0,tmpoa,C004,Tachysurus fulvidraco,GCF_022655615.1,igf1,gene
8,slc25a3a,slc25a3a,18702715,18708040,+,slc25a3a,NC_069727.1,2927098.0,slc25a3a,C004,Tachysurus fulvidraco,GCF_022655615.1,igf1,gene
9,ldhba,ldhba,18722839,18732230,+,ldhba,NC_069727.1,2903625.0,ldhba,C004,Tachysurus fulvidraco,GCF_022655615.1,igf1,gene
10,kiss2,kiss2,18732617,18738659,-,kiss2,NC_069727.1,2890109.0,kiss2,C004,Tachysurus fulvidraco,GCF_022655615.1,igf1,gene
-10,guca1a,guca1a,19736207,19745011,-,guca1a,NC_069727.1,1779086.0,guca1a,C004,Tachysurus fulvidraco,GCF_022655615.1,myf5,gene
-9,LOC113651874,LOC113651874,19748721,19752585,-,,,,,C004,Tachysurus fulvidraco,GCF_022655615.1,myf5,gene
-8,golgb1,golgb1,19751887,19773758,+,golgb1,NC_069727.1,1756770.0,golgb1,C004,Tachysurus fulvidraco,GCF_022655615.1,myf5,gene
-7,hcls1,hcls1,19775150,19789905,+,hcls1,NC_069727.1,1733229.0,hcls1,C004,Tachysurus fulvidraco,GCF_022655615.1,myf5,gene
-6,llph,llph,19791031,19793477,-,llph,NC_069727.1,1721407.0,llph,C004,Tachysurus fulvidraco,GCF_022655615.1,myf5,gene
-5,LOC125139614,LOC125139614,19791031,19799194,-,,,,,C004,Tachysurus fulvidraco,GCF_022655615.1,myf5,gene
-4,ppfia2,ppfia2,19820929,19933385,+,ppfia2,NC_069727.1,1617224.0,ppfia2,C004,Tachysurus fulvidraco,GCF_022655615.1,myf5,gene
-3,LOC125139613,LOC125139613,19936168,19938903,-,,,,,C004,Tachysurus fulvidraco,GCF_022655615.1,myf5,gene
-2,lin7a,lin7a,19946293,19983297,+,lin7a,NC_069727.1,1496032.0,lin7a,C004,Tachysurus fulvidraco,GCF_022655615.1,myf5,gene
-1,LOC125139623,LOC125139623,19951480,19952950,-,,,,,C004,Tachysurus fulvidraco,GCF_022655615.1,myf5,gene
0,myf5,myf5,19986431,19991656,-,myf5,NC_069727.1,1462791.0,myf5,C004,Tachysurus fulvidraco,GCF_022655615.1,myf5,gene
1,myf6,myf6,19994817,19998591,-,myf6,NC_069727.1,1444948.0,myf6,C004,Tachysurus fulvidraco,GCF_022655615.1,myf5,gene
2,rps16,rps16,20014244,20017767,+,rps16,NC_069727.1,1408214.0,rps16,C004,Tachysurus fulvidraco,GCF_022655615.1,myf5,gene
3,LOC125139542,LOC125139542,20044653,20087147,+,ppp1r12a,NC_069727.1,1323441.0,ppp1r12a,C004,Tachysurus fulvidraco,GCF_022655615.1,myf5,gene
4,LOC113648169,LOC113648169,20095205,20130161,+,,,,,C004,Tachysurus fulvidraco,GCF_022655615.1,myf5,gene
5,pawr,pawr,20140145,20177227,+,pawr,NC_069727.1,1244173.0,pawr,C004,Tachysurus fulvidraco,GCF_022655615.1,myf5,gene
6,syt1a,syt1a,20178739,20214746,-,,,,,C004,Tachysurus fulvidraco,GCF_022655615.1,myf5,gene
7,LOC125139500,LOC125139500,20259148,20378287,-,,,,,C004,Tachysurus fulvidraco,GCF_022655615.1,myf5,gene
8,LOC125139501,LOC125139501,20296564,20305209,+,,,,,C004,Tachysurus fulvidraco,GCF_022655615.1,myf5,gene
9,nav3,nav3,20396450,20571693,-,nav3,NC_069727.1,864980.0,nav3,C004,Tachysurus fulvidraco,GCF_022655615.1,myf5,gene
10,LOC113649919,LOC113649919,20506703,20510625,+,,,,,C004,Tachysurus fulvidraco,GCF_022655615.1,myf5,gene
-10,LOC113651874,LOC113651874,19748721,19752585,-,,,,,C004,Tachysurus fulvidraco,GCF_022655615.1,myf6,gene
-9,golgb1,golgb1,19751887,19773758,+,golgb1,NC_069727.1,1756770.0,golgb1,C004,Tachysurus fulvidraco,GCF_022655615.1,myf6,gene
-8,hcls1,hcls1,19775150,19789905,+,hcls1,NC_069727.1,1733229.0,hcls1,C004,Tachysurus fulvidraco,GCF_022655615.1,myf6,gene
-7,llph,llph,19791031,19793477,-,llph,NC_069727.1,1721407.0,llph,C004,Tachysurus fulvidraco,GCF_022655615.1,myf6,gene
-6,LOC125139614,LOC125139614,19791031,19799194,-,,,,,C004,Tachysurus fulvidraco,GCF_022655615.1,myf6,gene
-5,ppfia2,ppfia2,19820929,19933385,+,ppfia2,NC_069727.1,1617224.0,ppfia2,C004,Tachysurus fulvidraco,GCF_022655615.1,myf6,gene
-4,LOC125139613,LOC125139613,19936168,19938903,-,,,,,C004,Tachysurus fulvidraco,GCF_022655615.1,myf6,gene
-3,lin7a,lin7a,19946293,19983297,+,lin7a,NC_069727.1,1496032.0,lin7a,C004,Tachysurus fulvidraco,GCF_022655615.1,myf6,gene
-2,LOC125139623,LOC125139623,19951480,19952950,-,,,,,C004,Tachysurus fulvidraco,GCF_022655615.1,myf6,gene
-1,myf5,myf5,19986431,19991656,-,myf5,NC_069727.1,1462791.0,myf5,C004,Tachysurus fulvidraco,GCF_022655615.1,myf6,gene
0,myf6,myf6,19994817,19998591,-,myf6,NC_069727.1,1444948.0,myf6,C004,Tachysurus fulvidraco,GCF_022655615.1,myf6,gene
1,rps16,rps16,20014244,20017767,+,rps16,NC_069727.1,1408214.0,rps16,C004,Tachysurus fulvidraco,GCF_022655615.1,myf6,gene
2,LOC125139542,LOC125139542,20044653,20087147,+,ppp1r12a,NC_069727.1,1323441.0,ppp1r12a,C004,Tachysurus fulvidraco,GCF_022655615.1,myf6,gene
3,LOC113648169,LOC113648169,20095205,20130161,+,,,,,C004,Tachysurus fulvidraco,GCF_022655615.1,myf6,gene
4,pawr,pawr,20140145,20177227,+,pawr,NC_069727.1,1244173.0,pawr,C004,Tachysurus fulvidraco,GCF_022655615.1,myf6,gene
5,syt1a,syt1a,20178739,20214746,-,,,,,C004,Tachysurus fulvidraco,GCF_022655615.1,myf6,gene
6,LOC125139500,LOC125139500,20259148,20378287,-,,,,,C004,Tachysurus fulvidraco,GCF_022655615.1,myf6,gene
7,LOC125139501,LOC125139501,20296564,20305209,+,,,,,C004,Tachysurus fulvidraco,GCF_022655615.1,myf6,gene
8,nav3,nav3,20396450,20571693,-,nav3,NC_069727.1,864980.0,nav3,C004,Tachysurus fulvidraco,GCF_022655615.1,myf6,gene
9,LOC113649919,LOC113649919,20506703,20510625,+,,,,,C004,Tachysurus fulvidraco,GCF_022655615.1,myf6,gene
10,LOC113649913,LOC113649913,20578209,20586309,-,LOC117599442,NC_069727.1,761305.0,LOC117599442,C004,Tachysurus fulvidraco,GCF_022655615.1,myf6,gene
-10,slc46a1,slc46a1,12071371,12079067,+,slc46a1,NC_069723.1,16560493.0,slc46a1,C005,Clarias macrocephalus,GCF_024256425.1,egln2,gene
-9,sarm1,sarm1,12079046,12085307,-,sarm1,NC_069723.1,16553886.0,sarm1,C005,Clarias macrocephalus,GCF_024256425.1,egln2,gene
-8,vtna,vtna,12088233,12093056,+,vtna,NC_069723.1,16546245.0,vtna,C005,Clarias macrocephalus,GCF_024256425.1,egln2,gene
-7,scarf1,scarf1,12093140,12099916,-,scarf1,NC_069723.1,16539125.0,scarf1,C005,Clarias macrocephalus,GCF_024256425.1,egln2,gene
-6,rilp,rilp,12100212,12119814,-,rilp,NC_069723.1,16527871.0,rilp,C005,Clarias macrocephalus,GCF_024256425.1,egln2,gene
-5,prpf8,prpf8,12123610,12138273,-,prpf8,NC_069723.1,16511524.0,prpf8,C005,Clarias macrocephalus,GCF_024256425.1,egln2,gene
-4,myo1cb,myo1cb,12144924,12198260,+,myo1cb,NC_069723.1,16474436.0,myo1cb,C005,Clarias macrocephalus,GCF_024256425.1,egln2,gene
-3,si:dkey-118k5.3,si:dkey-118k5.3,12202013,12207568,+,si:dkey-118k5.3,NC_069723.1,16442663.0,si:dkey-118k5.3,C005,Clarias macrocephalus,GCF_024256425.1,egln2,gene
-2,slc43a2a,slc43a2a,12210439,12232270,+,slc43a2a,NC_069723.1,16425572.0,slc43a2a,C005,Clarias macrocephalus,GCF_024256425.1,egln2,gene
-1,pitpnaa,pitpnaa,12234275,12246376,+,pitpnaa,NC_069723.1,16407640.0,pitpnaa,C005,Clarias macrocephalus,GCF_024256425.1,egln2,gene
0,egln2,egln2,12259125,12286399,+,egln2,NC_069723.1,16377488.0,egln2,C005,Clarias macrocephalus,GCF_024256425.1,egln2,gene
1,tmem160,tmem160,12294893,12301030,+,tmem160,NC_069723.1,16353622.0,tmem160,C005,Clarias macrocephalus,GCF_024256425.1,egln2,gene
2,npas1,npas1,12306468,12353754,-,npas1,NC_069723.1,16327094.0,npas1,C005,Clarias macrocephalus,GCF_024256425.1,egln2,gene
3,arhgap35a,arhgap35a,12390902,12463377,-,arhgap35a,NC_069723.1,16237946.0,arhgap35a,C005,Clarias macrocephalus,GCF_024256425.1,egln2,gene
4,ap2s1,ap2s1,12467380,12475488,+,ap2s1,NC_069723.1,16196183.0,ap2s1,C005,Clarias macrocephalus,GCF_024256425.1,egln2,gene
5,rab4b,rab4b,12477598,12489264,-,rab4b,NC_069723.1,16183079.0,rab4b,C005,Clarias macrocephalus,GCF_024256425.1,egln2,gene
6,rhoub,rhoub,12534271,12540447,-,rhoub,NC_069723.1,16132517.0,rhoub,C005,Clarias macrocephalus,GCF_024256425.1,egln2,gene
7,LOC128532755,LOC128532755,12544426,12551084,-,,,,,C005,Clarias macrocephalus,GCF_024256425.1,egln2,gene
8,LOC128533313,LOC128533313,12554326,12562540,-,rtn2a,NC_069723.1,16118115.0,rtn2a,C005,Clarias macrocephalus,GCF_024256425.1,egln2,gene
9,ppm1na,ppm1na,12565120,12571260,+,ppm1na,NC_069723.1,16103931.0,ppm1na,C005,Clarias macrocephalus,GCF_024256425.1,egln2,gene
10,si:dkey-202g17.3,si:dkey-202g17.3,12572943,12580630,+,si:dkey-202g17.3,NC_069723.1,16094193.0,si:dkey-202g17.3,C005,Clarias macrocephalus,GCF_024256425.1,egln2,gene
-10,flrt3,flrt3,31749296,31758759,-,flrt3,NC_069712.1,29008852.0,flrt3,C005,Clarias macrocephalus,GCF_024256425.1,zfyve21,gene
-9,glo1,glo1,32278329,32286220,+,glo1,NC_069712.1,29481047.0,glo1,C005,Clarias macrocephalus,GCF_024256425.1,zfyve21,gene
-8,btbd9,btbd9,32289261,32300113,+,btbd9,NC_069712.1,29491813.0,btbd9,C005,Clarias macrocephalus,GCF_024256425.1,zfyve21,gene
-7,trnav-aac,trnav-aac-115,32301187,32301259,+,,,,,C005,Clarias macrocephalus,GCF_024256425.1,zfyve21,gene
-6,zfand3,zfand3,32312504,32332495,+,zfand3,NC_069712.1,29516899.0,zfand3,C005,Clarias macrocephalus,GCF_024256425.1,zfyve21,gene
-5,LOC128528989,LOC128528989,32374498,32574566,+,LOC113542066,NC_069712.1,29657836.0,LOC113542066,C005,Clarias macrocephalus,GCF_024256425.1,zfyve21,gene
-4,LOC128529337,LOC128529337,32695144,32698135,+,,,,,C005,Clarias macrocephalus,GCF_024256425.1,zfyve21,gene
-3,LOC128528474,LOC128528474,32944985,32947001,-,,,,,C005,Clarias macrocephalus,GCF_024256425.1,zfyve21,gene
-2,LOC128529406,LOC128529406,32947996,32948595,-,,,,,C005,Clarias macrocephalus,GCF_024256425.1,zfyve21,gene
-1,LOC128528473,LOC128528473,32949221,32950304,-,,,,,C005,Clarias macrocephalus,GCF_024256425.1,zfyve21,gene
0,zfyve21,zfyve21,32950779,32961584,-,zfyve21,NC_069712.1,30070770.0,zfyve21,C005,Clarias macrocephalus,GCF_024256425.1,zfyve21,gene
1,fhip2a,fhip2a,32963830,32978207,+,fhip2a,NC_069712.1,30082711.0,fhip2a,C005,Clarias macrocephalus,GCF_024256425.1,zfyve21,gene
2,LOC128529169,LOC128529169,32971276,32989003,-,,,,,C005,Clarias macrocephalus,GCF_024256425.1,zfyve21,gene
3,ablim1a,ablim1a,32982868,33033316,+,ablim1a,NC_069712.1,30109258.0,ablim1a,C005,Clarias macrocephalus,GCF_024256425.1,zfyve21,gene
4,LOC128529167,LOC128529167,33001304,33001763,-,,,,,C005,Clarias macrocephalus,GCF_024256425.1,zfyve21,gene
5,LOC128529168,LOC128529168,33008305,33008731,-,,,,,C005,Clarias macrocephalus,GCF_024256425.1,zfyve21,gene
6,dact2,dact2,33058859,33064239,-,dact2,NC_069712.1,30156485.0,dact2,C005,Clarias macrocephalus,GCF_024256425.1,zfyve21,gene
7,eif3s6ip,eif3s6ip,33067742,33072332,-,eif3s6ip,NC_069712.1,30166403.0,eif3s6ip,C005,Clarias macrocephalus,GCF_024256425.1,zfyve21,gene
8,smoc2,smoc2,33081897,33119490,+,smoc2,NC_069712.1,30192593.0,smoc2,C005,Clarias macrocephalus,GCF_024256425.1,zfyve21,gene
9,cdh23,cdh23,33183735,33437058,-,cdh23,NC_069712.1,30375190.0,cdh23,C005,Clarias macrocephalus,GCF_024256425.1,zfyve21,gene
10,vsir,vsir,33212653,33226583,+,vsir,NC_069712.1,30298652.0,vsir,C005,Clarias macrocephalus,GCF_024256425.1,zfyve21,gene
-10,trnai-uau,trnai-uau-70,26529764,26529856,-,,,,,C005,Clarias macrocephalus,GCF_024256425.1,jph3a,gene
-9,trnai-uau,trnai-uau-71,26540024,26540116,-,,,,,C005,Clarias macrocephalus,GCF_024256425.1,jph3a,gene
-8,trnai-uau,trnai-uau-72,26546199,26546291,-,,,,,C005,Clarias macrocephalus,GCF_024256425.1,jph3a,gene
-7,trnai-uau,trnai-uau-73,26549554,26549646,+,,,,,C005,Clarias macrocephalus,GCF_024256425.1,jph3a,gene
-6,trnai-uau,trnai-uau-74,26550756,26550848,-,,,,,C005,Clarias macrocephalus,GCF_024256425.1,jph3a,gene
-5,trnai-uau,trnai-uau-75,26551362,26551454,+,,,,,C005,Clarias macrocephalus,GCF_024256425.1,jph3a,gene
-4,cdhr5a,cdhr5a,26554668,26562102,-,cdhr5a,NC_069720.1,5344908.0,cdhr5a,C005,Clarias macrocephalus,GCF_024256425.1,jph3a,gene
-3,drd4b,drd4b,26583228,26598657,+,drd4b,NC_069720.1,5372250.0,drd4b,C005,Clarias macrocephalus,GCF_024256425.1,jph3a,gene
-2,sirt3,sirt3,26607145,26613690,-,sirt3,NC_069720.1,5386016.0,sirt3,C005,Clarias macrocephalus,GCF_024256425.1,jph3a,gene
-1,LOC128542556,LOC128542556,26614387,26625608,+,LOC113536448,NC_069720.1,5395206.0,LOC113536448,C005,Clarias macrocephalus,GCF_024256425.1,jph3a,gene
0,jph3a,jph3a,26627115,26635019,+,jph3a,NC_069720.1,5407086.0,jph3a,C005,Clarias macrocephalus,GCF_024256425.1,jph3a,gene
1,LOC128543435,LOC128543435,26639630,26644149,+,LOC113536403,NC_069720.1,5419382.0,LOC113536403,C005,Clarias macrocephalus,GCF_024256425.1,jph3a,gene
2,csnk2a2a,csnk2a2a,26644920,26654417,+,csnk2a2a,NC_069720.1,5425953.0,csnk2a2a,C005,Clarias macrocephalus,GCF_024256425.1,jph3a,gene
3,kiaa0895l,kiaa0895l,26658656,26668004,-,kiaa0895l,NC_069720.1,5436140.0,kiaa0895l,C005,Clarias macrocephalus,GCF_024256425.1,jph3a,gene
4,nqo1,nqo1,26669553,26677986,-,nqo1,NC_069720.1,5447757.0,nqo1,C005,Clarias macrocephalus,GCF_024256425.1,jph3a,gene
5,LOC128542661,LOC128542661,26683041,26689067,-,,,,,C005,Clarias macrocephalus,GCF_024256425.1,jph3a,gene
6,LOC128543238,LOC128543238,26709697,26711919,-,LOC128316978,NC_069720.1,5466685.0,LOC128316978,C005,Clarias macrocephalus,GCF_024256425.1,jph3a,gene
7,kcng4b,kcng4b,26713635,26722140,-,kcng4b,NC_069720.1,5465809.0,kcng4b,C005,Clarias macrocephalus,GCF_024256425.1,jph3a,gene
8,dpep1,dpep1,26772250,26783193,-,dpep1,NC_069720.1,5499834.0,dpep1,C005,Clarias macrocephalus,GCF_024256425.1,jph3a,gene
9,sult5a1,sult5a1,26805352,26812845,+,sult5a1,NC_069720.1,5520616.0,sult5a1,C005,Clarias macrocephalus,GCF_024256425.1,jph3a,gene
10,LOC128542697,LOC128542697,26817749,26822657,-,LOC113538258,NC_069711.1,28004344.0,LOC113538258,C005,Clarias macrocephalus,GCF_024256425.1,jph3a,gene
-10,rtkna,rtkna,11701373,11768998,-,rtkna,NC_069733.1,10737309.0,rtkna,C007,Ictalurus punctatus,GCF_001660625.3,gas1,gene
-9,smn1,smn1,11770900,11777524,-,smn1,NC_069733.1,10773420.0,smn1,C007,Ictalurus punctatus,GCF_001660625.3,gas1,gene
-8,hspb11,hspb11,11777594,11780362,+,hspb11,NC_069733.1,10777759.0,hspb11,C007,Ictalurus punctatus,GCF_001660625.3,gas1,gene
-7,mccc2,mccc2,11781568,11788560,-,mccc2,NC_069733.1,10784318.0,mccc2,C007,Ictalurus punctatus,GCF_001660625.3,gas1,gene
-6,LOC108255851,LOC108255851,11788652,11804616,-,LOC113536823,NC_069733.1,10798783.0,LOC113536823,C007,Ictalurus punctatus,GCF_001660625.3,gas1,gene
-5,si:ch211-204c21.1,si:ch211-204c21.1,11808362,11832184,-,si:ch211-204c21.1,NC_069733.1,10821263.0,si:ch211-204c21.1,C007,Ictalurus punctatus,GCF_001660625.3,gas1,gene
-4,LOC108255350,LOC108255350,11848208,11849207,+,LOC113537121,NC_069733.1,10850552.0,LOC113537121,C007,Ictalurus punctatus,GCF_001660625.3,gas1,gene
-3,tmem8b,tmem8b,11857415,11989127,+,tmem8b,NC_069733.1,10921159.0,tmem8b,C007,Ictalurus punctatus,GCF_001660625.3,gas1,gene
-2,si:ch73-337l15.2,si:ch73-337l15.2,11994661,12006487,-,si:ch73-337l15.2,NC_069733.1,10992625.0,si:ch73-337l15.2,C007,Ictalurus punctatus,GCF_001660625.3,gas1,gene
-1,tars1,tars1,12043005,12061018,+,tars1,NC_069733.1,11046725.0,tars1,C007,Ictalurus punctatus,GCF_001660625.3,gas1,gene
0,gas1a,gas1a,12129524,12131864,-,gas1a,NC_069733.1,11118014.0,gas1a,C007,Ictalurus punctatus,GCF_001660625.3,gas1,gene
1,dapk1,dapk1,12210767,12281288,+,dapk1,NC_069733.1,11231939.0,dapk1,C007,Ictalurus punctatus,GCF_001660625.3,gas1,gene
2,ctsla,ctsla,12284940,12289348,+,ctsla,NC_069733.1,11271231.0,ctsla,C007,Ictalurus punctatus,GCF_001660625.3,gas1,gene
3,fbp2,fbp2,12290506,12306594,-,fbp2,NC_069733.1,11282005.0,fbp2,C007,Ictalurus punctatus,GCF_001660625.3,gas1,gene
4,fbp1a,fbp1a,12307950,12312932,-,fbp1a,NC_069733.1,11293615.0,fbp1a,C007,Ictalurus punctatus,GCF_001660625.3,gas1,gene
5,kank1a,kank1a,12316438,12365553,+,kank1a,NC_069733.1,11323773.0,kank1a,C007,Ictalurus punctatus,GCF_001660625.3,gas1,gene
6,dmrt1,dmrt1,12367663,12391055,+,dmrt1,NC_069733.1,11360944.0,dmrt1,C007,Ictalurus punctatus,GCF_001660625.3,gas1,gene
7,dmrt3a,dmrt3a,12396894,12401918,+,dmrt3a,NC_069733.1,11379323.0,dmrt3a,C007,Ictalurus punctatus,GCF_001660625.3,gas1,gene
8,dmrt2a,dmrt2a,12404516,12409976,+,dmrt2a,NC_069733.1,11387817.0,dmrt2a,C007,Ictalurus punctatus,GCF_001660625.3,gas1,gene
9,smarca2,smarca2,12456741,12512787,+,smarca2,NC_069733.1,11453616.0,smarca2,C007,Ictalurus punctatus,GCF_001660625.3,gas1,gene
10,adamts3,adamts3,12527768,12603436,+,adamts3,NC_069733.1,11534805.0,adamts3,C007,Ictalurus punctatus,GCF_001660625.3,gas1,gene
-10,maptb,maptb,3890583,3919308,-,maptb,NC_069738.1,4751928.0,maptb,C014,Tachysurus fulvidraco,GCF_022655615.1,GH,gene
-9,myl4,myl4,3920411,3923609,-,myl4,NC_069738.1,4777655.0,myl4,C014,Tachysurus fulvidraco,GCF_022655615.1,GH,gene
-8,scn4ab,scn4ab,3930679,3970515,+,scn4ab,NC_069738.1,4814666.0,scn4ab,C014,Tachysurus fulvidraco,GCF_022655615.1,GH,gene
-7,LOC113662809,LOC113662809,3978146,4015806,-,,,,,C014,Tachysurus fulvidraco,GCF_022655615.1,GH,gene
-6,LOC113662814,LOC113662814,3996872,4009286,-,LOC113543884,NC_069738.1,4849825.0,LOC113543884,C014,Tachysurus fulvidraco,GCF_022655615.1,GH,gene
-5,LOC125145278,LOC125145278,4019937,4031679,-,,,,,C014,Tachysurus fulvidraco,GCF_022655615.1,GH,gene
-4,LOC113637985,LOC113637985,4032860,4042761,-,,,,,C014,Tachysurus fulvidraco,GCF_022655615.1,GH,gene
-3,LOC125145277,LOC125145277,4045510,4049887,-,,,,,C014,Tachysurus fulvidraco,GCF_022655615.1,GH,gene
-2,zfpm2b,zfpm2b,4055354,4091836,-,zfpm2b,NC_069738.1,4873150.0,zfpm2b,C014,Tachysurus fulvidraco,GCF_022655615.1,GH,gene
-1,lrp12,lrp12,4108876,4116353,+,lrp12,NC_069738.1,4917333.0,lrp12,C014,Tachysurus fulvidraco,GCF_022655615.1,GH,gene
0,gh1,gh1,4116713,4120060,-,gh1,NC_069738.1,4925386.0,gh1,C014,Tachysurus fulvidraco,GCF_022655615.1,GH,gene
1,LOC113662768,LOC113662768,4124807,4132090,-,LOC113543882,NC_069738.1,4935446.0,LOC113543882,C014,Tachysurus fulvidraco,GCF_022655615.1,GH,gene
2,thbs3b,thbs3b,4132937,4147142,-,thbs3b,NC_069738.1,4950297.0,thbs3b,C014,Tachysurus fulvidraco,GCF_022655615.1,GH,gene
3,mtx1b,mtx1b,4154741,4163623,-,mtx1b,NC_069738.1,4980259.0,mtx1b,C014,Tachysurus fulvidraco,GCF_022655615.1,GH,gene
4,txnipa,txnipa,4165913,4168979,+,txnipa,NC_069738.1,4996404.0,txnipa,C014,Tachysurus fulvidraco,GCF_022655615.1,GH,gene
5,polr3gla,polr3gla,4189546,4193537,-,polr3gla,NC_069738.1,5037469.0,polr3gla,C014,Tachysurus fulvidraco,GCF_022655615.1,GH,gene
6,LOC113662827,LOC113662827,4211648,4215999,-,,,,,C014,Tachysurus fulvidraco,GCF_022655615.1,GH,gene
7,LOC113662835,LOC113662835,4218614,4229291,-,LOC117596408,NC_069738.1,5104411.0,LOC117596408,C014,Tachysurus fulvidraco,GCF_022655615.1,GH,gene
8,LOC125145177,LOC125145177,4243141,4245643,+,,,,,C014,Tachysurus fulvidraco,GCF_022655615.1,GH,gene
9,si:dkey-81h8.1,si:dkey-81h8.1,4256058,4266990,-,si:dkey-81h8.1,NC_069738.1,5136221.0,si:dkey-81h8.1,C014,Tachysurus fulvidraco,GCF_022655615.1,GH,gene
10,sema4ab,sema4ab,4268385,4301465,-,sema4ab,NC_069738.1,5163277.0,sema4ab,C014,Tachysurus fulvidraco,GCF_022655615.1,GH,gene
-10,maptb,maptb,3890583,3919308,-,maptb,NC_069738.1,4751928.0,maptb,C015,Tachysurus fulvidraco,GCF_022655615.1,GH,gene
-9,myl4,myl4,3920411,3923609,-,myl4,NC_069738.1,4777655.0,myl4,C015,Tachysurus fulvidraco,GCF_022655615.1,GH,gene
-8,scn4ab,scn4ab,3930679,3970515,+,scn4ab,NC_069738.1,4814666.0,scn4ab,C015,Tachysurus fulvidraco,GCF_022655615.1,GH,gene
-7,LOC113662809,LOC113662809,3978146,4015806,-,,,,,C015,Tachysurus fulvidraco,GCF_022655615.1,GH,gene
-6,LOC113662814,LOC113662814,3996872,4009286,-,LOC113543884,NC_069738.1,4849825.0,LOC113543884,C015,Tachysurus fulvidraco,GCF_022655615.1,GH,gene
-5,LOC125145278,LOC125145278,4019937,4031679,-,,,,,C015,Tachysurus fulvidraco,GCF_022655615.1,GH,gene
-4,LOC113637985,LOC113637985,4032860,4042761,-,,,,,C015,Tachysurus fulvidraco,GCF_022655615.1,GH,gene
-3,LOC125145277,LOC125145277,4045510,4049887,-,,,,,C015,Tachysurus fulvidraco,GCF_022655615.1,GH,gene
-2,zfpm2b,zfpm2b,4055354,4091836,-,zfpm2b,NC_069738.1,4873150.0,zfpm2b,C015,Tachysurus fulvidraco,GCF_022655615.1,GH,gene
-1,lrp12,lrp12,4108876,4116353,+,lrp12,NC_069738.1,4917333.0,lrp12,C015,Tachysurus fulvidraco,GCF_022655615.1,GH,gene
0,gh1,gh1,4116713,4120060,-,gh1,NC_069738.1,4925386.0,gh1,C015,Tachysurus fulvidraco,GCF_022655615.1,GH,gene
1,LOC113662768,LOC113662768,4124807,4132090,-,LOC113543882,NC_069738.1,4935446.0,LOC113543882,C015,Tachysurus fulvidraco,GCF_022655615.1,GH,gene
2,thbs3b,thbs3b,4132937,4147142,-,thbs3b,NC_069738.1,4950297.0,thbs3b,C015,Tachysurus fulvidraco,GCF_022655615.1,GH,gene
3,mtx1b,mtx1b,4154741,4163623,-,mtx1b,NC_069738.1,4980259.0,mtx1b,C015,Tachysurus fulvidraco,GCF_022655615.1,GH,gene
4,txnipa,txnipa,4165913,4168979,+,txnipa,NC_069738.1,4996404.0,txnipa,C015,Tachysurus fulvidraco,GCF_022655615.1,GH,gene
5,polr3gla,polr3gla,4189546,4193537,-,polr3gla,NC_069738.1,5037469.0,polr3gla,C015,Tachysurus fulvidraco,GCF_022655615.1,GH,gene
6,LOC113662827,LOC113662827,4211648,4215999,-,,,,,C015,Tachysurus fulvidraco,GCF_022655615.1,GH,gene
7,LOC113662835,LOC113662835,4218614,4229291,-,LOC117596408,NC_069738.1,5104411.0,LOC117596408,C015,Tachysurus fulvidraco,GCF_022655615.1,GH,gene
8,LOC125145177,LOC125145177,4243141,4245643,+,,,,,C015,Tachysurus fulvidraco,GCF_022655615.1,GH,gene
9,si:dkey-81h8.1,si:dkey-81h8.1,4256058,4266990,-,si:dkey-81h8.1,NC_069738.1,5136221.0,si:dkey-81h8.1,C015,Tachysurus fulvidraco,GCF_022655615.1,GH,gene
10,sema4ab,sema4ab,4268385,4301465,-,sema4ab,NC_069738.1,5163277.0,sema4ab,C015,Tachysurus fulvidraco,GCF_022655615.1,GH,gene
-10,maptb,maptb,3890583,3919308,-,maptb,NC_069738.1,4751928.0,maptb,C016,Tachysurus fulvidraco,GCF_022655615.1,GH,gene
-9,myl4,myl4,3920411,3923609,-,myl4,NC_069738.1,4777655.0,myl4,C016,Tachysurus fulvidraco,GCF_022655615.1,GH,gene
-8,scn4ab,scn4ab,3930679,3970515,+,scn4ab,NC_069738.1,4814666.0,scn4ab,C016,Tachysurus fulvidraco,GCF_022655615.1,GH,gene
-7,LOC113662809,LOC113662809,3978146,4015806,-,,,,,C016,Tachysurus fulvidraco,GCF_022655615.1,GH,gene
-6,LOC113662814,LOC113662814,3996872,4009286,-,LOC113543884,NC_069738.1,4849825.0,LOC113543884,C016,Tachysurus fulvidraco,GCF_022655615.1,GH,gene
-5,LOC125145278,LOC125145278,4019937,4031679,-,,,,,C016,Tachysurus fulvidraco,GCF_022655615.1,GH,gene
-4,LOC113637985,LOC113637985,4032860,4042761,-,,,,,C016,Tachysurus fulvidraco,GCF_022655615.1,GH,gene
-3,LOC125145277,LOC125145277,4045510,4049887,-,,,,,C016,Tachysurus fulvidraco,GCF_022655615.1,GH,gene
-2,zfpm2b,zfpm2b,4055354,4091836,-,zfpm2b,NC_069738.1,4873150.0,zfpm2b,C016,Tachysurus fulvidraco,GCF_022655615.1,GH,gene
-1,lrp12,lrp12,4108876,4116353,+,lrp12,NC_069738.1,4917333.0,lrp12,C016,Tachysurus fulvidraco,GCF_022655615.1,GH,gene
0,gh1,gh1,4116713,4120060,-,gh1,NC_069738.1,4925386.0,gh1,C016,Tachysurus fulvidraco,GCF_022655615.1,GH,gene
1,LOC113662768,LOC113662768,4124807,4132090,-,LOC113543882,NC_069738.1,4935446.0,LOC113543882,C016,Tachysurus fulvidraco,GCF_022655615.1,GH,gene
2,thbs3b,thbs3b,4132937,4147142,-,thbs3b,NC_069738.1,4950297.0,thbs3b,C016,Tachysurus fulvidraco,GCF_022655615.1,GH,gene
3,mtx1b,mtx1b,4154741,4163623,-,mtx1b,NC_069738.1,4980259.0,mtx1b,C016,Tachysurus fulvidraco,GCF_022655615.1,GH,gene
4,txnipa,txnipa,4165913,4168979,+,txnipa,NC_069738.1,4996404.0,txnipa,C016,Tachysurus fulvidraco,GCF_022655615.1,GH,gene
5,polr3gla,polr3gla,4189546,4193537,-,polr3gla,NC_069738.1,5037469.0,polr3gla,C016,Tachysurus fulvidraco,GCF_022655615.1,GH,gene
6,LOC113662827,LOC113662827,4211648,4215999,-,,,,,C016,Tachysurus fulvidraco,GCF_022655615.1,GH,gene
7,LOC113662835,LOC113662835,4218614,4229291,-,LOC117596408,NC_069738.1,5104411.0,LOC117596408,C016,Tachysurus fulvidraco,GCF_022655615.1,GH,gene
8,LOC125145177,LOC125145177,4243141,4245643,+,,,,,C016,Tachysurus fulvidraco,GCF_022655615.1,GH,gene
9,si:dkey-81h8.1,si:dkey-81h8.1,4256058,4266990,-,si:dkey-81h8.1,NC_069738.1,5136221.0,si:dkey-81h8.1,C016,Tachysurus fulvidraco,GCF_022655615.1,GH,gene
10,sema4ab,sema4ab,4268385,4301465,-,sema4ab,NC_069738.1,5163277.0,sema4ab,C016,Tachysurus fulvidraco,GCF_022655615.1,GH,gene
-10,wdr75,wdr75,36164847,36185392,+,wdr75,NC_069714.1,29556481.0,wdr75,C017,Clarias fuscus,GCF_024256425.1,mstnb,gene
-9,slc40a1,slc40a1,36191028,36200503,-,slc40a1,NC_069714.1,29531255.0,slc40a1,C017,Clarias fuscus,GCF_024256425.1,mstnb,gene
-8,LOC128524561,LOC128524561,36211162,36215451,+,LOC113526165,NC_069714.1,29514687.0,LOC113526165,C017,Clarias fuscus,GCF_024256425.1,mstnb,gene
-7,asnsd1,asnsd1,36213144,36217392,+,asnsd1,NC_069714.1,29512021.0,asnsd1,C017,Clarias fuscus,GCF_024256425.1,mstnb,gene
-6,zgc:136439,zgc:136439,36217282,36221915,-,zgc:136439,NC_069714.1,29507961.0,zgc:136439,C017,Clarias fuscus,GCF_024256425.1,mstnb,gene
-5,ankar,ankar,36222227,36241940,+,ankar,NC_069714.1,29493261.0,ankar,C017,Clarias fuscus,GCF_024256425.1,mstnb,gene
-4,osgepl1,osgepl1,36242043,36247475,-,osgepl1,NC_069714.1,29479533.0,osgepl1,C017,Clarias fuscus,GCF_024256425.1,mstnb,gene
-3,adat3,adat3,36247683,36249368,+,adat3,NC_069714.1,29474880.0,adat3,C017,Clarias fuscus,GCF_024256425.1,mstnb,gene
-2,ormdl1,ormdl1,36252014,36264220,-,ormdl1,NC_069714.1,29464096.0,ormdl1,C017,Clarias fuscus,GCF_024256425.1,mstnb,gene
-1,pms1,pms1,36264543,36298975,+,pms1,NC_069714.1,29438239.0,pms1,C017,Clarias fuscus,GCF_024256425.1,mstnb,gene
0,mstnb,mstnb,36325449,36330239,-,mstnb,NC_069714.1,29400907.0,mstnb,C017,Clarias fuscus,GCF_024256425.1,mstnb,gene
1,LOC128523708,LOC128523708,36335481,36342414,+,,,,,C017,Clarias fuscus,GCF_024256425.1,mstnb,gene
2,hibch,hibch,36347209,36390096,-,hibch,NC_069714.1,29356252.0,hibch,C017,Clarias fuscus,GCF_024256425.1,mstnb,gene
3,pofut2,pofut2,36391316,36406108,+,pofut2,NC_069714.1,29326469.0,pofut2,C017,Clarias fuscus,GCF_024256425.1,mstnb,gene
4,abca12,abca12,36430188,36522583,+,abca12,NC_069714.1,29248223.0,abca12,C017,Clarias fuscus,GCF_024256425.1,mstnb,gene
5,bard1,bard1,36528901,36559271,+,bard1,NC_069714.1,29160675.0,bard1,C017,Clarias fuscus,GCF_024256425.1,mstnb,gene
6,vwc2l,vwc2l,36576428,36625592,-,vwc2l,NC_069714.1,29105286.0,vwc2l,C017,Clarias fuscus,GCF_024256425.1,mstnb,gene
7,LOC128524839,LOC128524839,37157677,37157781,+,,,,,C017,Clarias fuscus,GCF_024256425.1,mstnb,gene
8,ikzf2,ikzf2,37241992,37292381,+,ikzf2,NC_069714.1,28578277.0,ikzf2,C017,Clarias fuscus,GCF_024256425.1,mstnb,gene
9,LOC128523835,LOC128523835,37345261,37735523,+,LOC113525375,NC_069714.1,28327712.0,LOC113525375,C017,Clarias fuscus,GCF_024256425.1,mstnb,gene
10,cps1,cps1,37850906,37921041,-,cps1,NC_069714.1,28015687.0,cps1,C017,Clarias fuscus,GCF_024256425.1,mstnb,gene
-10,ccr12a,ccr12a,21805174,21807906,+,ccr12a,NC_069730.1,17568897.0,ccr12a,C017,Clarias fuscus,GCF_024256425.1,egfr,gene
-9,hecw1b,hecw1b,21813117,21861512,+,hecw1b,NC_069730.1,17595726.0,hecw1b,C017,Clarias fuscus,GCF_024256425.1,egfr,gene
-8,fuz,fuz,21862743,21867188,+,fuz,NC_069730.1,17620942.0,fuz,C017,Clarias fuscus,GCF_024256425.1,egfr,gene
-7,gpt,gpt,21872045,21891987,+,gpt,NC_069730.1,17637339.0,gpt,C017,Clarias fuscus,GCF_024256425.1,egfr,gene
-6,c1ql3b,c1ql3b,21901235,21903958,+,c1ql3b,NC_069730.1,17656053.0,c1ql3b,C017,Clarias fuscus,GCF_024256425.1,egfr,gene
-5,LOC128513501,LOC128513501,21903960,21909172,-,pter,NC_069730.1,17660167.0,pter,C017,Clarias fuscus,GCF_024256425.1,egfr,gene
-4,LOC128513236,LOC128513236,21911908,21914618,-,,,,,C017,Clarias fuscus,GCF_024256425.1,egfr,gene
-3,mmp16b,mmp16b,21925341,21956862,-,mmp16b,NC_069730.1,17679903.0,mmp16b,C017,Clarias fuscus,GCF_024256425.1,egfr,gene
-2,LOC128512823,LOC128512823,21969341,21976064,+,,,,,C017,Clarias fuscus,GCF_024256425.1,egfr,gene
-1,LOC128512822,LOC128512822,21977099,21979608,-,,,,,C017,Clarias fuscus,GCF_024256425.1,egfr,gene
0,egfra,egfra,21999148,22062900,+,egfra,NC_069730.1,17744175.0,egfra,C017,Clarias fuscus,GCF_024256425.1,egfr,gene
1,npc1,npc1,22067114,22094713,+,npc1,NC_069730.1,17793382.0,npc1,C017,Clarias fuscus,GCF_024256425.1,egfr,gene
2,cables1,cables1,22105645,22134408,-,cables1,NC_069730.1,17827321.0,cables1,C017,Clarias fuscus,GCF_024256425.1,egfr,gene
3,gata6,gata6,22189191,22197818,-,gata6,NC_069730.1,17889778.0,gata6,C017,Clarias fuscus,GCF_024256425.1,egfr,gene
4,mib1,mib1,22227084,22287588,-,mib1,NC_069730.1,17954428.0,mib1,C017,Clarias fuscus,GCF_024256425.1,egfr,gene
5,yme1l1b,yme1l1b,22288837,22302092,+,yme1l1b,NC_069730.1,17989172.0,yme1l1b,C017,Clarias fuscus,GCF_024256425.1,egfr,gene
6,LOC128512917,LOC128512917,22302723,22305670,-,LOC113546399,NC_069730.1,17998047.0,LOC113546399,C017,Clarias fuscus,GCF_024256425.1,egfr,gene
7,rab18b,rab18b,22308757,22319723,+,rab18b,NC_069730.1,18007175.0,rab18b,C017,Clarias fuscus,GCF_024256425.1,egfr,gene
8,mkxb,mkxb,22327777,22343116,-,mkxb,NC_069730.1,18025124.0,mkxb,C017,Clarias fuscus,GCF_024256425.1,egfr,gene
9,mpp7b,mpp7b,22365658,22425519,-,mpp7b,NC_069730.1,18076891.0,mpp7b,C017,Clarias fuscus,GCF_024256425.1,egfr,gene
10,wacb,wacb,22432333,22445770,+,wacb,NC_069730.1,18113269.0,wacb,C017,Clarias fuscus,GCF_024256425.1,egfr,gene
-10,LOC128544954,LOC128544954,8345629,8369840,+,,,,,C017,Clarias fuscus,GCF_024256425.1,serca1,gene
-9,si:ch211-198p11.6,si:ch211-198p11.6,8373769,8377692,+,si:ch211-198p11.6,NC_069722.1,6155128.0,si:ch211-198p11.6,C017,Clarias fuscus,GCF_024256425.1,serca1,gene
-8,cln3,cln3,8382771,8392021,+,cln3,NC_069722.1,6165842.0,cln3,C017,Clarias fuscus,GCF_024256425.1,serca1,gene
-7,nudt9,nudt9,8392119,8399902,-,nudt9,NC_069722.1,6175725.0,nudt9,C017,Clarias fuscus,GCF_024256425.1,serca1,gene
-6,mapk3,mapk3,8403264,8419821,+,mapk3,NC_069722.1,6190336.0,mapk3,C017,Clarias fuscus,GCF_024256425.1,serca1,gene
-5,gdpd3a,gdpd3a,8425718,8434120,+,gdpd3a,NC_069722.1,6208646.0,gdpd3a,C017,Clarias fuscus,GCF_024256425.1,serca1,gene
-4,ypel3,ypel3,8435506,8440273,+,ypel3,NC_069722.1,6216668.0,ypel3,C017,Clarias fuscus,GCF_024256425.1,serca1,gene
-3,LOC128544676,LOC128544676,8443588,8450604,+,LOC113527922,NC_069722.1,6224782.0,LOC113527922,C017,Clarias fuscus,GCF_024256425.1,serca1,gene
-2,LOC128544983,LOC128544983,8453387,8462862,+,,,,,C017,Clarias fuscus,GCF_024256425.1,serca1,gene
-1,rabep2,rabep2,8465198,8472960,+,rabep2,NC_069722.1,6243334.0,rabep2,C017,Clarias fuscus,GCF_024256425.1,serca1,gene
0,atp2a1,atp2a1,8473834,8488496,-,atp2a1,NC_069722.1,6254696.0,atp2a1,C017,Clarias fuscus,GCF_024256425.1,serca1,gene
1,LOC128544474,LOC128544474,8497553,8500099,-,,,,,C017,Clarias fuscus,GCF_024256425.1,serca1,gene
2,LOC128544898,LOC128544898,8502260,8505111,-,,,,,C017,Clarias fuscus,GCF_024256425.1,serca1,gene
3,LOC128544236,LOC128544236,8507585,8510692,-,,,,,C017,Clarias fuscus,GCF_024256425.1,serca1,gene
4,LOC128544235,LOC128544235,8511504,8514584,+,hsp70.3,NC_069722.1,6273579.0,hsp70.3,C017,Clarias fuscus,GCF_024256425.1,serca1,gene
5,LOC128544237,LOC128544237,8530813,8559455,-,,,,,C017,Clarias fuscus,GCF_024256425.1,serca1,gene
6,LOC128545052,LOC128545052,8565493,8567431,+,,,,,C017,Clarias fuscus,GCF_024256425.1,serca1,gene
7,LOC128545037,LOC128545037,8575314,8577721,+,,,,,C017,Clarias fuscus,GCF_024256425.1,serca1,gene
8,LOC128544870,LOC128544870,8580979,8583656,+,,,,,C017,Clarias fuscus,GCF_024256425.1,serca1,gene
9,hsd17b1,hsd17b1,8586429,8588650,+,hsd17b1,NC_069722.1,6282463.0,hsd17b1,C017,Clarias fuscus,GCF_024256425.1,serca1,gene
10,si:ch73-141c7.1,si:ch73-141c7.1,8591862,8598761,+,si:ch73-141c7.1,NC_069722.1,6290424.0,si:ch73-141c7.1,C017,Clarias fuscus,GCF_024256425.1,serca1,gene
-10,LOC131369644,LOC131369644,20609156,20609270,+,,,,,C019,Hemibagrus wyckioides,GCF_019097595.1,gng3,gene
-9,LOC131369643,LOC131369643,20610525,20610639,+,,,,,C019,Hemibagrus wyckioides,GCF_019097595.1,gng3,gene
-8,stx5al,stx5al,20611773,20617589,+,stx5al,NC_069724.1,4965904.0,stx5al,C019,Hemibagrus wyckioides,GCF_019097595.1,gng3,gene
-7,LOC131369533,LOC131369533,20618447,20620546,-,LOC113541408,NC_069724.1,4971948.0,LOC113541408,C019,Hemibagrus wyckioides,GCF_019097595.1,gng3,gene
-6,LOC131368830,LOC131368830,20630474,20640350,+,LOC113541516,NC_069724.1,4988793.0,LOC113541516,C019,Hemibagrus wyckioides,GCF_019097595.1,gng3,gene
-5,esrra,esrra,20647966,20666722,+,esrra,NC_069724.1,5012489.0,esrra,C019,Hemibagrus wyckioides,GCF_019097595.1,gng3,gene
-4,prdx5,prdx5,20671145,20676274,+,prdx5,NC_069724.1,5026156.0,prdx5,C019,Hemibagrus wyckioides,GCF_019097595.1,gng3,gene
-3,nxf1b,nxf1b,20676325,20690182,-,nxf1b,NC_069724.1,5035651.0,nxf1b,C019,Hemibagrus wyckioides,GCF_019097595.1,gng3,gene
-2,plvapa,plvapa,20693698,20697263,+,plvapa,NC_069724.1,5048637.0,plvapa,C019,Hemibagrus wyckioides,GCF_019097595.1,gng3,gene
-1,bscl2,bscl2,20702501,20710832,-,bscl2,NC_069724.1,5060140.0,bscl2,C019,Hemibagrus wyckioides,GCF_019097595.1,gng3,gene
0,gng3,gng3,20712438,20716994,+,gng3,NC_069724.1,5070036.0,gng3,C019,Hemibagrus wyckioides,GCF_019097595.1,gng3,gene
1,banf1,banf1,20718995,20723069,-,banf1,NC_069724.1,5076570.0,banf1,C019,Hemibagrus wyckioides,GCF_019097595.1,gng3,gene
2,LOC131369394,LOC131369394,20729857,20740204,+,,,,,C019,Hemibagrus wyckioides,GCF_019097595.1,gng3,gene
3,slc3a2b,slc3a2b,20743440,20747512,+,slc3a2b,NC_069724.1,5087650.0,slc3a2b,C019,Hemibagrus wyckioides,GCF_019097595.1,gng3,gene
4,calm3b,calm3b,20748405,20752719,+,,,,,C019,Hemibagrus wyckioides,GCF_019097595.1,gng3,gene
5,pcxa,pcxa,20754763,20917310,+,pcxa,NC_069724.1,5167190.0,pcxa,C019,Hemibagrus wyckioides,GCF_019097595.1,gng3,gene
6,lrfn4a,lrfn4a,20852926,20862396,-,lrfn4a,NC_069724.1,5194905.0,lrfn4a,C019,Hemibagrus wyckioides,GCF_019097595.1,gng3,gene
7,fkbp2,fkbp2,20928935,20934863,+,fkbp2,NC_069724.1,5250691.0,fkbp2,C019,Hemibagrus wyckioides,GCF_019097595.1,gng3,gene
8,ppp1r14ba,ppp1r14ba,20934688,20945279,-,ppp1r14ba,NC_069724.1,5259524.0,ppp1r14ba,C019,Hemibagrus wyckioides,GCF_019097595.1,gng3,gene
9,slc8a4a,slc8a4a,20957991,21044137,-,slc8a4a,NC_069724.1,5322065.0,slc8a4a,C019,Hemibagrus wyckioides,GCF_019097595.1,gng3,gene
10,bada,bada,21053204,21056130,+,bada,NC_069724.1,5377269.0,bada,C019,Hemibagrus wyckioides,GCF_019097595.1,gng3,gene
-10,si:ch1073-291c23.2,si:ch1073-291c23.2,10420534,10436171,-,si:ch1073-291c23.2,NC_069737.1,8835171.0,si:ch1073-291c23.2,C019,Hemibagrus wyckioides,GCF_019097595.1,aspp2,gene
-9,vit,vit,10438417,10469344,-,vit,NC_069737.1,8811464.0,vit,C019,Hemibagrus wyckioides,GCF_019097595.1,aspp2,gene
-8,LOC131349449,LOC131349449,10500587,10513890,-,cilk1,NC_069737.1,8750166.0,cilk1,C019,Hemibagrus wyckioides,GCF_019097595.1,aspp2,gene
-7,LOC131349208,LOC131349208,10514522,10520455,+,LOC113544342,NC_069737.1,8736028.0,LOC113544342,C019,Hemibagrus wyckioides,GCF_019097595.1,aspp2,gene
-6,LOC131349209,LOC131349209,10520645,10527991,+,LOC113544343,NC_069737.1,8732429.0,LOC113544343,C019,Hemibagrus wyckioides,GCF_019097595.1,aspp2,gene
-5,lgi1a,lgi1a,10528753,10536115,+,lgi1a,NC_069737.1,8719247.0,lgi1a,C019,Hemibagrus wyckioides,GCF_019097595.1,aspp2,gene
-4,LOC131349206,LOC131349206,10536776,10594035,-,LOC113544397,NC_069737.1,8685192.0,LOC113544397,C019,Hemibagrus wyckioides,GCF_019097595.1,aspp2,gene
-3,efemp1,efemp1,10611650,10644147,-,efemp1,NC_069737.1,8624613.0,efemp1,C019,Hemibagrus wyckioides,GCF_019097595.1,aspp2,gene
-2,LOC131349466,LOC131349466,10653848,10669990,-,,,,,C019,Hemibagrus wyckioides,GCF_019097595.1,aspp2,gene
-1,LOC131349465,LOC131349465,10676297,10692289,-,LOC113544437,NC_069737.1,8559191.0,LOC113544437,C019,Hemibagrus wyckioides,GCF_019097595.1,aspp2,gene
0,tp53bp2a,tp53bp2a,10693967,10732487,+,tp53bp2a,NC_069737.1,8530277.0,tp53bp2a,C019,Hemibagrus wyckioides,GCF_019097595.1,aspp2,gene
1,trnat-ugu,trnat-ugu-33,10790678,10790751,-,,,,,C019,Hemibagrus wyckioides,GCF_019097595.1,aspp2,gene
2,trnat-agu,trnat-agu-33,10793403,10793476,-,,,,,C019,Hemibagrus wyckioides,GCF_019097595.1,aspp2,gene
3,LOC131349041,LOC131349041,10857114,11056205,+,LOC113544376,NC_069737.1,8328692.0,LOC113544376,C019,Hemibagrus wyckioides,GCF_019097595.1,aspp2,gene
4,LOC131349039,LOC131349039,11060612,11072316,-,LOC113544435,NC_069737.1,8218529.0,LOC113544435,C019,Hemibagrus wyckioides,GCF_019097595.1,aspp2,gene
5,cutc,cutc,11072562,11085397,+,cutc,NC_069737.1,8203783.0,cutc,C019,Hemibagrus wyckioides,GCF_019097595.1,aspp2,gene
6,abcc2,abcc2,11103580,11177386,+,abcc2,NC_069737.1,8158410.0,abcc2,C019,Hemibagrus wyckioides,GCF_019097595.1,aspp2,gene
7,LOC131349313,LOC131349313,11180398,11184341,+,LOC113544269,NC_069737.1,8128454.0,LOC113544269,C019,Hemibagrus wyckioides,GCF_019097595.1,aspp2,gene
8,arhgap19,arhgap19,11185367,11194432,+,arhgap19,NC_069737.1,8121215.0,arhgap19,C019,Hemibagrus wyckioides,GCF_019097595.1,aspp2,gene
9,slit1a,slit1a,11199620,11287857,+,slit1a,NC_069737.1,8064926.0,slit1a,C019,Hemibagrus wyckioides,GCF_019097595.1,aspp2,gene
10,si:ch211-63p21.8,si:ch211-63p21.8,11291123,11295727,+,si:ch211-63p21.8,NC_069737.1,8013002.0,si:ch211-63p21.8,C019,Hemibagrus wyckioides,GCF_019097595.1,aspp2,gene
-10,trnaq-cug,trnaq-cug-8,15363548,15363619,-,,,,,C019,Hemibagrus wyckioides,GCF_019097595.1,mgp,gene
-9,LOC131362692,LOC131362692,15364854,15381206,-,LOC113524071,NC_069738.1,1676767.0,LOC113524071,C019,Hemibagrus wyckioides,GCF_019097595.1,mgp,gene
-8,LOC131362681,LOC131362681,15384548,15409753,+,LOC117596460,NC_069738.1,1632790.0,LOC117596460,C019,Hemibagrus wyckioides,GCF_019097595.1,mgp,gene
-7,LOC131362622,LOC131362622,15412960,15419568,-,,,,,C019,Hemibagrus wyckioides,GCF_019097595.1,mgp,gene
-6,LOC131362686,LOC131362686,15422445,15434625,+,,,,,C019,Hemibagrus wyckioides,GCF_019097595.1,mgp,gene
-5,LOC131362689,LOC131362689,15422467,15449036,+,,,,,C019,Hemibagrus wyckioides,GCF_019097595.1,mgp,gene
-4,LOC131362693,LOC131362693,15469287,15475351,+,,,,,C019,Hemibagrus wyckioides,GCF_019097595.1,mgp,gene
-3,LOC131362683,LOC131362683,15483315,15494863,-,LOC113524060,NC_069738.1,1512480.0,LOC113524060,C019,Hemibagrus wyckioides,GCF_019097595.1,mgp,gene
-2,ddx47,ddx47,15495406,15503838,-,ddx47,NC_069738.1,1452855.0,ddx47,C019,Hemibagrus wyckioides,GCF_019097595.1,mgp,gene
-1,LOC131362684,LOC131362684,15504487,15510287,-,LOC113524087,NC_069738.1,1445051.0,LOC113524087,C019,Hemibagrus wyckioides,GCF_019097595.1,mgp,gene
0,mgp,mgp,15538906,15547892,-,mgp,NC_069738.1,1427956.0,mgp,C019,Hemibagrus wyckioides,GCF_019097595.1,mgp,gene
1,LOC131362637,LOC131362637,15556070,15566411,+,LOC117596427,NC_069738.1,1421185.0,LOC117596427,C019,Hemibagrus wyckioides,GCF_019097595.1,mgp,gene
2,LOC131362638,LOC131362638,15562905,15568171,-,,,,,C019,Hemibagrus wyckioides,GCF_019097595.1,mgp,gene
3,zgc:65811,zgc:65811,15567393,15579191,+,zgc:65811,NC_069738.1,1386771.0,zgc:65811,C019,Hemibagrus wyckioides,GCF_019097595.1,mgp,gene
4,LOC131362679,LOC131362679,15587152,15593855,+,LOC113524089,NC_069738.1,1371363.0,LOC113524089,C019,Hemibagrus wyckioides,GCF_019097595.1,mgp,gene
5,LOC131362982,LOC131362982,15605587,15607194,-,,,,,C019,Hemibagrus wyckioides,GCF_019097595.1,mgp,gene
6,LOC131362981,LOC131362981,15607246,15614864,+,,,,,C019,Hemibagrus wyckioides,GCF_019097595.1,mgp,gene
7,LOC131362989,LOC131362989,15630793,15631460,-,,,,,C019,Hemibagrus wyckioides,GCF_019097595.1,mgp,gene
8,LOC131362623,LOC131362623,15640827,15642580,+,,,,,C019,Hemibagrus wyckioides,GCF_019097595.1,mgp,gene
9,LOC131362624,LOC131362624,15642774,15650019,-,LOC117596402,NC_069738.1,1360326.0,LOC117596402,C019,Hemibagrus wyckioides,GCF_019097595.1,mgp,gene
10,LOC131362839,LOC131362839,15651735,15654774,+,,,,,C019,Hemibagrus wyckioides,GCF_019097595.1,mgp,gene
-10,LOC131343197,LOC131343197,20996247,21017769,-,wdr31,NC_069733.1,936605.0,wdr31,C019,Hemibagrus wyckioides,GCF_019097595.1,rusc2,gene
-9,poli,poli,21018347,21048008,-,poli,NC_069733.1,928492.0,poli,C019,Hemibagrus wyckioides,GCF_019097595.1,rusc2,gene
-8,pgam5,pgam5,21048044,21059559,+,pgam5,NC_069733.1,921564.0,pgam5,C019,Hemibagrus wyckioides,GCF_019097595.1,rusc2,gene
-7,ankle2,ankle2,21060187,21075241,-,ankle2,NC_069733.1,911219.0,ankle2,C019,Hemibagrus wyckioides,GCF_019097595.1,rusc2,gene
-6,golga3,golga3,21075443,21106988,-,golga3,NC_069733.1,890475.0,golga3,C019,Hemibagrus wyckioides,GCF_019097595.1,rusc2,gene
-5,ranbp1,ranbp1,21108020,21113265,-,ranbp1,NC_069733.1,868898.0,ranbp1,C019,Hemibagrus wyckioides,GCF_019097595.1,rusc2,gene
-4,LOC131343845,LOC131343845,21108873,21109005,-,,,,,C019,Hemibagrus wyckioides,GCF_019097595.1,rusc2,gene
-3,LOC131343647,LOC131343647,21114755,21133649,-,LOC113527911,NC_069733.1,850839.0,LOC113527911,C019,Hemibagrus wyckioides,GCF_019097595.1,rusc2,gene
-2,LOC131343237,LOC131343237,21136297,21357875,+,LOC113528156,NC_069733.1,755601.0,LOC113528156,C019,Hemibagrus wyckioides,GCF_019097595.1,rusc2,gene
-1,atp8b5a,atp8b5a,21364359,21439716,+,atp8b5a,NC_069733.1,705659.0,atp8b5a,C019,Hemibagrus wyckioides,GCF_019097595.1,rusc2,gene
0,rusc2,rusc2,21440971,21459617,+,rusc2,NC_069733.1,677083.0,rusc2,C019,Hemibagrus wyckioides,GCF_019097595.1,rusc2,gene
1,LOC131343267,LOC131343267,21460803,21473233,-,LOC113528158,NC_069733.1,659887.0,LOC113528158,C019,Hemibagrus wyckioides,GCF_019097595.1,rusc2,gene
2,susd1,susd1,21473763,21487902,-,susd1,NC_069733.1,645460.0,susd1,C019,Hemibagrus wyckioides,GCF_019097595.1,rusc2,gene
3,lrp13,lrp13,21495642,21505262,+,lrp13,NC_069733.1,629791.0,lrp13,C019,Hemibagrus wyckioides,GCF_019097595.1,rusc2,gene
4,rchy1,rchy1,21506976,21518889,-,rchy1,NC_069733.1,620200.0,rchy1,C019,Hemibagrus wyckioides,GCF_019097595.1,rusc2,gene
5,LOC131343201,LOC131343201,21522122,21552620,+,LOC117595994,NC_069733.1,349218.0,LOC117595994,C019,Hemibagrus wyckioides,GCF_019097595.1,rusc2,gene
6,LOC131343200,LOC131343200,21560178,21683011,+,,,,,C019,Hemibagrus wyckioides,GCF_019097595.1,rusc2,gene
7,LOC131343202,LOC131343202,21580957,21605943,+,,,,,C019,Hemibagrus wyckioides,GCF_019097595.1,rusc2,gene
8,LOC131343268,LOC131343268,21709567,21812969,+,,,,,C019,Hemibagrus wyckioides,GCF_019097595.1,rusc2,gene
9,LOC131343376,LOC131343376,21783267,21792129,+,,,,,C019,Hemibagrus wyckioides,GCF_019097595.1,rusc2,gene
10,LOC131343524,LOC131343524,21832509,21896548,+,,,,,C019,Hemibagrus wyckioides,GCF_019097595.1,rusc2,gene
-10,LOC124629014,LOC124629014,863819,865607,+,,,,,C028,Ictalurus punctatus,GCF_001660625.3,bmpr1bb,gene
-9,LOC108277272,LOC108277272,873871,881864,+,LOC113544909,NC_069726.1,5076601.0,LOC113544909,C028,Ictalurus punctatus,GCF_001660625.3,bmpr1bb,gene
-8,zdhhc8a,zdhhc8a,883331,897196,+,zdhhc8a,NC_069726.1,5061113.0,zdhhc8a,C028,Ictalurus punctatus,GCF_001660625.3,bmpr1bb,gene
-7,arvcfa,arvcfa,907881,923431,+,arvcfa,NC_069726.1,5033813.0,arvcfa,C028,Ictalurus punctatus,GCF_001660625.3,bmpr1bb,gene
-6,npffr1l3,npffr1l3,932093,943331,+,npffr1l3,NC_069726.1,5014604.0,npffr1l3,C028,Ictalurus punctatus,GCF_001660625.3,bmpr1bb,gene
-5,LOC108276621,LOC108276621,948422,952766,+,LOC113544870,NC_069726.1,4999247.0,LOC113544870,C028,Ictalurus punctatus,GCF_001660625.3,bmpr1bb,gene
-4,smad4a,smad4a,954022,963300,+,smad4a,NC_069726.1,4986937.0,smad4a,C028,Ictalurus punctatus,GCF_001660625.3,bmpr1bb,gene
-3,rfx3,rfx3,963869,989579,-,rfx3,NC_069726.1,4969769.0,rfx3,C028,Ictalurus punctatus,GCF_001660625.3,bmpr1bb,gene
-2,glis3,glis3,990362,1009646,-,glis3,NC_069726.1,4947375.0,glis3,C028,Ictalurus punctatus,GCF_001660625.3,bmpr1bb,gene
-1,unc5cb,unc5cb,1123462,1272302,+,unc5cb,NC_069726.1,4740342.0,unc5cb,C028,Ictalurus punctatus,GCF_001660625.3,bmpr1bb,gene
0,bmpr1bb,bmpr1bb,1274851,1340002,-,bmpr1bb,NC_069726.1,4625948.0,bmpr1bb,C028,Ictalurus punctatus,GCF_001660625.3,bmpr1bb,gene
1,pdlim5b,pdlim5b,1342928,1402019,-,pdlim5b,NC_069726.1,4556173.0,pdlim5b,C028,Ictalurus punctatus,GCF_001660625.3,bmpr1bb,gene
2,LOC108277018,LOC108277018,1393380,1401396,+,,,,,C028,Ictalurus punctatus,GCF_001660625.3,bmpr1bb,gene
3,opn4xa,opn4xa,1406116,1414249,-,opn4xa,NC_069726.1,4513903.0,opn4xa,C028,Ictalurus punctatus,GCF_001660625.3,bmpr1bb,gene
4,gdnfa,gdnfa,1446197,1452488,+,gdnfa,NC_069726.1,4458556.0,gdnfa,C028,Ictalurus punctatus,GCF_001660625.3,bmpr1bb,gene
5,LOC108276964,LOC108276964,1457050,1493727,-,LOC113544945,NC_069726.1,4432102.0,LOC113544945,C028,Ictalurus punctatus,GCF_001660625.3,bmpr1bb,gene
6,cplane1,cplane1,1494771,1515254,-,cplane1,NC_069726.1,4400072.0,cplane1,C028,Ictalurus punctatus,GCF_001660625.3,bmpr1bb,gene
7,LOC108276963,LOC108276963,1515350,1519620,+,LOC113544760,NC_069726.1,4386260.0,LOC113544760,C028,Ictalurus punctatus,GCF_001660625.3,bmpr1bb,gene
8,LOC128635228,LOC128635228,1520101,1520820,+,,,,,C028,Ictalurus punctatus,GCF_001660625.3,bmpr1bb,gene
9,nup155,nup155,1521255,1534801,-,nup155,NC_069726.1,4370078.0,nup155,C028,Ictalurus punctatus,GCF_001660625.3,bmpr1bb,gene
10,nipblb,nipblb,1536920,1570558,-,nipblb,NC_069726.1,4343445.0,nipblb,C028,Ictalurus punctatus,GCF_001660625.3,bmpr1bb,gene
-10,LOC108268767,LOC108268767,27718162,27720038,-,,,,,C028,Ictalurus punctatus,GCF_001660625.3,fgfrl1b,gene
-9,LOC108268770,LOC108268770,27721540,27723463,-,,,,,C028,Ictalurus punctatus,GCF_001660625.3,fgfrl1b,gene
-8,LOC108268763,LOC108268763,27744391,27745356,+,,,,,C028,Ictalurus punctatus,GCF_001660625.3,fgfrl1b,gene
-7,LOC108268750,LOC108268750,27747506,27748951,-,,,,,C028,Ictalurus punctatus,GCF_001660625.3,fgfrl1b,gene
-6,LOC128628727,LOC128628727,27748962,27749608,-,,,,,C028,Ictalurus punctatus,GCF_001660625.3,fgfrl1b,gene
-5,LOC108268719,LOC108268719,27753301,27757403,-,LOC117597649,NC_069716.1,3704668.0,LOC117597649,C028,Ictalurus punctatus,GCF_001660625.3,fgfrl1b,gene
-4,LOC108268730,LOC108268730,27757800,27760076,-,,,,,C028,Ictalurus punctatus,GCF_001660625.3,fgfrl1b,gene
-3,LOC108268744,LOC108268744,27771374,27775456,-,LOC113547171,NC_069716.1,3187467.0,LOC113547171,C028,Ictalurus punctatus,GCF_001660625.3,fgfrl1b,gene
-2,LOC128628787,LOC128628787,27778242,27780321,-,,,,,C028,Ictalurus punctatus,GCF_001660625.3,fgfrl1b,gene
-1,LOC108268722,LOC108268722,27784144,27787384,-,,,,,C028,Ictalurus punctatus,GCF_001660625.3,fgfrl1b,gene
0,fgfrl1b,fgfrl1b,27797186,27841163,-,fgfrl1b,NC_069716.1,3155710.0,fgfrl1b,C028,Ictalurus punctatus,GCF_001660625.3,fgfrl1b,gene
1,LOC128633475,LOC128633475,27934642,27938672,+,,,,,C028,Ictalurus punctatus,GCF_001660625.3,fgfrl1b,gene
2,slc7a11,slc7a11,27951110,27971933,+,slc7a11,NC_069716.1,3031795.0,slc7a11,C028,Ictalurus punctatus,GCF_001660625.3,fgfrl1b,gene
3,pcdh18b,pcdh18b,28125340,28131755,+,pcdh18b,NC_069716.1,2892597.0,pcdh18b,C028,Ictalurus punctatus,GCF_001660625.3,fgfrl1b,gene
4,LOC124628440,LOC124628440,28588217,28618543,-,,,,,C028,Ictalurus punctatus,GCF_001660625.3,fgfrl1b,gene
5,pcdh10b,pcdh10b,28639495,28701844,-,pcdh10b,NC_069716.1,2404959.0,pcdh10b,C028,Ictalurus punctatus,GCF_001660625.3,fgfrl1b,gene
6,adra1bb,adra1bb,28985132,29000488,+,adra1bb,NC_069716.1,2147743.0,adra1bb,C028,Ictalurus punctatus,GCF_001660625.3,fgfrl1b,gene
7,eif4ea,eif4ea,29001967,29010276,-,eif4ea,NC_069716.1,2136416.0,eif4ea,C028,Ictalurus punctatus,GCF_001660625.3,fgfrl1b,gene
8,adh5,adh5,29010803,29016324,-,adh5,NC_069716.1,2127296.0,adh5,C028,Ictalurus punctatus,GCF_001660625.3,fgfrl1b,gene
9,gar1,gar1,29021071,29023974,-,gar1,NC_069716.1,2117693.0,gar1,C028,Ictalurus punctatus,GCF_001660625.3,fgfrl1b,gene
10,lingo2,lingo2,29245490,29529593,+,lingo2,NC_069716.1,1787407.0,lingo2,C028,Ictalurus punctatus,GCF_001660625.3,fgfrl1b,gene
-10,bmpr1bb,bmpr1bb,1274851,1340002,-,bmpr1bb,NC_069726.1,4625948.0,bmpr1bb,C028,Ictalurus punctatus,GCF_001660625.3,nipbl,gene
-9,pdlim5b,pdlim5b,1342928,1402019,-,pdlim5b,NC_069726.1,4556173.0,pdlim5b,C028,Ictalurus punctatus,GCF_001660625.3,nipbl,gene
-8,LOC108277018,LOC108277018,1393380,1401396,+,,,,,C028,Ictalurus punctatus,GCF_001660625.3,nipbl,gene
-7,opn4xa,opn4xa,1406116,1414249,-,opn4xa,NC_069726.1,4513903.0,opn4xa,C028,Ictalurus punctatus,GCF_001660625.3,nipbl,gene
-6,gdnfa,gdnfa,1446197,1452488,+,gdnfa,NC_069726.1,4458556.0,gdnfa,C028,Ictalurus punctatus,GCF_001660625.3,nipbl,gene
-5,LOC108276964,LOC108276964,1457050,1493727,-,LOC113544945,NC_069726.1,4432102.0,LOC113544945,C028,Ictalurus punctatus,GCF_001660625.3,nipbl,gene
-4,cplane1,cplane1,1494771,1515254,-,cplane1,NC_069726.1,4400072.0,cplane1,C028,Ictalurus punctatus,GCF_001660625.3,nipbl,gene
-3,LOC108276963,LOC108276963,1515350,1519620,+,LOC113544760,NC_069726.1,4386260.0,LOC113544760,C028,Ictalurus punctatus,GCF_001660625.3,nipbl,gene
-2,LOC128635228,LOC128635228,1520101,1520820,+,,,,,C028,Ictalurus punctatus,GCF_001660625.3,nipbl,gene
-1,nup155,nup155,1521255,1534801,-,nup155,NC_069726.1,4370078.0,nup155,C028,Ictalurus punctatus,GCF_001660625.3,nipbl,gene
0,nipblb,nipblb,1536920,1570558,-,nipblb,NC_069726.1,4343445.0,nipblb,C028,Ictalurus punctatus,GCF_001660625.3,nipbl,gene
1,slc1a3b,slc1a3b,1577308,1588838,-,slc1a3b,NC_069726.1,4314843.0,slc1a3b,C028,Ictalurus punctatus,GCF_001660625.3,nipbl,gene
2,LOC108276846,LOC108276846,1597116,1608270,+,LOC113544879,NC_069726.1,4288162.0,LOC113544879,C028,Ictalurus punctatus,GCF_001660625.3,nipbl,gene
3,icln,icln,1609254,1614398,-,LOC113544702,NC_069726.1,4276804.0,LOC113544702,C028,Ictalurus punctatus,GCF_001660625.3,nipbl,gene
4,rsf1b.1,rsf1b.1,1618601,1629771,-,rsf1b.1,NC_069726.1,4266555.0,rsf1b.1,C028,Ictalurus punctatus,GCF_001660625.3,nipbl,gene
5,ucp3,ucp3,1636497,1640049,+,ucp3,NC_069726.1,4246912.0,ucp3,C028,Ictalurus punctatus,GCF_001660625.3,nipbl,gene
6,LOC108277060,LOC108277060,1643255,1646532,+,ucp2,NC_069726.1,4239989.0,ucp2,C028,Ictalurus punctatus,GCF_001660625.3,nipbl,gene
7,dnajb13,dnajb13,1646529,1650108,-,dnajb13,NC_069726.1,4237316.0,dnajb13,C028,Ictalurus punctatus,GCF_001660625.3,nipbl,gene
8,mrpl48,mrpl48,1650808,1653556,-,mrpl48,NC_069726.1,4230966.0,mrpl48,C028,Ictalurus punctatus,GCF_001660625.3,nipbl,gene
9,rab6a,rab6a,1654799,1666009,+,rab6a,NC_069726.1,4222224.0,rab6a,C028,Ictalurus punctatus,GCF_001660625.3,nipbl,gene
10,plekhb1,plekhb1,1667529,1674939,-,plekhb1,NC_069726.1,4210136.0,plekhb1,C028,Ictalurus punctatus,GCF_001660625.3,nipbl,gene
-10,cald1a,cald1a,15610542,15672766,-,cald1a,NC_069727.1,16111117.0,cald1a,C028,Ictalurus punctatus,GCF_001660625.3,foxp2,gene
-9,tnni4a,tnni4a,15688219,15696780,-,tnni4a,NC_069727.1,16155150.0,tnni4a,C028,Ictalurus punctatus,GCF_001660625.3,foxp2,gene
-8,LOC108279439,LOC108279439,15817758,15830177,+,LOC113531730,NC_069727.1,16265352.0,LOC113531730,C028,Ictalurus punctatus,GCF_001660625.3,foxp2,gene
-7,LOC124629255,LOC124629255,15864162,15864322,-,,,,,C028,Ictalurus punctatus,GCF_001660625.3,foxp2,gene
-6,dock4b,dock4b,15993343,16103170,-,dock4b,NC_069727.1,16465779.0,dock4b,C028,Ictalurus punctatus,GCF_001660625.3,foxp2,gene
-5,ifrd1,ifrd1,16132640,16141028,+,ifrd1,NC_069727.1,16557095.0,ifrd1,C028,Ictalurus punctatus,GCF_001660625.3,foxp2,gene
-4,tmem168a,tmem168a,16175773,16185745,-,tmem168a,NC_069727.1,16596546.0,tmem168a,C028,Ictalurus punctatus,GCF_001660625.3,foxp2,gene
-3,gpr85,gpr85,16267714,16270992,-,gpr85,NC_069727.1,16668469.0,gpr85,C028,Ictalurus punctatus,GCF_001660625.3,foxp2,gene
-2,LOC128635429,LOC128635429,16272604,16273430,-,LOC113532190,NC_069727.1,16676517.0,LOC113532190,C028,Ictalurus punctatus,GCF_001660625.3,foxp2,gene
-1,ppp1r3aa,ppp1r3aa,16308488,16323299,-,ppp1r3aa,NC_069727.1,16714057.0,ppp1r3aa,C028,Ictalurus punctatus,GCF_001660625.3,foxp2,gene
0,foxp2,foxp2,16328218,16423605,+,foxp2,NC_069727.1,16769203.0,foxp2,C028,Ictalurus punctatus,GCF_001660625.3,foxp2,gene
1,LOC108279959,LOC108279959,16349281,16359416,-,,,,,C028,Ictalurus punctatus,GCF_001660625.3,foxp2,gene
2,mdfic,mdfic,16453669,16479995,+,mdfic,NC_069727.1,16854446.0,mdfic,C028,Ictalurus punctatus,GCF_001660625.3,foxp2,gene
3,tfec,tfec,16659616,16700032,-,tfec,NC_069727.1,17043008.0,tfec,C028,Ictalurus punctatus,GCF_001660625.3,foxp2,gene
4,lta4h,lta4h,16706511,16724192,-,lta4h,NC_069727.1,17079404.0,lta4h,C028,Ictalurus punctatus,GCF_001660625.3,foxp2,gene
5,elk3,elk3,16739367,16751580,+,elk3,NC_069727.1,17111916.0,elk3,C028,Ictalurus punctatus,GCF_001660625.3,foxp2,gene
6,cdk17,cdk17,16751210,16817036,-,cdk17,NC_069727.1,17146490.0,cdk17,C028,Ictalurus punctatus,GCF_001660625.3,foxp2,gene
7,LOC108279818,LOC108279818,16820782,16823160,-,LOC128321183,NC_069727.1,17180938.0,LOC128321183,C028,Ictalurus punctatus,GCF_001660625.3,foxp2,gene
8,phyh,phyh,16830937,16839260,+,phyh,NC_069727.1,17225219.0,phyh,C028,Ictalurus punctatus,GCF_001660625.3,foxp2,gene
9,ucmaa,ucmaa,16846827,16852850,+,ucmaa,NC_069727.1,17245005.0,ucmaa,C028,Ictalurus punctatus,GCF_001660625.3,foxp2,gene
10,mcm10,mcm10,16853114,16878395,-,mcm10,NC_069727.1,17260182.0,mcm10,C028,Ictalurus punctatus,GCF_001660625.3,foxp2,gene
-10,si:dkey-192k22.2,si:dkey-192k22.2,1856830,1870060,+,si:dkey-192k22.2,NC_069737.1,14707391.0,si:dkey-192k22.2,C028,Ictalurus punctatus,GCF_001660625.3,pax5,gene
-9,fam114a1,fam114a1,1870056,1883978,-,fam114a1,NC_069737.1,14695742.0,fam114a1,C028,Ictalurus punctatus,GCF_001660625.3,pax5,gene
-8,trnap-agg,trnap-agg-19,1885815,1885886,+,,,,,C028,Ictalurus punctatus,GCF_001660625.3,pax5,gene
-7,klf3,klf3,1887299,1909669,-,klf3,NC_069737.1,14676218.0,klf3,C028,Ictalurus punctatus,GCF_001660625.3,pax5,gene
-6,tbc1d1,tbc1d1,1930361,1968628,-,tbc1d1,NC_069737.1,14607526.0,tbc1d1,C028,Ictalurus punctatus,GCF_001660625.3,pax5,gene
-5,pgm2,pgm2,1969746,1977621,-,pgm2,NC_069737.1,14572648.0,pgm2,C028,Ictalurus punctatus,GCF_001660625.3,pax5,gene
-4,LOC108260703,LOC108260703,1980368,1996587,-,LOC113547356,NC_069737.1,14551970.0,LOC113547356,C028,Ictalurus punctatus,GCF_001660625.3,pax5,gene
-3,kdm4c,kdm4c,2004638,2014275,+,kdm4c,NC_069737.1,14529061.0,kdm4c,C028,Ictalurus punctatus,GCF_001660625.3,pax5,gene
-2,zcchc7,zcchc7,2013314,2060402,-,zcchc7,NC_069737.1,14497281.0,zcchc7,C028,Ictalurus punctatus,GCF_001660625.3,pax5,gene
-1,LOC128629456,LOC128629456,2061879,2069532,-,,,,,C028,Ictalurus punctatus,GCF_001660625.3,pax5,gene
0,pax5,pax5,2069573,2121663,+,pax5,NC_069737.1,14440751.0,pax5,C028,Ictalurus punctatus,GCF_001660625.3,pax5,gene
1,melk,melk,2132265,2143549,-,melk,NC_069737.1,14394392.0,melk,C028,Ictalurus punctatus,GCF_001660625.3,pax5,gene
2,LOC128629433,LOC128629433,2145120,2146147,-,LOC113547319,NC_069737.1,14387010.0,LOC113547319,C028,Ictalurus punctatus,GCF_001660625.3,pax5,gene
3,zgc:195282,zgc:195282,2150276,2155453,-,zgc:195282,NC_069737.1,14378173.0,zgc:195282,C028,Ictalurus punctatus,GCF_001660625.3,pax5,gene
4,rnf38,rnf38,2163391,2186336,+,rnf38,NC_069737.1,14350596.0,rnf38,C028,Ictalurus punctatus,GCF_001660625.3,pax5,gene
5,chrnb5a,chrnb5a,2198499,2208790,+,chrnb5a,NC_069737.1,14316160.0,chrnb5a,C028,Ictalurus punctatus,GCF_001660625.3,pax5,gene
6,chrna6,chrna6,2214767,2229544,+,chrna6,NC_069737.1,14292754.0,chrna6,C028,Ictalurus punctatus,GCF_001660625.3,pax5,gene
7,chrnb3a,chrnb3a,2244952,2259051,+,chrnb3a,NC_069737.1,14258112.0,chrnb3a,C028,Ictalurus punctatus,GCF_001660625.3,pax5,gene
8,chrna8,chrna8,2265336,2303860,+,chrna8,NC_069737.1,14217699.0,chrna8,C028,Ictalurus punctatus,GCF_001660625.3,pax5,gene
9,dnah6,dnah6,2304909,2346605,-,dnah6,NC_069737.1,14160965.0,dnah6,C028,Ictalurus punctatus,GCF_001660625.3,pax5,gene
10,primpol,primpol,2349921,2355984,-,primpol,NC_069737.1,14128851.0,primpol,C028,Ictalurus punctatus,GCF_001660625.3,pax5,gene
