locus_id,cat_chrom,cat_seqid,region_start_x,region_end_x,proj_point,n_anchors,anchors,max_n_support,median_collinear,min_p_coloc,conservation_class,best_anchor,resolution_methods,source_sheet,row_no,species_reported,species,proxy_species,trait,trait_category,marker_id,anchor_type,chrom_reported,pos_reported,region_start_y,region_end_y,effect,p_value,gwas_threshold,sample_size,genotyping,n_markers,n_sig_snps,population,age_stage,study_doi,year,ref_genome_text,ref_genome_accession,source_assembly,source_assembly_name,source_assembly_level,candidate_genes_raw,candidate_genes,n_candidate_genes,tier,tier_reason,other_note,provenance,bounds_check,design_check,final_ok,point_shift_bp,anchor_own_resolved,proj_point_v1_correction,region_start_x_v1_correction,region_end_x_v1_correction,correction_method,hotspot_dedup_status
L029,chr1,NC_069710.1,2292530,3657251,2292530,1,fez2,6.0,0.833,5.480593325655093e-08,strong,fez2,catfish-bridge:RBH,literature_expansion,29,Epinephelus coioides,Epinephelus coioides,,,Growth,,,,,,,,,,,double digest restriction site associated DNA sequencing (ddRADseq),,,,,10.3390/ijms17040501,2016.0,,,GCA_051314025.1,ASM5131402v1,Chromosome,fez2;alg3;ece2;arvcf;sla27a4;sgk223;camk2;prrc2b;mchr1;sardh;pappa;syk;tert;wdrcp91;ftz-f1;mate1;notch1,fez2;alg3;ece2;arvcf;sla27a4;sgk223;camk2;prrc2b;mchr1;sardh;pappa;syk;tert;wdrcp91;ftz-f1;mate1;notch1,17,B,no usable marker coordinate; anchored on reported candidate gene(s),OpenAlex https://openalex.org/W2329300838; Genome-Wide Mapping of Growth-Related Quantitative Trait Loci in Orange-Spotted Grouper (Epinephelus coioides) Using Dou,agent_curated,OK,MATCH,True,1333607.0,True,2292530,2292530,3657251,single_anchor_own_pos;region_pts=6/11,used_in_hotspot_clustering
W024,chr1,NC_069710.1,2801278,3502783,2825976,1,GDF6,13.0,0.538,3.367878148003425e-23,moderate,GDF6,source:duplicate-suffix,study_wise,24,Oreochromis niloticus (Nile tilapia),Oreochromis niloticus,,Average daily gain; body weight at harvest; body length at harvest; head weight; gutted head-on weight; waste weight; fillet weight; fillet yield,Growth,,,,,,,,,,"1,309 (72 families)",50K Illumina SNP BeadChip imputed to whole-genome sequence,"29,587 SNPs post-QC; 1,324,420 SNPs imputed panel","827-1,920 significant variants per trait (multi-trait GWAS); peaks on LG03, LG12, LG13",Cultured commercial breeding nucleus,~370 days at harvest,10.1186/s12864-020-07341-z,2021.0,Nile tilapia chromosome-level assembly,,GCF_001858045.2,O_niloticus_UMD_NMBU,Chromosome,FUT8; SLC4A2; ADAMTS9; HEG1; COL4A1; GDF6; ASB2; NUP107,FUT8;SLC4A2;ADAMTS9;HEG1;COL4A1;GDF6;ASB2;NUP107,8,B,no usable marker coordinate; anchored on reported candidate gene(s),"Yoshida & Yanez, BMC Genomics. Imputation to WGS density.",user_workbook,OK,MATCH,True,273651.0,True,2825976,2801278,3502783,single_anchor_own_pos;region_pts=13/13,used_in_hotspot_clustering
W044,chr1,NC_069710.1,9496722,9546722,9521722,1,cavin4b,1.0,,0.013082043430987,unsupported,cavin4b,source:exact/synonym,study_wise,44,Micropterus salmoides (largemouth bass),Micropterus salmoides,,Body weight; body length; body height; body thickness; caudal peduncle length; caudal peduncle height,Growth,,,,,,,,,,"1,066 (two populations)","Whole-genome resequencing (Illumina NovaSeq X, PE150)","1,809,116 SNPs after QC","15 SNPs (6 genome-wide significant + 9 suggestive); e.g. BW chr23:8,370,508 and chr23:20,121,867; BH chr1:3,391,027",Cultured (Chinese aquaculture),NR,10.3389/fmolb.2024.1443522,2024.0,GCA_019677235.1,GCA_019677235.1,GCF_014851395.1,ASM1485139v1,Scaffold,igf1; myf5; myf6; igf2r; cavin4b (24 genes total),igf1;myf5;myf6;igf2r;cavin4b,5,B,no usable marker coordinate; anchored on reported candidate gene(s),"Han et al., Front Mol Biosci. Bonferroni threshold 6.42E-07 (77,935 effective SNPs).",user_workbook,OK,MATCH,True,0.0,True,9521722,9521722,9521722,single_anchor_own_pos;region_pts=1/1;padded_25kb_single_point_region,used_in_hotspot_clustering
W059,chr1,NC_069710.1,13047709,13909802,13909802,1,cdk5,14.0,0.714,4.702074783788356e-23,strong,cdk5,source:exact/synonym,study_wise,59,Lateolabrax maculatus (spotted sea bass),Lateolabrax maculatus,,Body weight; total length; body length; trunk length; head length; eye diameter; body height; head height; snout length; caudal peduncle height/length; caudal fin length,Growth,,,,,,,,,,150,'Sea Bass No.1' 40K liquid breeding array (genotyping-by-target-sequencing),"41,535 SNPs after QC","31 SNPs for growth traits (plus 35 microbiota, 124 fatty-acid)","Cultured selected breeding population (Zhuhai, China)","Same growth stage, healthy individuals",10.3389/fmars.2026.1757876,2026.0,GCA_004028665.1 (~668 Mb),GCA_004028665.1,GCA_031216445.1,YSFRI_Lmacu_1.1,Chromosome,pkce; gdf10-like; slc28a3; kif; erb; cdk5; pgc-1a (37 growth-related of 225 total),pkce;slc28a3;cdk5,3,B,no usable marker coordinate; anchored on reported candidate gene(s),"Chen et al., Front Mar Sci. Threshold 1E-04.",user_workbook,OK,MATCH,True,684077.0,True,13909802,13047709,13909802,single_anchor_own_pos;region_pts=14/14,used_in_hotspot_clustering
W006,chr1,NC_069710.1,4439822,4809318,4809318,1,MRAP2,4.0,1.0,5.774805778411311e-06,moderate,MRAP2,catfish-bridge:RBH,study_wise,6,Salmo salar (Atlantic salmon),Salmo salar,,Body weight at tagging (BWT); body weight at 25 months (BW25M),Growth,,,,,,,,,,"4,662 genotyped animals",50K SNP chip imputed to 200K (FImpute),"~200,000 imputed SNPs",Top 1-Mb windows explained max 3.71% (BWT) and 3.61% (BW25M) of genetic variance; peaks on chr 21 and 27,Cultured farmed population,Tagging and 25 months,10.1111/age.12621,2017.0,NR,,GCF_965601325.1,fSalSal1,Chromosome,VTN (vitronectin); WNT1-inducible-signaling pathway protein 3; MRAP2; myosin light chain kinase; TGF-beta receptor type 3; myosin light chain 1,VTN;MRAP2,2,B,no usable marker coordinate; anchored on reported candidate gene(s),"ADDED from Yanez et al. 2023 review (ref 41). Yoshida et al., Anim Genet 48(6):698-703. Bayes C window-based GWAS; polygenic architecture.",user_workbook,POINT_OUTSIDE_REGION,MISMATCH,True,650083.0,True,16775524,16101804,16600464,single_anchor_own_pos;region_pts=3/7,used_in_hotspot_clustering
W033,chr1,NC_069710.1,18098577,20808875,19924148,2,tg;tgfbr2,8.0,0.9165,3.3396300054674085e-11,strong,tg,source:duplicate-suffix;source:exact/synonym,study_wise,33,Siniperca chuatsi (mandarin fish),Siniperca chuatsi,,"Body weight, body thickness, body height, total length, slaughter weight, body length",Growth,,,,,,,,,,160,SLAF-seq / SNP genotyping,"5,205 high-quality SNPs",11 significant; 37 suggestive,Cultured (all),Not reported (all),10.1016/j.aquaculture.2021.737879,2022.0,Not reported (all),,GCF_020085105.1,ASM2008510v1,Chromosome,"65 candidate genes; e.g., asns, tg, mkk6, htra1, rnf213, ttn, tgfbr2, nck2.",asns;tg;mkk6;htra1;rnf213;ttn;tgfbr2;nck2,8,B,no usable marker coordinate; anchored on reported candidate gene(s),"Zhou et al., Aquaculture. Details not retrievable here.",user_workbook,OK,MISMATCH,True,432707.0,False,19491441,18098577,20808875,anchor_conflict_unresolved;fallback_flanking_window;dropped_outliers=6,used_in_hotspot_clustering
S018,chr1,NC_069710.1,19631510,19790995,19790995,1,nes,7.0,1.0,7.601744729503754e-12,strong,nes,source:exact/synonym,SNP_level,18,Epinephelus tukula,Epinephelus tukula,Epinephelus lanceolatus,Growth traits (validated),Growth,Chr3 lead SNP,snp,Chr 3,7087462.0,,,NR,< 1E-05,P < 1E-05,169 (+101 hybrids),WGS (MGISEQ-2000),"1,129,992",,Wild-origin broodstock (Hainan),5-7 years,10.1007/s10126-025-10502-4,,Unpublished E. tukula assembly,,GCF_041903045.1,ASM4190304v1,Chromosome,CCDC102A / NTRK2 / CTSL / OTOF / nestin,CCDC102A;NTRK2;CTSL;OTOF;nestin;nes,6,B,position reported but assembly not stated or ambiguous; falls back to gene anchoring,,user_workbook,OK,MATCH,True,129317.0,True,19790995,19631510,19790995,single_anchor_own_pos;region_pts=7/9,used_in_hotspot_clustering
W049,chr1,NC_069710.1,19631510,19790995,19790995,1,nes,7.0,1.0,7.601744729503754e-12,strong,nes,source:exact/synonym,study_wise,49,Epinephelus tukula (potato grouper),Epinephelus tukula,Epinephelus lanceolatus,Body weight; body length; body height; whole length; head length; caudal peduncle length; caudal peduncle height,Growth,,,,,,,,,,169 (+101 hybrids for validation),Whole-genome resequencing (MGISEQ-2000),"1,129,992 SNPs after QC","26 SNPs on chr3, 9, 10, 11, 13, 14, 15, 16, 19, 20, 21, 22; 5 validated (chr3:7,087,462; chr11:43,373,246; chr19:48,255,459; chr21:25,892,144; chr21:39,218,913)",Wild/broodstock from four Hainan regions,5-7 years old,10.1007/s10126-025-10502-4,2025.0,Unpublished E. tukula reference genome,,GCF_041903045.1,ASM4190304v1,Chromosome,CCDC102A; NTRK2; CTSL; OTOF; nestin,CCDC102A;NTRK2;CTSL;OTOF;nestin;nes,6,B,no usable marker coordinate; anchored on reported candidate gene(s),"Cao et al., Mar Biotechnol. Threshold P<1E-05; core germplasm construction.",user_workbook,OK,MATCH,True,129317.0,True,19790995,19631510,19790995,single_anchor_own_pos;region_pts=7/9,used_in_hotspot_clustering
W008,chr1,NC_069710.1,20298848,22207727,20298848,1,csnk2a1,4.0,0.75,8.979974887857002e-06,moderate,csnk2a1,catfish-bridge:RBH,study_wise,8,Epinephelus coioides (orange-spotted grouper),Epinephelus coioides,,Body weight; total length,Growth,,,,,,,,,,198,RAD-seq,"261,366 SNPs",110 growth-correlated SNPs; 20 confirmed for both body weight and total length,Natural population,NR,10.1007/s11427-017-9161-4,2018.0,NR,,GCA_051314025.1,ASM5131402v1,Chromosome,"npy2r (key); adgrb2, csnk2a1, cers5, col22a1, creb5, dnd1, dzank1, dnai1, fat3, lrrk2, lrp5, map3k9 (34 genes total)",npy2r;adgrb2;csnk2a1;cers5;col22a1;creb5;dnd1;dzank1;dnai1;fat3;lrrk2;lrp5;map3k9,13,B,no usable marker coordinate; anchored on reported candidate gene(s),"Yu et al., Sci China Life Sci. First RAD-seq GWAS in this species.",user_workbook,OK,MATCH,True,5925422.0,True,20298848,20298848,26654255,single_anchor_own_pos;region_pts=3/8,used_in_hotspot_clustering
W043,chr1,NC_069710.1,21771409,22207727,22171580,1,c4b,10.0,1.0,1.595705087676853e-18,strong,c4b,source:exact/synonym,study_wise,43,Lateolabrax maculatus (spotted sea bass),Lateolabrax maculatus,,"Growth traits, InDel-based (total length used for genomic prediction)",Growth,,,,,,,,,,Not reported (all),Whole-genome resequencing; InDel markers,Not reported (all),"97 significant InDels, including a 6bp insertion in an exon",Cultured; DY and TS populations,Not reported (all),10.1002/aro2.87,2024.0,Not reported (all),,GCA_031216445.1,YSFRI_Lmacu_1.1,Chromosome,"c4b, fgf4, dnajb9 (novel); only 5 (DY) and 1 (TS) overlapped the same group's earlier SNP-based GWAS candidates",c4b;fgf4;dnajb9;SNP-based,4,B,no usable marker coordinate; anchored on reported candidate gene(s),"Zhang et al., Animal Research and One Health (Wiley). InDel-based GWAS + genomic prediction; details not fully retrieved.",user_workbook,OK,MATCH,True,168054.0,True,22171580,21771409,22207727,single_anchor_own_pos;region_pts=10/11,used_in_hotspot_clustering
L027,chr2,NC_069711.1,104841,847796,835146,1,STAT,10.0,0.6,9.460377856031856e-18,moderate,STAT,source:duplicate-suffix,literature_expansion,27,Dicentrarchus labrax,Dicentrarchus labrax,,growth;morphometric traits;body weight,Growth,,,,,,,,,,,,,,,,10.1016/j.aquaculture.2016.01.004,2016.0,,,GCF_905237075.1,dlabrax2021,Scaffold,Jak;STAT;MAPK;growth hormone;IGFI;IGFII,Jak;STAT;MAPK;IGFI;IGFII;gh1,6,B,no usable marker coordinate; anchored on reported candidate gene(s),OpenAlex https://openalex.org/W2236639149; Characterization and refinement of growth related quantitative trait loci in European sea bass (Dicentrarchus labrax) us,agent_curated,OK,MATCH,True,66968.0,True,835146,104841,847796,single_anchor_own_pos;region_pts=10/12,excluded_from_hotspot_clustering (redundant same-locus-same-chromosome anchor; see kept row)
W046,chr2,NC_069711.1,6295112,8923878,6433448,3,gdf5;gnai2b;uqcc1,10.0,0.8,1.400907326632718e-16,strong,gnai2b,catfish-bridge:RBH;source:exact/synonym,study_wise,46,Sparus aurata (gilthead seabream),Sparus aurata,,"Harvest weight, fillet weight, thermal growth coefficient; organ weights (VW, LW, HeW) across environments (GxE)",Growth,,,,,,,,,,"1,901 after QC; 934 (Spain) / 967 (Greece) for growth traits",Axiom SNP array,"32,359 genotyped; 29,111 after QC",14 suggestive/significant SNPs each in Spain and Greece; 15 organ-weight SNPs in Spain; 17 organ-weight SNPs in Greece,"Commercial production sites, Spain and Greece",Harvest stage; environments differ in temperature,10.1016/j.aquaculture.2024.740984,2024.0,Gilthead seabream genome reference,,GCF_900880675.2,fSpaAur1.2,Chromosome,"specific genes (ncan, znf292, zfr — Spain; traf2a, tnc, zfr, uqcc1, gdf5, hmgcra, gnai2b, si — Greece); GO/KEGG functional terms (light absorption, ECM-receptor interaction — Spain; response to stimulus, cell adhesion, phosphorylation regulation — Greece)",ncan;znf292;traf2a;tnc;zfr;uqcc1;gdf5;hmgcra;gnai2b,9,B,no usable marker coordinate; anchored on reported candidate gene(s),Aquaculture. Genotype-by-environment interaction GWAS. Details not retrievable here.,user_workbook,OK,MISMATCH,True,43250.0,True,6461396,6295112,8923878,multi_anchor_cluster=2/3;region_pts=21/21,used_in_hotspot_clustering
W026,chr2,NC_069711.1,7076975,8262182,7833465,1,eif4e3,14.0,1.0,6.371095831407633e-26,strong,eif4e3,catfish-bridge:RBH,study_wise,26,Oreochromis niloticus (Nile tilapia),Oreochromis niloticus,,Body weight gain; feed conversion ratio; residual feed intake; feed intake,Growth,,,,,,,,,,"755 after QC (of 1,200; 40 full-sib families)",ThermoFisher Axiom 65K SNP array,"48,431 SNPs after QC",10 SNPs on LG5 (body weight gain); 1 SNP on LG7 (feed intake),Cultured GIFT breeding programme,NR,10.3389/fgene.2021.737906,2021.0,GCA_001858045.3,GCA_001858045.3,GCF_001858045.2,O_niloticus_UMD_NMBU,Chromosome,ghrh; eif4e3; ntrk3a,ghrh;eif4e3;ntrk3a,3,B,no usable marker coordinate; anchored on reported candidate gene(s),"Barria et al., Front Genet. Growth-efficiency traits.",user_workbook,OK,MISMATCH,True,84433.0,False,7917898,7076975,8262182,fallback_flanking_window;,used_in_hotspot_clustering
W025,chr2,NC_069711.1,3643991,11790509,7967887,1,aurk,4.0,1.0,3.5619414326253494e-05,moderate,aurk,source:duplicate-suffix,study_wise,25,Oreochromis niloticus (Nile tilapia),Oreochromis niloticus,,Body weight at five time points (BW1-BW5) under hypoxia and normoxia,Growth,,,,,,,,,,"3,140 phenotyped; 2,063 genotyped","RAD-seq (ApeKI, Illumina HiSeq 2000)","27,090 SNPs","36 (hypoxic), 29 (normoxic), 33 (meta-analysis)",Cultured GIFT generation 16,Five measurements over ~217 days,10.1186/s12864-021-07486-5,2021.0,GCF_001858045.1,GCF_001858045.1,GCF_001858045.2,O_niloticus_UMD_NMBU,Chromosome,igf1rb; rora; efna3; aurk; MAPK and VEGF signalling,igf1rb;rora;efna3;aurk;MAPK;VEGF,6,B,no usable marker coordinate; anchored on reported candidate gene(s),"Yu et al., BMC Genomics. Growth under oxygen stress; GxE design.",user_workbook,POINT_OUTSIDE_REGION,MISMATCH,True,4283869.0,False,12251756,11569192,11790509,fallback_flanking_window;,used_in_hotspot_clustering
W023,chr2,NC_069711.1,14953745,15706486,15679331,1,CISH,4.0,1.0,1.965785262026166e-06,moderate,CISH,source:exact/synonym,study_wise,23,Oncorhynchus mykiss (rainbow trout),Oncorhynchus mykiss,,Body weight; body length; average daily gain - all under 62-day chronic heat stress,Growth,,,,,,,,,,956 (192 on 1K panel + 764 on 26K panel); 102 parents as imputation reference,Custom 1K and 26K SNP panels imputed to whole-genome sequence,Imputed WGS variants,"Top five cumulative SNPs explained max 0.94% (BW), 0.86% (BL), 0.51% (ADG) of genetic variance; signals on Omy3 and Omy7",Cultured breeding population under chronic thermal challenge,62-day heat-stress challenge,10.1111/eva.13240,2021.0,"GCA_013265735.3 USDA_OmykA_1.1 (Top 5 SNPs BLAST use Omyk_1.0, GCA_002163495.1 reference",GCA_013265735.3,GCF_013265735.2,USDA_OmykA_1.1,Chromosome,STAT5B; STAT3; CISH,STAT5B;STAT3;CISH,3,B,no usable marker coordinate; anchored on reported candidate gene(s),"ADDED from Yanez et al. 2023 review (ref 64). Yoshida & Yanez, Evol Appl 15(4):537-552. h2 0.33-0.55; GWAS-preselected SNPs improved prediction accuracy 1.2-13.3%.",user_workbook,OK,MATCH,True,7497.0,True,15679331,14953745,15706486,single_anchor_own_pos;region_pts=4/7,used_in_hotspot_clustering
L027,chr2,NC_069711.1,20887743,21920310,21345791,1,Jak,19.0,0.737,3.254130273935032e-35,strong,Jak,source:duplicate-suffix,literature_expansion,27,Dicentrarchus labrax,Dicentrarchus labrax,,growth;morphometric traits;body weight,Growth,,,,,,,,,,,,,,,,10.1016/j.aquaculture.2016.01.004,2016.0,,,GCF_905237075.1,dlabrax2021,Scaffold,Jak;STAT;MAPK;growth hormone;IGFI;IGFII,Jak;STAT;MAPK;IGFI;IGFII;gh1,6,B,no usable marker coordinate; anchored on reported candidate gene(s),OpenAlex https://openalex.org/W2236639149; Characterization and refinement of growth related quantitative trait loci in European sea bass (Dicentrarchus labrax) us,agent_curated,OK,MATCH,True,0.0,True,21345791,20887743,21920310,single_anchor_own_pos;region_pts=19/19,used_in_hotspot_clustering
L028,chr2,NC_069711.1,22675637,23735686,23307115,1,DMRT2b,11.0,0.909,1.9205758018691918e-21,strong,DMRT2b,source:exact/synonym,literature_expansion,28,Cyprinus carpio,Cyprinus carpio,,growth-related traits,Growth,,,,,,,,,,,carp 250 K single nucleotide polymorphism (SNP) array,,,,,10.1038/srep26693,2016.0,,,GCF_018340385.1,ASM1834038v1,Chromosome,KISS2;IGF1;SMTLB;NPFFR1;CPE;3KSR;DMRT2b,KISS2;IGF1;SMTLB;NPFFR1;CPE;DMRT2b,6,B,no usable marker coordinate; anchored on reported candidate gene(s),OpenAlex https://openalex.org/W2399766115; An ultra-high density linkage map and QTL mapping for sex and growth-related traits of common carp (Cyprinus carpio),agent_curated,OK,MISMATCH,True,48777.0,False,23355892,22675637,23735686,fallback_flanking_window;,used_in_hotspot_clustering
W015,chr2,NC_069711.1,34539518,35481028,34539518,1,UTP6,6.0,0.667,1.3722020134673659e-10,moderate,UTP6,source:exact/synonym,study_wise,15,Oreochromis niloticus (Nile tilapia),Oreochromis niloticus,,Harvest weight; fillet yield,Growth,,,,,,,,,,"5,866 phenotyped; 1,238 genotyped",Illumina 50K SNP BeadChip,"32,306 SNPs after QC",No major QTL; top 20-SNP windows only (polygenic),"Cultured breeding nucleus (8 generations of selection), Costa Rica",~13 months (mean 401 days),10.1534/g3.119.400116,2019.0,O. niloticus GCA_001858045.3,GCA_001858045.3,GCF_001858045.2,O_niloticus_UMD_NMBU,Chromosome,"Harvest weight: NPR1, EXTL3. Fillet yield: UTP6, RAB31, FSTL3",RAB31;FSTL3;NPR1;EXTL3;UTP6,5,B,no usable marker coordinate; anchored on reported candidate gene(s),"Yoshida et al., G3. Also tested low-density panels for cost-efficient genomic prediction.",user_workbook,OK,MATCH,True,92765.0,True,34539518,34539518,35481028,single_anchor_own_pos;region_pts=6/6,used_in_hotspot_clustering
W061,chr3,NC_069712.1,7816096,9105079,7816096,1,maml3,5.0,0.8,9.140939860521625e-08,moderate,maml3,source:exact/synonym,study_wise,61,Plecoglossus altivelis (ayu),Plecoglossus altivelis,Hypomesus transpacificus,Body weight; total length; body length; body height; eye diameter (plus gonad weight),Growth,,,,,,,,,,171 after QC (of 426 genotyped),DNBSEQ (T7) sequencing,"555,242 SNPs","GCTA: 1,047 loci (growth); GEMMA: 671 SNPs (growth); multi-trait: 37 SNPs",Cultured closed breeding population,5 months old,10.3390/ani16040670,2026.0,Pal_1.0,,GCF_021917145.1,fHypTra1,Chromosome,abat; maml3; cica; LOC124013321; slc25a12; dnah10; syt9a,abat;maml3;LOC124013321;slc25a12;dnah10;syt9a,6,B,no usable marker coordinate; anchored on reported candidate gene(s),"Chang et al., Animals. Thresholds P<=5E-08 (genome-wide), P<=1E-05 (suggestive).",user_workbook,OK,MATCH,True,125401.0,True,7816096,7816096,9105079,single_anchor_own_pos;region_pts=5/5,used_in_hotspot_clustering
L006,chr3,NC_069712.1,13670152,17871452,15265132,1,gh,10.0,0.7,2.625852950332614e-15,strong,gh,source:exact/synonym,literature_expansion,6,Cynoglossus semilaevis,Cynoglossus semilaevis,,growth size heteromorphism;growth and development;fish size,Growth,,,,,,,,,,500.0,,,,,,10.3390/ani15081130,2025.0,,,GCF_000523025.1,Cse_v1.0,Chromosome,grid1;grid2;shcbp1;sass6;cdca7;gh;igf1,grid1;grid2;shcbp1;sass6;cdca7;gh;igf1,7,B,no usable marker coordinate; anchored on reported candidate gene(s),OpenAlex https://openalex.org/W4409434253; Molecular Mechanism of the Grid Gene Family Regulating Growth Size Heteromorphism in Cynoglossus semilaevis,agent_curated,OK,MISMATCH,True,136923.0,False,15402055,13670152,17871452,fallback_flanking_window;,used_in_hotspot_clustering
L012,chr3,NC_069712.1,15420364,16810781,16721740,2,pprc1;rrp12,14.0,0.607,4.299898583623572e-27,strong,rrp12,source:exact/synonym,literature_expansion,12,Oreochromis niloticus,Oreochromis niloticus,,harvest weight;daily growth coefficient (DGC),Growth,,,,,,,,,,1500.0,,,,,,10.1016/j.aquaculture.2022.738522,2022.0,,,GCF_001858045.2,O_niloticus_UMD_NMBU,Chromosome,hip1;hectd1;elna;smyd1b;rrp12;pprc1,hip1;hectd1;elna;smyd1b;rrp12;pprc1,6,B,no usable marker coordinate; anchored on reported candidate gene(s),OpenAlex https://openalex.org/W4283076785; Quantitative trait loci controlling swimming performance and their effect on growth in Nile tilapia (Oreochromis nilotic,agent_curated,OK,MISMATCH,True,2044497.0,False,18766237,15420364,20810956,anchor_conflict_unresolved;fallback_flanking_window;dropped_outliers=8,used_in_hotspot_clustering
L001,chr3,NC_069712.1,19640469,20201040,19998840,1,atrn,16.0,1.0,1.2355998859424853e-29,strong,atrn,source:exact/synonym,literature_expansion,1,Scophthalmus maximus,Scophthalmus maximus,,body weight (BW);total length (TL);body length (BL);body depth (BD);trunk length (TUL);head length (HL);snout length (SnL);caudal peduncle depth (CPD);eye diameter (ED);post-orbital head length (PoL);interorbital width (IW),Growth,,snp,19,16017254.0,,,,,,177.0,whole-genome resequencing,,,,,10.3390/ijms27156689,2026.0,,,GCF_022379125.1,ASM2237912v1,Chromosome,fam81b;atrn;iqgap1;enah;baz2a;amd1,fam81b;atrn;iqgap1;enah;baz2a;amd1,6,B,position reported but assembly not stated or ambiguous; falls back to gene anchoring,OpenAlex https://openalex.org/W7171393758; Genetic Architecture of Growth Traits in Turbot (Scophthalmus maximus) Revealed by Genome-Wide Association Studies,agent_curated,OK,MATCH,True,151877.0,True,19998840,19640469,20201040,single_anchor_own_pos;region_pts=16/16,used_in_hotspot_clustering
W030,chr3,NC_069712.1,19705336,20513932,20139004,1,ky,21.0,1.0,2.819598811289979e-40,strong,ky,source:exact/synonym,study_wise,30,Leiocassis longirostris (Chinese longsnout catfish),Leiocassis longirostris,Tachysurus fulvidraco,"Body mass, total length, standard length, head width, snout length, caudal peduncle depth",Growth,,,,,,,,,,200,"whole-genome resequencing (Illumina NovaSeq, ~9.5x)""","1,260,645 SNPs","31 significant overall, but the per-trait breakdown  (12 body mass, 5 total length, 6 standard length, 9 head width, 4 snout length, 8 caudal peduncle depth) sums to 44","Cultured, China",Not reported (all),10.1016/j.aquaculture.2022.738513,2022.0,PRJNA692071,,GCF_022655615.1,HZAU_PFXX_2.0,Chromosome,"285 candidate genes total (96 BW, 31 TL, 39 SL, 61 HW, 22 snout, 36 caudal); named genes enox2, ky, coma1, matn1, sdc3, if2b3, kif3a, h1b, cadh7, rerg, fabph",ky;coma1;matn1;sdc3;kif3a;h1b;rerg;enox2,8,B,no usable marker coordinate; anchored on reported candidate gene(s),Aquaculture. Growth-related markers for selection. Details not retrievable here.,user_workbook,OK,MATCH,True,0.0,True,20139004,19705336,20513932,single_anchor_own_pos;region_pts=21/21,used_in_hotspot_clustering
W045,chr3,NC_069712.1,21218534,21666620,21433529,1,CAMKMT,11.0,1.0,1.3180944592060843e-16,strong,CAMKMT,source:exact/synonym,study_wise,45,"Siniperca chuatsi (mandarin fish), all-female population",Siniperca chuatsi,,"Body weight, body length, whole length, body height, body thickness",Growth,,,,,,,,,,192 (100 additional for validation),ddRAD-seq,"49,940 SNPs",6 significant SNPs; PVE 9.66-19.47%; 4 of the 6 associated with all traits. Additional 25 suggestive SNPs,"All-female cultured population, strain ""Dinggui I"" (GS-04-001-2021)",Not reported (all),10.1016/j.aquaculture.2024.740778,2024.0,"Mandarin fish genome (He et al., 2020)",,GCF_020085105.1,ASM2008510v1,Chromosome,"AKT2, CCNT2, EPB41L2, CAMKMT",AKT2;CCNT2;EPB41L2;CAMKMT,4,B,no usable marker coordinate; anchored on reported candidate gene(s),Aquaculture. Details not retrievable here.,user_workbook,OK,MATCH,True,67754.0,True,21433529,21218534,21666620,single_anchor_own_pos;region_pts=11/11,used_in_hotspot_clustering
W051,chr3,NC_069712.1,24302486,26964305,26661917,1,fgfr2,13.0,0.462,8.287467159120525e-21,weak,fgfr2,source:exact/synonym,study_wise,51,Mastacembelus armatus (zig-zag eel),Mastacembelus armatus,,Body height; body length; body weight; body thickness; head length; total length,Growth,,,,,,,,,,175,Whole-genome resequencing,"13,844,114 SNPs across 24 chromosomes","2, 1, 2, 2, 1 and 2 SNPs for the six traits respectively",Cultured (South China),NR,10.1007/s10126-025-10510-4,2025.0,NR,,GCF_900324485.3,fMasArm1.3,Chromosome,ppt1; cap1; lnr; fgfr2,ppt1;cap1;fgfr2,3,B,no usable marker coordinate; anchored on reported candidate gene(s),"Han et al., Mar Biotechnol.",user_workbook,OK,MATCH,True,56146.0,True,26661917,24302486,31133723,single_anchor_own_pos;region_pts=6/15,used_in_hotspot_clustering
W035,chr3,NC_069712.1,28906325,30496487,30070770,1,zfyve21,17.0,0.882,9.626867011160682e-33,strong,zfyve21,source:exact/synonym,study_wise,35,Clarias macrocephalus (bighead catfish),Clarias macrocephalus,Clarias gariepinus,"Body weight, standard length, total length",Growth,,,,,,,,,,991 (74 full-sib + 31 half-sib families),DArTseq genotyping-by-sequencing,"9,530 SNPs",19 markers associated with growth traits; PVE 1.02-6.59%,Selectively bred population in Thailand (74 full-sib + 31 half-sib families),8 months old,10.1016/j.aquaculture.2022.738748,2023.0,Not reported (all),,GCF_024256425.1,CGAR_prim_01v2,Chromosome,"egln2, zfyve21, jph3a, + one hypothetical protein",egln2;zfyve21;jph3a,3,B,no usable marker coordinate; anchored on reported candidate gene(s),Aquaculture. GWAS + genomic prediction. Details not retrievable here.,user_workbook,OK,MATCH,True,0.0,True,30070770,28906325,30496487,single_anchor_own_pos;region_pts=17/17,used_in_hotspot_clustering
W041,chr3,NC_069712.1,29481047,30375190,30192593,1,smoc2,12.0,0.917,1.10227651958724e-20,strong,smoc2,source:exact/synonym,study_wise,41,Ctenopharyngodon idella (grass carp),Ctenopharyngodon idella,,"Growth traits (BW, BL, BH per v1)",Growth,,,,,,,,,,Not reported (all),Whole-genome resequencing,"4,854,366 SNPs",31 significant SNPs,"Cultured grass carp; mapping population derived from wild founders collected from Yangtze, Pearl and Xiangjiang Rivers.",Not reported (all),10.1016/j.aquaculture.2024.741129,2024.0,"Grass carp reference genome, exact assembly not stated",,GCF_019924925.1,HZGC01,Chromosome,"120 candidate genes total, highlighted subset pwp1, cers5, chrebp agreed by all three; additional names lsr, ctnnbip1, smoc2, ano6, cckrb",cers5;ctnnbip1;smoc2;ano6;cckrb;pwp1;chrebp;lsr,8,B,no usable marker coordinate; anchored on reported candidate gene(s),"Zhang et al., Aquaculture. Novel SNPs and candidate genes. Details not retrievable here.",user_workbook,OK,MATCH,True,96609.0,True,30192593,29481047,30375190,single_anchor_own_pos;region_pts=12/15,used_in_hotspot_clustering
S015,chr4,NC_069713.1,11367649,11979473,11575940,1,SLC7A8,14.0,0.714,4.299898583623572e-27,strong,SLC7A8,source:duplicate-suffix,SNP_level,15,Lateolabrax maculatus,Lateolabrax maculatus,,Body weight,Growth,chr16:14468078,snp,Chr 16,14468078.0,,,NR,Genome-wide significant,Bonferroni 0.05/N after LD pruning,200 (extreme phenotypes),WGS (MGI-2000/T7),"4,528,936",,Cultured,"~1,200 g",10.3390/ani14202995,,L. maculatus improved draft,,GCA_031216445.1,YSFRI_Lmacu_1.1,Chromosome,ZNF436 / SLC7A8 region,ZNF436;SLC7A8,2,B,position reported but assembly not stated or ambiguous; falls back to gene anchoring,,user_workbook,OK,MATCH,True,6848.0,True,11575940,11367649,11979473,single_anchor_own_pos;region_pts=14/14,used_in_hotspot_clustering
W042,chr4,NC_069713.1,11367649,11979473,11575940,1,SLC7A8,14.0,0.714,4.299898583623572e-27,strong,SLC7A8,source:duplicate-suffix,study_wise,42,Lateolabrax maculatus (spotted sea bass),Lateolabrax maculatus,,Body weight; body length; carcass weight,Growth,,,,,,,,,,200 (100 fast- vs 100 slow-growing; extreme-phenotype design),"Whole-genome resequencing (MGI-2000/T7, PE150)","4,528,936 SNPs after QC","50 growth-associated markers; 4 lead SNPs on chr16 (13,133,726; 13,209,537; 14,468,078; 18,537,358)","Cultured, single random-mated breeding population","Grow-out, ~1,200 g mean weight",10.3390/ani14202995,2024.0,L. maculatus improved draft assembly,,GCA_031216445.1,YSFRI_Lmacu_1.1,Chromosome,SORCS2 (15.82% PVE); ZNF436; SLC7A8 (47 genes total),SORCS2;ZNF436;SLC7A8,3,B,no usable marker coordinate; anchored on reported candidate gene(s),"Zhou et al., Animals. Extreme-phenotype GWAS; Bonferroni after LD pruning.",user_workbook,OK,MATCH,True,6848.0,True,11575940,11367649,11979473,single_anchor_own_pos;region_pts=14/14,used_in_hotspot_clustering
S013,chr4,NC_069713.1,2531672,3409160,3409160,1,SORCS2,6.0,0.833,5.480593325655093e-08,strong,SORCS2,source:exact/synonym,SNP_level,13,Lateolabrax maculatus,Lateolabrax maculatus,,Body weight,Growth,chr16:13133726,snp,Chr 16,13133726.0,,,PVE 15.82%,Genome-wide significant,Bonferroni 0.05/N after LD pruning,200 (extreme phenotypes),WGS (MGI-2000/T7),"4,528,936",,Cultured,"~1,200 g",10.3390/ani14202995,,L. maculatus improved draft,,GCA_031216445.1,YSFRI_Lmacu_1.1,Chromosome,SORCS2,SORCS2,1,B,position reported but assembly not stated or ambiguous; falls back to gene anchoring,,user_workbook,POINT_OUTSIDE_REGION,MISMATCH,True,11663308.0,True,23182015,19628254,21722389,single_anchor_own_pos;region_pts=6/12,used_in_hotspot_clustering
S014,chr4,NC_069713.1,2531672,3409160,3409160,1,SORCS2,6.0,0.833,5.480593325655093e-08,strong,SORCS2,source:exact/synonym,SNP_level,14,Lateolabrax maculatus,Lateolabrax maculatus,,Body weight,Growth,chr16:13209537,snp,Chr 16,13209537.0,,,NR,Genome-wide significant,Bonferroni 0.05/N after LD pruning,200 (extreme phenotypes),WGS (MGI-2000/T7),"4,528,936",,Cultured,"~1,200 g",10.3390/ani14202995,,L. maculatus improved draft,,GCA_031216445.1,YSFRI_Lmacu_1.1,Chromosome,SORCS2 region,SORCS2,1,B,position reported but assembly not stated or ambiguous; falls back to gene anchoring,,user_workbook,POINT_OUTSIDE_REGION,MISMATCH,True,11663308.0,True,23182015,19628254,21722389,single_anchor_own_pos;region_pts=6/12,used_in_hotspot_clustering
W042,chr4,NC_069713.1,2531672,3409160,3409160,1,SORCS2,6.0,0.833,5.480593325655093e-08,strong,SORCS2,source:exact/synonym,study_wise,42,Lateolabrax maculatus (spotted sea bass),Lateolabrax maculatus,,Body weight; body length; carcass weight,Growth,,,,,,,,,,200 (100 fast- vs 100 slow-growing; extreme-phenotype design),"Whole-genome resequencing (MGI-2000/T7, PE150)","4,528,936 SNPs after QC","50 growth-associated markers; 4 lead SNPs on chr16 (13,133,726; 13,209,537; 14,468,078; 18,537,358)","Cultured, single random-mated breeding population","Grow-out, ~1,200 g mean weight",10.3390/ani14202995,2024.0,L. maculatus improved draft assembly,,GCA_031216445.1,YSFRI_Lmacu_1.1,Chromosome,SORCS2 (15.82% PVE); ZNF436; SLC7A8 (47 genes total),SORCS2;ZNF436;SLC7A8,3,B,no usable marker coordinate; anchored on reported candidate gene(s),"Zhou et al., Animals. Extreme-phenotype GWAS; Bonferroni after LD pruning.",user_workbook,POINT_OUTSIDE_REGION,MISMATCH,True,11663308.0,True,23182015,19628254,21722389,single_anchor_own_pos;region_pts=6/12,excluded_from_hotspot_clustering (redundant same-locus-same-chromosome anchor; see kept row)
W024,chr4,NC_069713.1,22819615,24719075,24535780,1,SLC4A2,7.0,0.714,1.0501723997700504e-10,strong,SLC4A2,source:duplicate-suffix,study_wise,24,Oreochromis niloticus (Nile tilapia),Oreochromis niloticus,,Average daily gain; body weight at harvest; body length at harvest; head weight; gutted head-on weight; waste weight; fillet weight; fillet yield,Growth,,,,,,,,,,"1,309 (72 families)",50K Illumina SNP BeadChip imputed to whole-genome sequence,"29,587 SNPs post-QC; 1,324,420 SNPs imputed panel","827-1,920 significant variants per trait (multi-trait GWAS); peaks on LG03, LG12, LG13",Cultured commercial breeding nucleus,~370 days at harvest,10.1186/s12864-020-07341-z,2021.0,Nile tilapia chromosome-level assembly,,GCF_001858045.2,O_niloticus_UMD_NMBU,Chromosome,FUT8; SLC4A2; ADAMTS9; HEG1; COL4A1; GDF6; ASB2; NUP107,FUT8;SLC4A2;ADAMTS9;HEG1;COL4A1;GDF6;ASB2;NUP107,8,B,no usable marker coordinate; anchored on reported candidate gene(s),"Yoshida & Yanez, BMC Genomics. Imputation to WGS density.",user_workbook,OK,MATCH,True,252109.0,True,24535780,22819615,24719075,single_anchor_own_pos;region_pts=7/7,used_in_hotspot_clustering
W056,chr4,NC_069713.1,27445422,27628395,27628395,1,GNG7,11.0,0.545,1.9205758018691918e-21,moderate,GNG7,source:exact/synonym,study_wise,56,Ctenopharyngodon idella (grass carp),Ctenopharyngodon idella,,Body weight under hypersaline stress,Growth,,,,,,,,,,98 (extreme-phenotype design),NR,NR,14 SNPs; most significant upstream of UBL5; 3 SNPs in GNG7 intron,"Cultured, saline-alkali adapted",NR,10.1007/s10126-026-10600-x,2026.0,NR,,GCF_019924925.1,HZGC01,Chromosome,UBL5; GNG7; SLC16A2,UBL5;GNG7;SLC16A2,3,B,no usable marker coordinate; anchored on reported candidate gene(s),"Tian et al., Mar Biotechnol. Growth under hypersalinity.",user_workbook,OK,MATCH,True,86108.0,True,27628395,27445422,27628395,single_anchor_own_pos;region_pts=11/11,used_in_hotspot_clustering
S026,chr4,NC_069713.1,31095420,31514170,31236550,1,HS6ST1,8.0,1.0,2.4015556399957098e-12,strong,HS6ST1,source:duplicate-suffix,SNP_level,26,Channa maculata,Channa maculata,Channa argus,Body weight; body length; total length,Growth,Lead SNP in HS6ST1,,,,,,NR,Genome-wide significant,NR,500,WGS,"~2,200,000",,Cultured,NR,10.1016/j.aqrep.2024.101932,,NR,,GCF_033026475.1,Channa argus male v1.0,Chromosome,HS6ST1,HS6ST1,1,B,no usable marker coordinate; anchored on reported candidate gene(s),,user_workbook,OK,MISMATCH,True,142323.0,False,31378873,31095420,31514170,fallback_flanking_window;,used_in_hotspot_clustering
W040,chr4,NC_069713.1,31095420,31514170,31236550,1,HS6ST1,8.0,1.0,2.4015556399957098e-12,strong,HS6ST1,source:duplicate-suffix,study_wise,40,Channa maculata (blotched snakehead),Channa maculata,Channa argus,"Eight growth traits (incl. body weight, body length, total length)",Growth,,,,,,,,,,500,Whole-genome sequencing,~2.2 million SNPs,51 significant SNPs,Cultured,NR,10.1016/j.aqrep.2024.101932,2024.0,NR,,GCF_033026475.1,Channa argus male v1.0,Chromosome,"HS6ST1 (lead; body weight, body length, total length); 112 candidate genes total",HS6ST1;weight,2,B,no usable marker coordinate; anchored on reported candidate gene(s),"Liu et al., Aquaculture Reports (open access). Heritability 0.2245-0.5184 for 7 traits.",user_workbook,OK,MISMATCH,True,142323.0,False,31378873,31095420,31514170,fallback_flanking_window;,used_in_hotspot_clustering
W020,chr5,NC_069714.1,1620426,4213862,3402882,1,hecw2a,16.0,0.875,7.358840430354957e-31,strong,hecw2a,source:exact/synonym,study_wise,20,Hypophthalmichthys nobilis (bighead carp),Hypophthalmichthys nobilis,Ctenopharyngodon idella,"Head size/shape traits (HL, HW, HH, HL/HH, HL/HW, HL/BL)",Growth,,,,,,,,,,776,High-throughput SNP genotyping (2b-RAD),"9,285 SNPs",11 significant + 12 suggestive; 17 (HL/HH) and 6 (HL/HW) SNPs for shape traits;  9 of the 11 significant SNPs are on LG16,"Cultured (Yangtze River-origin parents, pond-reared offspring)",Adult,10.1016/j.aquaculture.2021.736648,2021.0,Bighead carp genome,,GCF_019924925.1,HZGC01,Chromosome,"cc2b, prdm1b, fndc5b, lbr, bmp8a, ATP6v1cb (head-size genes); ptch1, col9a1a, tgfbr2, hecw2a, zbtb42, sema7a (shape genes)",cc2b;prdm1b;fndc5b;lbr;bmp8a;ATP6v1cb;ptch1;col9a1a;tgfbr2;hecw2a;zbtb42;sema7a,12,B,no usable marker coordinate; anchored on reported candidate gene(s),Aquaculture. Head morphometrics (growth-related conformation). Details not retrievable here.,user_workbook,OK,MATCH,True,15154.0,True,3402882,1620426,4213862,single_anchor_own_pos;region_pts=16/16,used_in_hotspot_clustering
W045,chr5,NC_069714.1,5001948,7566054,5022128,1,CCNT2,10.0,0.6,2.625852950332614e-15,moderate,CCNT2,source:duplicate-suffix,study_wise,45,"Siniperca chuatsi (mandarin fish), all-female population",Siniperca chuatsi,,"Body weight, body length, whole length, body height, body thickness",Growth,,,,,,,,,,192 (100 additional for validation),ddRAD-seq,"49,940 SNPs",6 significant SNPs; PVE 9.66-19.47%; 4 of the 6 associated with all traits. Additional 25 suggestive SNPs,"All-female cultured population, strain ""Dinggui I"" (GS-04-001-2021)",Not reported (all),10.1016/j.aquaculture.2024.740778,2024.0,"Mandarin fish genome (He et al., 2020)",,GCF_020085105.1,ASM2008510v1,Chromosome,"AKT2, CCNT2, EPB41L2, CAMKMT",AKT2;CCNT2;EPB41L2;CAMKMT,4,B,no usable marker coordinate; anchored on reported candidate gene(s),Aquaculture. Details not retrievable here.,user_workbook,OK,MATCH,True,2269368.0,True,5022128,5001948,7566054,single_anchor_own_pos;region_pts=10/16,used_in_hotspot_clustering
W018,chr5,NC_069714.1,8683457,8884313,8784383,1,bcor,7.0,1.0,6.763772994549771e-10,strong,bcor,source:exact/synonym,study_wise,18,Larimichthys crocea (large yellow croaker),Larimichthys crocea,,Body depth/body length; body thickness/body length; caudal peduncle depth ratio; tail length/body length; body area/head area,Growth,,,,,,,,,,280,ddRAD sequencing,NR,20 significant SNPs across 12 chromosomes + 5 suggestive,Cultured panmictic population,NR,10.1007/s10126-020-09983-2,2020.0,RQIN00000000 (Li and Durbin 2009),,GCF_000972845.2,L_crocea_2.0,Chromosome,fabp1; acrv1; bcor; mstn; bambi; neo1,fabp1;acrv1;bcor;mstn;bambi;neo1,6,B,no usable marker coordinate; anchored on reported candidate gene(s),"ADDED from Yanez et al. 2023 review (ref 104). Kong et al., Mar Biotechnol 22(5):631-643. Body-shape morphometrics; companion study to Zhou et al. 2019.",user_workbook,POINT_OUTSIDE_REGION,MISMATCH,True,106632.0,False,8677751,8683457,8884313,fallback_flanking_window;dropped_outliers=4,excluded_from_hotspot_clustering (redundant same-locus-same-chromosome anchor; see kept row)
W033,chr5,NC_069714.1,12058163,14634193,12301311,1,nck2,18.0,1.0,2.3631870223797266e-33,strong,nck2,catfish-bridge:RBH,study_wise,33,Siniperca chuatsi (mandarin fish),Siniperca chuatsi,,"Body weight, body thickness, body height, total length, slaughter weight, body length",Growth,,,,,,,,,,160,SLAF-seq / SNP genotyping,"5,205 high-quality SNPs",11 significant; 37 suggestive,Cultured (all),Not reported (all),10.1016/j.aquaculture.2021.737879,2022.0,Not reported (all),,GCF_020085105.1,ASM2008510v1,Chromosome,"65 candidate genes; e.g., asns, tg, mkk6, htra1, rnf213, ttn, tgfbr2, nck2.",asns;tg;mkk6;htra1;rnf213;ttn;tgfbr2;nck2,8,B,no usable marker coordinate; anchored on reported candidate gene(s),"Zhou et al., Aquaculture. Details not retrievable here.",user_workbook,OK,MATCH,True,21203.0,True,12301311,12058163,14634193,single_anchor_own_pos;region_pts=18/18,used_in_hotspot_clustering
W024,chr5,NC_069714.1,12447162,14608895,12930724,1,COL4A1,12.0,1.0,1.4631184298864478e-19,strong,COL4A1,source:exact/synonym,study_wise,24,Oreochromis niloticus (Nile tilapia),Oreochromis niloticus,,Average daily gain; body weight at harvest; body length at harvest; head weight; gutted head-on weight; waste weight; fillet weight; fillet yield,Growth,,,,,,,,,,"1,309 (72 families)",50K Illumina SNP BeadChip imputed to whole-genome sequence,"29,587 SNPs post-QC; 1,324,420 SNPs imputed panel","827-1,920 significant variants per trait (multi-trait GWAS); peaks on LG03, LG12, LG13",Cultured commercial breeding nucleus,~370 days at harvest,10.1186/s12864-020-07341-z,2021.0,Nile tilapia chromosome-level assembly,,GCF_001858045.2,O_niloticus_UMD_NMBU,Chromosome,FUT8; SLC4A2; ADAMTS9; HEG1; COL4A1; GDF6; ASB2; NUP107,FUT8;SLC4A2;ADAMTS9;HEG1;COL4A1;GDF6;ASB2;NUP107,8,B,no usable marker coordinate; anchored on reported candidate gene(s),"Yoshida & Yanez, BMC Genomics. Imputation to WGS density.",user_workbook,OK,MATCH,True,140628.0,True,12930724,12447162,14608895,single_anchor_own_pos;region_pts=12/16,used_in_hotspot_clustering
L006,chr5,NC_069714.1,17429677,17926053,17704146,1,cdca7,13.0,1.0,2.6492669829797704e-21,strong,cdca7,source:duplicate-suffix,literature_expansion,6,Cynoglossus semilaevis,Cynoglossus semilaevis,,growth size heteromorphism;growth and development;fish size,Growth,,,,,,,,,,500.0,,,,,,10.3390/ani15081130,2025.0,,,GCF_000523025.1,Cse_v1.0,Chromosome,grid1;grid2;shcbp1;sass6;cdca7;gh;igf1,grid1;grid2;shcbp1;sass6;cdca7;gh;igf1,7,B,no usable marker coordinate; anchored on reported candidate gene(s),OpenAlex https://openalex.org/W4409434253; Molecular Mechanism of the Grid Gene Family Regulating Growth Size Heteromorphism in Cynoglossus semilaevis,agent_curated,OK,MATCH,True,96448.0,True,17704146,17429677,17926053,single_anchor_own_pos;region_pts=13/15,used_in_hotspot_clustering
W019,chr5,NC_069714.1,21496601,21678399,21539465,1,PHGDH,10.0,0.9,1.4681007688141322e-19,strong,PHGDH,source:exact/synonym,study_wise,19,Oncorhynchus mykiss (rainbow trout),Oncorhynchus mykiss,,Body weight gain,Growth,,,,,,,,,,789 (two consecutive generations),50K gene-transcribed SNP chip,"29,451 SNPs after MAF/HWE filtering","247 SNPs (wssGBLUP); 33 SNPs (single-marker); clustered on Omy2, 4, 8, 9, 13, 14, 18 (Omy14 richest, 50 SNPs)",Cultured NCCCWA growth-selected line,NR,10.1186/s12864-020-6617-x,2020.0,GCF_002163495 (Omyk_1.0),GCF_002163495.1,GCF_013265735.2,USDA_OmykA_1.1,Chromosome,OCRL-1; THBS1; MAP4; PHGDH; CAV-1; CCND1; AMPK-pathway genes,OCRL-1;THBS1;MAP4;PHGDH;CAV-1;CCND1,6,B,no usable marker coordinate; anchored on reported candidate gene(s),"Ali et al., BMC Genomics. Bonferroni single-marker threshold 1.70E-06.",user_workbook,OK,MISMATCH,True,1117189.0,False,20422276,17357282,21678399,fallback_flanking_window;dropped_outliers=2,used_in_hotspot_clustering
W012,chr5,NC_069714.1,22715142,23842678,23733623,1,col18a1,11.0,0.545,2.210963535028965e-17,moderate,col18a1,source:duplicate-suffix,study_wise,12,Larimichthys crocea (large yellow croaker),Larimichthys crocea,,Growth-related and body-shape traits,Growth,,,,,,,,,,220,ddRAD-seq,"27,227 SNPs",13 genome-wide significant SNPs across 8 chromosomes,Cultured,NR,10.1007/s10126-019-09910-0,2019.0,Large yellow croaker reference genome,,GCF_000972845.2,L_crocea_2.0,Chromosome,"Growth: fgf18, fgf1, nr3c1, cyp8b1, fabp2, cyp2r1, ppara, ccm2l. Body shape: bmp7, col1a1, col11a2, col18a1",fgf1;nr3c1;cyp8b1;fabp2;cyp2r1;ppara;col1a1;col11a2;col18a1;fgf18;ccm2l;bmp7,12,B,no usable marker coordinate; anchored on reported candidate gene(s),"Zhou et al., Mar Biotechnol.",user_workbook,OK,MATCH,True,85229.0,True,23733623,22715142,27637554,single_anchor_own_pos;region_pts=7/17,used_in_hotspot_clustering
W033,chr5,NC_069714.1,26927392,27212926,27043979,1,ttn,6.0,0.667,1.3755073624700028e-08,moderate,ttn,source:duplicate-suffix,study_wise,33,Siniperca chuatsi (mandarin fish),Siniperca chuatsi,,"Body weight, body thickness, body height, total length, slaughter weight, body length",Growth,,,,,,,,,,160,SLAF-seq / SNP genotyping,"5,205 high-quality SNPs",11 significant; 37 suggestive,Cultured (all),Not reported (all),10.1016/j.aquaculture.2021.737879,2022.0,Not reported (all),,GCF_020085105.1,ASM2008510v1,Chromosome,"65 candidate genes; e.g., asns, tg, mkk6, htra1, rnf213, ttn, tgfbr2, nck2.",asns;tg;mkk6;htra1;rnf213;ttn;tgfbr2;nck2,8,B,no usable marker coordinate; anchored on reported candidate gene(s),"Zhou et al., Aquaculture. Details not retrievable here.",user_workbook,OK,MATCH,True,116587.0,True,27043979,26927392,32546245,single_anchor_own_pos;region_pts=3/12,excluded_from_hotspot_clustering (redundant same-locus-same-chromosome anchor; see kept row)
W024,chr5,NC_069714.1,21716310,21748497,21716310,1,HEG1,9.0,1.0,9.209593346144497e-13,strong,HEG1,source:exact/synonym,study_wise,24,Oreochromis niloticus (Nile tilapia),Oreochromis niloticus,,Average daily gain; body weight at harvest; body length at harvest; head weight; gutted head-on weight; waste weight; fillet weight; fillet yield,Growth,,,,,,,,,,"1,309 (72 families)",50K Illumina SNP BeadChip imputed to whole-genome sequence,"29,587 SNPs post-QC; 1,324,420 SNPs imputed panel","827-1,920 significant variants per trait (multi-trait GWAS); peaks on LG03, LG12, LG13",Cultured commercial breeding nucleus,~370 days at harvest,10.1186/s12864-020-07341-z,2021.0,Nile tilapia chromosome-level assembly,,GCF_001858045.2,O_niloticus_UMD_NMBU,Chromosome,FUT8; SLC4A2; ADAMTS9; HEG1; COL4A1; GDF6; ASB2; NUP107,FUT8;SLC4A2;ADAMTS9;HEG1;COL4A1;GDF6;ASB2;NUP107,8,B,no usable marker coordinate; anchored on reported candidate gene(s),"Yoshida & Yanez, BMC Genomics. Imputation to WGS density.",user_workbook,POINT_OUTSIDE_REGION,MISMATCH,True,871707.0,True,27456005,27789551,29248223,single_anchor_own_pos;region_pts=3/17,excluded_from_hotspot_clustering (redundant same-locus-same-chromosome anchor; see kept row)
L005,chr5,NC_069714.1,27948917,29556481,29400907,1,mstnb,20.0,1.0,2.155319867392645e-38,strong,mstnb,source:exact/synonym,literature_expansion,5,Clarias fuscus,Clarias fuscus,Clarias gariepinus,body weight;body height;body length;body width;orbital diameter;caudal peduncle length;caudal peduncle height;pre-dorsal length,Growth,,,,,,,,,,200.0,,,,,,10.3390/ani15121707,2025.0,,,GCF_024256425.1,CGAR_prim_01v2,Chromosome,mstnb;egfr;serca1,mstnb;egfr;serca1,3,B,no usable marker coordinate; anchored on reported candidate gene(s),OpenAlex https://openalex.org/W4411152045; Integrative QTL Mapping and Transcriptomic Profiling to Identify Growth-Associated QTL and Candidate Genes in Hong Kong ,agent_curated,OK,MATCH,True,18666.0,True,29400907,27948917,29556481,single_anchor_own_pos;region_pts=20/20,used_in_hotspot_clustering
W018,chr5,NC_069714.1,27292106,29687897,29400907,1,mstn,9.0,0.778,1.18171798469816e-13,strong,mstn,source:duplicate-suffix,study_wise,18,Larimichthys crocea (large yellow croaker),Larimichthys crocea,,Body depth/body length; body thickness/body length; caudal peduncle depth ratio; tail length/body length; body area/head area,Growth,,,,,,,,,,280,ddRAD sequencing,NR,20 significant SNPs across 12 chromosomes + 5 suggestive,Cultured panmictic population,NR,10.1007/s10126-020-09983-2,2020.0,RQIN00000000 (Li and Durbin 2009),,GCF_000972845.2,L_crocea_2.0,Chromosome,fabp1; acrv1; bcor; mstn; bambi; neo1,fabp1;acrv1;bcor;mstn;bambi;neo1,6,B,no usable marker coordinate; anchored on reported candidate gene(s),"ADDED from Yanez et al. 2023 review (ref 104). Kong et al., Mar Biotechnol 22(5):631-643. Body-shape morphometrics; companion study to Zhou et al. 2019.",user_workbook,OK,MATCH,True,63189.0,True,29400907,27292106,29687897,single_anchor_own_pos;region_pts=9/14,used_in_hotspot_clustering
L018,chr6,NC_069715.1,12854153,13605853,13308552,1,amfr,6.0,0.5,2.2668548619876592e-08,moderate,amfr,source:duplicate-suffix,literature_expansion,18,Larimichthys polyactis,Larimichthys polyactis,Larimichthys crocea,total length;body length;body weight,Growth,,,,,,,,,,110.0,resequencing,,,,,10.1038/s41598-020-68592-0,2020.0,,,GCF_000972845.2,L_crocea_2.0,Chromosome,kif26b;bat1;gna1;gbgt1;amfr,kif26b;bat1;gna1;gbgt1;amfr,5,B,no usable marker coordinate; anchored on reported candidate gene(s),OpenAlex https://openalex.org/W3042793386; A first genetic linage map construction and QTL mapping for growth traits in Larimichthys polyactis,agent_curated,POINT_OUTSIDE_REGION,MISMATCH,True,4524171.0,False,8784381,9222218,13605853,fallback_flanking_window;dropped_outliers=2,used_in_hotspot_clustering
W008,chr6,NC_069715.1,11998887,12363216,12123421,1,lrrk2,7.0,0.857,1.0501723997700504e-10,strong,lrrk2,catfish-bridge:RBH,study_wise,8,Epinephelus coioides (orange-spotted grouper),Epinephelus coioides,,Body weight; total length,Growth,,,,,,,,,,198,RAD-seq,"261,366 SNPs",110 growth-correlated SNPs; 20 confirmed for both body weight and total length,Natural population,NR,10.1007/s11427-017-9161-4,2018.0,NR,,GCA_051314025.1,ASM5131402v1,Chromosome,"npy2r (key); adgrb2, csnk2a1, cers5, col22a1, creb5, dnd1, dzank1, dnai1, fat3, lrrk2, lrp5, map3k9 (34 genes total)",npy2r;adgrb2;csnk2a1;cers5;col22a1;creb5;dnd1;dzank1;dnai1;fat3;lrrk2;lrp5;map3k9,13,B,no usable marker coordinate; anchored on reported candidate gene(s),"Yu et al., Sci China Life Sci. First RAD-seq GWAS in this species.",user_workbook,OK,MISMATCH,True,39262.0,False,12162683,11998887,12363216,fallback_flanking_window;,used_in_hotspot_clustering
W007,chr6,NC_069715.1,14407919,14834053,14661976,1,igf1r,15.0,1.0,5.625146001980318e-29,strong,igf1r,catfish-bridge:RBH,study_wise,7,Cyprinus carpio (Yellow River common carp),Cyprinus carpio,,Head length; head length/body length ratio; eye diameter; eye cross,Growth,,,,,,,,,,433 for GWAS (+103 for QTL mapping),Common carp 250K SNP array,"106,959 SNPs after QC",12 SNPs genome-wide significant (GWAS) + 18 QTL (linkage mapping),"Cultured, multiple families from a breeding station",18 months post-hatch,10.3389/fgene.2018.00448,2018.0,GCF_000951615.1,GCF_000951615.1,GCF_018340385.1,ASM1834038v1,Chromosome,igf1; igf3; grb10; igf1r; notch2; sfrp2; parv; srpk2; fsrp5,igf1;igf3;grb10;igf1r;notch2;sfrp2;srpk2;fsrp5,8,B,no usable marker coordinate; anchored on reported candidate gene(s),"ADDED from Yanez et al. 2023 review (ref 92). Chen et al., Front Genet 9:448. Combined GWAS + QTL design; threshold -log10(P)>5.02 (suggestive 4.5).",user_workbook,OK,MATCH,True,50428.0,True,14661976,14407919,14834053,single_anchor_own_pos;region_pts=15/15,used_in_hotspot_clustering
W010,chr7,NC_069716.1,4745626,5468372,4745626,1,ETFDH,11.0,0.909,1.9205758018691918e-21,strong,ETFDH,source:exact/synonym,study_wise,10,Oncorhynchus mykiss (rainbow trout),Oncorhynchus mykiss,,"Muscle (fillet) yield; also body weight, muscle fat, shear force, whiteness",Growth,,,,,,,,,,"878 for GWA (406 from 2010 + 472 from 2012 year-class); 1,728 genotyped overall",50K Affymetrix transcribed-gene SNP-chip,"35,322 SNPs after QC (of 50,006)",163 SNPs explaining >=2% genetic variance; peak windows on Omy14 (12.71%) and Omy16 (10.49%),Cultured closed growth-selected line (5 generations),410-481 days post-hatch,10.3389/fgene.2018.00387,2018.0,GCA_002163495,GCA_002163495.1,GCF_013265735.2,USDA_OmykA_1.1,Chromosome,"ETFDH; fibroblast growth factor-binding protein 1; citrate synthase; LAMP2; TNFRSF5A (also slc26a9, cd34a, mcts1)",ETFDH;LAMP2;TNFRSF5A;cd34a;mcts1;slc26a9,6,B,no usable marker coordinate; anchored on reported candidate gene(s),"ADDED from Yanez et al. 2023 review (ref 72). Salem et al., Front Genet 9:387. Windows explaining >1% additive genetic variance.",user_workbook,OK,MATCH,True,199249.0,True,4745626,1262956,5468372,single_anchor_own_pos;region_pts=6/11,excluded_from_hotspot_clustering (redundant same-locus-same-chromosome anchor; see kept row)
W008,chr7,NC_069716.1,8418828,8434368,8426598,1,dnd1,4.0,0.75,5.774805778411311e-06,moderate,dnd1,catfish-bridge:RBH,study_wise,8,Epinephelus coioides (orange-spotted grouper),Epinephelus coioides,,Body weight; total length,Growth,,,,,,,,,,198,RAD-seq,"261,366 SNPs",110 growth-correlated SNPs; 20 confirmed for both body weight and total length,Natural population,NR,10.1007/s11427-017-9161-4,2018.0,NR,,GCA_051314025.1,ASM5131402v1,Chromosome,"npy2r (key); adgrb2, csnk2a1, cers5, col22a1, creb5, dnd1, dzank1, dnai1, fat3, lrrk2, lrp5, map3k9 (34 genes total)",npy2r;adgrb2;csnk2a1;cers5;col22a1;creb5;dnd1;dzank1;dnai1;fat3;lrrk2;lrp5;map3k9,13,B,no usable marker coordinate; anchored on reported candidate gene(s),"Yu et al., Sci China Life Sci. First RAD-seq GWAS in this species.",user_workbook,OK,MISMATCH,True,2942571.0,False,5484027,4343488,12174387,fallback_flanking_window;dropped_outliers=3,used_in_hotspot_clustering
W010,chr7,NC_069716.1,15043578,16103426,15670451,2,LAMP2;mcts1,16.0,0.7185,7.358840430354957e-31,strong,mcts1,source:exact/synonym,study_wise,10,Oncorhynchus mykiss (rainbow trout),Oncorhynchus mykiss,,"Muscle (fillet) yield; also body weight, muscle fat, shear force, whiteness",Growth,,,,,,,,,,"878 for GWA (406 from 2010 + 472 from 2012 year-class); 1,728 genotyped overall",50K Affymetrix transcribed-gene SNP-chip,"35,322 SNPs after QC (of 50,006)",163 SNPs explaining >=2% genetic variance; peak windows on Omy14 (12.71%) and Omy16 (10.49%),Cultured closed growth-selected line (5 generations),410-481 days post-hatch,10.3389/fgene.2018.00387,2018.0,GCA_002163495,GCA_002163495.1,GCF_013265735.2,USDA_OmykA_1.1,Chromosome,"ETFDH; fibroblast growth factor-binding protein 1; citrate synthase; LAMP2; TNFRSF5A (also slc26a9, cd34a, mcts1)",ETFDH;LAMP2;TNFRSF5A;cd34a;mcts1;slc26a9,6,B,no usable marker coordinate; anchored on reported candidate gene(s),"ADDED from Yanez et al. 2023 review (ref 72). Salem et al., Front Genet 9:387. Windows explaining >1% additive genetic variance.",user_workbook,OK,MISMATCH,True,5491.0,True,15670451,15043578,16103426,multi_anchor_cluster=2/2;region_pts=24/24,used_in_hotspot_clustering
W054,chr7,NC_069716.1,23486627,23634615,23557027,1,bpgm,9.0,1.0,5.2315671400590404e-14,strong,bpgm,source:exact/synonym,study_wise,54,Oreochromis spp. (red tilapia),Oreochromis niloticus,,Total body length; body height; body mass; caudal peduncle height (under hyperosmotic stress),Growth,,,,,,,,,,160 genotyped (+12 for RNA-seq),"Whole-genome resequencing (Illumina NovaSeq, PE150)","12,776,921 high-quality SNPs","1 significant + 8 suggestive SNPs; lead SNP chr7:47,464,467",Cultured growth-selected lines (from wild Taiwan founders),90 days post-hatch; ~120.7 g at acclimation,10.3390/ijms26136492,2025.0,GCF_001858045.2 (Nile tilapia),GCF_001858045.2,GCF_001858045.2,O_niloticus_UMD_NMBU,Chromosome,galnt9; esrrg; map7; mtfr2; kcnj8; fhit; dnm1; cald1; plxnb2; nuak1; bpgm,galnt9;esrrg;map7;mtfr2;kcnj8;fhit;dnm1;cald1;plxnb2;nuak1;bpgm,11,B,no usable marker coordinate; anchored on reported candidate gene(s),"Liu et al., IJMS. GWAS + RNA-seq. Thresholds -log10(0.01/N)=8.41 (significant), -log10(0.05/N)=7.11 (suggestive).",user_workbook,OK,MATCH,True,16161.0,True,23557027,23486627,23634615,single_anchor_own_pos;region_pts=9/9,used_in_hotspot_clustering
W019,chr7,NC_069716.1,27572900,30337729,27961038,1,CAV-1,6.0,1.0,1.0062142903441982e-09,strong,CAV-1,source:exact/synonym,study_wise,19,Oncorhynchus mykiss (rainbow trout),Oncorhynchus mykiss,,Body weight gain,Growth,,,,,,,,,,789 (two consecutive generations),50K gene-transcribed SNP chip,"29,451 SNPs after MAF/HWE filtering","247 SNPs (wssGBLUP); 33 SNPs (single-marker); clustered on Omy2, 4, 8, 9, 13, 14, 18 (Omy14 richest, 50 SNPs)",Cultured NCCCWA growth-selected line,NR,10.1186/s12864-020-6617-x,2020.0,GCF_002163495 (Omyk_1.0),GCF_002163495.1,GCF_013265735.2,USDA_OmykA_1.1,Chromosome,OCRL-1; THBS1; MAP4; PHGDH; CAV-1; CCND1; AMPK-pathway genes,OCRL-1;THBS1;MAP4;PHGDH;CAV-1;CCND1,6,B,no usable marker coordinate; anchored on reported candidate gene(s),"Ali et al., BMC Genomics. Bonferroni single-marker threshold 1.70E-06.",user_workbook,OK,MATCH,True,116255.0,True,27961038,27572900,30337729,single_anchor_own_pos;region_pts=6/6,used_in_hotspot_clustering
W060,chr7,NC_069716.1,29612511,30337729,29832117,1,lamb4,4.0,0.5,1.965785262026166e-06,moderate,lamb4,source:exact/synonym,study_wise,60,Paralichthys olivaceus (Japanese flounder),Paralichthys olivaceus,,"11 traits: body weight, total length, body length, body depth, trunk length, head length, snout length, caudal peduncle depth, eye diameter, postorbital head length, interorbital width",Growth,,,,,,,,,,282 after QC (of 400),DNBSEQ whole-genome resequencing (PE150),~6.67 million SNPs,55 suggestive loci (single-trait) + 12 novel loci (multi-trait),"Cultured, single farmed cohort",Market size (~1-2 kg),10.3390/biology15151246,2026.0,GCF_024713975.1,GCF_024713975.1,GCF_024713975.1,ASM2471397v2,Chromosome,fras1; nkd1; lamb4; multiple genes on chr14,fras1;nkd1;lamb4,3,B,no usable marker coordinate; anchored on reported candidate gene(s),"Liang et al., Biology. Thresholds P<1E-05 (suggestive), P<7.5E-09 (genome-wide).",user_workbook,POINT_OUTSIDE_REGION,MISMATCH,True,631972.0,False,29200145,29612511,30337729,fallback_flanking_window;,used_in_hotspot_clustering
W007,chr8,NC_069717.1,604527,3073362,1829404,2,igf3;notch2,12.0,0.875,2.512505605255551e-23,strong,igf3,catfish-bridge:RBH;source:exact/synonym,study_wise,7,Cyprinus carpio (Yellow River common carp),Cyprinus carpio,,Head length; head length/body length ratio; eye diameter; eye cross,Growth,,,,,,,,,,433 for GWAS (+103 for QTL mapping),Common carp 250K SNP array,"106,959 SNPs after QC",12 SNPs genome-wide significant (GWAS) + 18 QTL (linkage mapping),"Cultured, multiple families from a breeding station",18 months post-hatch,10.3389/fgene.2018.00448,2018.0,GCF_000951615.1,GCF_000951615.1,GCF_018340385.1,ASM1834038v1,Chromosome,igf1; igf3; grb10; igf1r; notch2; sfrp2; parv; srpk2; fsrp5,igf1;igf3;grb10;igf1r;notch2;sfrp2;srpk2;fsrp5,8,B,no usable marker coordinate; anchored on reported candidate gene(s),"ADDED from Yanez et al. 2023 review (ref 92). Chen et al., Front Genet 9:448. Combined GWAS + QTL design; threshold -log10(P)>5.02 (suggestive 4.5).",user_workbook,OK,MISMATCH,True,318674.0,True,1829404,604527,3073362,multi_anchor_cluster=2/2;region_pts=20/20,used_in_hotspot_clustering
W053,chr8,NC_069717.1,2130048,2632582,2524019,1,sema6ba,8.0,0.875,3.7710162232684357e-14,strong,sema6ba,catfish-bridge:RBH,study_wise,53,Oncorhynchus mykiss (rainbow trout),Oncorhynchus mykiss,,"Body weight, body length, average daily gain at low (~7C) and high (~22C) temperature",Growth,,,,,,,,,,806 analyzed; 614 LD + 192 MD genotyped; 102 parents sequenced,TGBS/SNP panels with genotype imputation,"711,993 high-confidence imputed SNPs, ~700K final dataset",No significant single-trait SNPs; multi-trait analysis yielded hundreds of significant markers per trait. SNP-effect correlations between temperatures r=0.06-0.22; genomic heritabilities 0.19±0.06-0.32±0.05 (low temp) and 0.16±0.05-0.39±0.08 (high temp),119 thermally challenged families; 61 extreme-phenotype families genotyped,Low temp: week 47-67; high temp: week 69-77 post-hatching,10.1007/s00438-025-02263-5,2025.0,GCA_002163495.1,GCA_002163495.1,GCF_013265735.2,USDA_OmykA_1.1,Chromosome,sema6ba,sema6ba,1,B,no usable marker coordinate; anchored on reported candidate gene(s),"Gallardo-Hidalgo et al., Mol Genet Genomics. Multi-trait GWAS across contrasting thermal environments; some methods details not in accessible record.",user_workbook,OK,MISMATCH,True,201546.0,False,2322473,2130048,2632582,fallback_flanking_window;,used_in_hotspot_clustering
W004,chr8,NC_069717.1,5867194,5928510,5887831,1,Trim33,6.0,1.0,2.1888726738508796e-09,strong,Trim33,catfish-bridge:RBH,study_wise,4,Oncorhynchus mykiss (rainbow trout),Oncorhynchus mykiss,,Body weight at 10 and 13 months; fillet weight; fillet yield; head-off carcass weight,Growth,,,,,,,,,,"1,447 phenotyped; 875 genotyped (196 full-sib families, 3 generations)",57K Axiom Trout Genotyping Array,"38,107 polymorphic SNPs","Windows on Omy9 (1.5%, 1.0% genetic variance, fillet yield); Omy5 (1.4%, BW10)","Cultured, pedigreed NCCCWA growth-selected line",~10 and 13 months post-hatch (410-437 days),10.3389/fgene.2016.00203,2016.0,Rainbow trout reference genome (Berthelot et al. 2014),,GCF_013265735.2,USDA_OmykA_1.1,Chromosome,Properdin; calsyntenin-1-like; Sox2; Trim33; calpain-1; calpain-2; Ksr1,Sox2;Trim33;Ksr1,3,B,no usable marker coordinate; anchored on reported candidate gene(s),"Gonzalez-Pena et al., Front Genet. wssGBLUP window-based analysis.",user_workbook,OK,MATCH,True,0.0,True,5887831,1486776,5928510,single_anchor_own_pos;region_pts=3/7,used_in_hotspot_clustering
W020,chr8,NC_069717.1,13632748,14000866,13815211,1,ptch1,11.0,1.0,2.4980944751773786e-18,strong,ptch1,source:exact/synonym,study_wise,20,Hypophthalmichthys nobilis (bighead carp),Hypophthalmichthys nobilis,Ctenopharyngodon idella,"Head size/shape traits (HL, HW, HH, HL/HH, HL/HW, HL/BL)",Growth,,,,,,,,,,776,High-throughput SNP genotyping (2b-RAD),"9,285 SNPs",11 significant + 12 suggestive; 17 (HL/HH) and 6 (HL/HW) SNPs for shape traits;  9 of the 11 significant SNPs are on LG16,"Cultured (Yangtze River-origin parents, pond-reared offspring)",Adult,10.1016/j.aquaculture.2021.736648,2021.0,Bighead carp genome,,GCF_019924925.1,HZGC01,Chromosome,"cc2b, prdm1b, fndc5b, lbr, bmp8a, ATP6v1cb (head-size genes); ptch1, col9a1a, tgfbr2, hecw2a, zbtb42, sema7a (shape genes)",cc2b;prdm1b;fndc5b;lbr;bmp8a;ATP6v1cb;ptch1;col9a1a;tgfbr2;hecw2a;zbtb42;sema7a,12,B,no usable marker coordinate; anchored on reported candidate gene(s),Aquaculture. Head morphometrics (growth-related conformation). Details not retrievable here.,user_workbook,OK,MATCH,True,79696.0,True,13815211,13632748,14000866,single_anchor_own_pos;region_pts=11/14,used_in_hotspot_clustering
S025,chr8,NC_069717.1,7438461,7463084,7438461,1,pgm5,10.0,0.8,1.400907326632718e-16,strong,pgm5,catfish-bridge:RBH,SNP_level,25,Culter alburnus,Culter alburnus,,Body weight and body size traits,Growth,Lead SNPs clustered on chr16 and chr19,,Chr 16 / Chr 19,,,,NR,< 6.58E-09,Bonferroni -log10(P)=8.18,239,"WGS (MGI-2000/T7, ~11.44x)","7,597,008",,Admixed wild-origin populations,18 mpf,10.3390/ani16131969,,GWHBOSX00000000,,GCA_040182925.1,ASM4018292v1,Chromosome,aig1; cacna1b; pgm5; bcr,aig1;cacna1b;pgm5;bcr,4,B,no usable marker coordinate; anchored on reported candidate gene(s),,user_workbook,OK,MISMATCH,True,1264715.0,True,15150717,13632748,16623069,single_anchor_own_pos;region_pts=3/13,used_in_hotspot_clustering
W057,chr8,NC_069717.1,7438461,7463084,7438461,1,pgm5,10.0,0.8,1.400907326632718e-16,strong,pgm5,catfish-bridge:RBH,study_wise,57,Culter alburnus (topmouth culter),Culter alburnus,,Body weight; body weight without viscera; total length; body length; body height,Growth,,,,,,,,,,239 with complete records (of 300 sequenced),"Whole-genome resequencing (MGI-2000/T7, ~11.44x)","7,597,008 SNPs after QC","6 genome-wide significant SNPs, clustered on chr16 and chr19","Admixed cohort of three wild-origin populations (Danjiangkou, Taihu, Poyang)",18 months post-fertilisation,10.3390/ani16131969,2026.0,"GWHBOSX00000000 (CNCB), 1.05 Gb",,GCA_040182925.1,ASM4018292v1,Chromosome,aig1; cacna1b; pgm5; bcr,aig1;cacna1b;pgm5;bcr,4,B,no usable marker coordinate; anchored on reported candidate gene(s),"Li et al., Animals. Bonferroni threshold -log10(P)=8.18 (P=6.58E-09).",user_workbook,OK,MISMATCH,True,1264715.0,True,15150717,13632748,16623069,single_anchor_own_pos;region_pts=3/13,used_in_hotspot_clustering
L012,chr8,NC_069717.1,15172659,15798336,15713653,1,smyd1b,16.0,0.938,1.2355998859424853e-29,strong,smyd1b,source:exact/synonym,literature_expansion,12,Oreochromis niloticus,Oreochromis niloticus,,harvest weight;daily growth coefficient (DGC),Growth,,,,,,,,,,1500.0,,,,,,10.1016/j.aquaculture.2022.738522,2022.0,,,GCF_001858045.2,O_niloticus_UMD_NMBU,Chromosome,hip1;hectd1;elna;smyd1b;rrp12;pprc1,hip1;hectd1;elna;smyd1b;rrp12;pprc1,6,B,no usable marker coordinate; anchored on reported candidate gene(s),OpenAlex https://openalex.org/W4283076785; Quantitative trait loci controlling swimming performance and their effect on growth in Nile tilapia (Oreochromis nilotic,agent_curated,OK,MATCH,True,6871.0,True,15713653,15172659,15798336,single_anchor_own_pos;region_pts=16/16,used_in_hotspot_clustering
W002,chr8,NC_069717.1,11835808,11885808,11860808,1,AGRN,3.0,1.0,0.0003414550638431,weak,AGRN,catfish-bridge:RBH,study_wise,2,Salmo salar (Atlantic salmon),Salmo salar,,Body weight; body length,Growth,,,,,,,,,,622 (61 full-sib families),Affymetrix Axiom SNP array (~132K validated),"111,908 segregating SNPs",1 SNP chromosome-wide significant for length (Ssa17); 684 SNPs at relaxed P<0.005,"Cultured, pedigreed (Landcatch Natural Selection)","Juvenile, 1 year post-hatch",10.1186/s12864-015-2117-9,2015.0,AGKD00000000.4,,GCF_965601325.1,fSalSal1,Chromosome,RAI2; POMT1; AGRN; NOTCH3; MYH9; MYO18AB,RAI2;POMT1;AGRN;NOTCH3;MYH9;MYO18AB,6,B,no usable marker coordinate; anchored on reported candidate gene(s),"Tsai et al., BMC Genomics. Polygenic architecture; genomic prediction also reported.",user_workbook,POINT_OUTSIDE_REGION,MISMATCH,True,9807441.0,False,21668249,22227251,22902008,fallback_flanking_window;dropped_outliers=6;padded_25kb_single_point_region,used_in_hotspot_clustering
S018,chr8,NC_069717.1,23993298,24157376,24073839,1,NTRK2,8.0,1.0,1.3666319095521174e-13,strong,NTRK2,source:duplicate-suffix,SNP_level,18,Epinephelus tukula,Epinephelus tukula,Epinephelus lanceolatus,Growth traits (validated),Growth,Chr3 lead SNP,snp,Chr 3,7087462.0,,,NR,< 1E-05,P < 1E-05,169 (+101 hybrids),WGS (MGISEQ-2000),"1,129,992",,Wild-origin broodstock (Hainan),5-7 years,10.1007/s10126-025-10502-4,,Unpublished E. tukula assembly,,GCF_041903045.1,ASM4190304v1,Chromosome,CCDC102A / NTRK2 / CTSL / OTOF / nestin,CCDC102A;NTRK2;CTSL;OTOF;nestin;nes,6,B,position reported but assembly not stated or ambiguous; falls back to gene anchoring,,user_workbook,OK,MATCH,True,17441.0,True,24073839,23993298,24157376,single_anchor_own_pos;region_pts=8/8,used_in_hotspot_clustering
W049,chr8,NC_069717.1,23993298,24157376,24073839,1,NTRK2,8.0,1.0,1.3666319095521174e-13,strong,NTRK2,source:duplicate-suffix,study_wise,49,Epinephelus tukula (potato grouper),Epinephelus tukula,Epinephelus lanceolatus,Body weight; body length; body height; whole length; head length; caudal peduncle length; caudal peduncle height,Growth,,,,,,,,,,169 (+101 hybrids for validation),Whole-genome resequencing (MGISEQ-2000),"1,129,992 SNPs after QC","26 SNPs on chr3, 9, 10, 11, 13, 14, 15, 16, 19, 20, 21, 22; 5 validated (chr3:7,087,462; chr11:43,373,246; chr19:48,255,459; chr21:25,892,144; chr21:39,218,913)",Wild/broodstock from four Hainan regions,5-7 years old,10.1007/s10126-025-10502-4,2025.0,Unpublished E. tukula reference genome,,GCF_041903045.1,ASM4190304v1,Chromosome,CCDC102A; NTRK2; CTSL; OTOF; nestin,CCDC102A;NTRK2;CTSL;OTOF;nestin;nes,6,B,no usable marker coordinate; anchored on reported candidate gene(s),"Cao et al., Mar Biotechnol. Threshold P<1E-05; core germplasm construction.",user_workbook,OK,MATCH,True,17441.0,True,24073839,23993298,24157376,single_anchor_own_pos;region_pts=8/8,used_in_hotspot_clustering
L006,chr8,NC_069717.1,13955293,14240518,14240518,1,grid2,7.0,0.857,3.8486113193518545e-10,strong,grid2,source:exact/synonym,literature_expansion,6,Cynoglossus semilaevis,Cynoglossus semilaevis,,growth size heteromorphism;growth and development;fish size,Growth,,,,,,,,,,500.0,,,,,,10.3390/ani15081130,2025.0,,,GCF_000523025.1,Cse_v1.0,Chromosome,grid1;grid2;shcbp1;sass6;cdca7;gh;igf1,grid1;grid2;shcbp1;sass6;cdca7;gh;igf1,7,B,no usable marker coordinate; anchored on reported candidate gene(s),OpenAlex https://openalex.org/W4409434253; Molecular Mechanism of the Grid Gene Family Regulating Growth Size Heteromorphism in Cynoglossus semilaevis,agent_curated,OK,MISMATCH,True,133680.0,True,29868051,29678720,29896840,single_anchor_own_pos;region_pts=5/13,used_in_hotspot_clustering
W020,chr9,NC_069718.1,900080,1628171,1263410,1,tgfbr2,4.0,0.75,2.9288851793850932e-08,moderate,tgfbr2,source:duplicate-suffix,study_wise,20,Hypophthalmichthys nobilis (bighead carp),Hypophthalmichthys nobilis,Ctenopharyngodon idella,"Head size/shape traits (HL, HW, HH, HL/HH, HL/HW, HL/BL)",Growth,,,,,,,,,,776,High-throughput SNP genotyping (2b-RAD),"9,285 SNPs",11 significant + 12 suggestive; 17 (HL/HH) and 6 (HL/HW) SNPs for shape traits;  9 of the 11 significant SNPs are on LG16,"Cultured (Yangtze River-origin parents, pond-reared offspring)",Adult,10.1016/j.aquaculture.2021.736648,2021.0,Bighead carp genome,,GCF_019924925.1,HZGC01,Chromosome,"cc2b, prdm1b, fndc5b, lbr, bmp8a, ATP6v1cb (head-size genes); ptch1, col9a1a, tgfbr2, hecw2a, zbtb42, sema7a (shape genes)",cc2b;prdm1b;fndc5b;lbr;bmp8a;ATP6v1cb;ptch1;col9a1a;tgfbr2;hecw2a;zbtb42;sema7a,12,B,no usable marker coordinate; anchored on reported candidate gene(s),Aquaculture. Head morphometrics (growth-related conformation). Details not retrievable here.,user_workbook,OK,MISMATCH,True,356363.0,False,1619773,900080,1628171,fallback_flanking_window;,excluded_from_hotspot_clustering (redundant same-locus-same-chromosome anchor; see kept row)
W008,chr9,NC_069718.1,4454095,5057966,4775649,1,col22a1,6.0,1.0,4.070467629753816e-10,strong,col22a1,catfish-bridge:RBH,study_wise,8,Epinephelus coioides (orange-spotted grouper),Epinephelus coioides,,Body weight; total length,Growth,,,,,,,,,,198,RAD-seq,"261,366 SNPs",110 growth-correlated SNPs; 20 confirmed for both body weight and total length,Natural population,NR,10.1007/s11427-017-9161-4,2018.0,NR,,GCA_051314025.1,ASM5131402v1,Chromosome,"npy2r (key); adgrb2, csnk2a1, cers5, col22a1, creb5, dnd1, dzank1, dnai1, fat3, lrrk2, lrp5, map3k9 (34 genes total)",npy2r;adgrb2;csnk2a1;cers5;col22a1;creb5;dnd1;dzank1;dnai1;fat3;lrrk2;lrp5;map3k9,13,B,no usable marker coordinate; anchored on reported candidate gene(s),"Yu et al., Sci China Life Sci. First RAD-seq GWAS in this species.",user_workbook,OK,MATCH,True,27347.0,True,4775649,4454095,5057966,single_anchor_own_pos;region_pts=6/6,used_in_hotspot_clustering
W012,chr9,NC_069718.1,8173926,11554704,9896304,3,fgf1;fgf18;nr3c1,12.0,0.636,1.162807614155725e-18,strong,fgf18,source:duplicate-suffix;source:exact/synonym,study_wise,12,Larimichthys crocea (large yellow croaker),Larimichthys crocea,,Growth-related and body-shape traits,Growth,,,,,,,,,,220,ddRAD-seq,"27,227 SNPs",13 genome-wide significant SNPs across 8 chromosomes,Cultured,NR,10.1007/s10126-019-09910-0,2019.0,Large yellow croaker reference genome,,GCF_000972845.2,L_crocea_2.0,Chromosome,"Growth: fgf18, fgf1, nr3c1, cyp8b1, fabp2, cyp2r1, ppara, ccm2l. Body shape: bmp7, col1a1, col11a2, col18a1",fgf1;nr3c1;cyp8b1;fabp2;cyp2r1;ppara;col1a1;col11a2;col18a1;fgf18;ccm2l;bmp7,12,B,no usable marker coordinate; anchored on reported candidate gene(s),"Zhou et al., Mar Biotechnol.",user_workbook,OK,MISMATCH,True,28058.0,True,9896304,8173926,11554704,multi_anchor_cluster=3/3;region_pts=32/32,used_in_hotspot_clustering
W030,chr9,NC_069718.1,9265565,10736562,9933902,2,enox2;kif3a,21.0,1.0,2.819598811289979e-40,strong,kif3a,source:exact/synonym,study_wise,30,Leiocassis longirostris (Chinese longsnout catfish),Leiocassis longirostris,Tachysurus fulvidraco,"Body mass, total length, standard length, head width, snout length, caudal peduncle depth",Growth,,,,,,,,,,200,"whole-genome resequencing (Illumina NovaSeq, ~9.5x)""","1,260,645 SNPs","31 significant overall, but the per-trait breakdown  (12 body mass, 5 total length, 6 standard length, 9 head width, 4 snout length, 8 caudal peduncle depth) sums to 44","Cultured, China",Not reported (all),10.1016/j.aquaculture.2022.738513,2022.0,PRJNA692071,,GCF_022655615.1,HZAU_PFXX_2.0,Chromosome,"285 candidate genes total (96 BW, 31 TL, 39 SL, 61 HW, 22 snout, 36 caudal); named genes enox2, ky, coma1, matn1, sdc3, if2b3, kif3a, h1b, cadh7, rerg, fabph",ky;coma1;matn1;sdc3;kif3a;h1b;rerg;enox2,8,B,no usable marker coordinate; anchored on reported candidate gene(s),Aquaculture. Growth-related markers for selection. Details not retrievable here.,user_workbook,OK,MISMATCH,True,21453.0,True,9933901,9265565,10736562,multi_anchor_cluster=2/2;region_pts=42/42,used_in_hotspot_clustering
W056,chr9,NC_069718.1,12328515,12430068,12384071,1,SLC16A2,9.0,0.556,1.18171798469816e-13,moderate,SLC16A2,source:exact/synonym,study_wise,56,Ctenopharyngodon idella (grass carp),Ctenopharyngodon idella,,Body weight under hypersaline stress,Growth,,,,,,,,,,98 (extreme-phenotype design),NR,NR,14 SNPs; most significant upstream of UBL5; 3 SNPs in GNG7 intron,"Cultured, saline-alkali adapted",NR,10.1007/s10126-026-10600-x,2026.0,NR,,GCF_019924925.1,HZGC01,Chromosome,UBL5; GNG7; SLC16A2,UBL5;GNG7;SLC16A2,3,B,no usable marker coordinate; anchored on reported candidate gene(s),"Tian et al., Mar Biotechnol. Growth under hypersalinity.",user_workbook,OK,MISMATCH,True,1265233.0,False,11118838,9208972,12430068,fallback_flanking_window;dropped_outliers=4,used_in_hotspot_clustering
L019,chr9,NC_069718.1,16676033,16993474,16839075,1,Sema7a,20.0,1.0,2.155319867392645e-38,strong,Sema7a,source:exact/synonym,literature_expansion,19,Pelteobagrus vachelli,Pelteobagrus vachelli,Tachysurus fulvidraco,weight;body proportion,Growth,,,,,,,,,,,ddRAD,,,,,10.1186/s12864-020-07115-7,2020.0,,,GCF_022655615.1,HZAU_PFXX_2.0,Chromosome,Sipa1;HSD11B2;Sema7a,Sipa1;HSD11B2;Sema7a,3,B,no usable marker coordinate; anchored on reported candidate gene(s),OpenAlex https://openalex.org/W3091816698; A high-density SNP-based genetic map and several economic traits-related loci in Pelteobagrus vachelli,agent_curated,OK,MATCH,True,3849.0,True,16839075,16676033,16993474,single_anchor_own_pos;region_pts=20/20,used_in_hotspot_clustering
W020,chr9,NC_069718.1,16839075,18687676,16839075,1,sema7a,16.0,0.562,1.2355998859424853e-29,moderate,sema7a,source:exact/synonym,study_wise,20,Hypophthalmichthys nobilis (bighead carp),Hypophthalmichthys nobilis,Ctenopharyngodon idella,"Head size/shape traits (HL, HW, HH, HL/HH, HL/HW, HL/BL)",Growth,,,,,,,,,,776,High-throughput SNP genotyping (2b-RAD),"9,285 SNPs",11 significant + 12 suggestive; 17 (HL/HH) and 6 (HL/HW) SNPs for shape traits;  9 of the 11 significant SNPs are on LG16,"Cultured (Yangtze River-origin parents, pond-reared offspring)",Adult,10.1016/j.aquaculture.2021.736648,2021.0,Bighead carp genome,,GCF_019924925.1,HZGC01,Chromosome,"cc2b, prdm1b, fndc5b, lbr, bmp8a, ATP6v1cb (head-size genes); ptch1, col9a1a, tgfbr2, hecw2a, zbtb42, sema7a (shape genes)",cc2b;prdm1b;fndc5b;lbr;bmp8a;ATP6v1cb;ptch1;col9a1a;tgfbr2;hecw2a;zbtb42;sema7a,12,B,no usable marker coordinate; anchored on reported candidate gene(s),Aquaculture. Head morphometrics (growth-related conformation). Details not retrievable here.,user_workbook,OK,MATCH,True,81733.0,True,16839075,16839075,18687676,single_anchor_own_pos;region_pts=16/16,used_in_hotspot_clustering
W025,chr9,NC_069718.1,17145147,18022613,17519753,1,rora,17.0,1.0,9.626867011160682e-33,strong,rora,source:duplicate-suffix,study_wise,25,Oreochromis niloticus (Nile tilapia),Oreochromis niloticus,,Body weight at five time points (BW1-BW5) under hypoxia and normoxia,Growth,,,,,,,,,,"3,140 phenotyped; 2,063 genotyped","RAD-seq (ApeKI, Illumina HiSeq 2000)","27,090 SNPs","36 (hypoxic), 29 (normoxic), 33 (meta-analysis)",Cultured GIFT generation 16,Five measurements over ~217 days,10.1186/s12864-021-07486-5,2021.0,GCF_001858045.1,GCF_001858045.1,GCF_001858045.2,O_niloticus_UMD_NMBU,Chromosome,igf1rb; rora; efna3; aurk; MAPK and VEGF signalling,igf1rb;rora;efna3;aurk;MAPK;VEGF,6,B,no usable marker coordinate; anchored on reported candidate gene(s),"Yu et al., BMC Genomics. Growth under oxygen stress; GxE design.",user_workbook,OK,MATCH,True,0.0,True,17519753,17145147,18022613,single_anchor_own_pos;region_pts=17/17,used_in_hotspot_clustering
W026,chr9,NC_069718.1,18336003,18675752,18616482,1,ntrk3a,5.0,1.0,2.81067780988277e-07,moderate,ntrk3a,source:exact/synonym,study_wise,26,Oreochromis niloticus (Nile tilapia),Oreochromis niloticus,,Body weight gain; feed conversion ratio; residual feed intake; feed intake,Growth,,,,,,,,,,"755 after QC (of 1,200; 40 full-sib families)",ThermoFisher Axiom 65K SNP array,"48,431 SNPs after QC",10 SNPs on LG5 (body weight gain); 1 SNP on LG7 (feed intake),Cultured GIFT breeding programme,NR,10.3389/fgene.2021.737906,2021.0,GCA_001858045.3,GCA_001858045.3,GCF_001858045.2,O_niloticus_UMD_NMBU,Chromosome,ghrh; eif4e3; ntrk3a,ghrh;eif4e3;ntrk3a,3,B,no usable marker coordinate; anchored on reported candidate gene(s),"Barria et al., Front Genet. Growth-efficiency traits.",user_workbook,POINT_OUTSIDE_REGION,MISMATCH,True,445576.0,False,19062058,18336003,18675752,fallback_flanking_window;,used_in_hotspot_clustering
S017,chr9,NC_069718.1,20275620,20780026,20420113,1,"LG7:47,464,467",17.0,0.647,1.7114264163103848e-31,moderate,"LG7:47,464,467",coordinate:stated-assembly,SNP_level,17,Oreochromis spp. (red tilapia),Oreochromis niloticus,,Body mass / body length (hyperosmotic stress),Growth,chr7-47464467,snp,Chr 7,47464467.0,,,NR,-log10(P) > 8.41,Significant -log10(0.01/N)=8.41; suggestive 7.11,160,"WGS (NovaSeq, PE150)","12,776,921",,Cultured selected line,"90 dph, ~120.7 g",10.3390/ijms26136492,,GCF_001858045.2,GCF_001858045.2,GCF_001858045.2,O_niloticus_UMD_NMBU,Chromosome,galnt9 / esrrg region,galnt9;esrrg,2,A1,"exact position on the stated assembly, which is annotated and used directly",,user_workbook,OK,MATCH,True,40061.0,True,20420113,20275620,24045553,single_anchor_own_pos;region_pts=11/17,used_in_hotspot_clustering
W007,chr9,NC_069718.1,20226431,21119639,21069066,1,srpk2,8.0,0.625,1.3666319095521174e-13,moderate,srpk2,source:exact/synonym,study_wise,7,Cyprinus carpio (Yellow River common carp),Cyprinus carpio,,Head length; head length/body length ratio; eye diameter; eye cross,Growth,,,,,,,,,,433 for GWAS (+103 for QTL mapping),Common carp 250K SNP array,"106,959 SNPs after QC",12 SNPs genome-wide significant (GWAS) + 18 QTL (linkage mapping),"Cultured, multiple families from a breeding station",18 months post-hatch,10.3389/fgene.2018.00448,2018.0,GCF_000951615.1,GCF_000951615.1,GCF_018340385.1,ASM1834038v1,Chromosome,igf1; igf3; grb10; igf1r; notch2; sfrp2; parv; srpk2; fsrp5,igf1;igf3;grb10;igf1r;notch2;sfrp2;srpk2;fsrp5,8,B,no usable marker coordinate; anchored on reported candidate gene(s),"ADDED from Yanez et al. 2023 review (ref 92). Chen et al., Front Genet 9:448. Combined GWAS + QTL design; threshold -log10(P)>5.02 (suggestive 4.5).",user_workbook,OK,MISMATCH,True,579799.0,False,20489267,20226431,21119639,fallback_flanking_window;,used_in_hotspot_clustering
W043,chr9,NC_069718.1,20542875,21054428,20745469,1,dnajb9,8.0,1.0,1.0054630838310446e-11,strong,dnajb9,source:duplicate-suffix,study_wise,43,Lateolabrax maculatus (spotted sea bass),Lateolabrax maculatus,,"Growth traits, InDel-based (total length used for genomic prediction)",Growth,,,,,,,,,,Not reported (all),Whole-genome resequencing; InDel markers,Not reported (all),"97 significant InDels, including a 6bp insertion in an exon",Cultured; DY and TS populations,Not reported (all),10.1002/aro2.87,2024.0,Not reported (all),,GCA_031216445.1,YSFRI_Lmacu_1.1,Chromosome,"c4b, fgf4, dnajb9 (novel); only 5 (DY) and 1 (TS) overlapped the same group's earlier SNP-based GWAS candidates",c4b;fgf4;dnajb9;SNP-based,4,B,no usable marker coordinate; anchored on reported candidate gene(s),"Zhang et al., Animal Research and One Health (Wiley). InDel-based GWAS + genomic prediction; details not fully retrieved.",user_workbook,POINT_OUTSIDE_REGION,MISMATCH,True,321949.0,False,21067418,20542875,21054428,fallback_flanking_window;,used_in_hotspot_clustering
L025,chr9,NC_069718.1,22457704,23323591,22781828,1,P2RY1,10.0,0.6,1.400907326632718e-16,moderate,P2RY1,source:exact/synonym,literature_expansion,25,Nibea albiflora,Nibea albiflora,,growth-related traits,Growth,,,,,,,,,,113.0,,,,,,10.1038/s41598-018-35583-1,2018.0,,,GCA_014281875.1,ASM1428187v1,Chromosome,PLA2G4A;BRINP3;P2RY1,PLA2G4A;BRINP3;P2RY1,3,B,no usable marker coordinate; anchored on reported candidate gene(s),OpenAlex https://openalex.org/W2901916045; A high-density genetic linkage map and QTL mapping for growth and sex of yellow drum (Nibea albiflora),agent_curated,OK,MISMATCH,True,39063.0,False,22820891,22457704,23323591,fallback_flanking_window;dropped_outliers=3,used_in_hotspot_clustering
W037,chr9,NC_069718.1,23059531,24151263,23370301,1,eps8l2,14.0,0.786,1.2526798224688829e-23,strong,eps8l2,catfish-bridge:RBH,study_wise,37,Epinephelus coioides (orange-spotted grouper),Epinephelus coioides,,Early growth traits,Growth,,,,,,,,,,Not reported (all),RAD-seq (restriction site-associated DNA sequencing),Not reported (all),11 significant SNPs associated with fast growth,Not reported (all),Early growth stage,10.1016/j.aquaculture.2022.739129,2023.0,Not reported (all),,GCA_051314025.1,ASM5131402v1,Chromosome,"8 specific genes (mustn1, bmp7, sema3a, magi2, prkcd, capzb, twf2, eps8l2)",mustn1;bmp7;sema3a;magi2;prkcd;capzb;twf2;eps8l2,8,B,no usable marker coordinate; anchored on reported candidate gene(s),Aquaculture. Details not retrievable here.,user_workbook,OK,MATCH,True,62958.0,True,23370301,20046602,24151263,single_anchor_own_pos;region_pts=11/14,used_in_hotspot_clustering
W054,chr9,NC_069718.1,23616601,24045553,24045553,1,nuak1,17.0,0.529,1.6057680058046377e-30,moderate,nuak1,source:duplicate-suffix,study_wise,54,Oreochromis spp. (red tilapia),Oreochromis niloticus,,Total body length; body height; body mass; caudal peduncle height (under hyperosmotic stress),Growth,,,,,,,,,,160 genotyped (+12 for RNA-seq),"Whole-genome resequencing (Illumina NovaSeq, PE150)","12,776,921 high-quality SNPs","1 significant + 8 suggestive SNPs; lead SNP chr7:47,464,467",Cultured growth-selected lines (from wild Taiwan founders),90 days post-hatch; ~120.7 g at acclimation,10.3390/ijms26136492,2025.0,GCF_001858045.2 (Nile tilapia),GCF_001858045.2,GCF_001858045.2,O_niloticus_UMD_NMBU,Chromosome,galnt9; esrrg; map7; mtfr2; kcnj8; fhit; dnm1; cald1; plxnb2; nuak1; bpgm,galnt9;esrrg;map7;mtfr2;kcnj8;fhit;dnm1;cald1;plxnb2;nuak1;bpgm,11,B,no usable marker coordinate; anchored on reported candidate gene(s),"Liu et al., IJMS. GWAS + RNA-seq. Thresholds -log10(0.01/N)=8.41 (significant), -log10(0.05/N)=7.11 (suggestive).",user_workbook,OK,MATCH,True,3585379.0,True,24045553,20275620,24045553,single_anchor_own_pos;region_pts=8/17,used_in_hotspot_clustering
W041,chr9,NC_069718.1,26092880,26205245,26170755,2,ano6;pwp1,8.0,1.0,5.086401318390132e-12,strong,ano6,source:exact/synonym,study_wise,41,Ctenopharyngodon idella (grass carp),Ctenopharyngodon idella,,"Growth traits (BW, BL, BH per v1)",Growth,,,,,,,,,,Not reported (all),Whole-genome resequencing,"4,854,366 SNPs",31 significant SNPs,"Cultured grass carp; mapping population derived from wild founders collected from Yangtze, Pearl and Xiangjiang Rivers.",Not reported (all),10.1016/j.aquaculture.2024.741129,2024.0,"Grass carp reference genome, exact assembly not stated",,GCF_019924925.1,HZGC01,Chromosome,"120 candidate genes total, highlighted subset pwp1, cers5, chrebp agreed by all three; additional names lsr, ctnnbip1, smoc2, ano6, cckrb",cers5;ctnnbip1;smoc2;ano6;cckrb;pwp1;chrebp;lsr,8,B,no usable marker coordinate; anchored on reported candidate gene(s),"Zhang et al., Aquaculture. Novel SNPs and candidate genes. Details not retrievable here.",user_workbook,POINT_OUTSIDE_REGION,MISMATCH,True,82789.0,False,26253544,26092880,26205245,fallback_flanking_window;,used_in_hotspot_clustering
L006,chr10,NC_069719.1,2074781,4995105,3732442,1,grid1,5.0,0.8,2.8476645027529103e-06,moderate,grid1,source:duplicate-suffix,literature_expansion,6,Cynoglossus semilaevis,Cynoglossus semilaevis,,growth size heteromorphism;growth and development;fish size,Growth,,,,,,,,,,500.0,,,,,,10.3390/ani15081130,2025.0,,,GCF_000523025.1,Cse_v1.0,Chromosome,grid1;grid2;shcbp1;sass6;cdca7;gh;igf1,grid1;grid2;shcbp1;sass6;cdca7;gh;igf1,7,B,no usable marker coordinate; anchored on reported candidate gene(s),OpenAlex https://openalex.org/W4409434253; Molecular Mechanism of the Grid Gene Family Regulating Growth Size Heteromorphism in Cynoglossus semilaevis,agent_curated,OK,MISMATCH,True,1493620.0,False,2238822,2074781,4995105,fallback_flanking_window;dropped_outliers=3,used_in_hotspot_clustering
W046,chr10,NC_069719.1,10039508,14003722,11533998,1,znf292,16.0,0.562,6.870566117802858e-28,moderate,znf292,source:duplicate-suffix,study_wise,46,Sparus aurata (gilthead seabream),Sparus aurata,,"Harvest weight, fillet weight, thermal growth coefficient; organ weights (VW, LW, HeW) across environments (GxE)",Growth,,,,,,,,,,"1,901 after QC; 934 (Spain) / 967 (Greece) for growth traits",Axiom SNP array,"32,359 genotyped; 29,111 after QC",14 suggestive/significant SNPs each in Spain and Greece; 15 organ-weight SNPs in Spain; 17 organ-weight SNPs in Greece,"Commercial production sites, Spain and Greece",Harvest stage; environments differ in temperature,10.1016/j.aquaculture.2024.740984,2024.0,Gilthead seabream genome reference,,GCF_900880675.2,fSpaAur1.2,Chromosome,"specific genes (ncan, znf292, zfr — Spain; traf2a, tnc, zfr, uqcc1, gdf5, hmgcra, gnai2b, si — Greece); GO/KEGG functional terms (light absorption, ECM-receptor interaction — Spain; response to stimulus, cell adhesion, phosphorylation regulation — Greece)",ncan;znf292;traf2a;tnc;zfr;uqcc1;gdf5;hmgcra;gnai2b,9,B,no usable marker coordinate; anchored on reported candidate gene(s),Aquaculture. Genotype-by-environment interaction GWAS. Details not retrievable here.,user_workbook,OK,MATCH,True,1432549.0,True,11533998,10039508,14003722,single_anchor_own_pos;region_pts=16/18,used_in_hotspot_clustering
W054,chr10,NC_069719.1,28211724,28261724,28236724,1,map7,8.0,0.875,2.4015556399957098e-12,strong,map7,source:duplicate-suffix,study_wise,54,Oreochromis spp. (red tilapia),Oreochromis niloticus,,Total body length; body height; body mass; caudal peduncle height (under hyperosmotic stress),Growth,,,,,,,,,,160 genotyped (+12 for RNA-seq),"Whole-genome resequencing (Illumina NovaSeq, PE150)","12,776,921 high-quality SNPs","1 significant + 8 suggestive SNPs; lead SNP chr7:47,464,467",Cultured growth-selected lines (from wild Taiwan founders),90 days post-hatch; ~120.7 g at acclimation,10.3390/ijms26136492,2025.0,GCF_001858045.2 (Nile tilapia),GCF_001858045.2,GCF_001858045.2,O_niloticus_UMD_NMBU,Chromosome,galnt9; esrrg; map7; mtfr2; kcnj8; fhit; dnm1; cald1; plxnb2; nuak1; bpgm,galnt9;esrrg;map7;mtfr2;kcnj8;fhit;dnm1;cald1;plxnb2;nuak1;bpgm,11,B,no usable marker coordinate; anchored on reported candidate gene(s),"Liu et al., IJMS. GWAS + RNA-seq. Thresholds -log10(0.01/N)=8.41 (significant), -log10(0.05/N)=7.11 (suggestive).",user_workbook,OK,MISMATCH,True,598305.0,True,12240691,11484773,12933165,single_anchor_own_pos;region_pts=1/9;padded_25kb_single_point_region,used_in_hotspot_clustering
W020,chr10,NC_069719.1,20108026,20637332,20377830,1,zbtb42,11.0,1.0,1.9205758018691918e-21,strong,zbtb42,source:exact/synonym,study_wise,20,Hypophthalmichthys nobilis (bighead carp),Hypophthalmichthys nobilis,Ctenopharyngodon idella,"Head size/shape traits (HL, HW, HH, HL/HH, HL/HW, HL/BL)",Growth,,,,,,,,,,776,High-throughput SNP genotyping (2b-RAD),"9,285 SNPs",11 significant + 12 suggestive; 17 (HL/HH) and 6 (HL/HW) SNPs for shape traits;  9 of the 11 significant SNPs are on LG16,"Cultured (Yangtze River-origin parents, pond-reared offspring)",Adult,10.1016/j.aquaculture.2021.736648,2021.0,Bighead carp genome,,GCF_019924925.1,HZGC01,Chromosome,"cc2b, prdm1b, fndc5b, lbr, bmp8a, ATP6v1cb (head-size genes); ptch1, col9a1a, tgfbr2, hecw2a, zbtb42, sema7a (shape genes)",cc2b;prdm1b;fndc5b;lbr;bmp8a;ATP6v1cb;ptch1;col9a1a;tgfbr2;hecw2a;zbtb42;sema7a,12,B,no usable marker coordinate; anchored on reported candidate gene(s),Aquaculture. Head morphometrics (growth-related conformation). Details not retrievable here.,user_workbook,OK,MATCH,True,0.0,True,20377830,20108026,20637332,single_anchor_own_pos;region_pts=11/11,used_in_hotspot_clustering
L012,chr10,NC_069719.1,21509001,21965122,21893414,1,hectd1,13.0,0.769,7.449546273233228e-22,strong,hectd1,source:exact/synonym,literature_expansion,12,Oreochromis niloticus,Oreochromis niloticus,,harvest weight;daily growth coefficient (DGC),Growth,,,,,,,,,,1500.0,,,,,,10.1016/j.aquaculture.2022.738522,2022.0,,,GCF_001858045.2,O_niloticus_UMD_NMBU,Chromosome,hip1;hectd1;elna;smyd1b;rrp12;pprc1,hip1;hectd1;elna;smyd1b;rrp12;pprc1,6,B,no usable marker coordinate; anchored on reported candidate gene(s),OpenAlex https://openalex.org/W4283076785; Quantitative trait loci controlling swimming performance and their effect on growth in Nile tilapia (Oreochromis nilotic,agent_curated,OK,MATCH,True,83622.0,True,21893414,21509001,28531833,single_anchor_own_pos;region_pts=10/14,used_in_hotspot_clustering
S017,chr10,NC_069719.1,23475753,24040643,23773737,1,esrrg,5.0,1.0,6.951069619744581e-07,moderate,esrrg,source:duplicate-suffix,SNP_level,17,Oreochromis spp. (red tilapia),Oreochromis niloticus,,Body mass / body length (hyperosmotic stress),Growth,chr7-47464467,snp,Chr 7,47464467.0,,,NR,-log10(P) > 8.41,Significant -log10(0.01/N)=8.41; suggestive 7.11,160,"WGS (NovaSeq, PE150)","12,776,921",,Cultured selected line,"90 dph, ~120.7 g",10.3390/ijms26136492,,GCF_001858045.2,GCF_001858045.2,GCF_001858045.2,O_niloticus_UMD_NMBU,Chromosome,galnt9 / esrrg region,galnt9;esrrg,2,A1,"exact position on the stated assembly, which is annotated and used directly",,user_workbook,OK,MATCH,True,0.0,True,23773737,23475753,24040643,single_anchor_own_pos;region_pts=5/10,used_in_hotspot_clustering
W054,chr10,NC_069719.1,23475753,24040643,23773737,1,esrrg,5.0,1.0,6.951069619744581e-07,moderate,esrrg,source:duplicate-suffix,study_wise,54,Oreochromis spp. (red tilapia),Oreochromis niloticus,,Total body length; body height; body mass; caudal peduncle height (under hyperosmotic stress),Growth,,,,,,,,,,160 genotyped (+12 for RNA-seq),"Whole-genome resequencing (Illumina NovaSeq, PE150)","12,776,921 high-quality SNPs","1 significant + 8 suggestive SNPs; lead SNP chr7:47,464,467",Cultured growth-selected lines (from wild Taiwan founders),90 days post-hatch; ~120.7 g at acclimation,10.3390/ijms26136492,2025.0,GCF_001858045.2 (Nile tilapia),GCF_001858045.2,GCF_001858045.2,O_niloticus_UMD_NMBU,Chromosome,galnt9; esrrg; map7; mtfr2; kcnj8; fhit; dnm1; cald1; plxnb2; nuak1; bpgm,galnt9;esrrg;map7;mtfr2;kcnj8;fhit;dnm1;cald1;plxnb2;nuak1;bpgm,11,B,no usable marker coordinate; anchored on reported candidate gene(s),"Liu et al., IJMS. GWAS + RNA-seq. Thresholds -log10(0.01/N)=8.41 (significant), -log10(0.05/N)=7.11 (suggestive).",user_workbook,OK,MATCH,True,0.0,True,23773737,23475753,24040643,single_anchor_own_pos;region_pts=5/10,excluded_from_hotspot_clustering (redundant same-locus-same-chromosome anchor; see kept row)
L018,chr10,NC_069719.1,29367424,29529514,29529514,1,kif26b,7.0,0.571,1.1367013640237176e-09,moderate,kif26b,source:duplicate-suffix,literature_expansion,18,Larimichthys polyactis,Larimichthys polyactis,Larimichthys crocea,total length;body length;body weight,Growth,,,,,,,,,,110.0,resequencing,,,,,10.1038/s41598-020-68592-0,2020.0,,,GCF_000972845.2,L_crocea_2.0,Chromosome,kif26b;bat1;gna1;gbgt1;amfr,kif26b;bat1;gna1;gbgt1;amfr,5,B,no usable marker coordinate; anchored on reported candidate gene(s),OpenAlex https://openalex.org/W3042793386; A first genetic linage map construction and QTL mapping for growth traits in Larimichthys polyactis,agent_curated,OK,MATCH,True,5678506.0,True,29529514,29367424,29529514,single_anchor_own_pos;region_pts=7/16,used_in_hotspot_clustering
W012,chr11,NC_069720.1,49297,1818714,56204,1,cyp2r1,16.0,0.688,6.870566117802858e-28,moderate,cyp2r1,source:exact/synonym,study_wise,12,Larimichthys crocea (large yellow croaker),Larimichthys crocea,,Growth-related and body-shape traits,Growth,,,,,,,,,,220,ddRAD-seq,"27,227 SNPs",13 genome-wide significant SNPs across 8 chromosomes,Cultured,NR,10.1007/s10126-019-09910-0,2019.0,Large yellow croaker reference genome,,GCF_000972845.2,L_crocea_2.0,Chromosome,"Growth: fgf18, fgf1, nr3c1, cyp8b1, fabp2, cyp2r1, ppara, ccm2l. Body shape: bmp7, col1a1, col11a2, col18a1",fgf1;nr3c1;cyp8b1;fabp2;cyp2r1;ppara;col1a1;col11a2;col18a1;fgf18;ccm2l;bmp7,12,B,no usable marker coordinate; anchored on reported candidate gene(s),"Zhou et al., Mar Biotechnol.",user_workbook,OK,MATCH,True,447651.0,True,56204,49297,1818714,single_anchor_own_pos;region_pts=16/19,used_in_hotspot_clustering
S018,chr11,NC_069720.1,807434,889790,807434,1,CCDC102A,8.0,0.625,9.392136246587803e-11,moderate,CCDC102A,source:exact/synonym,SNP_level,18,Epinephelus tukula,Epinephelus tukula,Epinephelus lanceolatus,Growth traits (validated),Growth,Chr3 lead SNP,snp,Chr 3,7087462.0,,,NR,< 1E-05,P < 1E-05,169 (+101 hybrids),WGS (MGISEQ-2000),"1,129,992",,Wild-origin broodstock (Hainan),5-7 years,10.1007/s10126-025-10502-4,,Unpublished E. tukula assembly,,GCF_041903045.1,ASM4190304v1,Chromosome,CCDC102A / NTRK2 / CTSL / OTOF / nestin,CCDC102A;NTRK2;CTSL;OTOF;nestin;nes,6,B,position reported but assembly not stated or ambiguous; falls back to gene anchoring,,user_workbook,OK,MATCH,True,9699372.0,True,807434,807434,10535948,single_anchor_own_pos;region_pts=2/13,used_in_hotspot_clustering
W049,chr11,NC_069720.1,807434,889790,807434,1,CCDC102A,8.0,0.625,9.392136246587803e-11,moderate,CCDC102A,source:exact/synonym,study_wise,49,Epinephelus tukula (potato grouper),Epinephelus tukula,Epinephelus lanceolatus,Body weight; body length; body height; whole length; head length; caudal peduncle length; caudal peduncle height,Growth,,,,,,,,,,169 (+101 hybrids for validation),Whole-genome resequencing (MGISEQ-2000),"1,129,992 SNPs after QC","26 SNPs on chr3, 9, 10, 11, 13, 14, 15, 16, 19, 20, 21, 22; 5 validated (chr3:7,087,462; chr11:43,373,246; chr19:48,255,459; chr21:25,892,144; chr21:39,218,913)",Wild/broodstock from four Hainan regions,5-7 years old,10.1007/s10126-025-10502-4,2025.0,Unpublished E. tukula reference genome,,GCF_041903045.1,ASM4190304v1,Chromosome,CCDC102A; NTRK2; CTSL; OTOF; nestin,CCDC102A;NTRK2;CTSL;OTOF;nestin;nes,6,B,no usable marker coordinate; anchored on reported candidate gene(s),"Cao et al., Mar Biotechnol. Threshold P<1E-05; core germplasm construction.",user_workbook,OK,MATCH,True,9699372.0,True,807434,807434,10535948,single_anchor_own_pos;region_pts=2/13,used_in_hotspot_clustering
W022,chr11,NC_069720.1,3001113,4050256,4021960,1,bcmo1,9.0,0.667,1.1222258789759769e-17,moderate,bcmo1,alias(zebrafish):exact/synonym,study_wise,22,Oncorhynchus mykiss (rainbow trout),Oncorhynchus mykiss,,Body weight; condition coefficient; head yield; carcass yield; headless gutted carcass yield (plus fat/colour quality traits),Growth,,,,,,,,,,"1,379 with genotype+phenotype (1,510 phenotyped)",57K Axiom Trout Genotyping Array,"29,652 SNPs after QC","Major QTL region on Omy8 (up to 10% cumulative genetic variance for weight, condition, fat, carcass yields); 6 QTL for flesh colour",Cultured commercial selected line,503-506 days post-fertilisation,10.3389/fgene.2021.639223,2021.0,GCF_002163495.1,GCF_002163495.1,GCF_013265735.2,USDA_OmykA_1.1,Chromosome,htr1; gnpat; ephx1; bcmo1; cyp2x,htr1;gnpat;ephx1;bcmo1;cyp2x,5,B,no usable marker coordinate; anchored on reported candidate gene(s),"Blay et al., Front Genet. Bayesian threshold 2ln(BF)>=6.",user_workbook,OK,MATCH,True,122463.0,True,4021960,3001113,4050256,single_anchor_own_pos;region_pts=9/9,used_in_hotspot_clustering
W019,chr11,NC_069720.1,4171304,4668220,4510293,1,CCND1,10.0,0.9,4.0507524966547385e-17,strong,CCND1,source:exact/synonym,study_wise,19,Oncorhynchus mykiss (rainbow trout),Oncorhynchus mykiss,,Body weight gain,Growth,,,,,,,,,,789 (two consecutive generations),50K gene-transcribed SNP chip,"29,451 SNPs after MAF/HWE filtering","247 SNPs (wssGBLUP); 33 SNPs (single-marker); clustered on Omy2, 4, 8, 9, 13, 14, 18 (Omy14 richest, 50 SNPs)",Cultured NCCCWA growth-selected line,NR,10.1186/s12864-020-6617-x,2020.0,GCF_002163495 (Omyk_1.0),GCF_002163495.1,GCF_013265735.2,USDA_OmykA_1.1,Chromosome,OCRL-1; THBS1; MAP4; PHGDH; CAV-1; CCND1; AMPK-pathway genes,OCRL-1;THBS1;MAP4;PHGDH;CAV-1;CCND1,6,B,no usable marker coordinate; anchored on reported candidate gene(s),"Ali et al., BMC Genomics. Bonferroni single-marker threshold 1.70E-06.",user_workbook,OK,MATCH,True,10393.0,True,4510293,673374,4668220,single_anchor_own_pos;region_pts=8/10,used_in_hotspot_clustering
W043,chr11,NC_069720.1,4510293,4668220,4547848,1,fgf4,12.0,0.667,1.4631184298864478e-19,moderate,fgf4,source:exact/synonym,study_wise,43,Lateolabrax maculatus (spotted sea bass),Lateolabrax maculatus,,"Growth traits, InDel-based (total length used for genomic prediction)",Growth,,,,,,,,,,Not reported (all),Whole-genome resequencing; InDel markers,Not reported (all),"97 significant InDels, including a 6bp insertion in an exon",Cultured; DY and TS populations,Not reported (all),10.1002/aro2.87,2024.0,Not reported (all),,GCA_031216445.1,YSFRI_Lmacu_1.1,Chromosome,"c4b, fgf4, dnajb9 (novel); only 5 (DY) and 1 (TS) overlapped the same group's earlier SNP-based GWAS candidates",c4b;fgf4;dnajb9;SNP-based,4,B,no usable marker coordinate; anchored on reported candidate gene(s),"Zhang et al., Animal Research and One Health (Wiley). InDel-based GWAS + genomic prediction; details not fully retrieved.",user_workbook,OK,MATCH,True,0.0,True,4547848,4510293,8573760,single_anchor_own_pos;region_pts=7/12,used_in_hotspot_clustering
W018,chr11,NC_069720.1,4729446,5190766,4819095,1,neo1,8.0,1.0,1.0054630838310446e-11,strong,neo1,source:duplicate-suffix,study_wise,18,Larimichthys crocea (large yellow croaker),Larimichthys crocea,,Body depth/body length; body thickness/body length; caudal peduncle depth ratio; tail length/body length; body area/head area,Growth,,,,,,,,,,280,ddRAD sequencing,NR,20 significant SNPs across 12 chromosomes + 5 suggestive,Cultured panmictic population,NR,10.1007/s10126-020-09983-2,2020.0,RQIN00000000 (Li and Durbin 2009),,GCF_000972845.2,L_crocea_2.0,Chromosome,fabp1; acrv1; bcor; mstn; bambi; neo1,fabp1;acrv1;bcor;mstn;bambi;neo1,6,B,no usable marker coordinate; anchored on reported candidate gene(s),"ADDED from Yanez et al. 2023 review (ref 104). Kong et al., Mar Biotechnol 22(5):631-643. Body-shape morphometrics; companion study to Zhou et al. 2019.",user_workbook,OK,MATCH,True,208799.0,True,4819095,4729446,5190766,single_anchor_own_pos;region_pts=8/8,used_in_hotspot_clustering
W035,chr11,NC_069720.1,5082873,5520616,5407086,1,jph3a,19.0,0.947,3.254130273935032e-35,strong,jph3a,source:exact/synonym,study_wise,35,Clarias macrocephalus (bighead catfish),Clarias macrocephalus,Clarias gariepinus,"Body weight, standard length, total length",Growth,,,,,,,,,,991 (74 full-sib + 31 half-sib families),DArTseq genotyping-by-sequencing,"9,530 SNPs",19 markers associated with growth traits; PVE 1.02-6.59%,Selectively bred population in Thailand (74 full-sib + 31 half-sib families),8 months old,10.1016/j.aquaculture.2022.738748,2023.0,Not reported (all),,GCF_024256425.1,CGAR_prim_01v2,Chromosome,"egln2, zfyve21, jph3a, + one hypothetical protein",egln2;zfyve21;jph3a,3,B,no usable marker coordinate; anchored on reported candidate gene(s),Aquaculture. GWAS + genomic prediction. Details not retrievable here.,user_workbook,OK,MATCH,True,11880.0,True,5407086,5082873,5520616,single_anchor_own_pos;region_pts=19/19,used_in_hotspot_clustering
W017,chr11,NC_069720.1,5737431,7312745,6128471,1,acyp2,5.0,0.8,7.871865109424955e-09,moderate,acyp2,catfish-bridge:RBH,study_wise,17,Epinephelus fuscoguttatus (brown-marbled grouper),Epinephelus fuscoguttatus,,Body weight; body length; body height; body thickness; total length,Growth,,,,,,,,,,172 discovery + 123 validation,ddRAD-seq,"43,688 SNPs","5 significant QTL (+14 suggestive); lead SNP 23:29,601,315 in bmp2k intron",Cultured/domesticated,NR,10.1007/s10126-019-09940-8,2020.0,NR,,GCF_011397635.1,E.fuscoguttatus.final_Chr_v1,Chromosome,bmp2k; wasf1; acyp2,bmp2k;wasf1;acyp2,3,B,no usable marker coordinate; anchored on reported candidate gene(s),"Yang et al., Mar Biotechnol. Independent validation cohort.",user_workbook,OK,MATCH,True,0.0,True,6128471,5737431,7312745,single_anchor_own_pos;region_pts=5/6,used_in_hotspot_clustering
L006,chr11,NC_069720.1,8256501,10535948,8566069,1,shcbp1,11.0,0.636,6.004571219153183e-16,moderate,shcbp1,source:exact/synonym,literature_expansion,6,Cynoglossus semilaevis,Cynoglossus semilaevis,,growth size heteromorphism;growth and development;fish size,Growth,,,,,,,,,,500.0,,,,,,10.3390/ani15081130,2025.0,,,GCF_000523025.1,Cse_v1.0,Chromosome,grid1;grid2;shcbp1;sass6;cdca7;gh;igf1,grid1;grid2;shcbp1;sass6;cdca7;gh;igf1,7,B,no usable marker coordinate; anchored on reported candidate gene(s),OpenAlex https://openalex.org/W4409434253; Molecular Mechanism of the Grid Gene Family Regulating Growth Size Heteromorphism in Cynoglossus semilaevis,agent_curated,OK,MISMATCH,True,1487136.0,False,7078933,807434,10535948,fallback_flanking_window;dropped_outliers=6,used_in_hotspot_clustering
W025,chr11,NC_069720.1,7690867,8202341,7844024,1,igf1rb,8.0,1.0,1.8771492928204855e-11,strong,igf1rb,source:exact/synonym,study_wise,25,Oreochromis niloticus (Nile tilapia),Oreochromis niloticus,,Body weight at five time points (BW1-BW5) under hypoxia and normoxia,Growth,,,,,,,,,,"3,140 phenotyped; 2,063 genotyped","RAD-seq (ApeKI, Illumina HiSeq 2000)","27,090 SNPs","36 (hypoxic), 29 (normoxic), 33 (meta-analysis)",Cultured GIFT generation 16,Five measurements over ~217 days,10.1186/s12864-021-07486-5,2021.0,GCF_001858045.1,GCF_001858045.1,GCF_001858045.2,O_niloticus_UMD_NMBU,Chromosome,igf1rb; rora; efna3; aurk; MAPK and VEGF signalling,igf1rb;rora;efna3;aurk;MAPK;VEGF,6,B,no usable marker coordinate; anchored on reported candidate gene(s),"Yu et al., BMC Genomics. Growth under oxygen stress; GxE design.",user_workbook,POINT_OUTSIDE_REGION,MISMATCH,True,160727.0,False,7683297,7690867,8202341,fallback_flanking_window;,used_in_hotspot_clustering
W011,chr11,NC_069720.1,9393031,10212712,9595220,1,ABHD17C,9.0,0.778,1.18171798469816e-13,strong,ABHD17C,source:exact/synonym,study_wise,11,Epinephelus lanceolatus (giant grouper),Epinephelus lanceolatus,,Body weight; body length; body height; total length (5 growth traits),Growth,,,,,,,,,,289,Genotyping-by-sequencing (GBS),"42,323 SNPs after QC","11 genome-wide significant SNPs; 36 growth-related SNPs; 22 QTL (e.g. LG17:6,934,451; LG7:22,596,399; LG15:11,877,836)",Cultured/domesticated,NR,10.1007/s10126-019-09916-8,2019.0,NR,,GCF_041903045.1,ASM4190304v1,Chromosome,Phosphatidylinositol transfer protein cytoplasmic 1; protein tyrosine phosphatase receptor type E; ABHD17C; VEGF-A,ABHD17C,1,B,no usable marker coordinate; anchored on reported candidate gene(s),"Wu et al., Mar Biotechnol. First GWAS in giant grouper.",user_workbook,OK,MATCH,True,123210.0,True,9595220,9393031,10212712,single_anchor_own_pos;region_pts=9/9,used_in_hotspot_clustering
W004,chr11,NC_069720.1,11776287,13268073,11776287,1,Sox2,5.0,1.0,2.81067780988277e-07,moderate,Sox2,source:exact/synonym,study_wise,4,Oncorhynchus mykiss (rainbow trout),Oncorhynchus mykiss,,Body weight at 10 and 13 months; fillet weight; fillet yield; head-off carcass weight,Growth,,,,,,,,,,"1,447 phenotyped; 875 genotyped (196 full-sib families, 3 generations)",57K Axiom Trout Genotyping Array,"38,107 polymorphic SNPs","Windows on Omy9 (1.5%, 1.0% genetic variance, fillet yield); Omy5 (1.4%, BW10)","Cultured, pedigreed NCCCWA growth-selected line",~10 and 13 months post-hatch (410-437 days),10.3389/fgene.2016.00203,2016.0,Rainbow trout reference genome (Berthelot et al. 2014),,GCF_013265735.2,USDA_OmykA_1.1,Chromosome,Properdin; calsyntenin-1-like; Sox2; Trim33; calpain-1; calpain-2; Ksr1,Sox2;Trim33;Ksr1,3,B,no usable marker coordinate; anchored on reported candidate gene(s),"Gonzalez-Pena et al., Front Genet. wssGBLUP window-based analysis.",user_workbook,OK,MATCH,True,1354635.0,True,11776287,11776287,13268073,single_anchor_own_pos;region_pts=5/5,used_in_hotspot_clustering
L029,chr11,NC_069720.1,23401016,23541189,23541189,1,ftz-f1,13.0,0.923,8.287467159120525e-21,strong,ftz-f1,catfish-bridge:RBH,literature_expansion,29,Epinephelus coioides,Epinephelus coioides,,,Growth,,,,,,,,,,,double digest restriction site associated DNA sequencing (ddRADseq),,,,,10.3390/ijms17040501,2016.0,,,GCA_051314025.1,ASM5131402v1,Chromosome,fez2;alg3;ece2;arvcf;sla27a4;sgk223;camk2;prrc2b;mchr1;sardh;pappa;syk;tert;wdrcp91;ftz-f1;mate1;notch1,fez2;alg3;ece2;arvcf;sla27a4;sgk223;camk2;prrc2b;mchr1;sardh;pappa;syk;tert;wdrcp91;ftz-f1;mate1;notch1,17,B,no usable marker coordinate; anchored on reported candidate gene(s),OpenAlex https://openalex.org/W2329300838; Genome-Wide Mapping of Growth-Related Quantitative Trait Loci in Orange-Spotted Grouper (Epinephelus coioides) Using Dou,agent_curated,OK,MISMATCH,True,916920.0,True,12344736,11135296,13710474,single_anchor_own_pos;region_pts=4/17,used_in_hotspot_clustering
L006,chr11,NC_069720.1,11995108,13473430,12389291,1,sass6,10.0,0.6,1.094239235637129e-15,moderate,sass6,source:exact/synonym,literature_expansion,6,Cynoglossus semilaevis,Cynoglossus semilaevis,,growth size heteromorphism;growth and development;fish size,Growth,,,,,,,,,,500.0,,,,,,10.3390/ani15081130,2025.0,,,GCF_000523025.1,Cse_v1.0,Chromosome,grid1;grid2;shcbp1;sass6;cdca7;gh;igf1,grid1;grid2;shcbp1;sass6;cdca7;gh;igf1,7,B,no usable marker coordinate; anchored on reported candidate gene(s),OpenAlex https://openalex.org/W4409434253; Molecular Mechanism of the Grid Gene Family Regulating Growth Size Heteromorphism in Cynoglossus semilaevis,agent_curated,OK,MATCH,True,3101765.0,True,12389291,11995108,20179665,single_anchor_own_pos;region_pts=5/10,excluded_from_hotspot_clustering (redundant same-locus-same-chromosome anchor; see kept row)
W032,chr11,NC_069720.1,12418197,15279127,15170209,1,AXDND1,15.0,0.4,8.889850996713183e-28,weak,AXDND1,source:exact/synonym,study_wise,32,Paralichthys olivaceus (olive/Japanese flounder),Paralichthys olivaceus,,"Body weight (BW), total length (TL), maximum body depth (BD)",Growth,,,,,,,,,,"1,800 measured; 1,009 retained after QC",Affymetrix Axiom myDesign 70K SNP array,"58,756 SNPs (after QC)","8 significant/suggestive SNPs, mainly Chr23/24; lead loci AX-419206420 and AX-419307742","farmed populations span Korea/Japan (""Four farmed populations around Jeju Island, Korea/Japan"").",Fish of the same age; sex-dependent growth observed (females > males),10.1016/j.aquaculture.2022.738257,2022.0,Not reported (all three),,GCF_024713975.1,ASM2471397v2,Chromosome,"30 candidate genes (p<1e-4); AXDND1 among them; GO enrichment for neuron development, molecule binding, cytoskeleton organization",AXDND1,1,B,no usable marker coordinate; anchored on reported candidate gene(s),"Omeka et al., Aquaculture. Korean/Australian collaboration (Jeju Nat. Univ., JCU). Details not retrievable here.",user_workbook,OK,MATCH,True,5108910.0,True,15170209,12418197,23926150,single_anchor_own_pos;region_pts=6/15,used_in_hotspot_clustering
W046,chr11,NC_069720.1,15365325,15871208,15639048,1,ncan,15.0,1.0,7.463703355760517e-27,strong,ncan,source:duplicate-suffix,study_wise,46,Sparus aurata (gilthead seabream),Sparus aurata,,"Harvest weight, fillet weight, thermal growth coefficient; organ weights (VW, LW, HeW) across environments (GxE)",Growth,,,,,,,,,,"1,901 after QC; 934 (Spain) / 967 (Greece) for growth traits",Axiom SNP array,"32,359 genotyped; 29,111 after QC",14 suggestive/significant SNPs each in Spain and Greece; 15 organ-weight SNPs in Spain; 17 organ-weight SNPs in Greece,"Commercial production sites, Spain and Greece",Harvest stage; environments differ in temperature,10.1016/j.aquaculture.2024.740984,2024.0,Gilthead seabream genome reference,,GCF_900880675.2,fSpaAur1.2,Chromosome,"specific genes (ncan, znf292, zfr — Spain; traf2a, tnc, zfr, uqcc1, gdf5, hmgcra, gnai2b, si — Greece); GO/KEGG functional terms (light absorption, ECM-receptor interaction — Spain; response to stimulus, cell adhesion, phosphorylation regulation — Greece)",ncan;znf292;traf2a;tnc;zfr;uqcc1;gdf5;hmgcra;gnai2b,9,B,no usable marker coordinate; anchored on reported candidate gene(s),Aquaculture. Genotype-by-environment interaction GWAS. Details not retrievable here.,user_workbook,OK,MATCH,True,74110.0,True,15639048,15365325,15871208,single_anchor_own_pos;region_pts=15/15,used_in_hotspot_clustering
W015,chr11,NC_069720.1,16032366,16245655,16111478,1,FSTL3,8.0,1.0,7.630753484301404e-15,strong,FSTL3,source:exact/synonym,study_wise,15,Oreochromis niloticus (Nile tilapia),Oreochromis niloticus,,Harvest weight; fillet yield,Growth,,,,,,,,,,"5,866 phenotyped; 1,238 genotyped",Illumina 50K SNP BeadChip,"32,306 SNPs after QC",No major QTL; top 20-SNP windows only (polygenic),"Cultured breeding nucleus (8 generations of selection), Costa Rica",~13 months (mean 401 days),10.1534/g3.119.400116,2019.0,O. niloticus GCA_001858045.3,GCA_001858045.3,GCF_001858045.2,O_niloticus_UMD_NMBU,Chromosome,"Harvest weight: NPR1, EXTL3. Fillet yield: UTP6, RAB31, FSTL3",RAB31;FSTL3;NPR1;EXTL3;UTP6,5,B,no usable marker coordinate; anchored on reported candidate gene(s),"Yoshida et al., G3. Also tested low-density panels for cost-efficient genomic prediction.",user_workbook,OK,MATCH,True,9887.0,True,16111478,16032366,16245655,single_anchor_own_pos;region_pts=8/8,used_in_hotspot_clustering
W020,chr11,NC_069720.1,21381820,21622825,21456709,1,col9a1a,12.0,1.0,1.4631184298864478e-19,strong,col9a1a,source:exact/synonym,study_wise,20,Hypophthalmichthys nobilis (bighead carp),Hypophthalmichthys nobilis,Ctenopharyngodon idella,"Head size/shape traits (HL, HW, HH, HL/HH, HL/HW, HL/BL)",Growth,,,,,,,,,,776,High-throughput SNP genotyping (2b-RAD),"9,285 SNPs",11 significant + 12 suggestive; 17 (HL/HH) and 6 (HL/HW) SNPs for shape traits;  9 of the 11 significant SNPs are on LG16,"Cultured (Yangtze River-origin parents, pond-reared offspring)",Adult,10.1016/j.aquaculture.2021.736648,2021.0,Bighead carp genome,,GCF_019924925.1,HZGC01,Chromosome,"cc2b, prdm1b, fndc5b, lbr, bmp8a, ATP6v1cb (head-size genes); ptch1, col9a1a, tgfbr2, hecw2a, zbtb42, sema7a (shape genes)",cc2b;prdm1b;fndc5b;lbr;bmp8a;ATP6v1cb;ptch1;col9a1a;tgfbr2;hecw2a;zbtb42;sema7a,12,B,no usable marker coordinate; anchored on reported candidate gene(s),Aquaculture. Head morphometrics (growth-related conformation). Details not retrievable here.,user_workbook,OK,MISMATCH,True,38256.0,False,21418453,21381820,21622825,fallback_flanking_window;,used_in_hotspot_clustering
L025,chr11,NC_069720.1,24037055,25297032,24167390,1,BRINP3,5.0,1.0,9.140939860521625e-08,moderate,BRINP3,source:exact/synonym,literature_expansion,25,Nibea albiflora,Nibea albiflora,,growth-related traits,Growth,,,,,,,,,,113.0,,,,,,10.1038/s41598-018-35583-1,2018.0,,,GCA_014281875.1,ASM1428187v1,Chromosome,PLA2G4A;BRINP3;P2RY1,PLA2G4A;BRINP3;P2RY1,3,B,no usable marker coordinate; anchored on reported candidate gene(s),OpenAlex https://openalex.org/W2901916045; A high-density genetic linkage map and QTL mapping for growth and sex of yellow drum (Nibea albiflora),agent_curated,POINT_OUTSIDE_REGION,MISMATCH,True,2646006.0,False,26813396,24037055,25297032,fallback_flanking_window;dropped_outliers=1,used_in_hotspot_clustering
W034,chr12,NC_069721.1,1464665,1811076,1588169,1,stat5b,16.0,1.0,7.358840430354957e-31,strong,stat5b,source:exact/synonym,study_wise,34,Tachysurus (Pelteobagrus) fulvidraco (yellow catfish),Tachysurus fulvidraco,,"Body length (BL), body weight (BW); sexual size dimorphism",Growth,,,,,,,,,,125 females (GWAS); 185 males (validation),Whole-genome resequencing,"1,259,870 SNPs after LD pruning","4 significant (1 BL + 3 BW; 1 shared at Chr15:19195072, an exon of stat5b)",Breeding population (all),Not reported (all),10.1016/j.ygeno.2022.110380,2022.0,"Yellow catfish reference genome, exact assembly not stated",,GCF_022655615.1,HZAU_PFXX_2.0,Chromosome,"stat5b, validated. nearby genes stat3, kcnh4, ptrf, rab5c",stat5b;kcnh4;ptrf;rab5c;stat3,5,B,no usable marker coordinate; anchored on reported candidate gene(s),Genomics (Elsevier). PMID 35533968. Bibliographic data verified; quantitative details not retrievable here.,user_workbook,OK,MATCH,True,29526.0,True,1588169,1464665,1811076,single_anchor_own_pos;region_pts=16/16,used_in_hotspot_clustering
W001,chr12,NC_069721.1,6209533,8279191,6222811,1,FRA10AC1,9.0,0.889,2.382724713378349e-15,strong,FRA10AC1,source:exact/synonym,study_wise,1,Salmo salar (Atlantic salmon),Salmo salar,,Growth rate (days to reach 5 kg); age at sexual maturation,Growth,,,,,,,,,,466 (growth); 626 (grilsing),Illumina iSelect 6.5K SNP array,"3,908 SNPs after QC",1 SNP (chromosome-wide) for growth on Ssa13,Cultured (Cermaq Canada broodstock),Grow-out to harvest; maturation age classes,10.1371/journal.pone.0119730,2015.0,Atlantic salmon draft assembly (ASalBase),,GCF_965601325.1,fSalSal1,Chromosome,E2F transcription factor; malate dehydrogenase (MDH); FRA10AC1; maskin (CPEB-interacting protein),MDH;FRA10AC1;E2F,3,B,no usable marker coordinate; anchored on reported candidate gene(s),"Gutierrez et al., PLOS ONE. Bonferroni + 200 permutations. Growth signal only chromosome-wide, not genome-wide.",user_workbook,OK,MATCH,True,22851.0,True,6222811,6209533,9910958,single_anchor_own_pos;region_pts=7/12,used_in_hotspot_clustering
W052,chr12,NC_069721.1,12502293,13699694,13691784,4,acbd4;galk1;llgl2;myo15b,16.0,0.4585,1.2355998859424853e-29,moderate,llgl2,source:exact/synonym,study_wise,52,Micropterus salmoides (largemouth bass),Micropterus salmoides,,"Body weight, full length, body height, body width, at early growth stages",Growth,,,,,,,,,,158,Reduced-representation genome sequencing (RRGS),"7,714 high-quality mutations",5 significant + 15 suggestive mutations (-log10(p) thresholds 5.19 and 3.89),Not reported (all),Early growth stages,10.1016/j.aquaculture.2025.742184,2025.0,Not reported (all)+K18,,GCF_014851395.1,ASM1485139v1,Scaffold,"45 candidate genes, additional names 7 highlighted genes — pard3, llgl2, myo15b, shisa6, plcd3a, galk1, acbd4",llgl2;myo15b;shisa6;plcd3a;galk1;acbd4;pard3,7,B,no usable marker coordinate; anchored on reported candidate gene(s),Aquaculture. Details not retrievable here.,user_workbook,OK,MISMATCH,True,3168649.0,True,13691783,7763270,22747032,multi_anchor_cluster=2/4;region_pts=17/63,used_in_hotspot_clustering
W018,chr12,NC_069721.1,15249573,15697796,15269020,1,bambi,9.0,1.0,5.2315671400590404e-14,strong,bambi,source:duplicate-suffix,study_wise,18,Larimichthys crocea (large yellow croaker),Larimichthys crocea,,Body depth/body length; body thickness/body length; caudal peduncle depth ratio; tail length/body length; body area/head area,Growth,,,,,,,,,,280,ddRAD sequencing,NR,20 significant SNPs across 12 chromosomes + 5 suggestive,Cultured panmictic population,NR,10.1007/s10126-020-09983-2,2020.0,RQIN00000000 (Li and Durbin 2009),,GCF_000972845.2,L_crocea_2.0,Chromosome,fabp1; acrv1; bcor; mstn; bambi; neo1,fabp1;acrv1;bcor;mstn;bambi;neo1,6,B,no usable marker coordinate; anchored on reported candidate gene(s),"ADDED from Yanez et al. 2023 review (ref 104). Kong et al., Mar Biotechnol 22(5):631-643. Body-shape morphometrics; companion study to Zhou et al. 2019.",user_workbook,OK,MATCH,True,141929.0,True,15269020,15249573,15697796,single_anchor_own_pos;region_pts=9/12,used_in_hotspot_clustering
L003,chr12,NC_069721.1,15364374,15697796,15476928,1,HUS1,7.0,1.0,1.0501723997700504e-10,strong,HUS1,source:exact/synonym,literature_expansion,3,Larimichthys crocea,Larimichthys crocea,,body weight;AL;BL,Growth,,,,,,,,,,150.0,SNP-based genetic linkage map (bin markers),,,,,10.3390/ijms27062531,2026.0,,,GCF_000972845.2,L_crocea_2.0,Chromosome,Unc5d;SCN5A;HUS1,Unc5d;SCN5A;HUS1,3,B,no usable marker coordinate; anchored on reported candidate gene(s),OpenAlex https://openalex.org/W7134824525; Predominantly Independent Genetic Control Between Growth and Visceral White Nodules Disease Resistance Revealed by High-,agent_curated,POINT_OUTSIDE_REGION,MISMATCH,True,388066.0,False,15864994,15364374,15697796,fallback_flanking_window;,used_in_hotspot_clustering
W033,chr12,NC_069721.1,376194,719750,697634,1,htra1,7.0,0.714,1.0501723997700504e-10,strong,htra1,source:duplicate-suffix,study_wise,33,Siniperca chuatsi (mandarin fish),Siniperca chuatsi,,"Body weight, body thickness, body height, total length, slaughter weight, body length",Growth,,,,,,,,,,160,SLAF-seq / SNP genotyping,"5,205 high-quality SNPs",11 significant; 37 suggestive,Cultured (all),Not reported (all),10.1016/j.aquaculture.2021.737879,2022.0,Not reported (all),,GCF_020085105.1,ASM2008510v1,Chromosome,"65 candidate genes; e.g., asns, tg, mkk6, htra1, rnf213, ttn, tgfbr2, nck2.",asns;tg;mkk6;htra1;rnf213;ttn;tgfbr2;nck2,8,B,no usable marker coordinate; anchored on reported candidate gene(s),"Zhou et al., Aquaculture. Details not retrievable here.",user_workbook,OK,MISMATCH,True,1197279.0,True,16987197,16618661,18334929,single_anchor_own_pos;region_pts=6/13,used_in_hotspot_clustering
W052,chr13,NC_069722.1,5386201,7277648,6022088,1,plcd3a,16.0,0.812,6.870566117802858e-28,strong,plcd3a,source:exact/synonym,study_wise,52,Micropterus salmoides (largemouth bass),Micropterus salmoides,,"Body weight, full length, body height, body width, at early growth stages",Growth,,,,,,,,,,158,Reduced-representation genome sequencing (RRGS),"7,714 high-quality mutations",5 significant + 15 suggestive mutations (-log10(p) thresholds 5.19 and 3.89),Not reported (all),Early growth stages,10.1016/j.aquaculture.2025.742184,2025.0,Not reported (all)+K18,,GCF_014851395.1,ASM1485139v1,Scaffold,"45 candidate genes, additional names 7 highlighted genes — pard3, llgl2, myo15b, shisa6, plcd3a, galk1, acbd4",llgl2;myo15b;shisa6;plcd3a;galk1;acbd4;pard3,7,B,no usable marker coordinate; anchored on reported candidate gene(s),Aquaculture. Details not retrievable here.,user_workbook,OK,MATCH,True,58603.0,True,6022088,5386201,7277648,single_anchor_own_pos;region_pts=16/16,used_in_hotspot_clustering
L005,chr13,NC_069722.1,6155128,6326722,6254696,1,serca1,14.0,1.0,4.299898583623572e-27,strong,serca1,alias(zebrafish):exact/synonym,literature_expansion,5,Clarias fuscus,Clarias fuscus,Clarias gariepinus,body weight;body height;body length;body width;orbital diameter;caudal peduncle length;caudal peduncle height;pre-dorsal length,Growth,,,,,,,,,,200.0,,,,,,10.3390/ani15121707,2025.0,,,GCF_024256425.1,CGAR_prim_01v2,Chromosome,mstnb;egfr;serca1,mstnb;egfr;serca1,3,B,no usable marker coordinate; anchored on reported candidate gene(s),OpenAlex https://openalex.org/W4411152045; Integrative QTL Mapping and Transcriptomic Profiling to Identify Growth-Associated QTL and Candidate Genes in Hong Kong ,agent_curated,OK,MATCH,True,20638.0,True,6254696,6155128,6326722,single_anchor_own_pos;region_pts=14/14,used_in_hotspot_clustering
W023,chr13,NC_069722.1,4193572,6871306,6766808,2,STAT3;STAT5B,9.0,0.6745,1.1222258789759769e-17,strong,STAT3,catfish-bridge:RBH;source:suffix-stripped,study_wise,23,Oncorhynchus mykiss (rainbow trout),Oncorhynchus mykiss,,Body weight; body length; average daily gain - all under 62-day chronic heat stress,Growth,,,,,,,,,,956 (192 on 1K panel + 764 on 26K panel); 102 parents as imputation reference,Custom 1K and 26K SNP panels imputed to whole-genome sequence,Imputed WGS variants,"Top five cumulative SNPs explained max 0.94% (BW), 0.86% (BL), 0.51% (ADG) of genetic variance; signals on Omy3 and Omy7",Cultured breeding population under chronic thermal challenge,62-day heat-stress challenge,10.1111/eva.13240,2021.0,"GCA_013265735.3 USDA_OmykA_1.1 (Top 5 SNPs BLAST use Omyk_1.0, GCA_002163495.1 reference",GCA_013265735.3,GCF_013265735.2,USDA_OmykA_1.1,Chromosome,STAT5B; STAT3; CISH,STAT5B;STAT3;CISH,3,B,no usable marker coordinate; anchored on reported candidate gene(s),"ADDED from Yanez et al. 2023 review (ref 64). Yoshida & Yanez, Evol Appl 15(4):537-552. h2 0.33-0.55; GWAS-preselected SNPs improved prediction accuracy 1.2-13.3%.",user_workbook,OK,MISMATCH,True,40757.0,True,6406501,4193572,6871306,single_anchor_own_pos;region_pts=16/16,used_in_hotspot_clustering
W034,chr13,NC_069722.1,6282463,7007542,6544187,3,kcnh4;rab5c;stat3,20.0,1.0,2.155319867392645e-38,strong,kcnh4,source:duplicate-suffix;source:exact/synonym,study_wise,34,Tachysurus (Pelteobagrus) fulvidraco (yellow catfish),Tachysurus fulvidraco,,"Body length (BL), body weight (BW); sexual size dimorphism",Growth,,,,,,,,,,125 females (GWAS); 185 males (validation),Whole-genome resequencing,"1,259,870 SNPs after LD pruning","4 significant (1 BL + 3 BW; 1 shared at Chr15:19195072, an exon of stat5b)",Breeding population (all),Not reported (all),10.1016/j.ygeno.2022.110380,2022.0,"Yellow catfish reference genome, exact assembly not stated",,GCF_022655615.1,HZAU_PFXX_2.0,Chromosome,"stat5b, validated. nearby genes stat3, kcnh4, ptrf, rab5c",stat5b;kcnh4;ptrf;rab5c;stat3,5,B,no usable marker coordinate; anchored on reported candidate gene(s),Genomics (Elsevier). PMID 35533968. Bibliographic data verified; quantitative details not retrievable here.,user_workbook,OK,MATCH,True,25547.0,True,6544187,6282463,7007542,multi_anchor_cluster=3/3;region_pts=59/59,used_in_hotspot_clustering
W033,chr13,NC_069722.1,15586788,17921454,15669976,1,rnf213,11.0,0.818,2.277053400585219e-20,strong,rnf213,source:duplicate-suffix,study_wise,33,Siniperca chuatsi (mandarin fish),Siniperca chuatsi,,"Body weight, body thickness, body height, total length, slaughter weight, body length",Growth,,,,,,,,,,160,SLAF-seq / SNP genotyping,"5,205 high-quality SNPs",11 significant; 37 suggestive,Cultured (all),Not reported (all),10.1016/j.aquaculture.2021.737879,2022.0,Not reported (all),,GCF_020085105.1,ASM2008510v1,Chromosome,"65 candidate genes; e.g., asns, tg, mkk6, htra1, rnf213, ttn, tgfbr2, nck2.",asns;tg;mkk6;htra1;rnf213;ttn;tgfbr2;nck2,8,B,no usable marker coordinate; anchored on reported candidate gene(s),"Zhou et al., Aquaculture. Details not retrievable here.",user_workbook,OK,MATCH,True,687212.0,True,15669976,15586788,17921454,single_anchor_own_pos;region_pts=11/11,used_in_hotspot_clustering
W061,chr13,NC_069722.1,23582317,24079708,24079708,1,abat,2.0,1.0,0.0005089418628194,weak,abat,source:exact/synonym,study_wise,61,Plecoglossus altivelis (ayu),Plecoglossus altivelis,Hypomesus transpacificus,Body weight; total length; body length; body height; eye diameter (plus gonad weight),Growth,,,,,,,,,,171 after QC (of 426 genotyped),DNBSEQ (T7) sequencing,"555,242 SNPs","GCTA: 1,047 loci (growth); GEMMA: 671 SNPs (growth); multi-trait: 37 SNPs",Cultured closed breeding population,5 months old,10.3390/ani16040670,2026.0,Pal_1.0,,GCF_021917145.1,fHypTra1,Chromosome,abat; maml3; cica; LOC124013321; slc25a12; dnah10; syt9a,abat;maml3;LOC124013321;slc25a12;dnah10;syt9a,6,B,no usable marker coordinate; anchored on reported candidate gene(s),"Chang et al., Animals. Thresholds P<=5E-08 (genome-wide), P<=1E-05 (suggestive).",user_workbook,OK,MATCH,True,248696.0,True,24079708,23582317,24079708,single_anchor_own_pos;region_pts=2/2,used_in_hotspot_clustering
L012,chr14,NC_069723.1,4805806,6492215,6492215,2,elna;hip1,7.0,0.9165,1.8388045865494718e-09,strong,hip1,source:exact/synonym,literature_expansion,12,Oreochromis niloticus,Oreochromis niloticus,,harvest weight;daily growth coefficient (DGC),Growth,,,,,,,,,,1500.0,,,,,,10.1016/j.aquaculture.2022.738522,2022.0,,,GCF_001858045.2,O_niloticus_UMD_NMBU,Chromosome,hip1;hectd1;elna;smyd1b;rrp12;pprc1,hip1;hectd1;elna;smyd1b;rrp12;pprc1,6,B,no usable marker coordinate; anchored on reported candidate gene(s),OpenAlex https://openalex.org/W4283076785; Quantitative trait loci controlling swimming performance and their effect on growth in Nile tilapia (Oreochromis nilotic,agent_curated,OK,MISMATCH,True,2767995.0,True,8631634,4805806,11452448,single_anchor_own_pos;region_pts=6/14,used_in_hotspot_clustering
W002,chr14,NC_069723.1,10756447,13081238,10756447,1,MYO18AB,4.0,0.75,9.93274100991194e-07,moderate,MYO18AB,catfish-bridge:RBH,study_wise,2,Salmo salar (Atlantic salmon),Salmo salar,,Body weight; body length,Growth,,,,,,,,,,622 (61 full-sib families),Affymetrix Axiom SNP array (~132K validated),"111,908 segregating SNPs",1 SNP chromosome-wide significant for length (Ssa17); 684 SNPs at relaxed P<0.005,"Cultured, pedigreed (Landcatch Natural Selection)","Juvenile, 1 year post-hatch",10.1186/s12864-015-2117-9,2015.0,AGKD00000000.4,,GCF_965601325.1,fSalSal1,Chromosome,RAI2; POMT1; AGRN; NOTCH3; MYH9; MYO18AB,RAI2;POMT1;AGRN;NOTCH3;MYH9;MYO18AB,6,B,no usable marker coordinate; anchored on reported candidate gene(s),"Tsai et al., BMC Genomics. Polygenic architecture; genomic prediction also reported.",user_workbook,OK,MATCH,True,460575.0,True,10756447,10756447,13081238,single_anchor_own_pos;region_pts=4/5,used_in_hotspot_clustering
W008,chr14,NC_069723.1,2461409,2511409,2486409,1,fat3,7.0,0.571,7.601744729503754e-12,moderate,fat3,catfish-bridge:RBH,study_wise,8,Epinephelus coioides (orange-spotted grouper),Epinephelus coioides,,Body weight; total length,Growth,,,,,,,,,,198,RAD-seq,"261,366 SNPs",110 growth-correlated SNPs; 20 confirmed for both body weight and total length,Natural population,NR,10.1007/s11427-017-9161-4,2018.0,NR,,GCA_051314025.1,ASM5131402v1,Chromosome,"npy2r (key); adgrb2, csnk2a1, cers5, col22a1, creb5, dnd1, dzank1, dnai1, fat3, lrrk2, lrp5, map3k9 (34 genes total)",npy2r;adgrb2;csnk2a1;cers5;col22a1;creb5;dnd1;dzank1;dnai1;fat3;lrrk2;lrp5;map3k9,13,B,no usable marker coordinate; anchored on reported candidate gene(s),"Yu et al., Sci China Life Sci. First RAD-seq GWAS in this species.",user_workbook,OK,MISMATCH,True,256508.0,True,10881935,10037986,13006889,single_anchor_own_pos;region_pts=1/8;padded_25kb_single_point_region,used_in_hotspot_clustering
W035,chr14,NC_069723.1,16094193,16560493,16377488,1,egln2,20.0,1.0,2.155319867392645e-38,strong,egln2,source:exact/synonym,study_wise,35,Clarias macrocephalus (bighead catfish),Clarias macrocephalus,Clarias gariepinus,"Body weight, standard length, total length",Growth,,,,,,,,,,991 (74 full-sib + 31 half-sib families),DArTseq genotyping-by-sequencing,"9,530 SNPs",19 markers associated with growth traits; PVE 1.02-6.59%,Selectively bred population in Thailand (74 full-sib + 31 half-sib families),8 months old,10.1016/j.aquaculture.2022.738748,2023.0,Not reported (all),,GCF_024256425.1,CGAR_prim_01v2,Chromosome,"egln2, zfyve21, jph3a, + one hypothetical protein",egln2;zfyve21;jph3a,3,B,no usable marker coordinate; anchored on reported candidate gene(s),Aquaculture. GWAS + genomic prediction. Details not retrievable here.,user_workbook,OK,MATCH,True,15076.0,True,16377488,16094193,16560493,single_anchor_own_pos;region_pts=20/20,used_in_hotspot_clustering
W041,chr14,NC_069723.1,17021389,17265324,17248459,1,lsr,15.0,0.733,5.625146001980318e-29,strong,lsr,source:exact/synonym,study_wise,41,Ctenopharyngodon idella (grass carp),Ctenopharyngodon idella,,"Growth traits (BW, BL, BH per v1)",Growth,,,,,,,,,,Not reported (all),Whole-genome resequencing,"4,854,366 SNPs",31 significant SNPs,"Cultured grass carp; mapping population derived from wild founders collected from Yangtze, Pearl and Xiangjiang Rivers.",Not reported (all),10.1016/j.aquaculture.2024.741129,2024.0,"Grass carp reference genome, exact assembly not stated",,GCF_019924925.1,HZGC01,Chromosome,"120 candidate genes total, highlighted subset pwp1, cers5, chrebp agreed by all three; additional names lsr, ctnnbip1, smoc2, ano6, cckrb",cers5;ctnnbip1;smoc2;ano6;cckrb;pwp1;chrebp;lsr,8,B,no usable marker coordinate; anchored on reported candidate gene(s),"Zhang et al., Aquaculture. Novel SNPs and candidate genes. Details not retrievable here.",user_workbook,OK,MATCH,True,45549.0,True,17248459,17021389,21463770,single_anchor_own_pos;region_pts=10/15,used_in_hotspot_clustering
W045,chr14,NC_069723.1,21837748,21939055,21886505,1,AKT2,5.0,1.0,4.517670018495446e-07,moderate,AKT2,source:exact/synonym,study_wise,45,"Siniperca chuatsi (mandarin fish), all-female population",Siniperca chuatsi,,"Body weight, body length, whole length, body height, body thickness",Growth,,,,,,,,,,192 (100 additional for validation),ddRAD-seq,"49,940 SNPs",6 significant SNPs; PVE 9.66-19.47%; 4 of the 6 associated with all traits. Additional 25 suggestive SNPs,"All-female cultured population, strain ""Dinggui I"" (GS-04-001-2021)",Not reported (all),10.1016/j.aquaculture.2024.740778,2024.0,"Mandarin fish genome (He et al., 2020)",,GCF_020085105.1,ASM2008510v1,Chromosome,"AKT2, CCNT2, EPB41L2, CAMKMT",AKT2;CCNT2;EPB41L2;CAMKMT,4,B,no usable marker coordinate; anchored on reported candidate gene(s),Aquaculture. Details not retrievable here.,user_workbook,POINT_OUTSIDE_REGION,MISMATCH,True,220938.0,False,21665567,21837748,21939055,fallback_flanking_window;dropped_outliers=3,used_in_hotspot_clustering
W016,chr14,NC_069723.1,24486292,25958900,24825875,1,TOX,10.0,1.0,4.152760090394607e-16,strong,TOX,catfish-bridge:RBH,study_wise,16,"Cyprinus carpio (common carp), Xinlong strain",Cyprinus carpio,,Body weight; body length; body width; body depth at two stages (8 and 17 months),Growth,,,,,,,,,,123 (95 selection line + 28 control),2b-RAD sequencing,"147,131 SNPs after QC (from 413,059)",39 SNPs overlapping across both growth stages,"Cultured full-sib families, selective breeding programme",8 months and 17 months,10.1038/s41598-020-64037-w,2020.0,Common carp (Songpu strain) genome,,GCF_018340385.1,ASM1834038v1,Chromosome,TOX; PLK2; CD163,TOX;PLK2;CD163,3,B,no usable marker coordinate; anchored on reported candidate gene(s),"Su et al., Sci Rep. Different gene sets drive early vs late grow-out growth.",user_workbook,OK,MATCH,True,70780.0,True,24825875,24486292,25958900,single_anchor_own_pos;region_pts=10/10,used_in_hotspot_clustering
L002,chr15,NC_069724.1,41910,805859,41910,1,MSX2,10.0,0.6,5.8379542401483415e-15,moderate,MSX2,source:duplicate-suffix,literature_expansion,2,Channa argus,Channa argus,,Body weight,Growth,,snp,Chr07,1329732.0,,,,,,205.0,50K SNP array,,,,,10.3390/ani16162471,2026.0,C. argus genome assembly,,GCF_033026475.1,Channa argus male v1.0,Chromosome,COL2A1;zgc:113232;CTSS;S100A4;PYGM;DLAT;MSX2;ZNRF3,COL2A1;CTSS;S100A4;PYGM;DLAT;MSX2;ZNRF3,7,B,position reported but assembly not stated or ambiguous; falls back to gene anchoring,OpenAlex https://openalex.org/W7202037041; A Genome-Wide Association Study Identifies Candidate SNPs and Genes Associated with Body Weight in the Northern Snakehea,agent_curated,OK,MATCH,True,621827.0,True,41910,41910,805859,single_anchor_own_pos;region_pts=10/14,excluded_from_hotspot_clustering (redundant same-locus-same-chromosome anchor; see kept row)
W006,chr15,NC_069724.1,3000831,3092037,3077352,1,VTN,12.0,0.75,1.10227651958724e-20,strong,VTN,source:duplicate-suffix,study_wise,6,Salmo salar (Atlantic salmon),Salmo salar,,Body weight at tagging (BWT); body weight at 25 months (BW25M),Growth,,,,,,,,,,"4,662 genotyped animals",50K SNP chip imputed to 200K (FImpute),"~200,000 imputed SNPs",Top 1-Mb windows explained max 3.71% (BWT) and 3.61% (BW25M) of genetic variance; peaks on chr 21 and 27,Cultured farmed population,Tagging and 25 months,10.1111/age.12621,2017.0,NR,,GCF_965601325.1,fSalSal1,Chromosome,VTN (vitronectin); WNT1-inducible-signaling pathway protein 3; MRAP2; myosin light chain kinase; TGF-beta receptor type 3; myosin light chain 1,VTN;MRAP2,2,B,no usable marker coordinate; anchored on reported candidate gene(s),"ADDED from Yanez et al. 2023 review (ref 41). Yoshida et al., Anim Genet 48(6):698-703. Bayes C window-based GWAS; polygenic architecture.",user_workbook,OK,MATCH,True,3972641.0,True,3077352,3000831,9198205,single_anchor_own_pos;region_pts=5/12,used_in_hotspot_clustering
L002,chr15,NC_069724.1,5549622,9089991,6206666,2,DLAT;PYGM,14.0,0.8095,1.2526798224688829e-23,strong,PYGM,source:duplicate-suffix;source:exact/synonym,literature_expansion,2,Channa argus,Channa argus,,Body weight,Growth,,snp,Chr07,1329732.0,,,,,,205.0,50K SNP array,,,,,10.3390/ani16162471,2026.0,C. argus genome assembly,,GCF_033026475.1,Channa argus male v1.0,Chromosome,COL2A1;zgc:113232;CTSS;S100A4;PYGM;DLAT;MSX2;ZNRF3,COL2A1;CTSS;S100A4;PYGM;DLAT;MSX2;ZNRF3,7,B,position reported but assembly not stated or ambiguous; falls back to gene anchoring,OpenAlex https://openalex.org/W7202037041; A Genome-Wide Association Study Identifies Candidate SNPs and Genes Associated with Body Weight in the Northern Snakehea,agent_curated,OK,MISMATCH,True,1360606.0,False,7567272,5549622,9089991,anchor_conflict_unresolved;fallback_flanking_window;,used_in_hotspot_clustering
L004,chr15,NC_069724.1,16850744,18890061,16933701,1,Shroom3,11.0,0.455,2.8939973996618245e-16,weak,Shroom3,source:exact/synonym,literature_expansion,4,Micropterus salmoides,Micropterus salmoides,,growth;rapid growth,Growth,SNP16:4120214,snp,16,4120214.0,,,,,,,,,,,,10.3390/ijms26051834,2025.0,,,GCF_014851395.1,ASM1485139v1,Scaffold,Nkcc1;Mapkap1;Hmgcs1;Slc27a6;Shroom3,Nkcc1;Mapkap1;Hmgcs1;Slc27a6;Shroom3,5,B,position reported but assembly not stated or ambiguous; falls back to gene anchoring,OpenAlex https://openalex.org/W4407817074; Genome-Wide Association Study Reveals Growth-Related SNPs and Candidate Genes in Largemouth Bass (Micropterus salmoides),agent_curated,OK,MATCH,True,43450.0,True,16933701,16850744,23467487,single_anchor_own_pos;region_pts=7/11,used_in_hotspot_clustering
W008,chr15,NC_069724.1,20660631,21502953,21502953,1,dnai1,7.0,0.857,7.601744729503754e-12,strong,dnai1,catfish-bridge:RBH,study_wise,8,Epinephelus coioides (orange-spotted grouper),Epinephelus coioides,,Body weight; total length,Growth,,,,,,,,,,198,RAD-seq,"261,366 SNPs",110 growth-correlated SNPs; 20 confirmed for both body weight and total length,Natural population,NR,10.1007/s11427-017-9161-4,2018.0,NR,,GCA_051314025.1,ASM5131402v1,Chromosome,"npy2r (key); adgrb2, csnk2a1, cers5, col22a1, creb5, dnd1, dzank1, dnai1, fat3, lrrk2, lrp5, map3k9 (34 genes total)",npy2r;adgrb2;csnk2a1;cers5;col22a1;creb5;dnd1;dzank1;dnai1;fat3;lrrk2;lrp5;map3k9,13,B,no usable marker coordinate; anchored on reported candidate gene(s),"Yu et al., Sci China Life Sci. First RAD-seq GWAS in this species.",user_workbook,OK,MATCH,True,363347.0,True,21502953,20660631,21502953,single_anchor_own_pos;region_pts=7/7,used_in_hotspot_clustering
S025,chr15,NC_069724.1,21784381,22254333,22151890,1,bcr,17.0,0.824,9.626867011160682e-33,strong,bcr,catfish-bridge:RBH,SNP_level,25,Culter alburnus,Culter alburnus,,Body weight and body size traits,Growth,Lead SNPs clustered on chr16 and chr19,,Chr 16 / Chr 19,,,,NR,< 6.58E-09,Bonferroni -log10(P)=8.18,239,"WGS (MGI-2000/T7, ~11.44x)","7,597,008",,Admixed wild-origin populations,18 mpf,10.3390/ani16131969,,GWHBOSX00000000,,GCA_040182925.1,ASM4018292v1,Chromosome,aig1; cacna1b; pgm5; bcr,aig1;cacna1b;pgm5;bcr,4,B,no usable marker coordinate; anchored on reported candidate gene(s),,user_workbook,OK,MATCH,True,22539.0,True,22151890,18480375,22254333,single_anchor_own_pos;region_pts=14/17,used_in_hotspot_clustering
W057,chr15,NC_069724.1,21784381,22254333,22151890,1,bcr,17.0,0.824,9.626867011160682e-33,strong,bcr,catfish-bridge:RBH,study_wise,57,Culter alburnus (topmouth culter),Culter alburnus,,Body weight; body weight without viscera; total length; body length; body height,Growth,,,,,,,,,,239 with complete records (of 300 sequenced),"Whole-genome resequencing (MGI-2000/T7, ~11.44x)","7,597,008 SNPs after QC","6 genome-wide significant SNPs, clustered on chr16 and chr19","Admixed cohort of three wild-origin populations (Danjiangkou, Taihu, Poyang)",18 months post-fertilisation,10.3390/ani16131969,2026.0,"GWHBOSX00000000 (CNCB), 1.05 Gb",,GCA_040182925.1,ASM4018292v1,Chromosome,aig1; cacna1b; pgm5; bcr,aig1;cacna1b;pgm5;bcr,4,B,no usable marker coordinate; anchored on reported candidate gene(s),"Li et al., Animals. Bonferroni threshold -log10(P)=8.18 (P=6.58E-09).",user_workbook,OK,MATCH,True,22539.0,True,22151890,18480375,22254333,single_anchor_own_pos;region_pts=14/17,used_in_hotspot_clustering
L029,chr15,NC_069724.1,25377394,25430673,25377394,1,camk2,3.0,0.667,0.0001772784694413,weak,camk2,catfish-bridge:RBH,literature_expansion,29,Epinephelus coioides,Epinephelus coioides,,,Growth,,,,,,,,,,,double digest restriction site associated DNA sequencing (ddRADseq),,,,,10.3390/ijms17040501,2016.0,,,GCA_051314025.1,ASM5131402v1,Chromosome,fez2;alg3;ece2;arvcf;sla27a4;sgk223;camk2;prrc2b;mchr1;sardh;pappa;syk;tert;wdrcp91;ftz-f1;mate1;notch1,fez2;alg3;ece2;arvcf;sla27a4;sgk223;camk2;prrc2b;mchr1;sardh;pappa;syk;tert;wdrcp91;ftz-f1;mate1;notch1,17,B,no usable marker coordinate; anchored on reported candidate gene(s),OpenAlex https://openalex.org/W2329300838; Genome-Wide Mapping of Growth-Related Quantitative Trait Loci in Orange-Spotted Grouper (Epinephelus coioides) Using Dou,agent_curated,OK,MATCH,True,5581387.0,True,25377394,25377394,25430673,single_anchor_own_pos;region_pts=3/6,used_in_hotspot_clustering
L020,chr16,NC_069725.1,542677,3506618,607078,1,Vgll4,11.0,0.727,6.742418878576074e-19,strong,Vgll4,source:duplicate-suffix,literature_expansion,20,Scatophagus argus,Scatophagus argus,,growth-related traits;body weight,Growth,,,,,,,,,,,restriction site-associated DNA sequencing,,,,,10.1186/s12864-020-6658-1,2020.0,,,GCF_020382885.2,fScaArg1.pri,Chromosome,Hbp1;Vgll4;Pim3,Hbp1;Vgll4;Pim3,3,B,no usable marker coordinate; anchored on reported candidate gene(s),OpenAlex https://openalex.org/W3014899819; ddRADseq-assisted construction of a high-density SNP genetic map and QTL fine mapping for growth-related traits in the s,agent_curated,OK,MATCH,True,254990.0,True,607078,542677,3506618,single_anchor_own_pos;region_pts=11/12,used_in_hotspot_clustering
W012,chr16,NC_069725.1,607078,3506618,3180116,1,bmp7,9.0,0.667,7.652713387304902e-15,moderate,bmp7,source:duplicate-suffix,study_wise,12,Larimichthys crocea (large yellow croaker),Larimichthys crocea,,Growth-related and body-shape traits,Growth,,,,,,,,,,220,ddRAD-seq,"27,227 SNPs",13 genome-wide significant SNPs across 8 chromosomes,Cultured,NR,10.1007/s10126-019-09910-0,2019.0,Large yellow croaker reference genome,,GCF_000972845.2,L_crocea_2.0,Chromosome,"Growth: fgf18, fgf1, nr3c1, cyp8b1, fabp2, cyp2r1, ppara, ccm2l. Body shape: bmp7, col1a1, col11a2, col18a1",fgf1;nr3c1;cyp8b1;fabp2;cyp2r1;ppara;col1a1;col11a2;col18a1;fgf18;ccm2l;bmp7,12,B,no usable marker coordinate; anchored on reported candidate gene(s),"Zhou et al., Mar Biotechnol.",user_workbook,OK,MISMATCH,True,952144.0,False,2227972,607078,3506618,fallback_flanking_window;dropped_outliers=1,excluded_from_hotspot_clustering (redundant same-locus-same-chromosome anchor; see kept row)
W037,chr16,NC_069725.1,542677,3506618,3180116,1,bmp7,9.0,0.556,2.382724713378349e-15,moderate,bmp7,catfish-bridge:RBH,study_wise,37,Epinephelus coioides (orange-spotted grouper),Epinephelus coioides,,Early growth traits,Growth,,,,,,,,,,Not reported (all),RAD-seq (restriction site-associated DNA sequencing),Not reported (all),11 significant SNPs associated with fast growth,Not reported (all),Early growth stage,10.1016/j.aquaculture.2022.739129,2023.0,Not reported (all),,GCA_051314025.1,ASM5131402v1,Chromosome,"8 specific genes (mustn1, bmp7, sema3a, magi2, prkcd, capzb, twf2, eps8l2)",mustn1;bmp7;sema3a;magi2;prkcd;capzb;twf2;eps8l2,8,B,no usable marker coordinate; anchored on reported candidate gene(s),Aquaculture. Details not retrievable here.,user_workbook,OK,MISMATCH,True,917733.0,False,2262383,542677,3506618,fallback_flanking_window;dropped_outliers=1,used_in_hotspot_clustering
L001,chr16,NC_069725.1,14924317,16290559,16197164,1,baz2a,7.0,0.714,1.0501723997700504e-10,strong,baz2a,source:exact/synonym,literature_expansion,1,Scophthalmus maximus,Scophthalmus maximus,,body weight (BW);total length (TL);body length (BL);body depth (BD);trunk length (TUL);head length (HL);snout length (SnL);caudal peduncle depth (CPD);eye diameter (ED);post-orbital head length (PoL);interorbital width (IW),Growth,,snp,19,16017254.0,,,,,,177.0,whole-genome resequencing,,,,,10.3390/ijms27156689,2026.0,,,GCF_022379125.1,ASM2237912v1,Chromosome,fam81b;atrn;iqgap1;enah;baz2a;amd1,fam81b;atrn;iqgap1;enah;baz2a;amd1,6,B,position reported but assembly not stated or ambiguous; falls back to gene anchoring,OpenAlex https://openalex.org/W7171393758; Genetic Architecture of Growth Traits in Turbot (Scophthalmus maximus) Revealed by Genome-Wide Association Studies,agent_curated,OK,MISMATCH,True,2376102.0,True,4319873,1145850,6801040,single_anchor_own_pos;region_pts=4/13,used_in_hotspot_clustering
W054,chr16,NC_069725.1,4808118,5147622,4815314,1,mtfr2,10.0,1.0,2.625852950332614e-15,strong,mtfr2,source:exact/synonym,study_wise,54,Oreochromis spp. (red tilapia),Oreochromis niloticus,,Total body length; body height; body mass; caudal peduncle height (under hyperosmotic stress),Growth,,,,,,,,,,160 genotyped (+12 for RNA-seq),"Whole-genome resequencing (Illumina NovaSeq, PE150)","12,776,921 high-quality SNPs","1 significant + 8 suggestive SNPs; lead SNP chr7:47,464,467",Cultured growth-selected lines (from wild Taiwan founders),90 days post-hatch; ~120.7 g at acclimation,10.3390/ijms26136492,2025.0,GCF_001858045.2 (Nile tilapia),GCF_001858045.2,GCF_001858045.2,O_niloticus_UMD_NMBU,Chromosome,galnt9; esrrg; map7; mtfr2; kcnj8; fhit; dnm1; cald1; plxnb2; nuak1; bpgm,galnt9;esrrg;map7;mtfr2;kcnj8;fhit;dnm1;cald1;plxnb2;nuak1;bpgm,11,B,no usable marker coordinate; anchored on reported candidate gene(s),"Liu et al., IJMS. GWAS + RNA-seq. Thresholds -log10(0.01/N)=8.41 (significant), -log10(0.05/N)=7.11 (suggestive).",user_workbook,OK,MATCH,True,152797.0,True,4815314,4808118,5147622,single_anchor_own_pos;region_pts=10/13,used_in_hotspot_clustering
W041,chr16,NC_069725.1,7319023,7748621,7557772,1,ctnnbip1,21.0,1.0,2.819598811289979e-40,strong,ctnnbip1,source:exact/synonym,study_wise,41,Ctenopharyngodon idella (grass carp),Ctenopharyngodon idella,,"Growth traits (BW, BL, BH per v1)",Growth,,,,,,,,,,Not reported (all),Whole-genome resequencing,"4,854,366 SNPs",31 significant SNPs,"Cultured grass carp; mapping population derived from wild founders collected from Yangtze, Pearl and Xiangjiang Rivers.",Not reported (all),10.1016/j.aquaculture.2024.741129,2024.0,"Grass carp reference genome, exact assembly not stated",,GCF_019924925.1,HZGC01,Chromosome,"120 candidate genes total, highlighted subset pwp1, cers5, chrebp agreed by all three; additional names lsr, ctnnbip1, smoc2, ano6, cckrb",cers5;ctnnbip1;smoc2;ano6;cckrb;pwp1;chrebp;lsr,8,B,no usable marker coordinate; anchored on reported candidate gene(s),"Zhang et al., Aquaculture. Novel SNPs and candidate genes. Details not retrievable here.",user_workbook,OK,MATCH,True,0.0,True,7557772,7319023,7748621,single_anchor_own_pos;region_pts=21/21,used_in_hotspot_clustering
W012,chr16,NC_069725.1,11678338,13673068,13648364,1,ccm2l,10.0,0.8,1.400907326632718e-16,strong,ccm2l,source:exact/synonym,study_wise,12,Larimichthys crocea (large yellow croaker),Larimichthys crocea,,Growth-related and body-shape traits,Growth,,,,,,,,,,220,ddRAD-seq,"27,227 SNPs",13 genome-wide significant SNPs across 8 chromosomes,Cultured,NR,10.1007/s10126-019-09910-0,2019.0,Large yellow croaker reference genome,,GCF_000972845.2,L_crocea_2.0,Chromosome,"Growth: fgf18, fgf1, nr3c1, cyp8b1, fabp2, cyp2r1, ppara, ccm2l. Body shape: bmp7, col1a1, col11a2, col18a1",fgf1;nr3c1;cyp8b1;fabp2;cyp2r1;ppara;col1a1;col11a2;col18a1;fgf18;ccm2l;bmp7,12,B,no usable marker coordinate; anchored on reported candidate gene(s),"Zhou et al., Mar Biotechnol.",user_workbook,OK,MATCH,True,152648.0,True,13648364,11678338,13673068,single_anchor_own_pos;region_pts=10/10,used_in_hotspot_clustering
W010,chr16,NC_069725.1,17020204,21183560,18414034,2,TNFRSF5A;cd34a,10.0,0.95,1.4681007688141322e-19,strong,TNFRSF5A,source:exact/synonym,study_wise,10,Oncorhynchus mykiss (rainbow trout),Oncorhynchus mykiss,,"Muscle (fillet) yield; also body weight, muscle fat, shear force, whiteness",Growth,,,,,,,,,,"878 for GWA (406 from 2010 + 472 from 2012 year-class); 1,728 genotyped overall",50K Affymetrix transcribed-gene SNP-chip,"35,322 SNPs after QC (of 50,006)",163 SNPs explaining >=2% genetic variance; peak windows on Omy14 (12.71%) and Omy16 (10.49%),Cultured closed growth-selected line (5 generations),410-481 days post-hatch,10.3389/fgene.2018.00387,2018.0,GCA_002163495,GCA_002163495.1,GCF_013265735.2,USDA_OmykA_1.1,Chromosome,"ETFDH; fibroblast growth factor-binding protein 1; citrate synthase; LAMP2; TNFRSF5A (also slc26a9, cd34a, mcts1)",ETFDH;LAMP2;TNFRSF5A;cd34a;mcts1;slc26a9,6,B,no usable marker coordinate; anchored on reported candidate gene(s),"ADDED from Yanez et al. 2023 review (ref 72). Salem et al., Front Genet 9:387. Windows explaining >1% additive genetic variance.",user_workbook,OK,MISMATCH,True,338751.0,False,18752785,17020204,21183560,fallback_flanking_window;,used_in_hotspot_clustering
S001,chr16,NC_069725.1,21442817,23394981,23361901,1,E2F,7.0,0.857,5.185840376909025e-13,strong,E2F,source:duplicate-suffix,SNP_level,1,Salmo salar,Salmo salar,,Growth rate (days to 5 kg),Growth,Lead SNP on Ssa13 (ID not given in accessible record),,Ssa13,,,,NR,Chromosome-wide significant,Bonferroni (0.05/N) + 200 permutations,466,Illumina iSelect 6.5K array,"3,908",,Cultured broodstock,Grow-out,10.1371/journal.pone.0119730,,ASalBase draft assembly,,GCF_965601325.1,fSalSal1,Chromosome,E2F transcription factor,E2F,1,B,no usable marker coordinate; anchored on reported candidate gene(s),,user_workbook,OK,MATCH,True,120838.0,True,23361901,21442817,23394981,single_anchor_own_pos;region_pts=7/7,used_in_hotspot_clustering
W001,chr16,NC_069725.1,21442817,23394981,23361901,1,E2F,7.0,0.857,5.185840376909025e-13,strong,E2F,source:duplicate-suffix,study_wise,1,Salmo salar (Atlantic salmon),Salmo salar,,Growth rate (days to reach 5 kg); age at sexual maturation,Growth,,,,,,,,,,466 (growth); 626 (grilsing),Illumina iSelect 6.5K SNP array,"3,908 SNPs after QC",1 SNP (chromosome-wide) for growth on Ssa13,Cultured (Cermaq Canada broodstock),Grow-out to harvest; maturation age classes,10.1371/journal.pone.0119730,2015.0,Atlantic salmon draft assembly (ASalBase),,GCF_965601325.1,fSalSal1,Chromosome,E2F transcription factor; malate dehydrogenase (MDH); FRA10AC1; maskin (CPEB-interacting protein),MDH;FRA10AC1;E2F,3,B,no usable marker coordinate; anchored on reported candidate gene(s),"Gutierrez et al., PLOS ONE. Bonferroni + 200 permutations. Growth signal only chromosome-wide, not genome-wide.",user_workbook,OK,MATCH,True,120838.0,True,23361901,21442817,23394981,single_anchor_own_pos;region_pts=7/7,used_in_hotspot_clustering
L028,chr17,NC_069726.1,2291851,5137655,2748705,1,SMTLB,11.0,0.909,1.9205758018691918e-21,strong,SMTLB,source:exact/synonym,literature_expansion,28,Cyprinus carpio,Cyprinus carpio,,growth-related traits,Growth,,,,,,,,,,,carp 250 K single nucleotide polymorphism (SNP) array,,,,,10.1038/srep26693,2016.0,,,GCF_018340385.1,ASM1834038v1,Chromosome,KISS2;IGF1;SMTLB;NPFFR1;CPE;3KSR;DMRT2b,KISS2;IGF1;SMTLB;NPFFR1;CPE;DMRT2b,6,B,no usable marker coordinate; anchored on reported candidate gene(s),OpenAlex https://openalex.org/W2399766115; An ultra-high density linkage map and QTL mapping for sex and growth-related traits of common carp (Cyprinus carpio),agent_curated,OK,MATCH,True,14974.0,True,2748705,2291851,5137655,single_anchor_own_pos;region_pts=11/11,used_in_hotspot_clustering
W004,chr17,NC_069726.1,3416013,4161211,3918150,1,Ksr1,6.0,1.0,1.0062142903441982e-09,strong,Ksr1,source:duplicate-suffix,study_wise,4,Oncorhynchus mykiss (rainbow trout),Oncorhynchus mykiss,,Body weight at 10 and 13 months; fillet weight; fillet yield; head-off carcass weight,Growth,,,,,,,,,,"1,447 phenotyped; 875 genotyped (196 full-sib families, 3 generations)",57K Axiom Trout Genotyping Array,"38,107 polymorphic SNPs","Windows on Omy9 (1.5%, 1.0% genetic variance, fillet yield); Omy5 (1.4%, BW10)","Cultured, pedigreed NCCCWA growth-selected line",~10 and 13 months post-hatch (410-437 days),10.3389/fgene.2016.00203,2016.0,Rainbow trout reference genome (Berthelot et al. 2014),,GCF_013265735.2,USDA_OmykA_1.1,Chromosome,Properdin; calsyntenin-1-like; Sox2; Trim33; calpain-1; calpain-2; Ksr1,Sox2;Trim33;Ksr1,3,B,no usable marker coordinate; anchored on reported candidate gene(s),"Gonzalez-Pena et al., Front Genet. wssGBLUP window-based analysis.",user_workbook,OK,MISMATCH,True,111689.0,False,3806461,3416013,4161211,fallback_flanking_window;,used_in_hotspot_clustering
L029,chr17,NC_069726.1,4370078,5061113,5033813,1,arvcf,10.0,0.8,1.094239235637129e-15,strong,arvcf,catfish-bridge:RBH,literature_expansion,29,Epinephelus coioides,Epinephelus coioides,,,Growth,,,,,,,,,,,double digest restriction site associated DNA sequencing (ddRADseq),,,,,10.3390/ijms17040501,2016.0,,,GCA_051314025.1,ASM5131402v1,Chromosome,fez2;alg3;ece2;arvcf;sla27a4;sgk223;camk2;prrc2b;mchr1;sardh;pappa;syk;tert;wdrcp91;ftz-f1;mate1;notch1,fez2;alg3;ece2;arvcf;sla27a4;sgk223;camk2;prrc2b;mchr1;sardh;pappa;syk;tert;wdrcp91;ftz-f1;mate1;notch1,17,B,no usable marker coordinate; anchored on reported candidate gene(s),OpenAlex https://openalex.org/W2329300838; Genome-Wide Mapping of Growth-Related Quantitative Trait Loci in Orange-Spotted Grouper (Epinephelus coioides) Using Dou,agent_curated,OK,MATCH,True,189955.0,True,5033813,4370078,5061113,single_anchor_own_pos;region_pts=10/10,excluded_from_hotspot_clustering (redundant same-locus-same-chromosome anchor; see kept row)
W016,chr17,NC_069726.1,6248506,7199054,6788722,1,PLK2,9.0,1.0,1.1222258789759769e-17,strong,PLK2,catfish-bridge:RBH,study_wise,16,"Cyprinus carpio (common carp), Xinlong strain",Cyprinus carpio,,Body weight; body length; body width; body depth at two stages (8 and 17 months),Growth,,,,,,,,,,123 (95 selection line + 28 control),2b-RAD sequencing,"147,131 SNPs after QC (from 413,059)",39 SNPs overlapping across both growth stages,"Cultured full-sib families, selective breeding programme",8 months and 17 months,10.1038/s41598-020-64037-w,2020.0,Common carp (Songpu strain) genome,,GCF_018340385.1,ASM1834038v1,Chromosome,TOX; PLK2; CD163,TOX;PLK2;CD163,3,B,no usable marker coordinate; anchored on reported candidate gene(s),"Su et al., Sci Rep. Different gene sets drive early vs late grow-out growth.",user_workbook,OK,MATCH,True,26911.0,True,6788722,6248506,7199054,single_anchor_own_pos;region_pts=9/9,used_in_hotspot_clustering
L004,chr17,NC_069726.1,15103129,17240779,15870866,3,Hmgcs1;Mapkap1;Slc27a6,12.0,0.556,1.4631184298864478e-19,moderate,Mapkap1,source:exact/synonym,literature_expansion,4,Micropterus salmoides,Micropterus salmoides,,growth;rapid growth,Growth,SNP16:4120214,snp,16,4120214.0,,,,,,,,,,,,10.3390/ijms26051834,2025.0,,,GCF_014851395.1,ASM1485139v1,Scaffold,Nkcc1;Mapkap1;Hmgcs1;Slc27a6;Shroom3,Nkcc1;Mapkap1;Hmgcs1;Slc27a6;Shroom3,5,B,position reported but assembly not stated or ambiguous; falls back to gene anchoring,OpenAlex https://openalex.org/W4407817074; Genome-Wide Association Study Reveals Growth-Related SNPs and Candidate Genes in Largemouth Bass (Micropterus salmoides),agent_curated,OK,MISMATCH,True,1478920.0,True,15131406,15103129,17240779,multi_anchor_cluster=2/2;region_pts=29/33,used_in_hotspot_clustering
L029,chr17,NC_069726.1,15075397,17240779,17061732,1,syk,14.0,0.643,6.371095831407633e-26,moderate,syk,catfish-bridge:RBH,literature_expansion,29,Epinephelus coioides,Epinephelus coioides,,,Growth,,,,,,,,,,,double digest restriction site associated DNA sequencing (ddRADseq),,,,,10.3390/ijms17040501,2016.0,,,GCA_051314025.1,ASM5131402v1,Chromosome,fez2;alg3;ece2;arvcf;sla27a4;sgk223;camk2;prrc2b;mchr1;sardh;pappa;syk;tert;wdrcp91;ftz-f1;mate1;notch1,fez2;alg3;ece2;arvcf;sla27a4;sgk223;camk2;prrc2b;mchr1;sardh;pappa;syk;tert;wdrcp91;ftz-f1;mate1;notch1,17,B,no usable marker coordinate; anchored on reported candidate gene(s),OpenAlex https://openalex.org/W2329300838; Genome-Wide Mapping of Growth-Related Quantitative Trait Loci in Orange-Spotted Grouper (Epinephelus coioides) Using Dou,agent_curated,OK,MATCH,True,219062.0,True,17061732,15075397,17240779,single_anchor_own_pos;region_pts=14/14,excluded_from_hotspot_clustering (redundant same-locus-same-chromosome anchor; see kept row)
L029,chr17,NC_069726.1,23444494,24091368,23894263,1,sardh,15.0,0.933,7.463703355760517e-27,strong,sardh,catfish-bridge:RBH,literature_expansion,29,Epinephelus coioides,Epinephelus coioides,,,Growth,,,,,,,,,,,double digest restriction site associated DNA sequencing (ddRADseq),,,,,10.3390/ijms17040501,2016.0,,,GCA_051314025.1,ASM5131402v1,Chromosome,fez2;alg3;ece2;arvcf;sla27a4;sgk223;camk2;prrc2b;mchr1;sardh;pappa;syk;tert;wdrcp91;ftz-f1;mate1;notch1,fez2;alg3;ece2;arvcf;sla27a4;sgk223;camk2;prrc2b;mchr1;sardh;pappa;syk;tert;wdrcp91;ftz-f1;mate1;notch1,17,B,no usable marker coordinate; anchored on reported candidate gene(s),OpenAlex https://openalex.org/W2329300838; Genome-Wide Mapping of Growth-Related Quantitative Trait Loci in Orange-Spotted Grouper (Epinephelus coioides) Using Dou,agent_curated,OK,MATCH,True,31693.0,True,23894263,23444494,24091368,single_anchor_own_pos;region_pts=15/15,used_in_hotspot_clustering
S010,chr18,NC_069727.1,1244173,3569837,1462791,3,igf1;myf5;myf6,9.0,1.0,9.209593346144497e-13,strong,igf1,source:exact/synonym,SNP_level,10,Micropterus salmoides,Micropterus salmoides,,Body weight,Growth,Lead SNP chr23,snp,Chr 23,8370508.0,,,NR,< 6.42E-07,"Bonferroni 6.42E-07 (77,935 effective SNPs)","1,066","WGS (NovaSeq X, PE150)","1,809,116",,Cultured,NR,10.3389/fmolb.2024.1443522,,GCA_019677235.1,GCA_019677235.1,GCF_014851395.1,ASM1485139v1,Scaffold,igf1 / myf5 / myf6 region,igf1;myf5;myf6,3,A2,"exact position on stated chromosome-level assembly GCA_019677235.1, but gene annotation taken from GCF_014851395.1; coordinate systems differ",,user_workbook,OK,MISMATCH,True,33241.0,True,1462791,1244173,3569837,multi_anchor_cluster=3/3;region_pts=25/46,used_in_hotspot_clustering
W044,chr18,NC_069727.1,1244173,3569837,1462791,3,igf1;myf5;myf6,9.0,1.0,9.209593346144497e-13,strong,igf1,source:exact/synonym,study_wise,44,Micropterus salmoides (largemouth bass),Micropterus salmoides,,Body weight; body length; body height; body thickness; caudal peduncle length; caudal peduncle height,Growth,,,,,,,,,,"1,066 (two populations)","Whole-genome resequencing (Illumina NovaSeq X, PE150)","1,809,116 SNPs after QC","15 SNPs (6 genome-wide significant + 9 suggestive); e.g. BW chr23:8,370,508 and chr23:20,121,867; BH chr1:3,391,027",Cultured (Chinese aquaculture),NR,10.3389/fmolb.2024.1443522,2024.0,GCA_019677235.1,GCA_019677235.1,GCF_014851395.1,ASM1485139v1,Scaffold,igf1; myf5; myf6; igf2r; cavin4b (24 genes total),igf1;myf5;myf6;igf2r;cavin4b,5,B,no usable marker coordinate; anchored on reported candidate gene(s),"Han et al., Front Mol Biosci. Bonferroni threshold 6.42E-07 (77,935 effective SNPs).",user_workbook,OK,MISMATCH,True,33241.0,True,1462791,1244173,3569837,multi_anchor_cluster=3/3;region_pts=25/46,used_in_hotspot_clustering
W024,chr18,NC_069727.1,2269766,2304500,2269766,1,NUP107,8.0,0.625,1.3666319095521174e-13,moderate,NUP107,source:exact/synonym,study_wise,24,Oreochromis niloticus (Nile tilapia),Oreochromis niloticus,,Average daily gain; body weight at harvest; body length at harvest; head weight; gutted head-on weight; waste weight; fillet weight; fillet yield,Growth,,,,,,,,,,"1,309 (72 families)",50K Illumina SNP BeadChip imputed to whole-genome sequence,"29,587 SNPs post-QC; 1,324,420 SNPs imputed panel","827-1,920 significant variants per trait (multi-trait GWAS); peaks on LG03, LG12, LG13",Cultured commercial breeding nucleus,~370 days at harvest,10.1186/s12864-020-07341-z,2021.0,Nile tilapia chromosome-level assembly,,GCF_001858045.2,O_niloticus_UMD_NMBU,Chromosome,FUT8; SLC4A2; ADAMTS9; HEG1; COL4A1; GDF6; ASB2; NUP107,FUT8;SLC4A2;ADAMTS9;HEG1;COL4A1;GDF6;ASB2;NUP107,8,B,no usable marker coordinate; anchored on reported candidate gene(s),"Yoshida & Yanez, BMC Genomics. Imputation to WGS density.",user_workbook,OK,MATCH,True,5098490.0,True,2269766,2269766,11506689,single_anchor_own_pos;region_pts=3/8,used_in_hotspot_clustering
L028,chr18,NC_069727.1,2847683,3569837,3151434,2,IGF1;KISS2,13.0,0.9115,3.367878148003425e-23,strong,KISS2,source:exact/synonym,literature_expansion,28,Cyprinus carpio,Cyprinus carpio,,growth-related traits,Growth,,,,,,,,,,,carp 250 K single nucleotide polymorphism (SNP) array,,,,,10.1038/srep26693,2016.0,,,GCF_018340385.1,ASM1834038v1,Chromosome,KISS2;IGF1;SMTLB;NPFFR1;CPE;3KSR;DMRT2b,KISS2;IGF1;SMTLB;NPFFR1;CPE;DMRT2b,6,B,no usable marker coordinate; anchored on reported candidate gene(s),OpenAlex https://openalex.org/W2399766115; An ultra-high density linkage map and QTL mapping for sex and growth-related traits of common carp (Cyprinus carpio),agent_curated,OK,MISMATCH,True,171248.0,True,3151434,2847683,3569837,multi_anchor_cluster=2/2;region_pts=23/23,used_in_hotspot_clustering
L006,chr18,NC_069727.1,3412760,3569837,3412760,1,igf1,8.0,0.875,3.3396300054674085e-11,strong,igf1,source:exact/synonym,literature_expansion,6,Cynoglossus semilaevis,Cynoglossus semilaevis,,growth size heteromorphism;growth and development;fish size,Growth,,,,,,,,,,500.0,,,,,,10.3390/ani15081130,2025.0,,,GCF_000523025.1,Cse_v1.0,Chromosome,grid1;grid2;shcbp1;sass6;cdca7;gh;igf1,grid1;grid2;shcbp1;sass6;cdca7;gh;igf1,7,B,no usable marker coordinate; anchored on reported candidate gene(s),OpenAlex https://openalex.org/W4409434253; Molecular Mechanism of the Grid Gene Family Regulating Growth Size Heteromorphism in Cynoglossus semilaevis,agent_curated,OK,MATCH,True,69612.0,True,3412760,3412760,3569837,single_anchor_own_pos;region_pts=8/13,used_in_hotspot_clustering
L027,chr18,NC_069727.1,3412760,6307182,3412760,1,IGFI,13.0,0.538,8.287467159120525e-21,moderate,IGFI,alias(zebrafish):exact/synonym,literature_expansion,27,Dicentrarchus labrax,Dicentrarchus labrax,,growth;morphometric traits;body weight,Growth,,,,,,,,,,,,,,,,10.1016/j.aquaculture.2016.01.004,2016.0,,,GCF_905237075.1,dlabrax2021,Scaffold,Jak;STAT;MAPK;growth hormone;IGFI;IGFII,Jak;STAT;MAPK;IGFI;IGFII;gh1,6,B,no usable marker coordinate; anchored on reported candidate gene(s),OpenAlex https://openalex.org/W2236639149; Characterization and refinement of growth related quantitative trait loci in European sea bass (Dicentrarchus labrax) us,agent_curated,OK,MATCH,True,102027.0,True,3412760,3412760,11443085,single_anchor_own_pos;region_pts=11/15,used_in_hotspot_clustering
W007,chr18,NC_069727.1,2890109,3569837,3412760,1,igf1,13.0,0.923,3.367878148003425e-23,strong,igf1,source:exact/synonym,study_wise,7,Cyprinus carpio (Yellow River common carp),Cyprinus carpio,,Head length; head length/body length ratio; eye diameter; eye cross,Growth,,,,,,,,,,433 for GWAS (+103 for QTL mapping),Common carp 250K SNP array,"106,959 SNPs after QC",12 SNPs genome-wide significant (GWAS) + 18 QTL (linkage mapping),"Cultured, multiple families from a breeding station",18 months post-hatch,10.3389/fgene.2018.00448,2018.0,GCF_000951615.1,GCF_000951615.1,GCF_018340385.1,ASM1834038v1,Chromosome,igf1; igf3; grb10; igf1r; notch2; sfrp2; parv; srpk2; fsrp5,igf1;igf3;grb10;igf1r;notch2;sfrp2;srpk2;fsrp5,8,B,no usable marker coordinate; anchored on reported candidate gene(s),"ADDED from Yanez et al. 2023 review (ref 92). Chen et al., Front Genet 9:448. Combined GWAS + QTL design; threshold -log10(P)>5.02 (suggestive 4.5).",user_workbook,OK,MATCH,True,0.0,True,3412760,2890109,3569837,single_anchor_own_pos;region_pts=13/13,used_in_hotspot_clustering
L020,chr18,NC_069727.1,11382059,11432059,11407059,1,Hbp1,3.0,1.0,0.0001772784694413,weak,Hbp1,source:exact/synonym,literature_expansion,20,Scatophagus argus,Scatophagus argus,,growth-related traits;body weight,Growth,,,,,,,,,,,restriction site-associated DNA sequencing,,,,,10.1186/s12864-020-6658-1,2020.0,,,GCF_020382885.2,fScaArg1.pri,Chromosome,Hbp1;Vgll4;Pim3,Hbp1;Vgll4;Pim3,3,B,no usable marker coordinate; anchored on reported candidate gene(s),OpenAlex https://openalex.org/W3014899819; ddRADseq-assisted construction of a high-density SNP genetic map and QTL fine mapping for growth-related traits in the s,agent_curated,POINT_OUTSIDE_REGION,MISMATCH,True,5654455.0,False,5752604,6618959,11407059,fallback_flanking_window;dropped_outliers=4;padded_25kb_single_point_region,excluded_from_hotspot_clustering (redundant same-locus-same-chromosome anchor; see kept row)
W037,chr18,NC_069727.1,7655358,7886860,7717272,1,sema3a,4.0,1.0,9.93274100991194e-07,moderate,sema3a,catfish-bridge:RBH,study_wise,37,Epinephelus coioides (orange-spotted grouper),Epinephelus coioides,,Early growth traits,Growth,,,,,,,,,,Not reported (all),RAD-seq (restriction site-associated DNA sequencing),Not reported (all),11 significant SNPs associated with fast growth,Not reported (all),Early growth stage,10.1016/j.aquaculture.2022.739129,2023.0,Not reported (all),,GCA_051314025.1,ASM5131402v1,Chromosome,"8 specific genes (mustn1, bmp7, sema3a, magi2, prkcd, capzb, twf2, eps8l2)",mustn1;bmp7;sema3a;magi2;prkcd;capzb;twf2;eps8l2,8,B,no usable marker coordinate; anchored on reported candidate gene(s),Aquaculture. Details not retrievable here.,user_workbook,OK,MATCH,True,56966.0,True,7717272,7655358,7886860,single_anchor_own_pos;region_pts=4/5,used_in_hotspot_clustering
W030,chr18,NC_069727.1,9646224,10249554,9944350,1,rerg,16.0,0.75,1.2355998859424853e-29,strong,rerg,source:exact/synonym,study_wise,30,Leiocassis longirostris (Chinese longsnout catfish),Leiocassis longirostris,Tachysurus fulvidraco,"Body mass, total length, standard length, head width, snout length, caudal peduncle depth",Growth,,,,,,,,,,200,"whole-genome resequencing (Illumina NovaSeq, ~9.5x)""","1,260,645 SNPs","31 significant overall, but the per-trait breakdown  (12 body mass, 5 total length, 6 standard length, 9 head width, 4 snout length, 8 caudal peduncle depth) sums to 44","Cultured, China",Not reported (all),10.1016/j.aquaculture.2022.738513,2022.0,PRJNA692071,,GCF_022655615.1,HZAU_PFXX_2.0,Chromosome,"285 candidate genes total (96 BW, 31 TL, 39 SL, 61 HW, 22 snout, 36 caudal); named genes enox2, ky, coma1, matn1, sdc3, if2b3, kif3a, h1b, cadh7, rerg, fabph",ky;coma1;matn1;sdc3;kif3a;h1b;rerg;enox2,8,B,no usable marker coordinate; anchored on reported candidate gene(s),Aquaculture. Growth-related markers for selection. Details not retrievable here.,user_workbook,OK,MATCH,True,28384.0,True,9944350,9646224,10249554,single_anchor_own_pos;region_pts=16/16,used_in_hotspot_clustering
W054,chr18,NC_069727.1,8640064,12705812,10581395,2,kcnj8;plxnb2,12.0,0.542,3.2268148378939545e-22,moderate,plxnb2,alias(zebrafish):exact/synonym;source:exact/synonym,study_wise,54,Oreochromis spp. (red tilapia),Oreochromis niloticus,,Total body length; body height; body mass; caudal peduncle height (under hyperosmotic stress),Growth,,,,,,,,,,160 genotyped (+12 for RNA-seq),"Whole-genome resequencing (Illumina NovaSeq, PE150)","12,776,921 high-quality SNPs","1 significant + 8 suggestive SNPs; lead SNP chr7:47,464,467",Cultured growth-selected lines (from wild Taiwan founders),90 days post-hatch; ~120.7 g at acclimation,10.3390/ijms26136492,2025.0,GCF_001858045.2 (Nile tilapia),GCF_001858045.2,GCF_001858045.2,O_niloticus_UMD_NMBU,Chromosome,galnt9; esrrg; map7; mtfr2; kcnj8; fhit; dnm1; cald1; plxnb2; nuak1; bpgm,galnt9;esrrg;map7;mtfr2;kcnj8;fhit;dnm1;cald1;plxnb2;nuak1;bpgm,11,B,no usable marker coordinate; anchored on reported candidate gene(s),"Liu et al., IJMS. GWAS + RNA-seq. Thresholds -log10(0.01/N)=8.41 (significant), -log10(0.05/N)=7.11 (suggestive).",user_workbook,OK,MISMATCH,True,1029031.0,True,10755584,6063856,12705812,single_anchor_own_pos;region_pts=21/24,excluded_from_hotspot_clustering (redundant same-locus-same-chromosome anchor; see kept row)
L020,chr18,NC_069727.1,13496246,17352843,14370519,1,Pim3,17.0,1.0,9.626867011160682e-33,strong,Pim3,source:exact/synonym,literature_expansion,20,Scatophagus argus,Scatophagus argus,,growth-related traits;body weight,Growth,,,,,,,,,,,restriction site-associated DNA sequencing,,,,,10.1186/s12864-020-6658-1,2020.0,,,GCF_020382885.2,fScaArg1.pri,Chromosome,Hbp1;Vgll4;Pim3,Hbp1;Vgll4;Pim3,3,B,no usable marker coordinate; anchored on reported candidate gene(s),OpenAlex https://openalex.org/W3014899819; ddRADseq-assisted construction of a high-density SNP genetic map and QTL fine mapping for growth-related traits in the s,agent_curated,OK,MATCH,True,0.0,True,14370519,13496246,17352843,single_anchor_own_pos;region_pts=17/17,used_in_hotspot_clustering
W012,chr18,NC_069727.1,14495008,17459839,15353742,1,ppara,16.0,0.625,1.2355998859424853e-29,moderate,ppara,source:exact/synonym,study_wise,12,Larimichthys crocea (large yellow croaker),Larimichthys crocea,,Growth-related and body-shape traits,Growth,,,,,,,,,,220,ddRAD-seq,"27,227 SNPs",13 genome-wide significant SNPs across 8 chromosomes,Cultured,NR,10.1007/s10126-019-09910-0,2019.0,Large yellow croaker reference genome,,GCF_000972845.2,L_crocea_2.0,Chromosome,"Growth: fgf18, fgf1, nr3c1, cyp8b1, fabp2, cyp2r1, ppara, ccm2l. Body shape: bmp7, col1a1, col11a2, col18a1",fgf1;nr3c1;cyp8b1;fabp2;cyp2r1;ppara;col1a1;col11a2;col18a1;fgf18;ccm2l;bmp7,12,B,no usable marker coordinate; anchored on reported candidate gene(s),"Zhou et al., Mar Biotechnol.",user_workbook,OK,MISMATCH,True,162976.0,False,15516718,14495008,17459839,fallback_flanking_window;dropped_outliers=1,used_in_hotspot_clustering
W054,chr18,NC_069727.1,15349822,17043008,16111117,1,cald1,17.0,0.824,1.0572865713869105e-29,strong,cald1,source:duplicate-suffix,study_wise,54,Oreochromis spp. (red tilapia),Oreochromis niloticus,,Total body length; body height; body mass; caudal peduncle height (under hyperosmotic stress),Growth,,,,,,,,,,160 genotyped (+12 for RNA-seq),"Whole-genome resequencing (Illumina NovaSeq, PE150)","12,776,921 high-quality SNPs","1 significant + 8 suggestive SNPs; lead SNP chr7:47,464,467",Cultured growth-selected lines (from wild Taiwan founders),90 days post-hatch; ~120.7 g at acclimation,10.3390/ijms26136492,2025.0,GCF_001858045.2 (Nile tilapia),GCF_001858045.2,GCF_001858045.2,O_niloticus_UMD_NMBU,Chromosome,galnt9; esrrg; map7; mtfr2; kcnj8; fhit; dnm1; cald1; plxnb2; nuak1; bpgm,galnt9;esrrg;map7;mtfr2;kcnj8;fhit;dnm1;cald1;plxnb2;nuak1;bpgm,11,B,no usable marker coordinate; anchored on reported candidate gene(s),"Liu et al., IJMS. GWAS + RNA-seq. Thresholds -log10(0.01/N)=8.41 (significant), -log10(0.05/N)=7.11 (suggestive).",user_workbook,OK,MATCH,True,354662.0,True,16111117,15349822,17043008,single_anchor_own_pos;region_pts=17/18,used_in_hotspot_clustering
L025,chr19,NC_069728.1,2038303,2139165,2139165,1,PLA2G4A,5.0,1.0,2.81067780988277e-07,moderate,PLA2G4A,source:exact/synonym,literature_expansion,25,Nibea albiflora,Nibea albiflora,,growth-related traits,Growth,,,,,,,,,,113.0,,,,,,10.1038/s41598-018-35583-1,2018.0,,,GCA_014281875.1,ASM1428187v1,Chromosome,PLA2G4A;BRINP3;P2RY1,PLA2G4A;BRINP3;P2RY1,3,B,no usable marker coordinate; anchored on reported candidate gene(s),OpenAlex https://openalex.org/W2901916045; A high-density genetic linkage map and QTL mapping for growth and sex of yellow drum (Nibea albiflora),agent_curated,OK,MATCH,True,44434.0,True,2139165,2038303,2139165,single_anchor_own_pos;region_pts=5/5,used_in_hotspot_clustering
L001,chr19,NC_069728.1,1471173,2497877,2240513,1,enah,8.0,1.0,1.8771492928204855e-11,strong,enah,source:exact/synonym,literature_expansion,1,Scophthalmus maximus,Scophthalmus maximus,,body weight (BW);total length (TL);body length (BL);body depth (BD);trunk length (TUL);head length (HL);snout length (SnL);caudal peduncle depth (CPD);eye diameter (ED);post-orbital head length (PoL);interorbital width (IW),Growth,,snp,19,16017254.0,,,,,,177.0,whole-genome resequencing,,,,,10.3390/ijms27156689,2026.0,,,GCF_022379125.1,ASM2237912v1,Chromosome,fam81b;atrn;iqgap1;enah;baz2a;amd1,fam81b;atrn;iqgap1;enah;baz2a;amd1,6,B,position reported but assembly not stated or ambiguous; falls back to gene anchoring,OpenAlex https://openalex.org/W7171393758; Genetic Architecture of Growth Traits in Turbot (Scophthalmus maximus) Revealed by Genome-Wide Association Studies,agent_curated,OK,MATCH,True,84462.0,True,2240513,1471173,2497877,single_anchor_own_pos;region_pts=8/8,used_in_hotspot_clustering
W020,chr19,NC_069728.1,1471173,2497877,2291066,1,lbr,9.0,1.0,5.2315671400590404e-14,strong,lbr,source:exact/synonym,study_wise,20,Hypophthalmichthys nobilis (bighead carp),Hypophthalmichthys nobilis,Ctenopharyngodon idella,"Head size/shape traits (HL, HW, HH, HL/HH, HL/HW, HL/BL)",Growth,,,,,,,,,,776,High-throughput SNP genotyping (2b-RAD),"9,285 SNPs",11 significant + 12 suggestive; 17 (HL/HH) and 6 (HL/HW) SNPs for shape traits;  9 of the 11 significant SNPs are on LG16,"Cultured (Yangtze River-origin parents, pond-reared offspring)",Adult,10.1016/j.aquaculture.2021.736648,2021.0,Bighead carp genome,,GCF_019924925.1,HZGC01,Chromosome,"cc2b, prdm1b, fndc5b, lbr, bmp8a, ATP6v1cb (head-size genes); ptch1, col9a1a, tgfbr2, hecw2a, zbtb42, sema7a (shape genes)",cc2b;prdm1b;fndc5b;lbr;bmp8a;ATP6v1cb;ptch1;col9a1a;tgfbr2;hecw2a;zbtb42;sema7a,12,B,no usable marker coordinate; anchored on reported candidate gene(s),Aquaculture. Head morphometrics (growth-related conformation). Details not retrievable here.,user_workbook,OK,MATCH,True,16143.0,True,2291066,1471173,2497877,single_anchor_own_pos;region_pts=9/9,used_in_hotspot_clustering
L033,chr19,NC_069728.1,3349831,4605659,4512299,1,Clock,11.0,0.545,1.9205758018691918e-21,moderate,Clock,source:duplicate-suffix,literature_expansion,33,Oncorhynchus kisutch,Oncorhynchus kisutch,,hatch timing;weight;length;growth rate,Growth,,,,,,,,,,,,,,,,10.1093/jhered/esq063,2010.0,,,GCF_002021735.2,Okis_V2,Chromosome,Clock;Cryptochrome;Cryptochrome2b;OtsClock1b,Clock;Cryptochrome;Cryptochrome2b;OtsClock1b,4,B,no usable marker coordinate; anchored on reported candidate gene(s),"OpenAlex https://openalex.org/W2141321079; Clock Genes Localize to Quantitative Trait Loci for Stage-Specific Growth in Juvenile Coho Salmon, Oncorhynchus kisutch",agent_curated,OK,MISMATCH,True,234732.0,False,4277567,3349831,4605659,fallback_flanking_window;,used_in_hotspot_clustering
W024,chr19,NC_069728.1,12970030,13738547,13118568,1,FUT8,12.0,1.0,4.355874532182964e-20,strong,FUT8,source:duplicate-suffix,study_wise,24,Oreochromis niloticus (Nile tilapia),Oreochromis niloticus,,Average daily gain; body weight at harvest; body length at harvest; head weight; gutted head-on weight; waste weight; fillet weight; fillet yield,Growth,,,,,,,,,,"1,309 (72 families)",50K Illumina SNP BeadChip imputed to whole-genome sequence,"29,587 SNPs post-QC; 1,324,420 SNPs imputed panel","827-1,920 significant variants per trait (multi-trait GWAS); peaks on LG03, LG12, LG13",Cultured commercial breeding nucleus,~370 days at harvest,10.1186/s12864-020-07341-z,2021.0,Nile tilapia chromosome-level assembly,,GCF_001858045.2,O_niloticus_UMD_NMBU,Chromosome,FUT8; SLC4A2; ADAMTS9; HEG1; COL4A1; GDF6; ASB2; NUP107,FUT8;SLC4A2;ADAMTS9;HEG1;COL4A1;GDF6;ASB2;NUP107,8,B,no usable marker coordinate; anchored on reported candidate gene(s),"Yoshida & Yanez, BMC Genomics. Imputation to WGS density.",user_workbook,OK,MISMATCH,True,319644.0,False,13438212,12970030,13738547,fallback_flanking_window;dropped_outliers=3,used_in_hotspot_clustering
W015,chr19,NC_069728.1,13080127,13738547,13738547,1,EXTL3,8.0,1.0,1.0054630838310446e-11,strong,EXTL3,source:exact/synonym,study_wise,15,Oreochromis niloticus (Nile tilapia),Oreochromis niloticus,,Harvest weight; fillet yield,Growth,,,,,,,,,,"5,866 phenotyped; 1,238 genotyped",Illumina 50K SNP BeadChip,"32,306 SNPs after QC",No major QTL; top 20-SNP windows only (polygenic),"Cultured breeding nucleus (8 generations of selection), Costa Rica",~13 months (mean 401 days),10.1534/g3.119.400116,2019.0,O. niloticus GCA_001858045.3,GCA_001858045.3,GCF_001858045.2,O_niloticus_UMD_NMBU,Chromosome,"Harvest weight: NPR1, EXTL3. Fillet yield: UTP6, RAB31, FSTL3",RAB31;FSTL3;NPR1;EXTL3;UTP6,5,B,no usable marker coordinate; anchored on reported candidate gene(s),"Yoshida et al., G3. Also tested low-density panels for cost-efficient genomic prediction.",user_workbook,OK,MATCH,True,112471.0,True,13738547,13080127,13738547,single_anchor_own_pos;region_pts=8/11,used_in_hotspot_clustering
W019,chr19,NC_069728.1,14823354,14873354,14848354,1,THBS1,7.0,0.571,6.557361194583971e-14,moderate,THBS1,source:duplicate-suffix,study_wise,19,Oncorhynchus mykiss (rainbow trout),Oncorhynchus mykiss,,Body weight gain,Growth,,,,,,,,,,789 (two consecutive generations),50K gene-transcribed SNP chip,"29,451 SNPs after MAF/HWE filtering","247 SNPs (wssGBLUP); 33 SNPs (single-marker); clustered on Omy2, 4, 8, 9, 13, 14, 18 (Omy14 richest, 50 SNPs)",Cultured NCCCWA growth-selected line,NR,10.1186/s12864-020-6617-x,2020.0,GCF_002163495 (Omyk_1.0),GCF_002163495.1,GCF_013265735.2,USDA_OmykA_1.1,Chromosome,OCRL-1; THBS1; MAP4; PHGDH; CAV-1; CCND1; AMPK-pathway genes,OCRL-1;THBS1;MAP4;PHGDH;CAV-1;CCND1,6,B,no usable marker coordinate; anchored on reported candidate gene(s),"Ali et al., BMC Genomics. Bonferroni single-marker threshold 1.70E-06.",user_workbook,OK,MISMATCH,True,58157.0,False,14906511,10798060,18337626,fallback_flanking_window;dropped_outliers=6;padded_25kb_single_point_region,used_in_hotspot_clustering
W044,chr19,NC_069728.1,16857840,17178111,16966131,1,igf2r,9.0,0.444,7.652713387304902e-15,weak,igf2r,source:exact/synonym,study_wise,44,Micropterus salmoides (largemouth bass),Micropterus salmoides,,Body weight; body length; body height; body thickness; caudal peduncle length; caudal peduncle height,Growth,,,,,,,,,,"1,066 (two populations)","Whole-genome resequencing (Illumina NovaSeq X, PE150)","1,809,116 SNPs after QC","15 SNPs (6 genome-wide significant + 9 suggestive); e.g. BW chr23:8,370,508 and chr23:20,121,867; BH chr1:3,391,027",Cultured (Chinese aquaculture),NR,10.3389/fmolb.2024.1443522,2024.0,GCA_019677235.1,GCA_019677235.1,GCF_014851395.1,ASM1485139v1,Scaffold,igf1; myf5; myf6; igf2r; cavin4b (24 genes total),igf1;myf5;myf6;igf2r;cavin4b,5,B,no usable marker coordinate; anchored on reported candidate gene(s),"Han et al., Front Mol Biosci. Bonferroni threshold 6.42E-07 (77,935 effective SNPs).",user_workbook,OK,MATCH,True,30681.0,True,16966131,16857840,17178111,single_anchor_own_pos;region_pts=9/9,used_in_hotspot_clustering
W037,chr20,NC_069729.1,451869,720867,605571,1,capzb,16.0,1.0,1.2355998859424853e-29,strong,capzb,catfish-bridge:RBH,study_wise,37,Epinephelus coioides (orange-spotted grouper),Epinephelus coioides,,Early growth traits,Growth,,,,,,,,,,Not reported (all),RAD-seq (restriction site-associated DNA sequencing),Not reported (all),11 significant SNPs associated with fast growth,Not reported (all),Early growth stage,10.1016/j.aquaculture.2022.739129,2023.0,Not reported (all),,GCA_051314025.1,ASM5131402v1,Chromosome,"8 specific genes (mustn1, bmp7, sema3a, magi2, prkcd, capzb, twf2, eps8l2)",mustn1;bmp7;sema3a;magi2;prkcd;capzb;twf2;eps8l2,8,B,no usable marker coordinate; anchored on reported candidate gene(s),Aquaculture. Details not retrievable here.,user_workbook,OK,MATCH,True,84059.0,True,605571,451869,720867,single_anchor_own_pos;region_pts=16/16,used_in_hotspot_clustering
W024,chr20,NC_069729.1,2887098,4010632,3809738,1,ADAMTS9,13.0,1.0,4.545720361210099e-24,strong,ADAMTS9,source:exact/synonym,study_wise,24,Oreochromis niloticus (Nile tilapia),Oreochromis niloticus,,Average daily gain; body weight at harvest; body length at harvest; head weight; gutted head-on weight; waste weight; fillet weight; fillet yield,Growth,,,,,,,,,,"1,309 (72 families)",50K Illumina SNP BeadChip imputed to whole-genome sequence,"29,587 SNPs post-QC; 1,324,420 SNPs imputed panel","827-1,920 significant variants per trait (multi-trait GWAS); peaks on LG03, LG12, LG13",Cultured commercial breeding nucleus,~370 days at harvest,10.1186/s12864-020-07341-z,2021.0,Nile tilapia chromosome-level assembly,,GCF_001858045.2,O_niloticus_UMD_NMBU,Chromosome,FUT8; SLC4A2; ADAMTS9; HEG1; COL4A1; GDF6; ASB2; NUP107,FUT8;SLC4A2;ADAMTS9;HEG1;COL4A1;GDF6;ASB2;NUP107,8,B,no usable marker coordinate; anchored on reported candidate gene(s),"Yoshida & Yanez, BMC Genomics. Imputation to WGS density.",user_workbook,OK,MATCH,True,277883.0,True,3809738,2887098,4010632,single_anchor_own_pos;region_pts=13/13,used_in_hotspot_clustering
W008,chr20,NC_069729.1,14070847,14560709,14534988,1,cers5,9.0,1.0,5.2315671400590404e-14,strong,cers5,catfish-bridge:RBH,study_wise,8,Epinephelus coioides (orange-spotted grouper),Epinephelus coioides,,Body weight; total length,Growth,,,,,,,,,,198,RAD-seq,"261,366 SNPs",110 growth-correlated SNPs; 20 confirmed for both body weight and total length,Natural population,NR,10.1007/s11427-017-9161-4,2018.0,NR,,GCA_051314025.1,ASM5131402v1,Chromosome,"npy2r (key); adgrb2, csnk2a1, cers5, col22a1, creb5, dnd1, dzank1, dnai1, fat3, lrrk2, lrp5, map3k9 (34 genes total)",npy2r;adgrb2;csnk2a1;cers5;col22a1;creb5;dnd1;dzank1;dnai1;fat3;lrrk2;lrp5;map3k9,13,B,no usable marker coordinate; anchored on reported candidate gene(s),"Yu et al., Sci China Life Sci. First RAD-seq GWAS in this species.",user_workbook,OK,MATCH,True,48929.0,True,14534988,14070847,14560709,single_anchor_own_pos;region_pts=9/10,used_in_hotspot_clustering
W041,chr20,NC_069729.1,14534988,14628633,14534988,1,cers5,10.0,1.0,1.4681007688141322e-19,strong,cers5,source:exact/synonym,study_wise,41,Ctenopharyngodon idella (grass carp),Ctenopharyngodon idella,,"Growth traits (BW, BL, BH per v1)",Growth,,,,,,,,,,Not reported (all),Whole-genome resequencing,"4,854,366 SNPs",31 significant SNPs,"Cultured grass carp; mapping population derived from wild founders collected from Yangtze, Pearl and Xiangjiang Rivers.",Not reported (all),10.1016/j.aquaculture.2024.741129,2024.0,"Grass carp reference genome, exact assembly not stated",,GCF_019924925.1,HZGC01,Chromosome,"120 candidate genes total, highlighted subset pwp1, cers5, chrebp agreed by all three; additional names lsr, ctnnbip1, smoc2, ano6, cckrb",cers5;ctnnbip1;smoc2;ano6;cckrb;pwp1;chrebp;lsr,8,B,no usable marker coordinate; anchored on reported candidate gene(s),"Zhang et al., Aquaculture. Novel SNPs and candidate genes. Details not retrievable here.",user_workbook,OK,MATCH,True,46478.0,True,14534988,14534988,14628633,single_anchor_own_pos;region_pts=10/10,used_in_hotspot_clustering
W026,chr20,NC_069729.1,18307773,18532263,18406772,1,ghrh,10.0,1.0,5.8379542401483415e-15,strong,ghrh,source:exact/synonym,study_wise,26,Oreochromis niloticus (Nile tilapia),Oreochromis niloticus,,Body weight gain; feed conversion ratio; residual feed intake; feed intake,Growth,,,,,,,,,,"755 after QC (of 1,200; 40 full-sib families)",ThermoFisher Axiom 65K SNP array,"48,431 SNPs after QC",10 SNPs on LG5 (body weight gain); 1 SNP on LG7 (feed intake),Cultured GIFT breeding programme,NR,10.3389/fgene.2021.737906,2021.0,GCA_001858045.3,GCA_001858045.3,GCF_001858045.2,O_niloticus_UMD_NMBU,Chromosome,ghrh; eif4e3; ntrk3a,ghrh;eif4e3;ntrk3a,3,B,no usable marker coordinate; anchored on reported candidate gene(s),"Barria et al., Front Genet. Growth-efficiency traits.",user_workbook,OK,MATCH,True,16496.0,True,18406772,18307773,18532263,single_anchor_own_pos;region_pts=10/10,used_in_hotspot_clustering
W054,chr20,NC_069729.1,4217906,5010527,5010527,1,fhit,3.0,1.0,0.0001772784694413,weak,fhit,source:exact/synonym,study_wise,54,Oreochromis spp. (red tilapia),Oreochromis niloticus,,Total body length; body height; body mass; caudal peduncle height (under hyperosmotic stress),Growth,,,,,,,,,,160 genotyped (+12 for RNA-seq),"Whole-genome resequencing (Illumina NovaSeq, PE150)","12,776,921 high-quality SNPs","1 significant + 8 suggestive SNPs; lead SNP chr7:47,464,467",Cultured growth-selected lines (from wild Taiwan founders),90 days post-hatch; ~120.7 g at acclimation,10.3390/ijms26136492,2025.0,GCF_001858045.2 (Nile tilapia),GCF_001858045.2,GCF_001858045.2,O_niloticus_UMD_NMBU,Chromosome,galnt9; esrrg; map7; mtfr2; kcnj8; fhit; dnm1; cald1; plxnb2; nuak1; bpgm,galnt9;esrrg;map7;mtfr2;kcnj8;fhit;dnm1;cald1;plxnb2;nuak1;bpgm,11,B,no usable marker coordinate; anchored on reported candidate gene(s),"Liu et al., IJMS. GWAS + RNA-seq. Thresholds -log10(0.01/N)=8.41 (significant), -log10(0.05/N)=7.11 (suggestive).",user_workbook,POINT_OUTSIDE_REGION,MISMATCH,True,7731437.0,True,20556531,20639660,20666538,single_anchor_own_pos;region_pts=2/6,used_in_hotspot_clustering
L002,chr20,NC_069729.1,21404494,22036254,21940619,1,COL2A1,8.0,0.875,2.4015556399957098e-12,strong,COL2A1,source:duplicate-suffix,literature_expansion,2,Channa argus,Channa argus,,Body weight,Growth,,snp,Chr07,1329732.0,,,,,,205.0,50K SNP array,,,,,10.3390/ani16162471,2026.0,C. argus genome assembly,,GCF_033026475.1,Channa argus male v1.0,Chromosome,COL2A1;zgc:113232;CTSS;S100A4;PYGM;DLAT;MSX2;ZNRF3,COL2A1;CTSS;S100A4;PYGM;DLAT;MSX2;ZNRF3,7,B,position reported but assembly not stated or ambiguous; falls back to gene anchoring,OpenAlex https://openalex.org/W7202037041; A Genome-Wide Association Study Identifies Candidate SNPs and Genes Associated with Body Weight in the Northern Snakehea,agent_curated,OK,MISMATCH,True,1418.0,False,21942037,21404494,22036254,fallback_flanking_window;dropped_outliers=1,used_in_hotspot_clustering
W052,chr21,NC_069730.1,8646342,9145657,8896000,1,pard3,2.0,1.0,0.0024788523691293,weak,pard3,alias(zebrafish):exact/synonym,study_wise,52,Micropterus salmoides (largemouth bass),Micropterus salmoides,,"Body weight, full length, body height, body width, at early growth stages",Growth,,,,,,,,,,158,Reduced-representation genome sequencing (RRGS),"7,714 high-quality mutations",5 significant + 15 suggestive mutations (-log10(p) thresholds 5.19 and 3.89),Not reported (all),Early growth stages,10.1016/j.aquaculture.2025.742184,2025.0,Not reported (all)+K18,,GCF_014851395.1,ASM1485139v1,Scaffold,"45 candidate genes, additional names 7 highlighted genes — pard3, llgl2, myo15b, shisa6, plcd3a, galk1, acbd4",llgl2;myo15b;shisa6;plcd3a;galk1;acbd4;pard3,7,B,no usable marker coordinate; anchored on reported candidate gene(s),Aquaculture. Details not retrievable here.,user_workbook,POINT_OUTSIDE_REGION,MISMATCH,True,1414725.0,False,10310725,8646342,9145657,fallback_flanking_window;,used_in_hotspot_clustering
L029,chr21,NC_069730.1,10632484,11273517,10957752,2,alg3;ece2,17.0,1.0,1.7114264163103848e-31,strong,alg3,catfish-bridge:RBH,literature_expansion,29,Epinephelus coioides,Epinephelus coioides,,,Growth,,,,,,,,,,,double digest restriction site associated DNA sequencing (ddRADseq),,,,,10.3390/ijms17040501,2016.0,,,GCA_051314025.1,ASM5131402v1,Chromosome,fez2;alg3;ece2;arvcf;sla27a4;sgk223;camk2;prrc2b;mchr1;sardh;pappa;syk;tert;wdrcp91;ftz-f1;mate1;notch1,fez2;alg3;ece2;arvcf;sla27a4;sgk223;camk2;prrc2b;mchr1;sardh;pappa;syk;tert;wdrcp91;ftz-f1;mate1;notch1,17,B,no usable marker coordinate; anchored on reported candidate gene(s),OpenAlex https://openalex.org/W2329300838; Genome-Wide Mapping of Growth-Related Quantitative Trait Loci in Orange-Spotted Grouper (Epinephelus coioides) Using Dou,agent_curated,OK,MISMATCH,True,34078.0,True,10957752,10632484,11273517,multi_anchor_cluster=2/2;region_pts=34/34,used_in_hotspot_clustering
W015,chr21,NC_069730.1,13926980,15397507,14672618,1,RAB31,15.0,0.8,2.0753050569070653e-25,strong,RAB31,source:exact/synonym,study_wise,15,Oreochromis niloticus (Nile tilapia),Oreochromis niloticus,,Harvest weight; fillet yield,Growth,,,,,,,,,,"5,866 phenotyped; 1,238 genotyped",Illumina 50K SNP BeadChip,"32,306 SNPs after QC",No major QTL; top 20-SNP windows only (polygenic),"Cultured breeding nucleus (8 generations of selection), Costa Rica",~13 months (mean 401 days),10.1534/g3.119.400116,2019.0,O. niloticus GCA_001858045.3,GCA_001858045.3,GCF_001858045.2,O_niloticus_UMD_NMBU,Chromosome,"Harvest weight: NPR1, EXTL3. Fillet yield: UTP6, RAB31, FSTL3",RAB31;FSTL3;NPR1;EXTL3;UTP6,5,B,no usable marker coordinate; anchored on reported candidate gene(s),"Yoshida et al., G3. Also tested low-density panels for cost-efficient genomic prediction.",user_workbook,OK,MATCH,True,485505.0,True,14672618,13926980,15397507,single_anchor_own_pos;region_pts=15/15,used_in_hotspot_clustering
L005,chr21,NC_069730.1,17554108,18113269,17744175,1,egfr,19.0,1.0,1.6475406757077463e-36,strong,egfr,source:duplicate-suffix,literature_expansion,5,Clarias fuscus,Clarias fuscus,Clarias gariepinus,body weight;body height;body length;body width;orbital diameter;caudal peduncle length;caudal peduncle height;pre-dorsal length,Growth,,,,,,,,,,200.0,,,,,,10.3390/ani15121707,2025.0,,,GCF_024256425.1,CGAR_prim_01v2,Chromosome,mstnb;egfr;serca1,mstnb;egfr;serca1,3,B,no usable marker coordinate; anchored on reported candidate gene(s),OpenAlex https://openalex.org/W4411152045; Integrative QTL Mapping and Transcriptomic Profiling to Identify Growth-Associated QTL and Candidate Genes in Hong Kong ,agent_curated,OK,MATCH,True,49207.0,True,17744175,17554108,18113269,single_anchor_own_pos;region_pts=19/19,used_in_hotspot_clustering
W034,chr22,NC_069731.1,8486296,9558580,8880451,1,ptrf,21.0,1.0,2.819598811289979e-40,strong,ptrf,alias(zebrafish):exact/synonym,study_wise,34,Tachysurus (Pelteobagrus) fulvidraco (yellow catfish),Tachysurus fulvidraco,,"Body length (BL), body weight (BW); sexual size dimorphism",Growth,,,,,,,,,,125 females (GWAS); 185 males (validation),Whole-genome resequencing,"1,259,870 SNPs after LD pruning","4 significant (1 BL + 3 BW; 1 shared at Chr15:19195072, an exon of stat5b)",Breeding population (all),Not reported (all),10.1016/j.ygeno.2022.110380,2022.0,"Yellow catfish reference genome, exact assembly not stated",,GCF_022655615.1,HZAU_PFXX_2.0,Chromosome,"stat5b, validated. nearby genes stat3, kcnh4, ptrf, rab5c",stat5b;kcnh4;ptrf;rab5c;stat3,5,B,no usable marker coordinate; anchored on reported candidate gene(s),Genomics (Elsevier). PMID 35533968. Bibliographic data verified; quantitative details not retrievable here.,user_workbook,OK,MATCH,True,0.0,True,8880451,8486296,9558580,single_anchor_own_pos;region_pts=21/21,used_in_hotspot_clustering
L011,chr22,NC_069731.1,20524439,21036497,20747656,1,pld1,7.0,1.0,6.557361194583971e-14,strong,pld1,source:duplicate-suffix,literature_expansion,11,Cyprinus carpio haematopterus,Cyprinus carpio,,body length;height;thickness;body weight,Growth,,,,,,,,,,,,,,,,10.3390/fishes7040166,2022.0,,,GCF_018340385.1,ASM1834038v1,Chromosome,fnd3b;ghsr;pld1,fnd3b;ghsr;pld1,3,B,no usable marker coordinate; anchored on reported candidate gene(s),OpenAlex https://openalex.org/W4285091936; Mapping Growth-Related Quantitative Trait Locus (QTL) in Commercial Yellow River Carp (Cyprinus carpio haematopterus) du,agent_curated,OK,MISMATCH,True,3711.0,False,20751367,20524439,21036497,fallback_flanking_window;,used_in_hotspot_clustering
W002,chr23,NC_069732.1,4845504,5546765,4877110,1,NOTCH3,7.0,1.0,7.601744729503754e-12,strong,NOTCH3,catfish-bridge:RBH,study_wise,2,Salmo salar (Atlantic salmon),Salmo salar,,Body weight; body length,Growth,,,,,,,,,,622 (61 full-sib families),Affymetrix Axiom SNP array (~132K validated),"111,908 segregating SNPs",1 SNP chromosome-wide significant for length (Ssa17); 684 SNPs at relaxed P<0.005,"Cultured, pedigreed (Landcatch Natural Selection)","Juvenile, 1 year post-hatch",10.1186/s12864-015-2117-9,2015.0,AGKD00000000.4,,GCF_965601325.1,fSalSal1,Chromosome,RAI2; POMT1; AGRN; NOTCH3; MYH9; MYO18AB,RAI2;POMT1;AGRN;NOTCH3;MYH9;MYO18AB,6,B,no usable marker coordinate; anchored on reported candidate gene(s),"Tsai et al., BMC Genomics. Polygenic architecture; genomic prediction also reported.",user_workbook,OK,MATCH,True,299915.0,True,4877110,4845504,5546765,single_anchor_own_pos;region_pts=7/7,used_in_hotspot_clustering
L015,chr23,NC_069732.1,4765251,5675180,5470251,1,ANGPTL6,18.0,0.944,1.6134836516597087e-31,strong,ANGPTL6,source:exact/synonym,literature_expansion,15,Dentex dentex,Dentex dentex,Sparus aurata,early growth performance;juvenile growth performance;growth performance,Growth,,,,,,,,,,,ddRAD sequencing,,,,,10.1016/j.aqrep.2021.100855,2021.0,,,GCF_900880675.2,fSpaAur1.2,Chromosome,ANGPTL6,ANGPTL6,1,B,no usable marker coordinate; anchored on reported candidate gene(s),OpenAlex https://openalex.org/W3198968965; First linkage maps and a pilot QTL analysis for early growth performance in common dentex (Dentex dentex) and sharpsnout,agent_curated,OK,MATCH,True,209653.0,True,5470251,4765251,5675180,single_anchor_own_pos;region_pts=18/19,used_in_hotspot_clustering
W007,chr23,NC_069732.1,7636383,7897050,7742668,1,grb10,6.0,1.0,4.328715131661861e-09,strong,grb10,catfish-bridge:RBH,study_wise,7,Cyprinus carpio (Yellow River common carp),Cyprinus carpio,,Head length; head length/body length ratio; eye diameter; eye cross,Growth,,,,,,,,,,433 for GWAS (+103 for QTL mapping),Common carp 250K SNP array,"106,959 SNPs after QC",12 SNPs genome-wide significant (GWAS) + 18 QTL (linkage mapping),"Cultured, multiple families from a breeding station",18 months post-hatch,10.3389/fgene.2018.00448,2018.0,GCF_000951615.1,GCF_000951615.1,GCF_018340385.1,ASM1834038v1,Chromosome,igf1; igf3; grb10; igf1r; notch2; sfrp2; parv; srpk2; fsrp5,igf1;igf3;grb10;igf1r;notch2;sfrp2;srpk2;fsrp5,8,B,no usable marker coordinate; anchored on reported candidate gene(s),"ADDED from Yanez et al. 2023 review (ref 92). Chen et al., Front Genet 9:448. Combined GWAS + QTL design; threshold -log10(P)>5.02 (suggestive 4.5).",user_workbook,POINT_OUTSIDE_REGION,MISMATCH,True,287964.0,False,8030632,7636383,7897050,fallback_flanking_window;,used_in_hotspot_clustering
W012,chr23,NC_069732.1,7791053,8026050,7946669,1,col11a2,6.0,1.0,5.480593325655093e-08,strong,col11a2,source:exact/synonym,study_wise,12,Larimichthys crocea (large yellow croaker),Larimichthys crocea,,Growth-related and body-shape traits,Growth,,,,,,,,,,220,ddRAD-seq,"27,227 SNPs",13 genome-wide significant SNPs across 8 chromosomes,Cultured,NR,10.1007/s10126-019-09910-0,2019.0,Large yellow croaker reference genome,,GCF_000972845.2,L_crocea_2.0,Chromosome,"Growth: fgf18, fgf1, nr3c1, cyp8b1, fabp2, cyp2r1, ppara, ccm2l. Body shape: bmp7, col1a1, col11a2, col18a1",fgf1;nr3c1;cyp8b1;fabp2;cyp2r1;ppara;col1a1;col11a2;col18a1;fgf18;ccm2l;bmp7,12,B,no usable marker coordinate; anchored on reported candidate gene(s),"Zhou et al., Mar Biotechnol.",user_workbook,POINT_OUTSIDE_REGION,MISMATCH,True,139037.0,False,8085706,7791053,8026050,fallback_flanking_window;,used_in_hotspot_clustering
W008,chr23,NC_069732.1,10490343,11309522,10637815,1,adgrb2,7.0,0.714,1.0501723997700504e-10,strong,adgrb2,catfish-bridge:RBH,study_wise,8,Epinephelus coioides (orange-spotted grouper),Epinephelus coioides,,Body weight; total length,Growth,,,,,,,,,,198,RAD-seq,"261,366 SNPs",110 growth-correlated SNPs; 20 confirmed for both body weight and total length,Natural population,NR,10.1007/s11427-017-9161-4,2018.0,NR,,GCA_051314025.1,ASM5131402v1,Chromosome,"npy2r (key); adgrb2, csnk2a1, cers5, col22a1, creb5, dnd1, dzank1, dnai1, fat3, lrrk2, lrp5, map3k9 (34 genes total)",npy2r;adgrb2;csnk2a1;cers5;col22a1;creb5;dnd1;dzank1;dnai1;fat3;lrrk2;lrp5;map3k9,13,B,no usable marker coordinate; anchored on reported candidate gene(s),"Yu et al., Sci China Life Sci. First RAD-seq GWAS in this species.",user_workbook,OK,MISMATCH,True,111108.0,False,10748923,10490343,11309522,fallback_flanking_window;,used_in_hotspot_clustering
W020,chr23,NC_069732.1,10055152,10929656,10232673,2,bmp8a;prdm1b,20.0,0.975,2.155319867392645e-38,strong,prdm1b,source:exact/synonym,study_wise,20,Hypophthalmichthys nobilis (bighead carp),Hypophthalmichthys nobilis,Ctenopharyngodon idella,"Head size/shape traits (HL, HW, HH, HL/HH, HL/HW, HL/BL)",Growth,,,,,,,,,,776,High-throughput SNP genotyping (2b-RAD),"9,285 SNPs",11 significant + 12 suggestive; 17 (HL/HH) and 6 (HL/HW) SNPs for shape traits;  9 of the 11 significant SNPs are on LG16,"Cultured (Yangtze River-origin parents, pond-reared offspring)",Adult,10.1016/j.aquaculture.2021.736648,2021.0,Bighead carp genome,,GCF_019924925.1,HZGC01,Chromosome,"cc2b, prdm1b, fndc5b, lbr, bmp8a, ATP6v1cb (head-size genes); ptch1, col9a1a, tgfbr2, hecw2a, zbtb42, sema7a (shape genes)",cc2b;prdm1b;fndc5b;lbr;bmp8a;ATP6v1cb;ptch1;col9a1a;tgfbr2;hecw2a;zbtb42;sema7a,12,B,no usable marker coordinate; anchored on reported candidate gene(s),Aquaculture. Head morphometrics (growth-related conformation). Details not retrievable here.,user_workbook,OK,MISMATCH,True,2304809.0,True,12586469,10055152,14893460,single_anchor_own_pos;region_pts=20/28,used_in_hotspot_clustering
W030,chr23,NC_069732.1,12647269,13003468,12811646,2,matn1;sdc3,21.0,1.0,2.819598811289979e-40,strong,matn1,source:exact/synonym,study_wise,30,Leiocassis longirostris (Chinese longsnout catfish),Leiocassis longirostris,Tachysurus fulvidraco,"Body mass, total length, standard length, head width, snout length, caudal peduncle depth",Growth,,,,,,,,,,200,"whole-genome resequencing (Illumina NovaSeq, ~9.5x)""","1,260,645 SNPs","31 significant overall, but the per-trait breakdown  (12 body mass, 5 total length, 6 standard length, 9 head width, 4 snout length, 8 caudal peduncle depth) sums to 44","Cultured, China",Not reported (all),10.1016/j.aquaculture.2022.738513,2022.0,PRJNA692071,,GCF_022655615.1,HZAU_PFXX_2.0,Chromosome,"285 candidate genes total (96 BW, 31 TL, 39 SL, 61 HW, 22 snout, 36 caudal); named genes enox2, ky, coma1, matn1, sdc3, if2b3, kif3a, h1b, cadh7, rerg, fabph",ky;coma1;matn1;sdc3;kif3a;h1b;rerg;enox2,8,B,no usable marker coordinate; anchored on reported candidate gene(s),Aquaculture. Growth-related markers for selection. Details not retrievable here.,user_workbook,OK,MISMATCH,True,7551.0,True,12811646,12647269,13003468,multi_anchor_cluster=2/2;region_pts=42/42,used_in_hotspot_clustering
W051,chr23,NC_069732.1,13029156,14887254,13050109,2,cap1;ppt1,11.0,0.8089999999999999,1.3180944592060843e-16,strong,ppt1,source:exact/synonym,study_wise,51,Mastacembelus armatus (zig-zag eel),Mastacembelus armatus,,Body height; body length; body weight; body thickness; head length; total length,Growth,,,,,,,,,,175,Whole-genome resequencing,"13,844,114 SNPs across 24 chromosomes","2, 1, 2, 2, 1 and 2 SNPs for the six traits respectively",Cultured (South China),NR,10.1007/s10126-025-10510-4,2025.0,NR,,GCF_900324485.3,fMasArm1.3,Chromosome,ppt1; cap1; lnr; fgfr2,ppt1;cap1;fgfr2,3,B,no usable marker coordinate; anchored on reported candidate gene(s),"Han et al., Mar Biotechnol.",user_workbook,OK,MISMATCH,True,1770696.0,True,13050109,13029156,14887254,multi_anchor_cluster=2/2;region_pts=21/21,used_in_hotspot_clustering
L001,chr24,NC_069733.1,6975266,9439756,7481681,1,fam81b,16.0,0.938,1.2355998859424853e-29,strong,fam81b,source:exact/synonym,literature_expansion,1,Scophthalmus maximus,Scophthalmus maximus,,body weight (BW);total length (TL);body length (BL);body depth (BD);trunk length (TUL);head length (HL);snout length (SnL);caudal peduncle depth (CPD);eye diameter (ED);post-orbital head length (PoL);interorbital width (IW),Growth,,snp,19,16017254.0,,,,,,177.0,whole-genome resequencing,,,,,10.3390/ijms27156689,2026.0,,,GCF_022379125.1,ASM2237912v1,Chromosome,fam81b;atrn;iqgap1;enah;baz2a;amd1,fam81b;atrn;iqgap1;enah;baz2a;amd1,6,B,position reported but assembly not stated or ambiguous; falls back to gene anchoring,OpenAlex https://openalex.org/W7171393758; Genetic Architecture of Growth Traits in Turbot (Scophthalmus maximus) Revealed by Genome-Wide Association Studies,agent_curated,OK,MATCH,True,920357.0,True,7481681,6975266,10773420,single_anchor_own_pos;region_pts=13/16,used_in_hotspot_clustering
W046,chr24,NC_069733.1,7576401,8484031,7576401,1,hmgcra,6.0,0.667,3.586385141212955e-08,moderate,hmgcra,source:exact/synonym,study_wise,46,Sparus aurata (gilthead seabream),Sparus aurata,,"Harvest weight, fillet weight, thermal growth coefficient; organ weights (VW, LW, HeW) across environments (GxE)",Growth,,,,,,,,,,"1,901 after QC; 934 (Spain) / 967 (Greece) for growth traits",Axiom SNP array,"32,359 genotyped; 29,111 after QC",14 suggestive/significant SNPs each in Spain and Greece; 15 organ-weight SNPs in Spain; 17 organ-weight SNPs in Greece,"Commercial production sites, Spain and Greece",Harvest stage; environments differ in temperature,10.1016/j.aquaculture.2024.740984,2024.0,Gilthead seabream genome reference,,GCF_900880675.2,fSpaAur1.2,Chromosome,"specific genes (ncan, znf292, zfr — Spain; traf2a, tnc, zfr, uqcc1, gdf5, hmgcra, gnai2b, si — Greece); GO/KEGG functional terms (light absorption, ECM-receptor interaction — Spain; response to stimulus, cell adhesion, phosphorylation regulation — Greece)",ncan;znf292;traf2a;tnc;zfr;uqcc1;gdf5;hmgcra;gnai2b,9,B,no usable marker coordinate; anchored on reported candidate gene(s),Aquaculture. Genotype-by-environment interaction GWAS. Details not retrievable here.,user_workbook,OK,MATCH,True,811359.0,True,7576401,7576401,8484031,single_anchor_own_pos;region_pts=6/14,excluded_from_hotspot_clustering (redundant same-locus-same-chromosome anchor; see kept row)
L022,chr24,NC_069733.1,10737309,11534805,11118014,1,gas1,21.0,1.0,2.819598811289979e-40,strong,gas1,source:duplicate-suffix,literature_expansion,22,Ictalurus punctatus,Ictalurus punctatus,,growth-related traits,Growth,,,,,,,,,,156.0,restriction site associated DNA sequencing (RAD-seq),,,,,10.3389/fgene.2019.00251,2019.0,,,GCF_001660625.3,Coco_2.0,Chromosome,megf9;npffr1;gas1,megf9;npffr1;gas1,3,B,no usable marker coordinate; anchored on reported candidate gene(s),OpenAlex https://openalex.org/W2922539450; Construction of a High-Density Linkage Map and QTL Fine Mapping for Growth- and Sex-Related Traits in Channel Catfish (I,agent_curated,OK,MATCH,True,0.0,True,11118014,10737309,11534805,single_anchor_own_pos;region_pts=21/21,used_in_hotspot_clustering
S018,chr24,NC_069733.1,8721425,11634771,11271231,1,CTSL,15.0,0.667,5.625146001980318e-29,moderate,CTSL,source:duplicate-suffix,SNP_level,18,Epinephelus tukula,Epinephelus tukula,Epinephelus lanceolatus,Growth traits (validated),Growth,Chr3 lead SNP,snp,Chr 3,7087462.0,,,NR,< 1E-05,P < 1E-05,169 (+101 hybrids),WGS (MGISEQ-2000),"1,129,992",,Wild-origin broodstock (Hainan),5-7 years,10.1007/s10126-025-10502-4,,Unpublished E. tukula assembly,,GCF_041903045.1,ASM4190304v1,Chromosome,CCDC102A / NTRK2 / CTSL / OTOF / nestin,CCDC102A;NTRK2;CTSL;OTOF;nestin;nes,6,B,position reported but assembly not stated or ambiguous; falls back to gene anchoring,,user_workbook,OK,MATCH,True,89713.0,True,11271231,8721425,14939822,single_anchor_own_pos;region_pts=11/15,used_in_hotspot_clustering
W049,chr24,NC_069733.1,8721425,11634771,11271231,1,CTSL,15.0,0.667,5.625146001980318e-29,moderate,CTSL,source:duplicate-suffix,study_wise,49,Epinephelus tukula (potato grouper),Epinephelus tukula,Epinephelus lanceolatus,Body weight; body length; body height; whole length; head length; caudal peduncle length; caudal peduncle height,Growth,,,,,,,,,,169 (+101 hybrids for validation),Whole-genome resequencing (MGISEQ-2000),"1,129,992 SNPs after QC","26 SNPs on chr3, 9, 10, 11, 13, 14, 15, 16, 19, 20, 21, 22; 5 validated (chr3:7,087,462; chr11:43,373,246; chr19:48,255,459; chr21:25,892,144; chr21:39,218,913)",Wild/broodstock from four Hainan regions,5-7 years old,10.1007/s10126-025-10502-4,2025.0,Unpublished E. tukula reference genome,,GCF_041903045.1,ASM4190304v1,Chromosome,CCDC102A; NTRK2; CTSL; OTOF; nestin,CCDC102A;NTRK2;CTSL;OTOF;nestin;nes,6,B,no usable marker coordinate; anchored on reported candidate gene(s),"Cao et al., Mar Biotechnol. Threshold P<1E-05; core germplasm construction.",user_workbook,OK,MATCH,True,89713.0,True,11271231,8721425,14939822,single_anchor_own_pos;region_pts=11/15,used_in_hotspot_clustering
W060,chr24,NC_069733.1,11911720,12455799,12034600,1,fras1,12.0,1.0,2.2314960643585074e-21,strong,fras1,source:exact/synonym,study_wise,60,Paralichthys olivaceus (Japanese flounder),Paralichthys olivaceus,,"11 traits: body weight, total length, body length, body depth, trunk length, head length, snout length, caudal peduncle depth, eye diameter, postorbital head length, interorbital width",Growth,,,,,,,,,,282 after QC (of 400),DNBSEQ whole-genome resequencing (PE150),~6.67 million SNPs,55 suggestive loci (single-trait) + 12 novel loci (multi-trait),"Cultured, single farmed cohort",Market size (~1-2 kg),10.3390/biology15151246,2026.0,GCF_024713975.1,GCF_024713975.1,GCF_024713975.1,ASM2471397v2,Chromosome,fras1; nkd1; lamb4; multiple genes on chr14,fras1;nkd1;lamb4,3,B,no usable marker coordinate; anchored on reported candidate gene(s),"Liang et al., Biology. Thresholds P<1E-05 (suggestive), P<7.5E-09 (genome-wide).",user_workbook,OK,MATCH,True,190376.0,True,12034600,11911720,12455799,single_anchor_own_pos;region_pts=12/12,used_in_hotspot_clustering
S008,chr24,NC_069733.1,11956647,12548034,12122589,1,bmp2k,13.0,1.0,4.545720361210099e-24,strong,bmp2k,source:exact/synonym,SNP_level,8,Epinephelus fuscoguttatus,Epinephelus fuscoguttatus,,Multiple growth traits,Growth,SNP 23:29601315 (bmp2k intron),snp,Chr 23,29601315.0,,,NR,Genome-wide significant,NR,172 (+123 validation),ddRAD-seq,"43,688",,Cultured,NR,10.1007/s10126-019-09940-8,,NR,,GCF_011397635.1,E.fuscoguttatus.final_Chr_v1,Chromosome,bmp2k,bmp2k,1,B,position reported but assembly not stated or ambiguous; falls back to gene anchoring,,user_workbook,OK,MATCH,True,224476.0,True,12122589,11956647,12548034,single_anchor_own_pos;region_pts=13/13,used_in_hotspot_clustering
W017,chr24,NC_069733.1,11956647,12548034,12122589,1,bmp2k,13.0,1.0,4.545720361210099e-24,strong,bmp2k,source:exact/synonym,study_wise,17,Epinephelus fuscoguttatus (brown-marbled grouper),Epinephelus fuscoguttatus,,Body weight; body length; body height; body thickness; total length,Growth,,,,,,,,,,172 discovery + 123 validation,ddRAD-seq,"43,688 SNPs","5 significant QTL (+14 suggestive); lead SNP 23:29,601,315 in bmp2k intron",Cultured/domesticated,NR,10.1007/s10126-019-09940-8,2020.0,NR,,GCF_011397635.1,E.fuscoguttatus.final_Chr_v1,Chromosome,bmp2k; wasf1; acyp2,bmp2k;wasf1;acyp2,3,B,no usable marker coordinate; anchored on reported candidate gene(s),"Yang et al., Mar Biotechnol. Independent validation cohort.",user_workbook,OK,MATCH,True,224476.0,True,12122589,11956647,12548034,single_anchor_own_pos;region_pts=13/13,used_in_hotspot_clustering
W046,chr24,NC_069733.1,13055904,16528976,14045728,3,tnc;traf2a;zfr,15.0,0.6,4.4233045891554237e-26,moderate,traf2a,source:duplicate-suffix;source:exact/synonym,study_wise,46,Sparus aurata (gilthead seabream),Sparus aurata,,"Harvest weight, fillet weight, thermal growth coefficient; organ weights (VW, LW, HeW) across environments (GxE)",Growth,,,,,,,,,,"1,901 after QC; 934 (Spain) / 967 (Greece) for growth traits",Axiom SNP array,"32,359 genotyped; 29,111 after QC",14 suggestive/significant SNPs each in Spain and Greece; 15 organ-weight SNPs in Spain; 17 organ-weight SNPs in Greece,"Commercial production sites, Spain and Greece",Harvest stage; environments differ in temperature,10.1016/j.aquaculture.2024.740984,2024.0,Gilthead seabream genome reference,,GCF_900880675.2,fSpaAur1.2,Chromosome,"specific genes (ncan, znf292, zfr — Spain; traf2a, tnc, zfr, uqcc1, gdf5, hmgcra, gnai2b, si — Greece); GO/KEGG functional terms (light absorption, ECM-receptor interaction — Spain; response to stimulus, cell adhesion, phosphorylation regulation — Greece)",ncan;znf292;traf2a;tnc;zfr;uqcc1;gdf5;hmgcra;gnai2b,9,B,no usable marker coordinate; anchored on reported candidate gene(s),Aquaculture. Genotype-by-environment interaction GWAS. Details not retrievable here.,user_workbook,OK,MISMATCH,True,225582.0,True,14045728,13055904,16528976,multi_anchor_cluster=3/3;region_pts=34/42,used_in_hotspot_clustering
S025,chr24,NC_069733.1,14174388,14758553,14533559,1,cacna1b,19.0,1.0,1.6475406757077463e-36,strong,cacna1b,catfish-bridge:RBH,SNP_level,25,Culter alburnus,Culter alburnus,,Body weight and body size traits,Growth,Lead SNPs clustered on chr16 and chr19,,Chr 16 / Chr 19,,,,NR,< 6.58E-09,Bonferroni -log10(P)=8.18,239,"WGS (MGI-2000/T7, ~11.44x)","7,597,008",,Admixed wild-origin populations,18 mpf,10.3390/ani16131969,,GWHBOSX00000000,,GCA_040182925.1,ASM4018292v1,Chromosome,aig1; cacna1b; pgm5; bcr,aig1;cacna1b;pgm5;bcr,4,B,no usable marker coordinate; anchored on reported candidate gene(s),,user_workbook,OK,MATCH,True,0.0,True,14533559,14174388,14758553,single_anchor_own_pos;region_pts=19/19,used_in_hotspot_clustering
W057,chr24,NC_069733.1,14174388,14758553,14533559,1,cacna1b,19.0,1.0,1.6475406757077463e-36,strong,cacna1b,catfish-bridge:RBH,study_wise,57,Culter alburnus (topmouth culter),Culter alburnus,,Body weight; body weight without viscera; total length; body length; body height,Growth,,,,,,,,,,239 with complete records (of 300 sequenced),"Whole-genome resequencing (MGI-2000/T7, ~11.44x)","7,597,008 SNPs after QC","6 genome-wide significant SNPs, clustered on chr16 and chr19","Admixed cohort of three wild-origin populations (Danjiangkou, Taihu, Poyang)",18 months post-fertilisation,10.3390/ani16131969,2026.0,"GWHBOSX00000000 (CNCB), 1.05 Gb",,GCA_040182925.1,ASM4018292v1,Chromosome,aig1; cacna1b; pgm5; bcr,aig1;cacna1b;pgm5;bcr,4,B,no usable marker coordinate; anchored on reported candidate gene(s),"Li et al., Animals. Bonferroni threshold -log10(P)=8.18 (P=6.58E-09).",user_workbook,OK,MATCH,True,0.0,True,14533559,14174388,14758553,single_anchor_own_pos;region_pts=19/19,used_in_hotspot_clustering
L003,chr24,NC_069733.1,2635963,3164747,2828327,1,Unc5d,7.0,0.571,4.9030216039898455e-11,moderate,Unc5d,source:duplicate-suffix,literature_expansion,3,Larimichthys crocea,Larimichthys crocea,,body weight;AL;BL,Growth,,,,,,,,,,150.0,SNP-based genetic linkage map (bin markers),,,,,10.3390/ijms27062531,2026.0,,,GCF_000972845.2,L_crocea_2.0,Chromosome,Unc5d;SCN5A;HUS1,Unc5d;SCN5A;HUS1,3,B,no usable marker coordinate; anchored on reported candidate gene(s),OpenAlex https://openalex.org/W7134824525; Predominantly Independent Genetic Control Between Growth and Visceral White Nodules Disease Resistance Revealed by High-,agent_curated,OK,MISMATCH,True,1822965.0,True,15116850,13157625,17945094,single_anchor_own_pos;region_pts=5/12,used_in_hotspot_clustering
L027,chr24,NC_069733.1,14970254,16775829,15125090,1,MAPK,16.0,0.875,1.0983484860177535e-28,strong,MAPK,source:duplicate-suffix,literature_expansion,27,Dicentrarchus labrax,Dicentrarchus labrax,,growth;morphometric traits;body weight,Growth,,,,,,,,,,,,,,,,10.1016/j.aquaculture.2016.01.004,2016.0,,,GCF_905237075.1,dlabrax2021,Scaffold,Jak;STAT;MAPK;growth hormone;IGFI;IGFII,Jak;STAT;MAPK;IGFI;IGFII;gh1,6,B,no usable marker coordinate; anchored on reported candidate gene(s),OpenAlex https://openalex.org/W2236639149; Characterization and refinement of growth related quantitative trait loci in European sea bass (Dicentrarchus labrax) us,agent_curated,OK,MATCH,True,3590285.0,True,15125090,11360944,19995014,single_anchor_own_pos;region_pts=5/17,used_in_hotspot_clustering
W025,chr24,NC_069733.1,14970254,16775829,15125090,1,MAPK,17.0,0.882,1.6057680058046377e-30,moderate,MAPK,source:duplicate-suffix,study_wise,25,Oreochromis niloticus (Nile tilapia),Oreochromis niloticus,,Body weight at five time points (BW1-BW5) under hypoxia and normoxia,Growth,,,,,,,,,,"3,140 phenotyped; 2,063 genotyped","RAD-seq (ApeKI, Illumina HiSeq 2000)","27,090 SNPs","36 (hypoxic), 29 (normoxic), 33 (meta-analysis)",Cultured GIFT generation 16,Five measurements over ~217 days,10.1186/s12864-021-07486-5,2021.0,GCF_001858045.1,GCF_001858045.1,GCF_001858045.2,O_niloticus_UMD_NMBU,Chromosome,igf1rb; rora; efna3; aurk; MAPK and VEGF signalling,igf1rb;rora;efna3;aurk;MAPK;VEGF,6,B,no usable marker coordinate; anchored on reported candidate gene(s),"Yu et al., BMC Genomics. Growth under oxygen stress; GxE design.",user_workbook,OK,MATCH,True,3590285.0,True,15125090,8721425,19995014,single_anchor_own_pos;region_pts=5/18,used_in_hotspot_clustering
W002,chr24,NC_069733.1,6481124,7686898,7642737,1,POMT1,4.0,1.0,1.905283352548773e-05,moderate,POMT1,source:exact/synonym,study_wise,2,Salmo salar (Atlantic salmon),Salmo salar,,Body weight; body length,Growth,,,,,,,,,,622 (61 full-sib families),Affymetrix Axiom SNP array (~132K validated),"111,908 segregating SNPs",1 SNP chromosome-wide significant for length (Ssa17); 684 SNPs at relaxed P<0.005,"Cultured, pedigreed (Landcatch Natural Selection)","Juvenile, 1 year post-hatch",10.1186/s12864-015-2117-9,2015.0,AGKD00000000.4,,GCF_965601325.1,fSalSal1,Chromosome,RAI2; POMT1; AGRN; NOTCH3; MYH9; MYO18AB,RAI2;POMT1;AGRN;NOTCH3;MYH9;MYO18AB,6,B,no usable marker coordinate; anchored on reported candidate gene(s),"Tsai et al., BMC Genomics. Polygenic architecture; genomic prediction also reported.",user_workbook,POINT_OUTSIDE_REGION,MISMATCH,True,400071.0,True,15744348,15242420,15393085,single_anchor_own_pos;region_pts=3/9,used_in_hotspot_clustering
L002,chr24,NC_069733.1,15411512,17341270,16969679,1,ZNRF3,14.0,0.857,6.371095831407633e-26,strong,ZNRF3,source:exact/synonym,literature_expansion,2,Channa argus,Channa argus,,Body weight,Growth,,snp,Chr07,1329732.0,,,,,,205.0,50K SNP array,,,,,10.3390/ani16162471,2026.0,C. argus genome assembly,,GCF_033026475.1,Channa argus male v1.0,Chromosome,COL2A1;zgc:113232;CTSS;S100A4;PYGM;DLAT;MSX2;ZNRF3,COL2A1;CTSS;S100A4;PYGM;DLAT;MSX2;ZNRF3,7,B,position reported but assembly not stated or ambiguous; falls back to gene anchoring,OpenAlex https://openalex.org/W7202037041; A Genome-Wide Association Study Identifies Candidate SNPs and Genes Associated with Body Weight in the Northern Snakehea,agent_curated,OK,MATCH,True,81653.0,True,16969679,13568891,17341270,single_anchor_own_pos;region_pts=12/14,used_in_hotspot_clustering
W061,chr24,NC_069733.1,16548388,19236525,18805194,1,dnah10,12.0,0.583,4.336369949999748e-19,moderate,dnah10,source:exact/synonym,study_wise,61,Plecoglossus altivelis (ayu),Plecoglossus altivelis,Hypomesus transpacificus,Body weight; total length; body length; body height; eye diameter (plus gonad weight),Growth,,,,,,,,,,171 after QC (of 426 genotyped),DNBSEQ (T7) sequencing,"555,242 SNPs","GCTA: 1,047 loci (growth); GEMMA: 671 SNPs (growth); multi-trait: 37 SNPs",Cultured closed breeding population,5 months old,10.3390/ani16040670,2026.0,Pal_1.0,,GCF_021917145.1,fHypTra1,Chromosome,abat; maml3; cica; LOC124013321; slc25a12; dnah10; syt9a,abat;maml3;LOC124013321;slc25a12;dnah10;syt9a,6,B,no usable marker coordinate; anchored on reported candidate gene(s),"Chang et al., Animals. Thresholds P<=5E-08 (genome-wide), P<=1E-05 (suggestive).",user_workbook,OK,MATCH,True,3815821.0,True,18805194,13657575,19236525,single_anchor_own_pos;region_pts=8/17,used_in_hotspot_clustering
S017,chr24,NC_069733.1,16680696,19927353,19362993,1,galnt9,10.0,0.7,1.2178115122623603e-14,strong,galnt9,source:exact/synonym,SNP_level,17,Oreochromis spp. (red tilapia),Oreochromis niloticus,,Body mass / body length (hyperosmotic stress),Growth,chr7-47464467,snp,Chr 7,47464467.0,,,NR,-log10(P) > 8.41,Significant -log10(0.01/N)=8.41; suggestive 7.11,160,"WGS (NovaSeq, PE150)","12,776,921",,Cultured selected line,"90 dph, ~120.7 g",10.3390/ijms26136492,,GCF_001858045.2,GCF_001858045.2,GCF_001858045.2,O_niloticus_UMD_NMBU,Chromosome,galnt9 / esrrg region,galnt9;esrrg,2,A1,"exact position on the stated assembly, which is annotated and used directly",,user_workbook,OK,MATCH,True,41002.0,True,19362993,16680696,19927353,single_anchor_own_pos;region_pts=10/16,used_in_hotspot_clustering
W054,chr24,NC_069733.1,16680696,19927353,19362993,1,galnt9,10.0,0.7,1.2178115122623603e-14,strong,galnt9,source:exact/synonym,study_wise,54,Oreochromis spp. (red tilapia),Oreochromis niloticus,,Total body length; body height; body mass; caudal peduncle height (under hyperosmotic stress),Growth,,,,,,,,,,160 genotyped (+12 for RNA-seq),"Whole-genome resequencing (Illumina NovaSeq, PE150)","12,776,921 high-quality SNPs","1 significant + 8 suggestive SNPs; lead SNP chr7:47,464,467",Cultured growth-selected lines (from wild Taiwan founders),90 days post-hatch; ~120.7 g at acclimation,10.3390/ijms26136492,2025.0,GCF_001858045.2 (Nile tilapia),GCF_001858045.2,GCF_001858045.2,O_niloticus_UMD_NMBU,Chromosome,galnt9; esrrg; map7; mtfr2; kcnj8; fhit; dnm1; cald1; plxnb2; nuak1; bpgm,galnt9;esrrg;map7;mtfr2;kcnj8;fhit;dnm1;cald1;plxnb2;nuak1;bpgm,11,B,no usable marker coordinate; anchored on reported candidate gene(s),"Liu et al., IJMS. GWAS + RNA-seq. Thresholds -log10(0.01/N)=8.41 (significant), -log10(0.05/N)=7.11 (suggestive).",user_workbook,OK,MATCH,True,41002.0,True,19362993,16680696,19927353,single_anchor_own_pos;region_pts=10/16,used_in_hotspot_clustering
W060,chr25,NC_069734.1,3288521,4873525,3766091,1,nkd1,14.0,1.0,4.702074783788356e-23,strong,nkd1,source:exact/synonym,study_wise,60,Paralichthys olivaceus (Japanese flounder),Paralichthys olivaceus,,"11 traits: body weight, total length, body length, body depth, trunk length, head length, snout length, caudal peduncle depth, eye diameter, postorbital head length, interorbital width",Growth,,,,,,,,,,282 after QC (of 400),DNBSEQ whole-genome resequencing (PE150),~6.67 million SNPs,55 suggestive loci (single-trait) + 12 novel loci (multi-trait),"Cultured, single farmed cohort",Market size (~1-2 kg),10.3390/biology15151246,2026.0,GCF_024713975.1,GCF_024713975.1,GCF_024713975.1,ASM2471397v2,Chromosome,fras1; nkd1; lamb4; multiple genes on chr14,fras1;nkd1;lamb4,3,B,no usable marker coordinate; anchored on reported candidate gene(s),"Liang et al., Biology. Thresholds P<1E-05 (suggestive), P<7.5E-09 (genome-wide).",user_workbook,OK,MATCH,True,46935.0,True,3766091,3288521,4873525,single_anchor_own_pos;region_pts=14/14,used_in_hotspot_clustering
L019,chr25,NC_069734.1,5125364,5880791,5574159,1,HSD11B2,21.0,1.0,2.819598811289979e-40,strong,HSD11B2,source:exact/synonym,literature_expansion,19,Pelteobagrus vachelli,Pelteobagrus vachelli,Tachysurus fulvidraco,weight;body proportion,Growth,,,,,,,,,,,ddRAD,,,,,10.1186/s12864-020-07115-7,2020.0,,,GCF_022655615.1,HZAU_PFXX_2.0,Chromosome,Sipa1;HSD11B2;Sema7a,Sipa1;HSD11B2;Sema7a,3,B,no usable marker coordinate; anchored on reported candidate gene(s),OpenAlex https://openalex.org/W3091816698; A high-density SNP-based genetic map and several economic traits-related loci in Pelteobagrus vachelli,agent_curated,OK,MATCH,True,0.0,True,5574159,5125364,5880791,single_anchor_own_pos;region_pts=21/21,used_in_hotspot_clustering
L001,chr25,NC_069734.1,9539546,12870831,10471238,1,iqgap1,18.0,0.889,2.3631870223797266e-33,strong,iqgap1,source:exact/synonym,literature_expansion,1,Scophthalmus maximus,Scophthalmus maximus,,body weight (BW);total length (TL);body length (BL);body depth (BD);trunk length (TUL);head length (HL);snout length (SnL);caudal peduncle depth (CPD);eye diameter (ED);post-orbital head length (PoL);interorbital width (IW),Growth,,snp,19,16017254.0,,,,,,177.0,whole-genome resequencing,,,,,10.3390/ijms27156689,2026.0,,,GCF_022379125.1,ASM2237912v1,Chromosome,fam81b;atrn;iqgap1;enah;baz2a;amd1,fam81b;atrn;iqgap1;enah;baz2a;amd1,6,B,position reported but assembly not stated or ambiguous; falls back to gene anchoring,OpenAlex https://openalex.org/W7171393758; Genetic Architecture of Growth Traits in Turbot (Scophthalmus maximus) Revealed by Genome-Wide Association Studies,agent_curated,OK,MATCH,True,25290.0,True,10471238,9539546,12870831,single_anchor_own_pos;region_pts=18/18,used_in_hotspot_clustering
L007,chr25,NC_069734.1,10325127,12549514,10362952,3,iqgap1;mex3b;ndufs3,10.0,0.7,1.094239235637129e-15,strong,iqgap1,source:exact/synonym,literature_expansion,7,Epinephelus lanceolatus,Epinephelus lanceolatus,,growth;rapid growth,Growth,,,,,,,,,,,,,,,,10.3390/ani15243599,2025.0,,,GCF_041903045.1,ASM4190304v1,Chromosome,iqgap1;mex3b;ndufs3,iqgap1;mex3b;ndufs3,3,B,no usable marker coordinate; anchored on reported candidate gene(s),OpenAlex https://openalex.org/W4417328191; Identification of Genes Related to Rapid Growth of Giant Grouper (Epinephelus lanceolatus) Based on Self-Cross Populatio,agent_curated,OK,MISMATCH,True,2158613.0,False,12521565,10325127,12549514,anchor_conflict_unresolved;fallback_flanking_window;,used_in_hotspot_clustering
W008,chr25,NC_069734.1,15887788,16238906,15896318,1,dzank1,6.0,0.5,7.949027610248881e-09,moderate,dzank1,catfish-bridge:RBH,study_wise,8,Epinephelus coioides (orange-spotted grouper),Epinephelus coioides,,Body weight; total length,Growth,,,,,,,,,,198,RAD-seq,"261,366 SNPs",110 growth-correlated SNPs; 20 confirmed for both body weight and total length,Natural population,NR,10.1007/s11427-017-9161-4,2018.0,NR,,GCA_051314025.1,ASM5131402v1,Chromosome,"npy2r (key); adgrb2, csnk2a1, cers5, col22a1, creb5, dnd1, dzank1, dnai1, fat3, lrrk2, lrp5, map3k9 (34 genes total)",npy2r;adgrb2;csnk2a1;cers5;col22a1;creb5;dnd1;dzank1;dnai1;fat3;lrrk2;lrp5;map3k9,13,B,no usable marker coordinate; anchored on reported candidate gene(s),"Yu et al., Sci China Life Sci. First RAD-seq GWAS in this species.",user_workbook,OK,MATCH,True,164704.0,True,15896318,15887788,16238906,single_anchor_own_pos;region_pts=6/6,used_in_hotspot_clustering
W061,chr26,NC_069735.1,7244283,7316076,7274595,1,slc25a12,5.0,1.0,1.031326168651749e-06,moderate,slc25a12,source:exact/synonym,study_wise,61,Plecoglossus altivelis (ayu),Plecoglossus altivelis,Hypomesus transpacificus,Body weight; total length; body length; body height; eye diameter (plus gonad weight),Growth,,,,,,,,,,171 after QC (of 426 genotyped),DNBSEQ (T7) sequencing,"555,242 SNPs","GCTA: 1,047 loci (growth); GEMMA: 671 SNPs (growth); multi-trait: 37 SNPs",Cultured closed breeding population,5 months old,10.3390/ani16040670,2026.0,Pal_1.0,,GCF_021917145.1,fHypTra1,Chromosome,abat; maml3; cica; LOC124013321; slc25a12; dnah10; syt9a,abat;maml3;LOC124013321;slc25a12;dnah10;syt9a,6,B,no usable marker coordinate; anchored on reported candidate gene(s),"Chang et al., Animals. Thresholds P<=5E-08 (genome-wide), P<=1E-05 (suggestive).",user_workbook,OK,MISMATCH,True,4206628.0,False,11481223,7244283,12212540,fallback_flanking_window;dropped_outliers=1,used_in_hotspot_clustering
S027,chr26,NC_069735.1,18403555,18572244,18503631,1,UBL5,7.0,0.857,6.557361194583971e-14,strong,UBL5,catfish-bridge:RBH,SNP_level,27,Ctenopharyngodon idella,Ctenopharyngodon idella,,Body weight under hypersaline stress,Growth,Lead SNP upstream of UBL5,,,,,,NR,Most significant SNP,NR,98,WGS (extreme-phenotype),NR,,Saline-alkali adapted cultured,NR,10.1007/s10126-026-10600-x,,NR,,GCF_019924925.1,HZGC01,Chromosome,UBL5,UBL5,1,B,no usable marker coordinate; anchored on reported candidate gene(s),,user_workbook,OK,MATCH,True,0.0,True,18503631,18403555,18572244,single_anchor_own_pos;region_pts=7/7,used_in_hotspot_clustering
W056,chr26,NC_069735.1,18403555,18572244,18503631,1,UBL5,7.0,0.857,6.557361194583971e-14,strong,UBL5,catfish-bridge:RBH,study_wise,56,Ctenopharyngodon idella (grass carp),Ctenopharyngodon idella,,Body weight under hypersaline stress,Growth,,,,,,,,,,98 (extreme-phenotype design),NR,NR,14 SNPs; most significant upstream of UBL5; 3 SNPs in GNG7 intron,"Cultured, saline-alkali adapted",NR,10.1007/s10126-026-10600-x,2026.0,NR,,GCF_019924925.1,HZGC01,Chromosome,UBL5; GNG7; SLC16A2,UBL5;GNG7;SLC16A2,3,B,no usable marker coordinate; anchored on reported candidate gene(s),"Tian et al., Mar Biotechnol. Growth under hypersalinity.",user_workbook,OK,MATCH,True,0.0,True,18503631,18403555,18572244,single_anchor_own_pos;region_pts=7/7,used_in_hotspot_clustering
L029,chr27,NC_069736.1,1522475,3415710,2171315,2,pappa;prrc2b,19.0,0.8185,1.6475406757077463e-36,strong,prrc2b,catfish-bridge:RBH,literature_expansion,29,Epinephelus coioides,Epinephelus coioides,,,Growth,,,,,,,,,,,double digest restriction site associated DNA sequencing (ddRADseq),,,,,10.3390/ijms17040501,2016.0,,,GCA_051314025.1,ASM5131402v1,Chromosome,fez2;alg3;ece2;arvcf;sla27a4;sgk223;camk2;prrc2b;mchr1;sardh;pappa;syk;tert;wdrcp91;ftz-f1;mate1;notch1,fez2;alg3;ece2;arvcf;sla27a4;sgk223;camk2;prrc2b;mchr1;sardh;pappa;syk;tert;wdrcp91;ftz-f1;mate1;notch1,17,B,no usable marker coordinate; anchored on reported candidate gene(s),OpenAlex https://openalex.org/W2329300838; Genome-Wide Mapping of Growth-Related Quantitative Trait Loci in Orange-Spotted Grouper (Epinephelus coioides) Using Dou,agent_curated,OK,MISMATCH,True,233488.0,True,2171315,1522475,5791470,multi_anchor_cluster=2/2;region_pts=28/29,used_in_hotspot_clustering
W054,chr27,NC_069736.1,2243675,5113786,3372282,1,dnm1,19.0,0.632,3.254130273935032e-35,moderate,dnm1,source:duplicate-suffix,study_wise,54,Oreochromis spp. (red tilapia),Oreochromis niloticus,,Total body length; body height; body mass; caudal peduncle height (under hyperosmotic stress),Growth,,,,,,,,,,160 genotyped (+12 for RNA-seq),"Whole-genome resequencing (Illumina NovaSeq, PE150)","12,776,921 high-quality SNPs","1 significant + 8 suggestive SNPs; lead SNP chr7:47,464,467",Cultured growth-selected lines (from wild Taiwan founders),90 days post-hatch; ~120.7 g at acclimation,10.3390/ijms26136492,2025.0,GCF_001858045.2 (Nile tilapia),GCF_001858045.2,GCF_001858045.2,O_niloticus_UMD_NMBU,Chromosome,galnt9; esrrg; map7; mtfr2; kcnj8; fhit; dnm1; cald1; plxnb2; nuak1; bpgm,galnt9;esrrg;map7;mtfr2;kcnj8;fhit;dnm1;cald1;plxnb2;nuak1;bpgm,11,B,no usable marker coordinate; anchored on reported candidate gene(s),"Liu et al., IJMS. GWAS + RNA-seq. Thresholds -log10(0.01/N)=8.41 (significant), -log10(0.05/N)=7.11 (suggestive).",user_workbook,OK,MATCH,True,88749.0,True,3372282,2243675,5113786,single_anchor_own_pos;region_pts=19/19,used_in_hotspot_clustering
W041,chr27,NC_069736.1,5824299,6271722,5948385,1,chrebp,13.0,0.923,2.339094986407962e-20,strong,chrebp,alias(zebrafish):exact/synonym,study_wise,41,Ctenopharyngodon idella (grass carp),Ctenopharyngodon idella,,"Growth traits (BW, BL, BH per v1)",Growth,,,,,,,,,,Not reported (all),Whole-genome resequencing,"4,854,366 SNPs",31 significant SNPs,"Cultured grass carp; mapping population derived from wild founders collected from Yangtze, Pearl and Xiangjiang Rivers.",Not reported (all),10.1016/j.aquaculture.2024.741129,2024.0,"Grass carp reference genome, exact assembly not stated",,GCF_019924925.1,HZGC01,Chromosome,"120 candidate genes total, highlighted subset pwp1, cers5, chrebp agreed by all three; additional names lsr, ctnnbip1, smoc2, ano6, cckrb",cers5;ctnnbip1;smoc2;ano6;cckrb;pwp1;chrebp;lsr,8,B,no usable marker coordinate; anchored on reported candidate gene(s),"Zhang et al., Aquaculture. Novel SNPs and candidate genes. Details not retrievable here.",user_workbook,OK,MISMATCH,True,2057668.0,False,3890717,1283650,6271722,fallback_flanking_window;dropped_outliers=6,used_in_hotspot_clustering
W012,chr27,NC_069736.1,6734357,13936878,10335618,1,col1a1,2.0,1.0,0.0045472294017425,weak,col1a1,source:duplicate-suffix,study_wise,12,Larimichthys crocea (large yellow croaker),Larimichthys crocea,,Growth-related and body-shape traits,Growth,,,,,,,,,,220,ddRAD-seq,"27,227 SNPs",13 genome-wide significant SNPs across 8 chromosomes,Cultured,NR,10.1007/s10126-019-09910-0,2019.0,Large yellow croaker reference genome,,GCF_000972845.2,L_crocea_2.0,Chromosome,"Growth: fgf18, fgf1, nr3c1, cyp8b1, fabp2, cyp2r1, ppara, ccm2l. Body shape: bmp7, col1a1, col11a2, col18a1",fgf1;nr3c1;cyp8b1;fabp2;cyp2r1;ppara;col1a1;col11a2;col18a1;fgf18;ccm2l;bmp7,12,B,no usable marker coordinate; anchored on reported candidate gene(s),"Zhou et al., Mar Biotechnol.",user_workbook,OK,MISMATCH,True,1385099.0,False,11720717,6734357,13936878,fallback_flanking_window;,used_in_hotspot_clustering
W001,chr27,NC_069736.1,13924018,14961321,14917189,1,MDH,5.0,0.6,1.6575983688135404e-07,moderate,MDH,catfish-bridge:RBH,study_wise,1,Salmo salar (Atlantic salmon),Salmo salar,,Growth rate (days to reach 5 kg); age at sexual maturation,Growth,,,,,,,,,,466 (growth); 626 (grilsing),Illumina iSelect 6.5K SNP array,"3,908 SNPs after QC",1 SNP (chromosome-wide) for growth on Ssa13,Cultured (Cermaq Canada broodstock),Grow-out to harvest; maturation age classes,10.1371/journal.pone.0119730,2015.0,Atlantic salmon draft assembly (ASalBase),,GCF_965601325.1,fSalSal1,Chromosome,E2F transcription factor; malate dehydrogenase (MDH); FRA10AC1; maskin (CPEB-interacting protein),MDH;FRA10AC1;E2F,3,B,no usable marker coordinate; anchored on reported candidate gene(s),"Gutierrez et al., PLOS ONE. Bonferroni + 200 permutations. Growth signal only chromosome-wide, not genome-wide.",user_workbook,POINT_OUTSIDE_REGION,MISMATCH,True,1348724.0,False,13568465,13924018,14961321,fallback_flanking_window;,used_in_hotspot_clustering
W007,chr28,NC_069737.1,38664,359007,38664,1,sfrp2,6.0,1.0,1.0062142903441982e-09,strong,sfrp2,catfish-bridge:RBH,study_wise,7,Cyprinus carpio (Yellow River common carp),Cyprinus carpio,,Head length; head length/body length ratio; eye diameter; eye cross,Growth,,,,,,,,,,433 for GWAS (+103 for QTL mapping),Common carp 250K SNP array,"106,959 SNPs after QC",12 SNPs genome-wide significant (GWAS) + 18 QTL (linkage mapping),"Cultured, multiple families from a breeding station",18 months post-hatch,10.3389/fgene.2018.00448,2018.0,GCF_000951615.1,GCF_000951615.1,GCF_018340385.1,ASM1834038v1,Chromosome,igf1; igf3; grb10; igf1r; notch2; sfrp2; parv; srpk2; fsrp5,igf1;igf3;grb10;igf1r;notch2;sfrp2;srpk2;fsrp5,8,B,no usable marker coordinate; anchored on reported candidate gene(s),"ADDED from Yanez et al. 2023 review (ref 92). Chen et al., Front Genet 9:448. Combined GWAS + QTL design; threshold -log10(P)>5.02 (suggestive 4.5).",user_workbook,OK,MATCH,True,130362.0,True,38664,38664,359007,single_anchor_own_pos;region_pts=6/10,used_in_hotspot_clustering
W012,chr28,NC_069737.1,227624,552691,301050,1,fabp2,7.0,0.857,6.763772994549771e-10,strong,fabp2,source:exact/synonym,study_wise,12,Larimichthys crocea (large yellow croaker),Larimichthys crocea,,Growth-related and body-shape traits,Growth,,,,,,,,,,220,ddRAD-seq,"27,227 SNPs",13 genome-wide significant SNPs across 8 chromosomes,Cultured,NR,10.1007/s10126-019-09910-0,2019.0,Large yellow croaker reference genome,,GCF_000972845.2,L_crocea_2.0,Chromosome,"Growth: fgf18, fgf1, nr3c1, cyp8b1, fabp2, cyp2r1, ppara, ccm2l. Body shape: bmp7, col1a1, col11a2, col18a1",fgf1;nr3c1;cyp8b1;fabp2;cyp2r1;ppara;col1a1;col11a2;col18a1;fgf18;ccm2l;bmp7,12,B,no usable marker coordinate; anchored on reported candidate gene(s),"Zhou et al., Mar Biotechnol.",user_workbook,OK,MATCH,True,14796.0,True,301050,227624,552691,single_anchor_own_pos;region_pts=7/13,used_in_hotspot_clustering
L028,chr28,NC_069737.1,12662893,14117083,13111422,1,CPE,13.0,0.615,3.2868707448551467e-25,moderate,CPE,source:exact/synonym,literature_expansion,28,Cyprinus carpio,Cyprinus carpio,,growth-related traits,Growth,,,,,,,,,,,carp 250 K single nucleotide polymorphism (SNP) array,,,,,10.1038/srep26693,2016.0,,,GCF_018340385.1,ASM1834038v1,Chromosome,KISS2;IGF1;SMTLB;NPFFR1;CPE;3KSR;DMRT2b,KISS2;IGF1;SMTLB;NPFFR1;CPE;DMRT2b,6,B,no usable marker coordinate; anchored on reported candidate gene(s),OpenAlex https://openalex.org/W2399766115; An ultra-high density linkage map and QTL mapping for sex and growth-related traits of common carp (Cyprinus carpio),agent_curated,OK,MISMATCH,True,124150.0,False,13235572,12662893,14117083,fallback_flanking_window;,used_in_hotspot_clustering
W002,chr29,NC_069738.1,3995356,4348923,4316049,1,MYH9,10.0,0.8,1.4681007688141322e-19,strong,MYH9,catfish-bridge:RBH,study_wise,2,Salmo salar (Atlantic salmon),Salmo salar,,Body weight; body length,Growth,,,,,,,,,,622 (61 full-sib families),Affymetrix Axiom SNP array (~132K validated),"111,908 segregating SNPs",1 SNP chromosome-wide significant for length (Ssa17); 684 SNPs at relaxed P<0.005,"Cultured, pedigreed (Landcatch Natural Selection)","Juvenile, 1 year post-hatch",10.1186/s12864-015-2117-9,2015.0,AGKD00000000.4,,GCF_965601325.1,fSalSal1,Chromosome,RAI2; POMT1; AGRN; NOTCH3; MYH9; MYO18AB,RAI2;POMT1;AGRN;NOTCH3;MYH9;MYO18AB,6,B,no usable marker coordinate; anchored on reported candidate gene(s),"Tsai et al., BMC Genomics. Polygenic architecture; genomic prediction also reported.",user_workbook,OK,MATCH,True,101911.0,True,4316049,3995356,4348923,single_anchor_own_pos;region_pts=10/10,used_in_hotspot_clustering
L027,chr29,NC_069738.1,4648810,4925386,4925386,1,gh1,4.0,0.75,9.93274100991194e-07,moderate,gh1,source:exact/synonym,literature_expansion,27,Dicentrarchus labrax,Dicentrarchus labrax,,growth;morphometric traits;body weight,Growth,,,,,,,,,,,,,,,,10.1016/j.aquaculture.2016.01.004,2016.0,,,GCF_905237075.1,dlabrax2021,Scaffold,Jak;STAT;MAPK;growth hormone;IGFI;IGFII,Jak;STAT;MAPK;IGFI;IGFII;gh1,6,B,no usable marker coordinate; anchored on reported candidate gene(s),OpenAlex https://openalex.org/W2236639149; Characterization and refinement of growth related quantitative trait loci in European sea bass (Dicentrarchus labrax) us,agent_curated,OK,MATCH,True,129226.0,True,4925386,4648810,4925386,single_anchor_own_pos;region_pts=4/4,used_in_hotspot_clustering
W021,chr29,NC_069738.1,4648810,4925386,4925386,1,gh1,4.0,0.75,4.3018710905875466e-07,moderate,gh1,source:exact/synonym,study_wise,21,Lates calcarifer (Asian seabass / barramundi),Lates calcarifer,,Body weight; standard length,Growth,,,,,,,,,,"188 (28 families: 16 full-sib, 12 half-sib)",DArTseq,"11,084 SNPs","4 SNPs for body weight (1 on chr16 at stringent threshold; 2 more on chr16 marginal); 3 markers on chr11, 15, 17 by alternative methods","Cultured, 2nd generation of an 8-year selection programme",Measured at 180 dph and at harvest,10.3390/jmse9030282,2021.0,Asian seabass chromosome-level assembly,,GCF_001640805.2,TLL_Latcal_v3,Chromosome,12 markers linked to genes including growth hormone,gh1,1,B,no usable marker coordinate; anchored on reported candidate gene(s),"Nguyen & Pham, J Mar Sci Eng. Small n; treat effect sizes cautiously.",user_workbook,OK,MATCH,True,129226.0,True,4925386,4648810,4925386,single_anchor_own_pos;region_pts=4/4,used_in_hotspot_clustering
W033,chr29,NC_069738.1,5358761,8805928,5997540,1,asns,14.0,0.714,2.8181364189576148e-24,strong,asns,source:exact/synonym,study_wise,33,Siniperca chuatsi (mandarin fish),Siniperca chuatsi,,"Body weight, body thickness, body height, total length, slaughter weight, body length",Growth,,,,,,,,,,160,SLAF-seq / SNP genotyping,"5,205 high-quality SNPs",11 significant; 37 suggestive,Cultured (all),Not reported (all),10.1016/j.aquaculture.2021.737879,2022.0,Not reported (all),,GCF_020085105.1,ASM2008510v1,Chromosome,"65 candidate genes; e.g., asns, tg, mkk6, htra1, rnf213, ttn, tgfbr2, nck2.",asns;tg;mkk6;htra1;rnf213;ttn;tgfbr2;nck2,8,B,no usable marker coordinate; anchored on reported candidate gene(s),"Zhou et al., Aquaculture. Details not retrievable here.",user_workbook,OK,MATCH,True,99269.0,True,5997540,5358761,10325361,single_anchor_own_pos;region_pts=11/14,used_in_hotspot_clustering
W015,chr29,NC_069738.1,6425781,8607292,6425781,1,NPR1,10.0,0.6,1.595705087676853e-18,moderate,NPR1,source:duplicate-suffix,study_wise,15,Oreochromis niloticus (Nile tilapia),Oreochromis niloticus,,Harvest weight; fillet yield,Growth,,,,,,,,,,"5,866 phenotyped; 1,238 genotyped",Illumina 50K SNP BeadChip,"32,306 SNPs after QC",No major QTL; top 20-SNP windows only (polygenic),"Cultured breeding nucleus (8 generations of selection), Costa Rica",~13 months (mean 401 days),10.1534/g3.119.400116,2019.0,O. niloticus GCA_001858045.3,GCA_001858045.3,GCF_001858045.2,O_niloticus_UMD_NMBU,Chromosome,"Harvest weight: NPR1, EXTL3. Fillet yield: UTP6, RAB31, FSTL3",RAB31;FSTL3;NPR1;EXTL3;UTP6,5,B,no usable marker coordinate; anchored on reported candidate gene(s),"Yoshida et al., G3. Also tested low-density panels for cost-efficient genomic prediction.",user_workbook,OK,MATCH,True,2141751.0,True,6425781,6425781,11217494,single_anchor_own_pos;region_pts=6/10,used_in_hotspot_clustering
L018,chr29,NC_069738.1,6652210,8299488,6834067,1,bat1,14.0,0.714,2.8181364189576148e-24,strong,bat1,alias(zebrafish):exact/synonym,literature_expansion,18,Larimichthys polyactis,Larimichthys polyactis,Larimichthys crocea,total length;body length;body weight,Growth,,,,,,,,,,110.0,resequencing,,,,,10.1038/s41598-020-68592-0,2020.0,,,GCF_000972845.2,L_crocea_2.0,Chromosome,kif26b;bat1;gna1;gbgt1;amfr,kif26b;bat1;gna1;gbgt1;amfr,5,B,no usable marker coordinate; anchored on reported candidate gene(s),OpenAlex https://openalex.org/W3042793386; A first genetic linage map construction and QTL mapping for growth traits in Larimichthys polyactis,agent_curated,OK,MATCH,True,8357.0,True,6834067,6652210,8299488,single_anchor_own_pos;region_pts=14/14,used_in_hotspot_clustering
S009,chr29,NC_069738.1,7133752,8249561,7723719,1,fndc5b,19.0,1.0,3.254130273935032e-35,strong,fndc5b,source:exact/synonym,SNP_level,9,Hypophthalmichthys nobilis,Hypophthalmichthys nobilis,Ctenopharyngodon idella,Body weight / body length / body height,Growth,Intronic SNP in fndc5b (LG16),,LG16,,,,NR,Genome-wide significant,NR,776,2b-RAD,NR,,Cultured,NR,10.1007/s10126-022-10176-2,,NR,,GCF_019924925.1,HZGC01,Chromosome,fndc5b,fndc5b,1,B,no usable marker coordinate; anchored on reported candidate gene(s),,user_workbook,OK,MATCH,True,0.0,True,7723719,7133752,8249561,single_anchor_own_pos;region_pts=19/19,used_in_hotspot_clustering
W020,chr29,NC_069738.1,7133752,8249561,7723719,1,fndc5b,19.0,1.0,3.254130273935032e-35,strong,fndc5b,source:exact/synonym,study_wise,20,Hypophthalmichthys nobilis (bighead carp),Hypophthalmichthys nobilis,Ctenopharyngodon idella,"Head size/shape traits (HL, HW, HH, HL/HH, HL/HW, HL/BL)",Growth,,,,,,,,,,776,High-throughput SNP genotyping (2b-RAD),"9,285 SNPs",11 significant + 12 suggestive; 17 (HL/HH) and 6 (HL/HW) SNPs for shape traits;  9 of the 11 significant SNPs are on LG16,"Cultured (Yangtze River-origin parents, pond-reared offspring)",Adult,10.1016/j.aquaculture.2021.736648,2021.0,Bighead carp genome,,GCF_019924925.1,HZGC01,Chromosome,"cc2b, prdm1b, fndc5b, lbr, bmp8a, ATP6v1cb (head-size genes); ptch1, col9a1a, tgfbr2, hecw2a, zbtb42, sema7a (shape genes)",cc2b;prdm1b;fndc5b;lbr;bmp8a;ATP6v1cb;ptch1;col9a1a;tgfbr2;hecw2a;zbtb42;sema7a,12,B,no usable marker coordinate; anchored on reported candidate gene(s),Aquaculture. Head morphometrics (growth-related conformation). Details not retrievable here.,user_workbook,OK,MATCH,True,0.0,True,7723719,7133752,8249561,single_anchor_own_pos;region_pts=19/19,used_in_hotspot_clustering
W028,chr29,NC_069738.1,7133752,8249561,7723719,1,fndc5b,19.0,1.0,3.254130273935032e-35,strong,fndc5b,source:exact/synonym,study_wise,28,Hypophthalmichthys nobilis (bighead carp),Hypophthalmichthys nobilis,Ctenopharyngodon idella,Body weight; body length; body height; deheaded body length,Growth,,,,,,,,,,776,2b-RAD sequencing,NR,"26 significant + 19 suggestive SNPs, predominantly on LG16",Cultured; growth-extreme individuals used for validation,NR,10.1007/s10126-022-10176-2,2022.0,NR,,GCF_019924925.1,HZGC01,Chromosome,"fndc5b (lead, intronic); 43 associated genes; 18 shared across all traits",fndc5b,1,B,no usable marker coordinate; anchored on reported candidate gene(s),"Chen et al., Mar Biotechnol.",user_workbook,OK,MATCH,True,0.0,True,7723719,7133752,8249561,single_anchor_own_pos;region_pts=19/19,used_in_hotspot_clustering
L029,chr29,NC_069738.1,6677101,8299488,6904456,1,tert,7.0,0.714,3.8486113193518545e-10,strong,tert,catfish-bridge:RBH,literature_expansion,29,Epinephelus coioides,Epinephelus coioides,,,Growth,,,,,,,,,,,double digest restriction site associated DNA sequencing (ddRADseq),,,,,10.3390/ijms17040501,2016.0,,,GCA_051314025.1,ASM5131402v1,Chromosome,fez2;alg3;ece2;arvcf;sla27a4;sgk223;camk2;prrc2b;mchr1;sardh;pappa;syk;tert;wdrcp91;ftz-f1;mate1;notch1,fez2;alg3;ece2;arvcf;sla27a4;sgk223;camk2;prrc2b;mchr1;sardh;pappa;syk;tert;wdrcp91;ftz-f1;mate1;notch1,17,B,no usable marker coordinate; anchored on reported candidate gene(s),OpenAlex https://openalex.org/W2329300838; Genome-Wide Mapping of Growth-Related Quantitative Trait Loci in Orange-Spotted Grouper (Epinephelus coioides) Using Dou,agent_curated,OK,MISMATCH,True,1777110.0,False,8681566,6677101,10191028,fallback_flanking_window;dropped_outliers=1,used_in_hotspot_clustering
L008,chr29,NC_069738.1,8931112,9304836,9304836,1,ADGRB,3.0,1.0,8.867569787070983e-06,weak,ADGRB,catfish-bridge:RBH,literature_expansion,8,Takifugu fasciatus,Takifugu fasciatus,,growth traits,Growth,,,,,,,,,,,whole-genome resequencing,,,,,10.1186/s12864-023-09740-4,2023.0,,,GCA_059138665.1,ASM5913866v1,Chromosome,IGF1;IGF2;ADGRB,IGF1;IGF2;ADGRB,3,B,no usable marker coordinate; anchored on reported candidate gene(s),OpenAlex https://openalex.org/W4387996856; Construction of a high-density genetic linkage map and QTL mapping of growth and cold tolerance traits in Takifugu fasci,agent_curated,OK,MATCH,True,310798.0,True,9304836,8931112,9304836,single_anchor_own_pos;region_pts=3/3,used_in_hotspot_clustering
W025,chr29,NC_069738.1,13867755,14348139,13867755,1,efna3,14.0,0.5,2.8181364189576148e-24,moderate,efna3,source:duplicate-suffix,study_wise,25,Oreochromis niloticus (Nile tilapia),Oreochromis niloticus,,Body weight at five time points (BW1-BW5) under hypoxia and normoxia,Growth,,,,,,,,,,"3,140 phenotyped; 2,063 genotyped","RAD-seq (ApeKI, Illumina HiSeq 2000)","27,090 SNPs","36 (hypoxic), 29 (normoxic), 33 (meta-analysis)",Cultured GIFT generation 16,Five measurements over ~217 days,10.1186/s12864-021-07486-5,2021.0,GCF_001858045.1,GCF_001858045.1,GCF_001858045.2,O_niloticus_UMD_NMBU,Chromosome,igf1rb; rora; efna3; aurk; MAPK and VEGF signalling,igf1rb;rora;efna3;aurk;MAPK;VEGF,6,B,no usable marker coordinate; anchored on reported candidate gene(s),"Yu et al., BMC Genomics. Growth under oxygen stress; GxE design.",user_workbook,OK,MATCH,True,266025.0,True,13867755,13867755,14348139,single_anchor_own_pos;region_pts=14/14,used_in_hotspot_clustering
W045,chr30,NC_069739.1,1346306,4985374,2097260,1,EPB41L2,6.0,0.833,3.586385141212955e-08,strong,EPB41L2,source:exact/synonym,study_wise,45,"Siniperca chuatsi (mandarin fish), all-female population",Siniperca chuatsi,,"Body weight, body length, whole length, body height, body thickness",Growth,,,,,,,,,,192 (100 additional for validation),ddRAD-seq,"49,940 SNPs",6 significant SNPs; PVE 9.66-19.47%; 4 of the 6 associated with all traits. Additional 25 suggestive SNPs,"All-female cultured population, strain ""Dinggui I"" (GS-04-001-2021)",Not reported (all),10.1016/j.aquaculture.2024.740778,2024.0,"Mandarin fish genome (He et al., 2020)",,GCF_020085105.1,ASM2008510v1,Chromosome,"AKT2, CCNT2, EPB41L2, CAMKMT",AKT2;CCNT2;EPB41L2;CAMKMT,4,B,no usable marker coordinate; anchored on reported candidate gene(s),Aquaculture. Details not retrievable here.,user_workbook,OK,MATCH,True,103480.0,True,2097260,1346306,4985374,single_anchor_own_pos;region_pts=6/10,used_in_hotspot_clustering
L001,chr30,NC_069739.1,3881290,5845737,3894687,1,amd1,14.0,0.5,2.8181364189576148e-24,moderate,amd1,source:exact/synonym,literature_expansion,1,Scophthalmus maximus,Scophthalmus maximus,,body weight (BW);total length (TL);body length (BL);body depth (BD);trunk length (TUL);head length (HL);snout length (SnL);caudal peduncle depth (CPD);eye diameter (ED);post-orbital head length (PoL);interorbital width (IW),Growth,,snp,19,16017254.0,,,,,,177.0,whole-genome resequencing,,,,,10.3390/ijms27156689,2026.0,,,GCF_022379125.1,ASM2237912v1,Chromosome,fam81b;atrn;iqgap1;enah;baz2a;amd1,fam81b;atrn;iqgap1;enah;baz2a;amd1,6,B,position reported but assembly not stated or ambiguous; falls back to gene anchoring,OpenAlex https://openalex.org/W7171393758; Genetic Architecture of Growth Traits in Turbot (Scophthalmus maximus) Revealed by Genome-Wide Association Studies,agent_curated,OK,MATCH,True,3409148.0,True,3894687,228660,5845737,single_anchor_own_pos;region_pts=7/14,used_in_hotspot_clustering
W022,chr30,NC_069739.1,4087350,4574619,4481050,1,gnpat,8.0,1.0,1.3666319095521174e-13,strong,gnpat,source:exact/synonym,study_wise,22,Oncorhynchus mykiss (rainbow trout),Oncorhynchus mykiss,,Body weight; condition coefficient; head yield; carcass yield; headless gutted carcass yield (plus fat/colour quality traits),Growth,,,,,,,,,,"1,379 with genotype+phenotype (1,510 phenotyped)",57K Axiom Trout Genotyping Array,"29,652 SNPs after QC","Major QTL region on Omy8 (up to 10% cumulative genetic variance for weight, condition, fat, carcass yields); 6 QTL for flesh colour",Cultured commercial selected line,503-506 days post-fertilisation,10.3389/fgene.2021.639223,2021.0,GCF_002163495.1,GCF_002163495.1,GCF_013265735.2,USDA_OmykA_1.1,Chromosome,htr1; gnpat; ephx1; bcmo1; cyp2x,htr1;gnpat;ephx1;bcmo1;cyp2x,5,B,no usable marker coordinate; anchored on reported candidate gene(s),"Blay et al., Front Genet. Bayesian threshold 2ln(BF)>=6.",user_workbook,OK,MATCH,True,26080.0,True,4481050,4087350,4574619,single_anchor_own_pos;region_pts=8/8,used_in_hotspot_clustering
W017,chr30,NC_069739.1,9265263,11480183,9350522,1,wasf1,12.0,0.667,4.336369949999748e-19,moderate,wasf1,source:exact/synonym,study_wise,17,Epinephelus fuscoguttatus (brown-marbled grouper),Epinephelus fuscoguttatus,,Body weight; body length; body height; body thickness; total length,Growth,,,,,,,,,,172 discovery + 123 validation,ddRAD-seq,"43,688 SNPs","5 significant QTL (+14 suggestive); lead SNP 23:29,601,315 in bmp2k intron",Cultured/domesticated,NR,10.1007/s10126-019-09940-8,2020.0,NR,,GCF_011397635.1,E.fuscoguttatus.final_Chr_v1,Chromosome,bmp2k; wasf1; acyp2,bmp2k;wasf1;acyp2,3,B,no usable marker coordinate; anchored on reported candidate gene(s),"Yang et al., Mar Biotechnol. Independent validation cohort.",user_workbook,OK,MATCH,True,144432.0,True,9350522,9265263,11480183,single_anchor_own_pos;region_pts=12/12,used_in_hotspot_clustering
S018,chr30,NC_069739.1,10436877,11328269,11183169,1,OTOF,10.0,0.9,2.625852950332614e-15,strong,OTOF,source:duplicate-suffix,SNP_level,18,Epinephelus tukula,Epinephelus tukula,Epinephelus lanceolatus,Growth traits (validated),Growth,Chr3 lead SNP,snp,Chr 3,7087462.0,,,NR,< 1E-05,P < 1E-05,169 (+101 hybrids),WGS (MGISEQ-2000),"1,129,992",,Wild-origin broodstock (Hainan),5-7 years,10.1007/s10126-025-10502-4,,Unpublished E. tukula assembly,,GCF_041903045.1,ASM4190304v1,Chromosome,CCDC102A / NTRK2 / CTSL / OTOF / nestin,CCDC102A;NTRK2;CTSL;OTOF;nestin;nes,6,B,position reported but assembly not stated or ambiguous; falls back to gene anchoring,,user_workbook,OK,MISMATCH,True,257900.0,False,10925269,10436877,11328269,fallback_flanking_window;,used_in_hotspot_clustering
W049,chr30,NC_069739.1,10436877,11328269,11183169,1,OTOF,10.0,0.9,2.625852950332614e-15,strong,OTOF,source:duplicate-suffix,study_wise,49,Epinephelus tukula (potato grouper),Epinephelus tukula,Epinephelus lanceolatus,Body weight; body length; body height; whole length; head length; caudal peduncle length; caudal peduncle height,Growth,,,,,,,,,,169 (+101 hybrids for validation),Whole-genome resequencing (MGISEQ-2000),"1,129,992 SNPs after QC","26 SNPs on chr3, 9, 10, 11, 13, 14, 15, 16, 19, 20, 21, 22; 5 validated (chr3:7,087,462; chr11:43,373,246; chr19:48,255,459; chr21:25,892,144; chr21:39,218,913)",Wild/broodstock from four Hainan regions,5-7 years old,10.1007/s10126-025-10502-4,2025.0,Unpublished E. tukula reference genome,,GCF_041903045.1,ASM4190304v1,Chromosome,CCDC102A; NTRK2; CTSL; OTOF; nestin,CCDC102A;NTRK2;CTSL;OTOF;nestin;nes,6,B,no usable marker coordinate; anchored on reported candidate gene(s),"Cao et al., Mar Biotechnol. Threshold P<1E-05; core germplasm construction.",user_workbook,OK,MISMATCH,True,257900.0,False,10925269,10436877,11328269,fallback_flanking_window;,used_in_hotspot_clustering
S025,chr30,NC_069739.1,12029294,12380046,12099479,1,aig1,15.0,0.667,5.625146001980318e-29,moderate,aig1,catfish-bridge:RBH,SNP_level,25,Culter alburnus,Culter alburnus,,Body weight and body size traits,Growth,Lead SNPs clustered on chr16 and chr19,,Chr 16 / Chr 19,,,,NR,< 6.58E-09,Bonferroni -log10(P)=8.18,239,"WGS (MGI-2000/T7, ~11.44x)","7,597,008",,Admixed wild-origin populations,18 mpf,10.3390/ani16131969,,GWHBOSX00000000,,GCA_040182925.1,ASM4018292v1,Chromosome,aig1; cacna1b; pgm5; bcr,aig1;cacna1b;pgm5;bcr,4,B,no usable marker coordinate; anchored on reported candidate gene(s),,user_workbook,OK,MATCH,True,88332.0,True,12099479,12029294,12380046,single_anchor_own_pos;region_pts=15/15,used_in_hotspot_clustering
W057,chr30,NC_069739.1,12029294,12380046,12099479,1,aig1,15.0,0.667,5.625146001980318e-29,moderate,aig1,catfish-bridge:RBH,study_wise,57,Culter alburnus (topmouth culter),Culter alburnus,,Body weight; body weight without viscera; total length; body length; body height,Growth,,,,,,,,,,239 with complete records (of 300 sequenced),"Whole-genome resequencing (MGI-2000/T7, ~11.44x)","7,597,008 SNPs after QC","6 genome-wide significant SNPs, clustered on chr16 and chr19","Admixed cohort of three wild-origin populations (Danjiangkou, Taihu, Poyang)",18 months post-fertilisation,10.3390/ani16131969,2026.0,"GWHBOSX00000000 (CNCB), 1.05 Gb",,GCA_040182925.1,ASM4018292v1,Chromosome,aig1; cacna1b; pgm5; bcr,aig1;cacna1b;pgm5;bcr,4,B,no usable marker coordinate; anchored on reported candidate gene(s),"Li et al., Animals. Bonferroni threshold -log10(P)=8.18 (P=6.58E-09).",user_workbook,OK,MATCH,True,88332.0,True,12099479,12029294,12380046,single_anchor_own_pos;region_pts=15/15,used_in_hotspot_clustering
C001,chr21,NC_069730.1,11774179,12890201,12424033,1,"Chr20:14,657,971",7.0,1.0,2.3069205324140052e-12,strong,"Chr20:14,657,971",coordinate:stated-assembly,SNP_level_v2,1,Ictalurus punctatus,Ictalurus punctatus,,Monthly weight gain (MWG); Body depth (BH),Growth,"Chr20:14,657,971 (rrp44 exon 9)",snp,Chr20,14657971.0,,,,,,303,Whole-genome resequencing (BGISEQ-500),5.64 million,,G2 breeding population,,10.3390/cimb48040420,2026.0,N/A -- reference genome not specified in accessible text; not independently confirmed despite additional search,GCF_001660625.3 (via lineage match to Chen et al. 2016 PRJNA281269),GCF_001660625.3,Coco_2.0,Chromosome,rrp44,rrp44,1,A1,"exact position on the stated assembly; reference genome confirmed via BioProject/biosample lineage match (paper cites Chen et al. 2016 GigaScience channel catfish genome, BioProject PRJNA281269, biosample 'Gynogen Coco'; our analysis assembly GCF_001660625.3 Coco_2.0 is the RefSeq-curated version of the same BioProject/individual, 29 chromosomes matching the paper's stated chromosome count) -- spot-checked against full text 2026-09-03","Zhang, Liu, Duan, Wang & Chen 2026, Curr Issues Mol Biol 48:420. Majority of significant loci concentrated on chromosome 20.",user_workbook_v2,OK,MISMATCH,True,157087.0,False,12266946,11774179,12890201,fallback_flanking_window;dropped_outliers=1,used_in_hotspot_clustering
C002,chr21,NC_069730.1,11774179,12890201,12424033,1,"Chr20:14,658,012",7.0,1.0,2.3069205324140052e-12,strong,"Chr20:14,658,012",coordinate:stated-assembly,SNP_level_v2,2,Ictalurus punctatus,Ictalurus punctatus,,Monthly weight gain (MWG); Body depth (BH),Growth,"Chr20:14,658,012 (rrp44 exon 9)",snp,Chr20,14658012.0,,,,,,303,Whole-genome resequencing (BGISEQ-500),5.64 million,,G2 breeding population,,10.3390/cimb48040420,2026.0,N/A -- reference genome not specified in accessible text; not independently confirmed despite additional search,GCF_001660625.3 (via lineage match to Chen et al. 2016 PRJNA281269),GCF_001660625.3,Coco_2.0,Chromosome,rrp44,rrp44,1,A1,"exact position on the stated assembly; reference genome confirmed via BioProject/biosample lineage match (paper cites Chen et al. 2016 GigaScience channel catfish genome, BioProject PRJNA281269, biosample 'Gynogen Coco'; our analysis assembly GCF_001660625.3 Coco_2.0 is the RefSeq-curated version of the same BioProject/individual, 29 chromosomes matching the paper's stated chromosome count) -- spot-checked against full text 2026-09-03","Zhang, Liu, Duan, Wang & Chen 2026, Curr Issues Mol Biol 48:420. Majority of significant loci concentrated on chromosome 20.",user_workbook_v2,OK,MISMATCH,True,157087.0,False,12266946,11774179,12890201,fallback_flanking_window;dropped_outliers=1,used_in_hotspot_clustering
C003,chr12,NC_069721.1,1464665,1811076,1588169,1,stat5b,16.0,1.0,7.358840430354957e-31,strong,stat5b,source:exact/synonym,SNP_level_v2,3,Pelteobagrus fulvidraco,Tachysurus fulvidraco,,Body weight (BW); Body length (BL),Growth,Chr15:19195072 (stat5b exon),snp,Chr15,19195072.0,,,,,,125 (females); validated in 185 males,,"77,935",,Breeding population (female discovery + male validation),,10.1016/j.ygeno.2022.110380,2022.0,Likely Gong et al. 2018 chromosome-level yellow catfish genome (GigaScience 7(11):giy120) -- shared co-author Huang P.; not explicitly confirmed,"GCF_022655615.1 (circumstantial match to Gong et al. 2018 lineage, HZAU)",GCF_022655615.1,HZAU_PFXX_2.0,Chromosome,stat5b,stat5b,1,A2,"exact position reported; reference genome not stated explicitly in the accessible abstract, but circumstantially confirmed (shared author team with Gong et al. 2018 GigaScience yellow catfish genome, same submitting institution HZAU, matching chromosome count of 26); no explicit methods-section citation seen -- spot-checked, full text unavailable, treated as A2 not A1","Huang, Guo, Wang et al. 2022, Genomics 114(3):110380. Shared SNP Chr15:19195072 (stat5b exon) associated with both BW and BL in females, validated in males.",user_workbook_v2,OK,MATCH,True,29526.0,True,1588169,1464665,1811076,single_anchor_own_pos;region_pts=16/16,used_in_hotspot_clustering
C004,chr18,NC_069727.1,761305,3690241,1462791,3,igf1;myf5;myf6,21.0,1.0,2.819598811289979e-40,strong,igf1,source:exact/synonym,SNP_level_v2,4,Pelteobagrus fulvidraco,Tachysurus fulvidraco,,Growth (leading SNP near BW/BL-associated region),Growth,Lead SNP on chromosome 23 (exact position not specified in accessible text),,Chr23,,,,,,,125 (females),,"77,935",,Breeding population,,10.1016/j.ygeno.2022.110380,2022.0,Likely Gong et al. 2018 chromosome-level yellow catfish genome (GigaScience 7(11):giy120) -- shared co-author Huang P.; not explicitly confirmed,,GCF_022655615.1,HZAU_PFXX_2.0,Chromosome,"igf1, myf5, myf6",igf1;myf5;myf6,3,B,no usable marker coordinate; anchored on reported candidate gene(s),"Huang, Guo, Wang et al. 2022, Genomics 114(3):110380. Shared SNP Chr15:19195072 (stat5b exon) associated with both BW and BL in females, validated in males.",user_workbook_v2,OK,MATCH,True,1655990.0,True,3412760,761305,3690241,multi_anchor_cluster=3/3;region_pts=45/45,used_in_hotspot_clustering
C005,chr14,NC_069723.1,16094193,16560493,16377488,3,egln2;zfyve21;jph3a,20.0,0.923,2.155319867392645e-38,strong,egln2,source:exact/synonym,SNP_level_v2,5,Clarias macrocephalus,Clarias macrocephalus,Clarias gariepinus,"Body weight, standard length, total length",Growth,19 SNPs (aggregate; individual chromosome/position not specified in accessible text),,,,,,1.02-6.59% of genetic variance explained,,,991 (74 full-sib + 31 half-sib families),DArTseq,"9,530",,Full-sib / half-sib breeding families,8 months,10.1016/j.aquaculture.2022.738748,2023.0,"Possibly Duong et al. 2020 draft Clarias macrocephalus genome (PRJNA604477), the only resource available before publication -- not explicitly confirmed",,GCF_024256425.1,CGAR_prim_01v2,Chromosome,"egln2, zfyve21, jph3a (per citing literature)",egln2;zfyve21;jph3a,3,B,no usable marker coordinate; anchored on reported candidate gene(s),"Chaivichoo, Sukhavachana, Khumthong, Srisapoome, Chatchaiphan & Na-Nakorn 2023, Aquaculture 562:738748. GWAS combined with GBLUP; heritability 0.29+/-0.05 (SL) to 0.55+/-0.06 (BW); GEBV prediction accuracy 0.67-0.72.",user_workbook_v2,REGION_EXCEEDS_CHROM_LENGTH(L=26128932),MATCH,True,15076.0,True,16377488,5344908,30375190,single_anchor_own_pos;region_pts=20/20,used_in_hotspot_clustering
C007,chr24,NC_069733.1,10737309,11534805,11118014,1,gas1,21.0,1.0,2.819598811289979e-40,strong,gas1,source:duplicate-suffix,SNP_level_v2,7,Ictalurus punctatus,Ictalurus punctatus,,Growth-related traits,Growth,6 growth-related QTL (aggregate; individual SNP IDs not specified),,LG28,,,,,,,156 offspring + 2 parents,RAD-seq,"4,768",,F1 family (China),,10.3389/fgene.2019.00251,2019.0,"Own linkage-map-derived assembly; synteny-compared against Chen et al. 2016 (GigaScience, DOI 10.1186/s13742-016-0142-5) and Liu et al. 2016 (Nat Commun 7:11757, accession LBML00000000) channel catfish genomes",,GCF_001660625.3,Coco_2.0,Chromosome,"megf9, npffr1, gas1",megf9;npffr1;gas1,3,B,no usable marker coordinate; anchored on reported candidate gene(s),"Zhang, Zhang, Chen et al. 2019, Front Genet 10:251. Sex-linked SSR marker in zbtb38 gene validated.",user_workbook_v2,OK,MATCH,True,0.0,True,11118014,10737309,11534805,single_anchor_own_pos;region_pts=21/21,used_in_hotspot_clustering
C014,chr29,NC_069738.1,4751928,5163277,4925386,1,GH,15.0,1.0,5.625146001980318e-29,strong,GH,manual-alias:gh1,SNP_level_v2,14,Pelteobagrus fulvidraco,Tachysurus fulvidraco,,Growth traits (via GH candidate gene),Growth,GH:2100A>G,,,,,,,,,180,Candidate-gene direct sequencing,5 SNPs + 4 SSRs,,,,10.1016/j.aquaculture.2016.11.028,2017.0,N/A -- no species-specific reference genome had been published at the time of this study,,GCF_022655615.1,HZAU_PFXX_2.0,Chromosome,GH,GH,1,B,no usable marker coordinate; anchored on reported candidate gene(s),"Li, Liu, Luo et al. 2017, Aquaculture 469:117-123. SNPs located in intron 4 and 3'UTR; proposed for marker-assisted selection.",user_workbook_v2,OK,MATCH,True,10060.0,True,4925386,4751928,5163277,single_anchor_own_pos;region_pts=15/15,used_in_hotspot_clustering
C015,chr29,NC_069738.1,4751928,5163277,4925386,1,GH,15.0,1.0,5.625146001980318e-29,strong,GH,manual-alias:gh1,SNP_level_v2,15,Pelteobagrus fulvidraco,Tachysurus fulvidraco,,Growth traits (via GH candidate gene),Growth,GH:2285T>C,,,,,,,,,180,Candidate-gene direct sequencing,5 SNPs + 4 SSRs,,,,10.1016/j.aquaculture.2016.11.028,2017.0,N/A -- no species-specific reference genome had been published at the time of this study,,GCF_022655615.1,HZAU_PFXX_2.0,Chromosome,GH,GH,1,B,no usable marker coordinate; anchored on reported candidate gene(s),"Li, Liu, Luo et al. 2017, Aquaculture 469:117-123. SNPs located in intron 4 and 3'UTR; proposed for marker-assisted selection.",user_workbook_v2,OK,MATCH,True,10060.0,True,4925386,4751928,5163277,single_anchor_own_pos;region_pts=15/15,used_in_hotspot_clustering
C016,chr29,NC_069738.1,4751928,5163277,4925386,1,GH,15.0,1.0,5.625146001980318e-29,strong,GH,manual-alias:gh1,SNP_level_v2,16,Pelteobagrus fulvidraco,Tachysurus fulvidraco,,Growth traits (via GH candidate gene),Growth,GH:2822A>G,,,,,,,,,180,Candidate-gene direct sequencing,5 SNPs + 4 SSRs,,,,10.1016/j.aquaculture.2016.11.028,2017.0,N/A -- no species-specific reference genome had been published at the time of this study,,GCF_022655615.1,HZAU_PFXX_2.0,Chromosome,GH,GH,1,B,no usable marker coordinate; anchored on reported candidate gene(s),"Li, Liu, Luo et al. 2017, Aquaculture 469:117-123. SNPs located in intron 4 and 3'UTR; proposed for marker-assisted selection.",user_workbook_v2,OK,MATCH,True,10060.0,True,4925386,4751928,5163277,single_anchor_own_pos;region_pts=15/15,used_in_hotspot_clustering
C017,chr5,NC_069714.1,28015687,29556481,29400907,3,mstnb;egfr;serca1,19.0,1.0,1.6475406757077463e-36,strong,mstnb,source:exact/synonym;source:duplicate-suffix;alias(zebrafish):exact/synonym,SNP_level_v2,17,Clarias fuscus,Clarias fuscus,,"8 growth traits (BW, body height, body length, body width, orbital diameter, caudal peduncle length/height, pre-dorsal length)",Growth,17 growth-related QTL (aggregate; individual SNP IDs/positions not specified in accessible text),,,,,,PVE 8.00-11.90%,,,200,,,,Full-sibling line,,10.3390/ani15121707,2025.0,Likely Tian et al. 2023 chromosome-level Clarias fuscus genome (BMC Genomics 24:291) and/or its 2025 improved version -- explicitly cited in reference list,,GCF_024256425.1,CGAR_prim_01v2,Chromosome,"mstnb (myostatin), egfr, serca1 (of 27 total)",mstnb;egfr;serca1,3,B,no usable marker coordinate; anchored on reported candidate gene(s),"Zhu, Zhou, Shen et al. 2025, Animals 15(12):1707. Integrated QTL mapping with RNA-seq (3824 DEGs between big-/small-size groups) to narrow the candidate gene list.",user_workbook_v2,OK,MATCH,True,37332.0,True,29400907,6155128,29556481,single_anchor_own_pos;region_pts=19/19,used_in_hotspot_clustering
C019,chr15,NC_069724.1,4965904,5377269,5070036,4,gng3;aspp2;mgp;rusc2,18.0,1.0,1.2593909234434034e-34,strong,gng3,source:exact/synonym;manual-alias:tp53bp2,SNP_level_v2,19,Hemibagrus wyckioides,Hemibagrus wyckioides,,4 morphometric (growth) traits,Growth,2 significant + 15 suggestive QTL (aggregate; across 10 LGs),,,,,,PVE 7.4-13.3%,,,165 offspring + parents,2b-RAD sequencing,"2,369",,F1 family,,10.1016/j.aquaculture.2020.735892,2021.0,N/A -- no species-specific reference genome had been published at the time of this study,,GCF_019097595.1,ASM1909759v1,Chromosome,"lrp1, gng3, aspp2, mgp, rusc2 (see also ttc39b, row above)",lrp1;gng3;aspp2;mgp;rusc2,5,B,no usable marker coordinate; anchored on reported candidate gene(s),"Zhou, Wang, Guo, Wu, Lu, Zhou & Gui 2021, Aquaculture 531:735892.",user_workbook_v2,OK,MATCH,True,0.0,True,5070036,349218,8835171,single_anchor_own_pos;region_pts=17/17,used_in_hotspot_clustering
C028,chr17,NC_069726.1,4210136,5076601,4484696,5,bmpr1bb;fgfrl1b;nipbl;foxp2;pax5,19.0,1.0,1.6475406757077463e-36,strong,bmpr1bb,source:exact/synonym;source:duplicate-suffix,SNP_level_v2,28,Hybrid catfish (I. punctatus x I. furcatus backcross),Ictalurus punctatus,,"Head length, head width, head depth (reanalysis)",Growth (morphometric),Significant QTNs identified via GRAMMAR-Lambda (individual SNP IDs/positions not extracted from accessible text),,"Chr19, Chr29 (epistatic interaction)",,,,Epistatic interaction between chromosome 19 and chromosome 29 in bone development,,,556,Catfish 250K SNP array,"250,000",,Interspecific backcross,,10.3390/biology14010063,2025.0,Liu et al. 2016 channel catfish reference genome (Nat Commun 7:11757; GenBank accession LBML00000000) -- inferred from shared corresponding author (Zhanjiang Liu),,GCF_001660625.3,Coco_2.0,Chromosome,"bmpr1bb, fgfrl1b, nipbl, foxp2, pax5",bmpr1bb;fgfrl1b;nipbl;foxp2;pax5,5,B,no usable marker coordinate; anchored on reported candidate gene(s),"Zhao, Gao, Feng & Jiang 2025, Biology 14(1):63. Methodological reanalysis of previously published catfish head-size data (not an independent new population); included because it reports new candidate genes and epistasis results not in the original 2016 paper.",user_workbook_v2,OK,MATCH,True,193846.0,True,4625948,1787407,17260182,multi_anchor_cluster=2/2;region_pts=37/37,used_in_hotspot_clustering
C008,chr15,NC_069724.1,12616181,12616181,12616181,1,ghrb,,,,native,ghrb,source:exact/synonym,SNP_level_v2,8,Pangasianodon hypophthalmus,Pangasianodon hypophthalmus,,Growth traits (via GHRb candidate gene),Growth,5 SNPs in 3'UTR of GHRb (aggregate; individual positions not specified in accessible abstract),,,,,,,p<0.05 (haplotype-level),,307,Candidate-gene direct sequencing,5 (3'UTR of GHRb),,,,10.3390/fishes7050230,2022.0,"Kim et al. 2018 draft genome (BMC Genomics 19:733; GenBank/DDBJ/EMBL accession QUXB00000000, BioProject PRJNA448819) -- inferred from shared authorship and explicit citation in the IGFBP5 paper's methods",,GCF_027358585.1,fPanHyp1.pri,Chromosome,GHRb,GHRb,1,N,"native species (backbone itself); resolved directly against striped catfish annotation, not cross-species projected","Jiang, Ruan, Lu et al. 2022, Fishes 7(5):230. 3 haplotypes and 4 diplotypes identified; polymorphisms significantly associated with growth (p<0.05); exact count of individually significant SNPs (of the 5) not specified in accessible abstract.",user_workbook_v2,OK,NO_RANK0_MATCH,True,0.0,False,12616181,12616181,12616181,fallback_flanking_window;NO_SAME_CHROM_DATA;filled_from_authoritative_gene_table_direct,used_in_hotspot_clustering
C009,chr18,NC_069727.1,3412760,3412760,3412760,1,igf1,,,,native,igf1,source:exact/synonym,SNP_level_v2,9,Pangasianodon hypophthalmus,Pangasianodon hypophthalmus,,Growth traits (via IGF1 candidate gene),Growth,IGF1:13680A>T,,,,,,Positive effect on growth (direction only; combined with IGF1R genotype),p<0.01,,10 fast + 10 slow (discovery),Candidate-gene sequencing,7 total (IGF1+IGF1R),,,,10.1016/j.aquaculture.2021.736542,2021.0,"Kim et al. 2018 draft genome (BMC Genomics 19:733; GenBank/DDBJ/EMBL accession QUXB00000000, BioProject PRJNA448819) -- inferred from shared authorship and explicit citation in the IGFBP5 paper's methods",,GCF_027358585.1,fPanHyp1.pri,Chromosome,IGF1,IGF1,1,N,"native species (backbone itself); resolved directly against striped catfish annotation, not cross-species projected","Tran, Nguyen, Le, Tran, Nguyen & Kim 2021, Aquaculture 538:736542. Combined genotype AA(IGF1:13680)+TT(IGF1R:13357) had a positive effect on growth.",user_workbook_v2,OK,NO_RANK0_MATCH,True,0.0,False,3412760,3412760,3412760,fallback_flanking_window;NO_SAME_CHROM_DATA;filled_from_authoritative_gene_table_direct,used_in_hotspot_clustering
C010,chr11,NC_069720.1,7744533,7744533,7744533,1,igf1rb,,,,native,igf1rb,source:duplicate-suffix,SNP_level_v2,10,Pangasianodon hypophthalmus,Pangasianodon hypophthalmus,,Growth traits (via IGF1R candidate gene),Growth,IGF1R:13357T>C,,,,,,Positive effect on growth (direction only; combined with IGF1 genotype),p<0.05,,10 fast + 10 slow (discovery),Candidate-gene sequencing,7 total (IGF1+IGF1R),,,,10.1016/j.aquaculture.2021.736542,2021.0,"Kim et al. 2018 draft genome (BMC Genomics 19:733; GenBank/DDBJ/EMBL accession QUXB00000000, BioProject PRJNA448819) -- inferred from shared authorship and explicit citation in the IGFBP5 paper's methods",,GCF_027358585.1,fPanHyp1.pri,Chromosome,IGF1R,IGF1R,1,N,"native species (backbone itself); resolved directly against striped catfish annotation, not cross-species projected","Tran, Nguyen, Le, Tran, Nguyen & Kim 2021, Aquaculture 538:736542. Combined genotype AA(IGF1:13680)+TT(IGF1R:13357) had a positive effect on growth.",user_workbook_v2,OK,NO_RANK0_MATCH,True,0.0,False,7744533,7744533,7744533,fallback_flanking_window;NO_SAME_CHROM_DATA;filled_from_authoritative_gene_table_direct,used_in_hotspot_clustering
C011,chr13,NC_069722.1,23421421,23421421,23421421,1,igfbp7,,,,native,igfbp7,source:exact/synonym,SNP_level_v2,11,Pangasianodon hypophthalmus,Pangasianodon hypophthalmus,,Growth traits (via IGFBP7 candidate gene),Growth,IGFBP7:2060A>G,,,,,,GG genotype associated with higher expression and faster growth (direction only),p<0.001,,70 fast + 70 slow (validation),Candidate-gene sequencing (single-base extension),3 (filtered),,,,10.1007/s00438-023-02016-2,2023.0,"Kim et al. 2018 draft genome (BMC Genomics 19:733; GenBank/DDBJ/EMBL accession QUXB00000000, BioProject PRJNA448819) -- inferred from shared authorship and explicit citation in the IGFBP5 paper's methods",,GCF_027358585.1,fPanHyp1.pri,Chromosome,IGFBP7,IGFBP7,1,N,"native species (backbone itself); resolved directly against striped catfish annotation, not cross-species projected","Tran, Tran, Le, Nguyen, Vu & Kim 2023, Mol Genet Genomics 298:883-893. qPCR showed the GG genotype (locus 2060) had higher IGFBP7 expression in fast-growing fish.",user_workbook_v2,OK,NO_RANK0_MATCH,True,0.0,False,23421421,23421421,23421421,fallback_flanking_window;NO_SAME_CHROM_DATA;filled_from_authoritative_gene_table_direct,used_in_hotspot_clustering
C012,chr13,NC_069722.1,23421421,23421421,23421421,1,igfbp7,,,,native,igfbp7,source:exact/synonym,SNP_level_v2,12,Pangasianodon hypophthalmus,Pangasianodon hypophthalmus,,Growth traits (via IGFBP7 candidate gene),Growth,IGFBP7:4559C>A (p.Leu189Met),,,,,,,p<0.001,,70 fast + 70 slow (validation),Candidate-gene sequencing (single-base extension),3 (filtered),,,,10.1007/s00438-023-02016-2,2023.0,"Kim et al. 2018 draft genome (BMC Genomics 19:733; GenBank/DDBJ/EMBL accession QUXB00000000, BioProject PRJNA448819) -- inferred from shared authorship and explicit citation in the IGFBP5 paper's methods",,GCF_027358585.1,fPanHyp1.pri,Chromosome,IGFBP7,IGFBP7,1,N,"native species (backbone itself); resolved directly against striped catfish annotation, not cross-species projected","Tran, Tran, Le, Nguyen, Vu & Kim 2023, Mol Genet Genomics 298:883-893. qPCR showed the GG genotype (locus 2060) had higher IGFBP7 expression in fast-growing fish.",user_workbook_v2,OK,NO_RANK0_MATCH,True,0.0,False,23421421,23421421,23421421,fallback_flanking_window;NO_SAME_CHROM_DATA;filled_from_authoritative_gene_table_direct,used_in_hotspot_clustering
C013,chr5,NC_069714.1,22787900,22787900,22787900,1,igfbp5b,,,,native,igfbp5b,source:duplicate-suffix,SNP_level_v2,13,Pangasianodon hypophthalmus,Pangasianodon hypophthalmus,,Growth traits (via IGFBP5 candidate gene),Growth,IGFBP5:525T>A (p.Val16Glu),,,,,,,,,10 fast + 10 slow (discovery),Candidate-gene Sanger sequencing,4 exonic SNPs discovered,,,,10.15625/1811-4989/17647,2023.0,"Kim et al. 2018 draft genome (BMC Genomics 19:733; GenBank/DDBJ/EMBL accession QUXB00000000, BioProject PRJNA448819) -- inferred from shared authorship and explicit citation in the IGFBP5 paper's methods",,GCF_027358585.1,fPanHyp1.pri,Chromosome,IGFBP5,IGFBP5,1,N,"native species (backbone itself); resolved directly against striped catfish annotation, not cross-species projected","Tran, Tran, Le, Nguyen, Vu & Kim 2023, Vietnam J Biotechnol 21(1):55-65. Non-synonymous SNP proposed as MAS candidate marker.",user_workbook_v2,OK,NO_RANK0_MATCH,True,0.0,False,22787900,22787900,22787900,fallback_flanking_window;NO_SAME_CHROM_DATA;filled_from_authoritative_gene_table_direct,used_in_hotspot_clustering
C023,chr19,NC_069728.1,6353851,6353851,6353851,1,igfbp3,,,,native,igfbp3,source:exact/synonym,SNP_level_v2,23,Pangasianodon hypophthalmus,Pangasianodon hypophthalmus,,Growth traits (via IGFBP3 candidate gene),Growth,Non-synonymous polymorphism in IGFBP3 (specific position not captured in accessible text),,,,,,,,,,Candidate-gene sequencing,,,,,,2023.0,"Kim et al. 2018 draft genome (BMC Genomics 19:733; GenBank/DDBJ/EMBL accession QUXB00000000, BioProject PRJNA448819) -- inferred from shared authorship and explicit citation in the IGFBP5 paper's methods",,GCF_027358585.1,fPanHyp1.pri,Chromosome,IGFBP3,IGFBP3,1,N,"native species (backbone itself); resolved directly against striped catfish annotation, not cross-species projected","Tran, Le, Nguyen & Kim 2023, Vietnam J Biotechnol 21(2). Title: 'Non-synonymous polymorphism in IGFBP-3 gene associated with growth traits in striped catfish.' DOI not found. Part of the same RIA2/VAST candidate-gene series as the GHRb, IGF1/IGF1R, IGFBP5 and IGFBP7 papers already in this table.",user_workbook_v2,OK,NO_RANK0_MATCH,True,0.0,False,6353851,6353851,6353851,fallback_flanking_window;NO_SAME_CHROM_DATA;filled_from_authoritative_gene_table_direct,used_in_hotspot_clustering
