"Gene symbol (zebrafish, Ensembl/ZFIN)",Common aliases,"Gene name (Ensembl/ZFIN, authoritative)",Gene name (plain-language label),Ensembl gene ID (D. rerio),ZFIN ID,Chr (GRCz11),Start (GRCz11),End (GRCz11),Strand,Biotype,ID verification note,Ensembl link,ZFIN link,Pathway group,Pathway / family (detail),Trait category,Evidence type,Evidence strength,Verification depth,Source species,Reported locus in source study,Proposed effect on growth,Primary reference (verified),Reference title,DOI,PMID,source_catalog,gene_symbol_norm,evidence_bucket,in_pangasius_catalog,has_verified_marker_variant,method,confidence,catfish_symbol,chrom_acc,start,end,note,cat_chrom,pos_check,locus_key,shared_locus_with
acaca,"ACACA, ACC1",acetyl-CoA carboxylase alpha,acetyl-CoA carboxylase alpha,ENSDARG00000078512,ZDB-GENE-060526-74,5,56308622.0,56416188.0,-,protein_coding,"Ensembl ID, GRCz11 chr/start/end/strand re-verified against Ensembl REST on 2026-09-04",open,open,Lipid & energy metabolism,Lipogenesis,Harvest body weight (differential expression),Expression,"B - verified primary study, supporting evidence",Third-order check (rev 4): the source paper full text was retrieved and this row was compared against the paper's own gene table. Evidence type corrected from GWAS/QTL to Expression: the study performed no association test.,Labeo rohita; Danio rerio,,"Rate-limiting lipogenic enzyme; upregulated in fast-growing rohu supporting elevated anabolism. NOTE: the rohu study is an mRNA-seq differential-expression study with coding-SNP discovery inside differentially expressed transcripts. It ran NO genome-wide association test - the authors recommend these genes for future SNP-array construction and GWAS. These variants are candidates, not validated marker-trait associations.",Nandanpawar P et al. (2023) Frontiers in Genetics 14:1153911,"Identification of differentially expressed genes and SNPs linked to harvest body weight of genetically improved rohu carp, Labeo rohita",10.3389/fgene.2023.1153911,37359361,teleost,acaca,B,False,False,direct_symbol_match,high,acaca,NC_069736.1,15620426.0,15661032.0,,chr27,ok,chr27:15620426-15661032,
acacb,"ACACB, ACC2",acetyl-CoA carboxylase beta,acetyl-CoA carboxylase beta,ENSDARG00000061994,ZDB-GENE-060526-132,5,19337108.0,19383694.0,+,protein_coding,"Ensembl ID, GRCz11 chr/start/end/strand re-verified against Ensembl REST on 2026-09-04",open,open,Lipid & energy metabolism,Lipid oxidation,Lipid deposition,Pathway core,"C - pathway annotation only, no primary study cited",No primary study cited,Danio rerio,,Controls malonyl-CoA inhibition of fatty acid oxidation,No primary study cited - canonical pathway member (Ensembl/ZFIN gene record),,,,teleost,acacb,C,False,False,direct_symbol_match,high,acacb,NC_069733.1,1226587.0,1255771.0,,chr24,ok,chr24:1226587-1255771,
acana,"ACAN, aggrecan",aggrecan a,aggrecan a,ENSDARG00000035891,ZDB-GENE-050208-221,7,48761646.0,48787379.0,+,protein_coding,"Ensembl ID, GRCz11 chr/start/end/strand re-verified against Ensembl REST on 2026-09-04",open,open,"Skeletal, ECM & body shape",ECM / skeletal,Cartilage; body length,Pathway core,"C - pathway annotation only, no primary study cited",No primary study cited,Danio rerio,,Major cartilage proteoglycan; determines growth-plate expansion,No primary study cited - canonical pathway member (Ensembl/ZFIN gene record),,,,teleost,acana,C,False,False,direct_symbol_match,high,acana,NC_069734.1,9532240.0,9546852.0,,chr25,ok,chr25:9532240-9546852,
aclya,ACLY; acly,ATP citrate lyase a,ATP citrate lyase,ENSDARG00000099079,ZDB-GENE-031113-1,3,17951790.0,18009316.0,+,protein_coding,"Ensembl ID, GRCz11 chr/start/end/strand re-verified against Ensembl REST on 2026-09-04",open,open,Lipid & energy metabolism,Lipogenesis,Body weight,GWAS/QTL; Pathway core,A - named in a verified primary teleost study,Reference metadata verified in PubMed/Crossref; gene-level claim not re-checked against the full text,Oncorhynchus mykiss; Danio rerio,Omy13,Crucial for de novo lipid biosynthesis; growth-associated in trout,Ali A et al. (2020) BMC Genomics 21:209,Genome-wide identification of loci associated with growth in rainbow trout,10.1186/s12864-020-6617-x,32138655,teleost,aclya,A,False,False,direct_symbol_match,high,aclya,NC_069722.1,6293714.0,6319949.0,,chr13,ok,chr13:6293714-6319949,
acss2,ACSS2,acyl-CoA synthetase short chain family member 2,acyl-CoA synthetase short chain family member 2,ENSDARG00000037781,ZDB-GENE-040718-388,23,9230431.0,9291892.0,+,protein_coding,"Ensembl ID, GRCz11 chr/start/end/strand re-verified against Ensembl REST on 2026-09-04",open,open,Lipid & energy metabolism,Lipogenesis,Body weight,GWAS/QTL,A - named in a verified primary teleost study,Reference metadata verified in PubMed/Crossref; gene-level claim not re-checked against the full text,Oncorhynchus mykiss; Danio rerio,Omy8,Activates acetate for lipid synthesis; trout growth candidate,Ali A et al. (2020) BMC Genomics 21:209,Genome-wide identification of loci associated with growth in rainbow trout,10.1186/s12864-020-6617-x,32138655,teleost,acss2,A,False,False,direct_symbol_match,high,acss2,NC_069725.1,15166217.0,15189059.0,,chr16,ok,chr16:15166217-15189059,
acta1a,ACTA1,"actin alpha 1, skeletal muscle a","actin alpha 1, skeletal muscle a",ENSDARG00000036371,ZDB-GENE-050417-267,1,53945934.0,53953532.0,+,protein_coding,"Ensembl ID, GRCz11 chr/start/end/strand re-verified against Ensembl REST on 2026-09-04",open,open,Myogenesis & sarcomere,Sarcomere,Muscle growth,Pathway core,"C - pathway annotation only, no primary study cited",No primary study cited,Danio rerio; Ctenopharyngodon idella,,Skeletal muscle alpha-actin; sarcomere thin filament,No primary study cited - canonical pathway member (Ensembl/ZFIN gene record),,,,teleost,acta1a,C,False,False,direct_symbol_match,high,acta1a,NC_069735.1,15332850.0,15337294.0,,chr26,ok,chr26:15332850-15337294,
acta1b,ACTA1b,"actin alpha 1, skeletal muscle b","actin alpha 1, skeletal muscle b",ENSDARG00000055618,ZDB-GENE-030131-55,13,24279021.0,24284442.0,+,protein_coding,"Ensembl ID, GRCz11 chr/start/end/strand re-verified against Ensembl REST on 2026-09-04",open,open,Myogenesis & sarcomere,Sarcomere,Muscle growth,Pathway core,"C - pathway annotation only, no primary study cited",No primary study cited,Danio rerio,,Duplicated skeletal alpha-actin,No primary study cited - canonical pathway member (Ensembl/ZFIN gene record),,,,teleost,acta1b,C,False,False,direct_symbol_match,high,acta1b,NC_069712.1,13056641.0,13059362.0,,chr3,ok,chr3:13056641-13059362,
actn3a,ACTN3,actinin alpha 3a,actinin alpha 3a,ENSDARG00000013755,ZDB-GENE-000329-9,21,27382893.0,27404978.0,+,protein_coding,"Ensembl ID, GRCz11 chr/start/end/strand re-verified against Ensembl REST on 2026-09-04",open,open,Myogenesis & sarcomere,Sarcomere,Muscle fibre type; body weight,Pathway core,"C - pathway annotation only, no primary study cited",No primary study cited,Danio rerio,,Fast-fibre Z-disc protein; human R577X variant affects muscle performance,No primary study cited - canonical pathway member (Ensembl/ZFIN gene record),,,,teleost,actn3a,C,False,False,blast_ortholog,high,actn3b,NC_069713.1,10462163.0,10491165.0,BLAST ortholog (protein XP_026792680.1),chr4,ok,chr4:10462163-10491165,actn3b
actn3b,ACTN3b,actinin alpha 3b,actinin alpha 3b,ENSDARG00000001431,ZDB-GENE-030131-2040,7,6969909.0,7133475.0,+,protein_coding,"Ensembl ID, GRCz11 chr/start/end/strand re-verified against Ensembl REST on 2026-09-04",open,open,Myogenesis & sarcomere,Sarcomere,Muscle fibre type,Pathway core,"C - pathway annotation only, no primary study cited",No primary study cited,Danio rerio,,Duplicated fast-fibre alpha-actinin,No primary study cited - canonical pathway member (Ensembl/ZFIN gene record),,,,teleost,actn3b,C,False,False,direct_symbol_match,high,actn3b,NC_069713.1,10462163.0,10491165.0,,chr4,ok,chr4:10462163-10491165,actn3a
acvr1ba,"ACVR1B, ALK4",activin A receptor type 1Ba,activin A receptor type 1Ba,ENSDARG00000018968,ZDB-GENE-980526-527,23,27800519.0,27822920.0,-,protein_coding,"Ensembl ID, GRCz11 chr/start/end/strand re-verified against Ensembl REST on 2026-09-04",open,open,Myostatin / TGF-beta / BMP,Myostatin / TGF-beta,Muscle mass,Pathway core,"C - pathway annotation only, no primary study cited",No primary study cited,Danio rerio,,Type I activin receptor mediating myostatin signalling in muscle,No primary study cited - canonical pathway member (Ensembl/ZFIN gene record),,,,teleost,acvr1ba,C,False,False,direct_symbol_match,high,acvr1ba,NC_069725.1,6271547.0,6286395.0,,chr16,ok,chr16:6271547-6286395,
acvr2aa,ACVR2A; acvr2a,activin A receptor type 2Aa,activin A receptor type 2a,ENSDARG00000011188,ZDB-GENE-980526-227,9,25380758.0,25444091.0,-,protein_coding,"Ensembl ID, GRCz11 chr/start/end/strand re-verified against Ensembl REST on 2026-09-04",open,open,Myostatin / TGF-beta / BMP,Myostatin / TGF-beta,Muscle mass,Pathway core,"C - pathway annotation only, no primary study cited",No primary study cited,Danio rerio,,Type II myostatin receptor; blockade produces muscle hypertrophy in vertebrates,No primary study cited - canonical pathway member (Ensembl/ZFIN gene record),,,,teleost,acvr2aa,C,False,False,direct_symbol_match,high,acvr2aa,NC_069714.1,5638797.0,5686654.0,,chr5,ok,chr5:5638797-5686654,
acvr2ba,ACVR2B,activin A receptor type 2Ba,activin A receptor type 2Ba,ENSDARG00000044422,ZDB-GENE-980526-549,24,41167269.0,41220538.0,-,protein_coding,"Ensembl ID, GRCz11 chr/start/end/strand re-verified against Ensembl REST on 2026-09-04",open,open,Myostatin / TGF-beta / BMP,Myostatin / TGF-beta,Muscle mass,Pathway core,"C - pathway annotation only, no primary study cited",No primary study cited,Danio rerio,,Dominant-negative ACVR2B causes marked muscle hypertrophy,No primary study cited - canonical pathway member (Ensembl/ZFIN gene record),,,,teleost,acvr2ba,C,False,False,direct_symbol_match,high,acvr2ba,NC_069710.1,5746776.0,5801896.0,,chr1,ok,chr1:5746776-5801896,
adamts9,ADAMTS9,"ADAM metallopeptidase with thrombospondin type 1 motif, 9",ADAM metallopeptidase with thrombospondin type 1 motif 9,ENSDARG00000077778,ZDB-GENE-070814-6,11,19157879.0,19227802.0,+,protein_coding,"Ensembl ID, GRCz11 chr/start/end/strand re-verified against Ensembl REST on 2026-09-04",open,open,"Skeletal, ECM & body shape",ECM remodelling,Fillet weight,GWAS/QTL,A - named in a verified primary teleost study,"Second-order check: source paper text read and the gene, trait, locus and effect size below confirmed against it (4 Sep 2026)",Oreochromis niloticus; Danio rerio,"LG05, exonic at 29,062,243 bp","Exonic lead SNP at LG05:29,062,243 associated with fillet weight in Nile tilapia. Regulates skeletal development and controls EGFR and TGF-beta1 signalling. The study reports no per-SNP variance estimate.",Yoshida GM et al. (2021) BMC Genomics 22:57,Multi-trait GWAS using imputed high-density genotypes from whole-genome sequencing identifies genes associated with body traits in Nile tilapia,10.1186/s12864-020-07341-z,33451291,teleost,adamts9,A,False,False,blast_ortholog,high,LOC113539463,NC_069729.1,3778148.0,3841329.0,BLAST ortholog (protein XP_034169994.2),chr20,ok,chr20:3778148-3841329,
agrp,AGRP; agrp1,agouti related neuropeptide,agouti related neuropeptide 1,ENSDARG00000069089,ZDB-GENE-040817-1,7,35080490.0,35083585.0,-,protein_coding,"Ensembl ID, GRCz11 chr/start/end/strand re-verified against Ensembl REST on 2026-09-04",open,open,Appetite & energy balance,Appetite / energy balance,Feed intake; body weight,Functional; Expression,A - named in a verified primary teleost study,Reference metadata verified in PubMed/Crossref; gene-level claim not re-checked against the full text,Danio rerio; Oreochromis niloticus,,Orexigenic melanocortin antagonist; overexpression causes obesity and increased linear growth in zebrafish,Song Y et al. (2007) FASEB Journal 21:2042-2049,Creation of a genetic model of obesity in a teleost,10.1096/fj.06-7503com,,teleost,agrp,A,False,False,direct_symbol_match,high,agrp,NC_069734.1,5605166.0,5608809.0,,chr25,ok,chr25:5605166-5608809,
akt1,AKT1,v-akt murine thymoma viral onco homolog 1,AKT serine/threonine kinase 1,ENSDARG00000099657,ZDB-GENE-130730-1,17,1514711.0,1533170.0,+,protein_coding,"Ensembl ID, GRCz11 chr/start/end/strand re-verified against Ensembl REST on 2026-09-04",open,open,mTOR / PI3K-AKT & translation,PI3K-AKT,Muscle hypertrophy,Pathway core; Expression,"B - verified primary study, supporting evidence",Reference metadata verified in PubMed/Crossref; gene-level claim not re-checked against the full text,Danio rerio; Oncorhynchus mykiss,,Central anabolic kinase; drives hypertrophy and blocks FOXO-mediated atrophy,"Seiliez I et al. (2008) American Journal of Physiology - Regulatory, Integrative and Comparative Physiology 295:R329-R335",An in vivo and in vitro assessment of TOR signaling cascade in rainbow trout (Oncorhynchus mykiss),10.1152/ajpregu.00146.2008,18434442,teleost,akt1,B,False,False,direct_symbol_match,high,akt1,NC_069719.1,20298107.0,20358546.0,,chr10,ok,chr10:20298107-20358546,
akt2,AKT2,v-akt murine thymoma viral onco homolog 2,AKT serine/threonine kinase 2,ENSDARG00000011219,ZDB-GENE-031007-5,18,40711188.0,40753583.0,-,protein_coding,"Ensembl ID, GRCz11 chr/start/end/strand re-verified against Ensembl REST on 2026-09-04",open,open,mTOR / PI3K-AKT & translation,PI3K-AKT,Growth rate; glucose metabolism,Pathway core,"C - pathway annotation only, no primary study cited",No primary study cited,Danio rerio,,Insulin-responsive AKT isoform,No primary study cited - canonical pathway member (Ensembl/ZFIN gene record),,,,teleost,akt2,C,False,False,direct_symbol_match,high,akt2,NC_069715.1,20517180.0,20537885.0,,chr6,ok,chr6:20517180-20537885,
akt3a,AKT3,v-akt murine thymoma viral onco homolog 3a,AKT serine/threonine kinase 3a,ENSDARG00000104810,ZDB-GENE-050419-180,13,11175208.0,11378355.0,-,protein_coding,"Ensembl ID, GRCz11 chr/start/end/strand re-verified against Ensembl REST on 2026-09-04",open,open,mTOR / PI3K-AKT & translation,PI3K-AKT,Body size,Pathway core,"C - pathway annotation only, no primary study cited",No primary study cited,Danio rerio,,AKT isoform determining organ and body size in vertebrates,No primary study cited - canonical pathway member (Ensembl/ZFIN gene record),,,,teleost,akt3a,C,False,False,direct_symbol_match,high,akt3a,NC_069712.1,21005863.0,21102643.0,,chr3,ok,chr3:21005863-21102643,
amhr2,AMHR2,anti-Mullerian hormone receptor type 2 [no Ensembl record - name not database-verified],anti-Mullerian hormone receptor type 2,no zebrafish ortholog in Ensembl,,,,,,,No zebrafish ortholog in Ensembl - gene retained for its relevance in other teleosts; no coordinates available,,,"Life-history, sex & maturation",Sex determination / SSD,"Sexual size dimorphism (indirect, via sex)",Pathway core,"C - pathway annotation only, no primary study cited",No primary study cited,Pelteobagrus fulvidraco; Oreochromis niloticus,,"Master sex-determining gene in yellow catfish and several other teleosts; affects harvest size only indirectly through strong male-biased sexual size dimorphism. NOTE: the yellow catfish growth GWAS (Huang et al. 2022) implicated stat5b, not amhr2 - no direct growth-association evidence is cited here.",No primary study cited - canonical pathway member (Ensembl/ZFIN gene record),,,,teleost,amhr2,C,False,False,blast_ortholog_cross_species,low,LOC113533735,NC_069719.1,26649747.0,26663386.0,"BLAST hit protein XP_026781830.3, 26.6% identity. closest catfish paralog match only (25-27% identity); true 1:1 ortholog uncertain — catfish AMHR2 paralog family is divergent",chr10,ok,chr10:26649747-26663386,
apln,"APLN, apelin",apelin,apelin,ENSDARG00000053279,ZDB-GENE-070521-8,14,33722950.0,33757715.0,+,protein_coding,"Ensembl ID, GRCz11 chr/start/end/strand re-verified against Ensembl REST on 2026-09-04",open,open,Appetite & energy balance,Appetite / energy balance,Feed intake,Pathway core,B - verified review / pathway reference only,Reference metadata verified in PubMed/Crossref; gene-level claim not re-checked against the full text,Danio rerio,,Orexigenic peptide in fish,Volkoff H (2016) Frontiers in Neuroscience 10:540; Ronnestad I et al. (2017) Frontiers in Endocrinology 8:73,The neuroendocrine regulation of food intake in fish: a review of current knowledge | Appetite-controlling endocrine systems in teleosts,10.3389/fnins.2016.00540; 10.3389/fendo.2017.00073,28458653,teleost,apln,B,False,False,direct_symbol_match,high,apln,NC_069716.1,15521058.0,15541578.0,,chr7,ok,chr7:15521058-15541578,
asb2a.1,ASB2; asb2a,"ankyrin repeat and SOCS box containing 2a, tandem duplicate 1",ankyrin repeat and SOCS box containing 2a,ENSDARG00000003797,ZDB-GENE-030131-5355,20,27295701.0,27311675.0,-,protein_coding,"Ensembl ID, GRCz11 chr/start/end/strand re-verified against Ensembl REST on 2026-09-04",open,open,Muscle protein turnover & proteolysis,Ubiquitin ligase / muscle,Body weight; gutted weight,GWAS/QTL; Expression,A - named in a verified primary teleost study,Reference metadata verified in PubMed/Crossref; gene-level claim not re-checked against the full text,Oreochromis niloticus; Salmo salar; Danio rerio,LG19,Growth inhibition role; highly expressed during fasting in Atlantic salmon,Yoshida GM et al. (2021) BMC Genomics 22:57,Multi-trait GWAS using imputed high-density genotypes from whole-genome sequencing identifies genes associated with body traits in Nile tilapia,10.1186/s12864-020-07341-z,33451291,teleost,asb2a.1,A,False,False,direct_symbol_match,high,asb2a.1,NC_069728.1,19360292.0,19378413.0,,chr19,ok,chr19:19360292-19378413,
asb2b,ASB2b,ankyrin repeat and SOCS box containing 2b,ankyrin repeat and SOCS box containing 2b,ENSDARG00000102490,ZDB-GENE-040426-20,17,53311243.0,53318153.0,+,protein_coding,"Ensembl ID, GRCz11 chr/start/end/strand re-verified against Ensembl REST on 2026-09-04",open,open,Muscle protein turnover & proteolysis,Ubiquitin ligase / muscle,Body weight,Pathway core,"C - pathway annotation only, no primary study cited",No primary study cited,Danio rerio,,Duplicated ASB2; muscle E3 ligase substrate receptor,No primary study cited - canonical pathway member (Ensembl/ZFIN gene record),,,,teleost,asb2b,C,False,False,direct_symbol_match,high,asb2b,NC_069719.1,10644369.0,10653020.0,,chr10,ok,chr10:10644369-10653020,
asip2b,AGRP2; agrp2,"agouti signaling protein, nonagouti homolog (mouse) 2b",agouti related neuropeptide 2,ENSDARG00000114760,ZDB-GENE-150212-1,2,7419986.0,7431590.0,-,protein_coding,"Ensembl ID, GRCz11 chr/start/end/strand re-verified against Ensembl REST on 2026-09-04",open,open,Appetite & energy balance,Appetite / energy balance,Feed intake; pigmentation,Pathway core,"B - verified primary study, supporting evidence",Reference metadata verified in PubMed/Crossref; gene-level claim not re-checked against the full text,Danio rerio,,Teleost-specific AGRP paralogue,Zhang C et al. (2010) PNAS 107:20164-20171,Pineal-specific agouti protein regulates teleost background adaptation,10.1073/pnas.1014941107,20980662,teleost,asip2b,B,False,False,direct_symbol_match,high,asip2b,NC_069713.1,30667680.0,30675345.0,,chr4,ok,chr4:30667680-30675345,
atg7,ATG7,ATG7 autophagy related 7 homolog (S. cerevisiae),autophagy related 7,ENSDARG00000102893,ZDB-GENE-030131-1633,11,816106.0,891674.0,-,protein_coding,"Ensembl ID, GRCz11 chr/start/end/strand re-verified against Ensembl REST on 2026-09-04",open,open,Muscle protein turnover & proteolysis,Autophagy,Protein turnover,Pathway core,"C - pathway annotation only, no primary study cited",No primary study cited,Danio rerio,,Core autophagy enzyme; balances muscle protein degradation,No primary study cited - canonical pathway member (Ensembl/ZFIN gene record),,,,teleost,atg7,C,False,False,direct_symbol_match,high,atg7,NC_069729.1,13146402.0,13256378.0,,chr20,ok,chr20:13146402-13256378,
atp6v1h,ATP6V1H,ATPase H+ transporting V1 subunit H,ATPase H+ transporting V1 subunit H,ENSDARG00000006370,ZDB-GENE-021219-2,2,30786773.0,30846927.0,+,protein_coding,"Ensembl ID, GRCz11 chr/start/end/strand re-verified against Ensembl REST on 2026-09-04",open,open,Muscle protein turnover & proteolysis,Lysosomal proteolysis,Body weight,GWAS/QTL,A - named in a verified primary teleost study,Reference metadata verified in PubMed/Crossref; gene-level claim not re-checked against the full text,Oncorhynchus mykiss; Danio rerio,,V-ATPase subunit acidifying lysosomes; within growth-associated region,Ali A et al. (2020) BMC Genomics 21:209,Genome-wide identification of loci associated with growth in rainbow trout,10.1186/s12864-020-6617-x,32138655,teleost,atp6v1h,A,False,False,direct_symbol_match,high,atp6v1h,NC_069713.1,23344843.0,23379648.0,,chr4,ok,chr4:23344843-23379648,
becn1,"BECN1, beclin-1","beclin 1, autophagy related",beclin 1,ENSDARG00000079128,ZDB-GENE-040426-1666,12,14556092.0,14703429.0,+,protein_coding,"Ensembl ID, GRCz11 chr/start/end/strand re-verified against Ensembl REST on 2026-09-04",open,open,Muscle protein turnover & proteolysis,Autophagy,Protein turnover,Pathway core,"C - pathway annotation only, no primary study cited",No primary study cited,Danio rerio,,Autophagy initiation; nutrient-responsive proteolysis,No primary study cited - canonical pathway member (Ensembl/ZFIN gene record),,,,teleost,becn1,C,False,False,direct_symbol_match,high,becn1,NC_069721.1,768432.0,778271.0,,chr12,ok,chr12:768432-778271,
bloc1s2,"BLOS2, BLOC1S2","biosis of lysosomal organelles complex-1, subunit 2","biogenesis of lysosomal organelles complex-1, subunit 2",ENSDARG00000046081,ZDB-GENE-050809-129,20,7584211.0,7593106.0,+,protein_coding,"Ensembl ID, GRCz11 chr/start/end/strand re-verified against Ensembl REST on 2026-09-04",open,open,Other growth signalling & trafficking,Vesicle trafficking,Body weight,GWAS/QTL,A - named in a verified primary teleost study,Reference metadata verified in PubMed/Crossref; gene-level claim not re-checked against the full text,Oncorhynchus mykiss; Danio rerio,Omy4,Negative Notch regulator; knockout embryonic lethal,Ali A et al. (2020) BMC Genomics 21:209,Genome-wide identification of loci associated with growth in rainbow trout,10.1186/s12864-020-6617-x,32138655,teleost,bloc1s2,A,False,False,direct_symbol_match,high,bloc1s2,NC_069728.1,6116665.0,6122689.0,,chr19,ok,chr19:6116665-6122689,
bmp2a,BMP2,bone morphotic protein 2a,bone morphogenetic protein 2a,ENSDARG00000013409,ZDB-GENE-980526-388,17,4227254.0,4231532.0,-,protein_coding,"Ensembl ID, GRCz11 chr/start/end/strand re-verified against Ensembl REST on 2026-09-04",open,open,Myostatin / TGF-beta / BMP,BMP / skeletal,Skeletal growth; body depth,Pathway core,"C - pathway annotation only, no primary study cited",No primary study cited,Danio rerio; Oreochromis niloticus,,Osteoinductive ligand driving bone and cartilage formation,No primary study cited - canonical pathway member (Ensembl/ZFIN gene record),,,,teleost,bmp2a,C,False,False,direct_symbol_match,high,bmp2a,NC_069719.1,11918019.0,11922709.0,,chr10,ok,chr10:11918019-11922709,
bmp2b,BMP2b,bone morphotic protein 2b,bone morphogenetic protein 2b,ENSDARG00000041430,ZDB-GENE-980526-474,20,45893173.0,45899149.0,+,protein_coding,"Ensembl ID, GRCz11 chr/start/end/strand re-verified against Ensembl REST on 2026-09-04",open,open,Myostatin / TGF-beta / BMP,BMP / skeletal,Skeletal growth,Pathway core,"C - pathway annotation only, no primary study cited",No primary study cited,Danio rerio,,Dorsoventral patterning and skeletal development,No primary study cited - canonical pathway member (Ensembl/ZFIN gene record),,,,teleost,bmp2b,C,False,False,direct_symbol_match,high,bmp2b,NC_069728.1,9420628.0,9425628.0,,chr19,ok,chr19:9420628-9425628,
bmp4,BMP4,bone morphotic protein 4,bone morphogenetic protein 4,ENSDARG00000019995,ZDB-GENE-980528-2059,17,50564070.0,50586135.0,+,protein_coding,"Ensembl ID, GRCz11 chr/start/end/strand re-verified against Ensembl REST on 2026-09-04",open,open,Myostatin / TGF-beta / BMP,BMP / skeletal,Body shape; craniofacial,Pathway core,"C - pathway annotation only, no primary study cited",No primary study cited,Danio rerio; Astatotilapia burtoni,,Classic modulator of jaw and body shape in fish adaptive radiation,No primary study cited - canonical pathway member (Ensembl/ZFIN gene record),,,,teleost,bmp4,C,False,False,direct_symbol_match,high,bmp4,NC_069719.1,11427107.0,11435422.0,,chr10,ok,chr10:11427107-11435422,
bmp6,BMP6,bone morphotic protein 6,bone morphogenetic protein 6,ENSDARG00000015686,ZDB-GENE-050306-42,24,7861373.0,7935809.0,+,protein_coding,"Ensembl ID, GRCz11 chr/start/end/strand re-verified against Ensembl REST on 2026-09-04",open,open,Myostatin / TGF-beta / BMP,BMP / skeletal,Skeletal; tooth/bone,Pathway core,"C - pathway annotation only, no primary study cited",No primary study cited,Danio rerio; Gasterosteus aculeatus,,Skeletal element size regulator; stickleback tooth number QTL gene,No primary study cited - canonical pathway member (Ensembl/ZFIN gene record),,,,teleost,bmp6,C,False,False,direct_symbol_match,high,bmp6,NC_069731.1,9072565.0,9147232.0,,chr22,ok,chr22:9072565-9147232,
bmp7a,BMP7,bone morphotic protein 7a,bone morphogenetic protein 7a,ENSDARG00000018260,ZDB-GENE-000208-25,11,7107798.0,7147540.0,-,protein_coding,"Ensembl ID, GRCz11 chr/start/end/strand re-verified against Ensembl REST on 2026-09-04",open,open,Myostatin / TGF-beta / BMP,BMP / skeletal,Skeletal growth,Pathway core,"C - pathway annotation only, no primary study cited",No primary study cited,Danio rerio,,Osteogenic BMP ligand,No primary study cited - canonical pathway member (Ensembl/ZFIN gene record),,,,teleost,bmp7a,C,False,False,direct_symbol_match,high,bmp7a,NC_069729.1,5453318.0,5477109.0,,chr20,ok,chr20:5453318-5477109,
bmpr1aa,BMPR1A,"bone morphotic protein receptor, type IAa",bone morphogenetic protein receptor type 1aa,ENSDARG00000019728,ZDB-GENE-000502-1,13,22555342.0,22619790.0,+,protein_coding,"Ensembl ID, GRCz11 chr/start/end/strand re-verified against Ensembl REST on 2026-09-04",open,open,Myostatin / TGF-beta / BMP,BMP / skeletal,Skeletal growth,Pathway core,"C - pathway annotation only, no primary study cited",No primary study cited,Danio rerio,,Type I BMP receptor in bone formation,No primary study cited - canonical pathway member (Ensembl/ZFIN gene record),,,,teleost,bmpr1aa,C,False,False,direct_symbol_match,high,bmpr1aa,NC_069712.1,10345016.0,10382349.0,,chr3,ok,chr3:10345016-10382349,
capn2a,"CAPN2, m-calpain; capn2","calpain 2, (m/II) large subunit a",calpain 2,ENSDARG00000091699,ZDB-GENE-050320-69,13,42725712.0,42757565.0,-,protein_coding,"Ensembl ID, GRCz11 chr/start/end/strand re-verified against Ensembl REST on 2026-09-04",open,open,Muscle protein turnover & proteolysis,Muscle proteolysis,Carcass weight,GWAS/QTL; Pathway core,A - named in a verified primary teleost study,Reference metadata verified in PubMed/Crossref; gene-level claim not re-checked against the full text,Oncorhynchus mykiss; Danio rerio,Omy17,Within carcass-weight-associated region; calcium-dependent muscle protein degradation,Gonzalez-Pena D et al. (2016) Frontiers in Genetics 7:203,"Genome-wide association study for identifying loci that affect fillet yield, carcass, and body weight traits in rainbow trout (Oncorhynchus mykiss)",10.3389/fgene.2016.00203,27920797,teleost,capn2a,A,False,False,blast_ortholog,high,LOC113547602,NC_069734.1,16179521.0,16199414.0,BLAST ortholog (protein XP_034155515.2),chr25,ok,chr25:16179521-16199414,
capn3a,"CAPN3, calpain 3","calpain 3a, (p94)",calpain 3a,ENSDARG00000041864,ZDB-GENE-040912-97,17,45305645.0,45346635.0,+,protein_coding,"Ensembl ID, GRCz11 chr/start/end/strand re-verified against Ensembl REST on 2026-09-04",open,open,Muscle protein turnover & proteolysis,Muscle proteolysis,Fillet texture; muscle turnover,Pathway core; Expression,"B - verified primary study, supporting evidence",Reference metadata verified in PubMed/Crossref; gene-level claim not re-checked against the full text,Danio rerio; Oncorhynchus mykiss,,Muscle-specific calpain; post-mortem tenderisation and sarcomere remodelling,Salem M et al. (2006) Comparative Biochemistry and Physiology Part D 1:227-237,Molecular characterization of muscle atrophy and proteolysis associated with spawning in rainbow trout,10.1016/j.cbd.2005.12.003,20483254,teleost,capn3a,B,False,False,direct_symbol_match,high,capn3a,NC_069719.1,15307264.0,15318176.0,,chr10,ok,chr10:15307264-15318176,
capns1a,CAPNS1,"calpain, small subunit 1 a","calpain, small subunit 1a",ENSDARG00000035329,ZDB-GENE-030113-3,5,36654817.0,36665694.0,+,protein_coding,"Ensembl ID, GRCz11 chr/start/end/strand re-verified against Ensembl REST on 2026-09-04",open,open,Muscle protein turnover & proteolysis,Muscle proteolysis,Muscle turnover,Pathway core,"C - pathway annotation only, no primary study cited",No primary study cited,Danio rerio,,Regulatory subunit required for calpain activity,No primary study cited - canonical pathway member (Ensembl/ZFIN gene record),,,,teleost,capns1a,C,False,False,direct_symbol_match,high,capns1a,NC_069736.1,17477849.0,17487098.0,,chr27,ok,chr27:17477849-17487098,
cart2,"CART, CARTPT",cocaine- and amphetamine-regulated transcript 2,cocaine- and amphetamine-regulated transcript 2,ENSDARG00000045832,ZDB-GENE-050417-23,25,19441920.0,19443421.0,-,protein_coding,"Ensembl ID, GRCz11 chr/start/end/strand re-verified against Ensembl REST on 2026-09-04",open,open,Appetite & energy balance,Appetite / energy balance,Feed intake,Pathway core; Expression,B - verified review / pathway reference only,Reference metadata verified in PubMed/Crossref; gene-level claim not re-checked against the full text,Danio rerio; Oncorhynchus mykiss,,Anorexigenic neuropeptide reducing feed intake,Volkoff H (2016) Frontiers in Neuroscience 10:540; Ronnestad I et al. (2017) Frontiers in Endocrinology 8:73,The neuroendocrine regulation of food intake in fish: a review of current knowledge | Appetite-controlling endocrine systems in teleosts,10.3389/fnins.2016.00540; 10.3389/fendo.2017.00073,28458653,teleost,cart2,B,False,False,direct_symbol_match,high,cart2,NC_069716.1,22905180.0,22906190.0,,chr7,ok,chr7:22905180-22906190,
cav1,"CAV1, caveolin-1",caveolin 1,caveolin 1,ENSDARG00000103747,ZDB-GENE-030131-2415,25,18563476.0,18577586.0,+,protein_coding,"Ensembl ID, GRCz11 chr/start/end/strand re-verified against Ensembl REST on 2026-09-04",open,open,Myogenesis & sarcomere,Membrane signalling,Body weight,GWAS/QTL,A - named in a verified primary teleost study,Reference metadata verified in PubMed/Crossref; gene-level claim not re-checked against the full text,Oncorhynchus mykiss; Danio rerio,Omy2,Inhibits TGF-beta activity and suppresses cell proliferation; growth-associated in trout,Ali A et al. (2020) BMC Genomics 21:209,Genome-wide identification of loci associated with growth in rainbow trout,10.1186/s12864-020-6617-x,32138655,teleost,cav1,A,False,False,direct_symbol_match,high,cav1,NC_069716.1,27954838.0,27967238.0,,chr7,ok,chr7:27954838-27967238,
cav3,"CAV3, caveolin-3",caveolin 3,caveolin 3,ENSDARG00000024141,ZDB-GENE-050522-426,6,41996066.0,42003780.0,-,protein_coding,"Ensembl ID, GRCz11 chr/start/end/strand re-verified against Ensembl REST on 2026-09-04",open,open,Myogenesis & sarcomere,Membrane signalling,Muscle growth,Pathway core,"C - pathway annotation only, no primary study cited",No primary study cited,Danio rerio,,Muscle-specific caveolin; scaffolds myostatin and IGF receptor signalling,No primary study cited - canonical pathway member (Ensembl/ZFIN gene record),,,,teleost,cav3,C,False,False,direct_symbol_match,high,cav3,NC_069711.1,15380657.0,15384908.0,,chr2,ok,chr2:15380657-15384908,
ccdc102a,CCDC102A,coiled-coil domain containing 102A,coiled-coil domain containing 102A,ENSDARG00000003872,ZDB-GENE-030131-4044,7,28724910.0,28837318.0,+,protein_coding,"Ensembl ID, GRCz11 chr/start/end/strand re-verified against Ensembl REST on 2026-09-04",open,open,"Cell cycle, chromatin & transcription",Uncharacterised,Body weight,GWAS/QTL,A - named in a verified primary teleost study,Reference metadata verified in PubMed/Crossref; gene-level claim not re-checked against the full text,Oreochromis niloticus; Danio rerio,,Intercepted by body-trait lead SNP; function in growth unclear,Yoshida GM et al. (2021) BMC Genomics 22:57,Multi-trait GWAS using imputed high-density genotypes from whole-genome sequencing identifies genes associated with body traits in Nile tilapia,10.1186/s12864-020-07341-z,33451291,teleost,ccdc102a,A,False,False,direct_symbol_match,high,ccdc102a,NC_069720.1,781207.0,833662.0,,chr11,ok,chr11:781207-833662,
ccka,CCK,cholecystokinin a,cholecystokinin a,ENSDARG00000070810,ZDB-GENE-100922-79,16,5774977.0,5779201.0,+,protein_coding,"Ensembl ID, GRCz11 chr/start/end/strand re-verified against Ensembl REST on 2026-09-04",open,open,Appetite & energy balance,Appetite / gut hormone,Feed intake; digestion,Pathway core; Expression,B - verified review / pathway reference only,Reference metadata verified in PubMed/Crossref; gene-level claim not re-checked against the full text,Danio rerio; Oncorhynchus mykiss,,Gut satiety hormone; regulates meal size and digestive enzyme secretion,Volkoff H (2016) Frontiers in Neuroscience 10:540; Ronnestad I et al. (2017) Frontiers in Endocrinology 8:73,The neuroendocrine regulation of food intake in fish: a review of current knowledge | Appetite-controlling endocrine systems in teleosts,10.3389/fnins.2016.00540; 10.3389/fendo.2017.00073,28458653,teleost,ccka,B,False,False,direct_symbol_match,high,ccka,NC_069710.1,17958742.0,17960714.0,,chr1,ok,chr1:17958742-17960714,
cckar,CCKAR,cholecystokinin A receptor,cholecystokinin A receptor,ENSDARG00000052089,,7,62229075.0,62244744.0,-,protein_coding,"Ensembl gene has no ZFIN display name or ZFIN ID; symbol ""cckar"" assigned by the compiler from the Ensembl HGNC-derived description. Coordinates verified.",open,,Appetite & energy balance,Appetite / gut hormone,Feed intake,Pathway core,B - verified review / pathway reference only,Reference metadata verified in PubMed/Crossref; gene-level claim not re-checked against the full text,Danio rerio,,Mediates CCK-induced satiety,Volkoff H (2016) Frontiers in Neuroscience 10:540; Ronnestad I et al. (2017) Frontiers in Endocrinology 8:73,The neuroendocrine regulation of food intake in fish: a review of current knowledge | Appetite-controlling endocrine systems in teleosts,10.3389/fnins.2016.00540; 10.3389/fendo.2017.00073,28458653,teleost,cckar,B,False,False,direct_symbol_match,high,cckar,NC_069713.1,16587167.0,16594591.0,,chr4,ok,chr4:16587167-16594591,
ccna2,"CCNA2, cyclin A2",cyclin A2,cyclin A2,ENSDARG00000011094,ZDB-GENE-020418-1,14,46354648.0,46374870.0,-,protein_coding,"Ensembl ID, GRCz11 chr/start/end/strand re-verified against Ensembl REST on 2026-09-04",open,open,"Cell cycle, chromatin & transcription",Cell cycle,Body weight,GWAS/QTL,A - named in a verified primary teleost study,Reference metadata verified in PubMed/Crossref; gene-level claim not re-checked against the full text,Oncorhynchus mykiss; Danio rerio,Omy14,Regulates DNA synthesis initiation and progression; trout growth candidate,Ali A et al. (2020) BMC Genomics 21:209,Genome-wide identification of loci associated with growth in rainbow trout,10.1186/s12864-020-6617-x,32138655,teleost,ccna2,A,False,False,direct_symbol_match,high,ccna2,NC_069716.1,5508789.0,5513132.0,,chr7,ok,chr7:5508789-5513132,
ccnd1,"CCND1, cyclin D1",cyclin D1,cyclin D1,ENSDARG00000101637,ZDB-GENE-980526-176,7,54668303.0,54679595.0,-,protein_coding,"Ensembl ID, GRCz11 chr/start/end/strand re-verified against Ensembl REST on 2026-09-04",open,open,"Cell cycle, chromatin & transcription",Cell cycle,Body weight,GWAS/QTL; Pathway core,A - named in a verified primary teleost study,Reference metadata verified in PubMed/Crossref; gene-level claim not re-checked against the full text,Oncorhynchus mykiss; Danio rerio,Omy2,G1/S cyclin regulating DNA synthesis initiation; growth-associated in trout,Ali A et al. (2020) BMC Genomics 21:209,Genome-wide identification of loci associated with growth in rainbow trout,10.1186/s12864-020-6617-x,32138655,teleost,ccnd1,A,False,False,direct_symbol_match,high,ccnd1,NC_069720.1,4506675.0,4513911.0,,chr11,ok,chr11:4506675-4513911,
cd36,CD36,CD36 molecule (CD36 blood group),CD36 molecule,ENSDARG00000032639,ZDB-GENE-040718-55,4,22658472.0,22671469.0,-,protein_coding,"Ensembl ID, GRCz11 chr/start/end/strand re-verified against Ensembl REST on 2026-09-04",open,open,Lipid & energy metabolism,Lipid transport,Feed intake; lipid uptake,Pathway core,"C - pathway annotation only, no primary study cited",No primary study cited,Danio rerio,,Fatty acid translocase; lipid sensing and uptake,No primary study cited - canonical pathway member (Ensembl/ZFIN gene record),,,,teleost,cd36,C,False,False,direct_symbol_match,high,cd36,NC_069727.1,2025506.0,2041375.0,,chr18,ok,chr18:2025506-2041375,
cdk12,CDK12,cyclin dependent kinase 12,cyclin dependent kinase 12,ENSDARG00000063726,ZDB-GENE-081104-294,19,4856351.0,4905342.0,+,protein_coding,"Ensembl ID, GRCz11 chr/start/end/strand re-verified against Ensembl REST on 2026-09-04",open,open,"Cell cycle, chromatin & transcription",Cell cycle,Body weight,GWAS/QTL,A - named in a verified primary teleost study,Reference metadata verified in PubMed/Crossref; gene-level claim not re-checked against the full text,Oncorhynchus mykiss; Danio rerio,Omy13,Maintains genomic stability; within trout growth-associated window,Ali A et al. (2020) BMC Genomics 21:209,Genome-wide identification of loci associated with growth in rainbow trout,10.1186/s12864-020-6617-x,32138655,teleost,cdk12,A,False,False,direct_symbol_match,high,cdk12,NC_069732.1,1255609.0,1284809.0,,chr23,ok,chr23:1255609-1284809,
ckma,CKM,"creatine kinase, muscle a","creatine kinase, muscle a",ENSDARG00000035327,ZDB-GENE-980526-109,5,36832079.0,36837846.0,-,protein_coding,"Ensembl ID, GRCz11 chr/start/end/strand re-verified against Ensembl REST on 2026-09-04",open,open,Myogenesis & sarcomere,Muscle energetics,Muscle growth,Pathway core,"C - pathway annotation only, no primary study cited",No primary study cited,Danio rerio; Oncorhynchus mykiss,,Muscle energy buffering enzyme; marker of muscle differentiation,No primary study cited - canonical pathway member (Ensembl/ZFIN gene record),,,,teleost,ckma,C,False,False,direct_symbol_match,high,ckma,NC_069736.1,17372541.0,17377481.0,,chr27,ok,chr27:17372541-17377481,
clint1a,CLINT1,clathrin interactor 1a,clathrin interactor 1a,ENSDARG00000025535,ZDB-GENE-030131-2590,14,35279343.0,35390283.0,+,protein_coding,"Ensembl ID, GRCz11 chr/start/end/strand re-verified against Ensembl REST on 2026-09-04",open,open,Lipid & energy metabolism,Endocytosis,Body weight,GWAS/QTL,A - named in a verified primary teleost study,Third-order check (rev 4): the source paper full text was retrieved and this row was compared against the paper's own gene table. Confirmed as a candidate gene in the grass carp paper.,Ctenopharyngodon idella; Danio rerio,,"Mediates clathrin-dependent endocytosis for nutrient/protein uptake. The study analysed body weight, body length, body height and body depth, and reported 90 significant SNPs across 14 chromosomes.",Chen Y et al. (2025) Animals 15:1888,Genome-wide association analysis and genomic selection for growth traits in grass carp (Ctenopharyngodon idella),10.3390/ani15131888,,teleost,clint1a,A,False,False,direct_symbol_match,high,clint1a,NC_069716.1,14602899.0,14624196.0,,chr7,ok,chr7:14602899-14624196,
cnp,CNP,"2'',3''-cyclic nucleotide 3'' phosphodiesterase","2',3'-cyclic nucleotide 3' phosphodiesterase",ENSDARG00000070822,ZDB-GENE-030521-29,3,17933132.0,17946949.0,+,protein_coding,"Ensembl ID, GRCz11 chr/start/end/strand re-verified against Ensembl REST on 2026-09-04",open,open,"Cell cycle, chromatin & transcription",Development,Body weight,GWAS/QTL,A - named in a verified primary teleost study,Reference metadata verified in PubMed/Crossref; gene-level claim not re-checked against the full text,Oncorhynchus mykiss; Danio rerio,Omy13,Regulates blood supply to the developing embryo,Ali A et al. (2020) BMC Genomics 21:209,Genome-wide identification of loci associated with growth in rainbow trout,10.1186/s12864-020-6617-x,32138655,teleost,cnp,A,False,False,direct_symbol_match,high,cnp,NC_069722.1,6324116.0,6329329.0,,chr13,ok,chr13:6324116-6329329,
cntn4,CNTN4,contactin 4,contactin 4,ENSDARG00000098161,ZDB-GENE-060929-776,6,45494227.0,45838103.0,+,protein_coding,Ensembl ID and GRCz11 coordinates verified 2026-09-04.,open,open,"Life-history, sex & maturation",Life-history / maturation,Sea age at maturity (size at harvest is a downstream consequence),GWAS/QTL,A - named in a verified primary teleost study,"Second-order check: source paper text read and the gene, trait, locus and effect size below confirmed against it (4 Sep 2026)",Salmo salar; Danio rerio,Ssa22 (chr22),Contactin 4. Candidate gene at an age-at-maturity association signal on chromosome 22 in Atlantic salmon; previously associated with age at maturity in other vertebrates including humans.,Sinclair-Waters M et al. (2020) Genetics Selection Evolution 52:9,Beyond large-effect loci: large-scale GWAS reveals a mixed large-effect and polygenic architecture for age at maturity of Atlantic salmon,10.1186/s12711-020-0529-8,32050893,teleost,cntn4,A,False,False,direct_symbol_match,high,cntn4,NC_069711.1,6749537.0,6907652.0,,chr2,ok,chr2:6749537-6907652,
col10a1a,COL10A1,"collagen, type X, alpha 1a",collagen type X alpha 1a,ENSDARG00000054753,ZDB-GENE-030131-8373,17,15542077.0,15546862.0,-,protein_coding,"Ensembl ID, GRCz11 chr/start/end/strand re-verified against Ensembl REST on 2026-09-04",open,open,"Skeletal, ECM & body shape",ECM / skeletal,Bone growth,Pathway core,"C - pathway annotation only, no primary study cited",No primary study cited,Danio rerio,,Hypertrophic chondrocyte collagen marking endochondral ossification,No primary study cited - canonical pathway member (Ensembl/ZFIN gene record),,,,teleost,col10a1a,C,False,False,direct_symbol_match,high,col10a1a,NC_069719.1,25901450.0,25906697.0,,chr10,ok,chr10:25901450-25906697,
col1a1a,COL1A1,"collagen, type I, alpha 1a",collagen type I alpha 1a,ENSDARG00000012405,ZDB-GENE-030131-9102,3,23221047.0,23239458.0,+,protein_coding,"Ensembl ID, GRCz11 chr/start/end/strand re-verified against Ensembl REST on 2026-09-04",open,open,"Skeletal, ECM & body shape",ECM / skeletal,Skeletal growth; flesh texture,Pathway core,"C - pathway annotation only, no primary study cited",No primary study cited,Danio rerio; Oncorhynchus mykiss,,Principal bone and connective-tissue collagen; determines skeletal and flesh structure,No primary study cited - canonical pathway member (Ensembl/ZFIN gene record),,,,teleost,col1a1a,C,False,False,direct_symbol_match,high,col1a1a,NC_069722.1,10065857.0,10085557.0,,chr13,ok,chr13:10065857-10085557,
col1a1b,COL1A1b,"collagen, type I, alpha 1b",collagen type I alpha 1b,ENSDARG00000035809,ZDB-GENE-030131-4400,12,3095699.0,3133483.0,-,protein_coding,"Ensembl ID, GRCz11 chr/start/end/strand re-verified against Ensembl REST on 2026-09-04",open,open,"Skeletal, ECM & body shape",ECM / skeletal,Skeletal growth,Pathway core,"C - pathway annotation only, no primary study cited",No primary study cited,Danio rerio,,Duplicated type I collagen alpha chain,No primary study cited - canonical pathway member (Ensembl/ZFIN gene record),,,,teleost,col1a1b,C,False,False,direct_symbol_match,high,col1a1b,NC_069721.1,5293545.0,5315314.0,,chr12,ok,chr12:5293545-5315314,
col1a2,COL1A2,"collagen, type I, alpha 2",collagen type I alpha 2,ENSDARG00000020007,ZDB-GENE-030131-8415,19,40983221.0,41002980.0,+,protein_coding,"Ensembl ID, GRCz11 chr/start/end/strand re-verified against Ensembl REST on 2026-09-04",open,open,"Skeletal, ECM & body shape",ECM / skeletal,Skeletal growth,Pathway core,"C - pathway annotation only, no primary study cited",No primary study cited,Danio rerio,,Type I collagen alpha-2 chain; bone matrix,No primary study cited - canonical pathway member (Ensembl/ZFIN gene record),,,,teleost,col1a2,C,False,False,direct_symbol_match,high,col1a2,NC_069732.1,9186680.0,9205780.0,,chr23,ok,chr23:9186680-9205780,
col2a1a,COL2A1,"collagen, type II, alpha 1a",collagen type II alpha 1a,ENSDARG00000069093,ZDB-GENE-980526-192,8,21195420.0,21219473.0,+,protein_coding,"Ensembl ID, GRCz11 chr/start/end/strand re-verified against Ensembl REST on 2026-09-04",open,open,"Skeletal, ECM & body shape",ECM / skeletal,Cartilage; body length,Pathway core,"C - pathway annotation only, no primary study cited",No primary study cited,Danio rerio,,Cartilage collagen determining endochondral growth,No primary study cited - canonical pathway member (Ensembl/ZFIN gene record),,,,teleost,col2a1a,C,False,False,direct_symbol_match,high,col2a1a,NC_069717.1,11453845.0,11479115.0,,chr8,ok,chr8:11453845-11479115,
col4a1,COL4A1,"collagen, type IV, alpha 1",collagen type IV alpha 1,ENSDARG00000055009,ZDB-GENE-081105-114,9,8634229.0,8670158.0,-,protein_coding,"Ensembl ID, GRCz11 chr/start/end/strand re-verified against Ensembl REST on 2026-09-04",open,open,"Skeletal, ECM & body shape",ECM / skeletal,Body weight; body length; gutted weight,GWAS/QTL,A - named in a verified primary teleost study,Reference metadata verified in PubMed/Crossref; gene-level claim not re-checked against the full text,Oreochromis niloticus; Danio rerio,LG16,"Within 100 kb of lead SNPs for ADG, harvest weight, waste weight, head-on and body length; basement-membrane collagen in skeletal development",Yoshida GM et al. (2021) BMC Genomics 22:57,Multi-trait GWAS using imputed high-density genotypes from whole-genome sequencing identifies genes associated with body traits in Nile tilapia,10.1186/s12864-020-07341-z,33451291,teleost,col4a1,A,False,False,direct_symbol_match,high,col4a1,NC_069714.1,12907890.0,12953558.0,,chr5,ok,chr5:12907890-12953558,
cpb2,CPB2,carboxypeptidase B2 (plasma),carboxypeptidase B2,ENSDARG00000037144,ZDB-GENE-050522-259,1,29759678.0,29764060.0,+,protein_coding,"Ensembl ID, GRCz11 chr/start/end/strand re-verified against Ensembl REST on 2026-09-04",open,open,Muscle protein turnover & proteolysis,Proteolysis,Body weight,GWAS/QTL,A - named in a verified primary teleost study,Reference metadata verified in PubMed/Crossref; gene-level claim not re-checked against the full text,Oncorhynchus mykiss; Danio rerio,,Peptidase within growth-associated region,Ali A et al. (2020) BMC Genomics 21:209,Genome-wide identification of loci associated with growth in rainbow trout,10.1186/s12864-020-6617-x,32138655,teleost,cpb2,A,False,False,direct_symbol_match,high,cpb2,NC_069735.1,11646120.0,11653277.0,,chr26,ok,chr26:11646120-11653277,
cpt1aa,CPT1A,carnitine palmitoyltransferase 1Aa (liver),carnitine palmitoyltransferase 1Aa,ENSDARG00000059770,ZDB-GENE-060503-925,7,48805534.0,48830121.0,+,protein_coding,"Ensembl ID, GRCz11 chr/start/end/strand re-verified against Ensembl REST on 2026-09-04",open,open,Lipid & energy metabolism,Lipid oxidation,Energy partitioning,Pathway core,"C - pathway annotation only, no primary study cited",No primary study cited,Danio rerio; Oncorhynchus mykiss,,Rate-limiting step of mitochondrial fatty acid oxidation,No primary study cited - canonical pathway member (Ensembl/ZFIN gene record),,,,teleost,cpt1aa,C,False,False,direct_symbol_match,high,cpt1aa,NC_069734.1,9568380.0,9586525.0,,chr25,ok,chr25:9568380-9586525,
cpt1b,CPT1B,carnitine palmitoyltransferase 1B (muscle),carnitine palmitoyltransferase 1B,ENSDARG00000058285,ZDB-GENE-041010-9,18,8340886.0,8367566.0,+,protein_coding,"Ensembl ID, GRCz11 chr/start/end/strand re-verified against Ensembl REST on 2026-09-04",open,open,Lipid & energy metabolism,Lipid oxidation,Energy partitioning,Pathway core,"C - pathway annotation only, no primary study cited",No primary study cited,Danio rerio,,Muscle isoform of CPT1; fuel selection during growth,No primary study cited - canonical pathway member (Ensembl/ZFIN gene record),,,,teleost,cpt1b,C,False,False,direct_symbol_match,high,cpt1b,NC_069715.1,7881106.0,7891868.0,,chr6,ok,chr6:7881106-7891868,
crhb,CRH,corticotropin releasing hormone b,corticotropin releasing hormone b,ENSDARG00000027657,ZDB-GENE-041114-75,24,24847683.0,24881996.0,-,protein_coding,"Ensembl ID, GRCz11 chr/start/end/strand re-verified against Ensembl REST on 2026-09-04",open,open,Thyroid & stress axis,Stress axis,Growth suppression; feed intake,Pathway core; Expression,B - verified review / pathway reference only,Reference metadata verified in PubMed/Crossref; gene-level claim not re-checked against the full text,Danio rerio; Oncorhynchus mykiss,,Anorexigenic stress peptide suppressing feeding and growth,Volkoff H (2016) Frontiers in Neuroscience 10:540; Ronnestad I et al. (2017) Frontiers in Endocrinology 8:73,The neuroendocrine regulation of food intake in fish: a review of current knowledge | Appetite-controlling endocrine systems in teleosts,10.3389/fnins.2016.00540; 10.3389/fendo.2017.00073,28458653,teleost,crhb,B,False,False,direct_symbol_match,high,crhb,NC_069731.1,18645548.0,18647564.0,,chr22,ok,chr22:18645548-18647564,
crtap,CRTAP,cartilage associated protein,cartilage associated protein,ENSDARG00000018010,ZDB-GENE-040426-2619,19,42609132.0,42617723.0,+,protein_coding,"Ensembl ID, GRCz11 chr/start/end/strand re-verified against Ensembl REST on 2026-09-04",open,open,"Skeletal, ECM & body shape",ECM / skeletal,Body shape,Pathway core,"C - pathway annotation only, no primary study cited",Third-order check (rev 4): the source paper full text was retrieved and this row was compared against the paper's own gene table. Attribution removed: the gene does not appear in the bighead carp paper.,Danio rerio,,Collagen prolyl 3-hydroxylation complex. NOTE: this gene was attributed to the bighead carp GWAS in earlier revisions; retrieving that paper shows the gene is NOT mentioned in it. No teleost growth study is cited here.,No primary study cited - canonical pathway member (Ensembl/ZFIN gene record),,,,teleost,crtap,C,False,False,direct_symbol_match,high,crtap,NC_069732.1,12534117.0,12539892.0,,chr23,ok,chr23:12534117-12539892,
csnk2b,CSNK2B,"casein kinase 2, beta polypeptide",casein kinase 2 beta,ENSDARG00000077776,ZDB-GENE-990415-29,19,26730298.0,26736346.0,-,protein_coding,"Ensembl ID, GRCz11 chr/start/end/strand re-verified against Ensembl REST on 2026-09-04",open,open,Other growth signalling & trafficking,Signal transduction,Harvest body weight (differential expression),Expression,"B - verified primary study, supporting evidence",Third-order check (rev 4): the source paper full text was retrieved and this row was compared against the paper's own gene table. Evidence type corrected from GWAS/QTL to Expression: the study performed no association test.,Labeo rohita; Danio rerio,"chr19:7,748,458 (A/G, 3'UTR modifier; L. rohita)","Regulatory subunit of casein kinase 2; cell metabolism and differentiation. A 3'UTR cSNP at chr19:7,748,458 sits in a transcript differentially expressed with harvest body weight. NOTE: the rohu study is an mRNA-seq differential-expression study with coding-SNP discovery inside differentially expressed transcripts. It ran NO genome-wide association test - the authors recommend these genes for future SNP-array construction and GWAS. These variants are candidates, not validated marker-trait associations.",Nandanpawar P et al. (2023) Frontiers in Genetics 14:1153911,"Identification of differentially expressed genes and SNPs linked to harvest body weight of genetically improved rohu carp, Labeo rohita",10.3389/fgene.2023.1153911,37359361,teleost,csnk2b,B,False,False,direct_symbol_match,high,csnk2b,NC_069738.1,6528876.0,6535518.0,,chr29,ok,chr29:6528876-6535518,
ctnnb1,"CTNNB1, beta-catenin","catenin (cadherin-associated protein), beta 1",catenin beta 1,ENSDARG00000014571,ZDB-GENE-980526-362,16,6182501.0,6205790.0,-,protein_coding,"Ensembl ID, GRCz11 chr/start/end/strand re-verified against Ensembl REST on 2026-09-04",open,open,Other growth signalling & trafficking,Wnt signalling,Body size; skeletal growth,Pathway core,"C - pathway annotation only, no primary study cited",No primary study cited,Danio rerio,,Canonical Wnt effector controlling proliferation and skeletal growth,No primary study cited - canonical pathway member (Ensembl/ZFIN gene record),,,,teleost,ctnnb1,C,False,False,direct_symbol_match,high,ctnnb1,NC_069710.1,17795715.0,17807185.0,,chr1,ok,chr1:17795715-17807185,
ctsba,CTSB,cathepsin Ba,cathepsin Ba,ENSDARG00000055120,ZDB-GENE-040426-2650,17,32622931.0,32631514.0,+,protein_coding,"Ensembl ID, GRCz11 chr/start/end/strand re-verified against Ensembl REST on 2026-09-04",open,open,Muscle protein turnover & proteolysis,Lysosomal proteolysis,Protein turnover,Pathway core,"C - pathway annotation only, no primary study cited",No primary study cited,Danio rerio,,Lysosomal cysteine protease; muscle proteolysis,No primary study cited - canonical pathway member (Ensembl/ZFIN gene record),,,,teleost,ctsba,C,False,False,direct_symbol_match,high,ctsba,NC_069719.1,24299340.0,24309168.0,,chr10,ok,chr10:24299340-24309168,
ctsd,CTSD,cathepsin D,cathepsin D,ENSDARG00000057698,ZDB-GENE-010131-8,18,16133595.0,16146081.0,+,protein_coding,"Ensembl ID, GRCz11 chr/start/end/strand re-verified against Ensembl REST on 2026-09-04",open,open,Muscle protein turnover & proteolysis,Lysosomal proteolysis,Protein turnover,Pathway core,"C - pathway annotation only, no primary study cited",No primary study cited,Danio rerio,,Aspartic protease in muscle protein catabolism,No primary study cited - canonical pathway member (Ensembl/ZFIN gene record),,,,teleost,ctsd,C,False,False,direct_symbol_match,high,ctsd,NC_069715.1,11982211.0,11988559.0,,chr6,ok,chr6:11982211-11988559,
ctsk,CTSK,cathepsin K,cathepsin K,ENSDARG00000040251,ZDB-GENE-001205-4,16,29492749.0,29502787.0,+,protein_coding,"Ensembl ID, GRCz11 chr/start/end/strand re-verified against Ensembl REST on 2026-09-04",open,open,"Skeletal, ECM & body shape",Bone resorption,Skeletal turnover,Pathway core,"C - pathway annotation only, no primary study cited",No primary study cited,Danio rerio,,Osteoclast collagenase controlling bone remodelling,No primary study cited - canonical pathway member (Ensembl/ZFIN gene record),,,,teleost,ctsk,C,False,False,direct_symbol_match,high,ctsk,NC_069710.1,19558573.0,19562619.0,,chr1,ok,chr1:19558573-19562619,
ctsl.1,"CTSL, cathepsin L",cathepsin L.1,cathepsin L.1,ENSDARG00000003902,ZDB-GENE-040718-61,17,27456804.0,27461321.0,+,protein_coding,"Ensembl ID, GRCz11 chr/start/end/strand re-verified against Ensembl REST on 2026-09-04",open,open,Muscle protein turnover & proteolysis,Lysosomal proteolysis,Fillet texture; protein turnover,Pathway core; Expression,"B - verified primary study, supporting evidence",Reference metadata verified in PubMed/Crossref; gene-level claim not re-checked against the full text,Danio rerio; Oncorhynchus mykiss,,Lysosomal protease in muscle protein degradation and flesh softening,Salem M et al. (2006) Comparative Biochemistry and Physiology Part D 1:227-237,Molecular characterization of muscle atrophy and proteolysis associated with spawning in rainbow trout,10.1016/j.cbd.2005.12.003,20483254,teleost,ctsl.1,B,False,False,blast_ortholog,high,LOC113545070,NC_069719.1,6660846.0,6672676.0,BLAST ortholog (protein XP_053093490.1),chr10,ok,chr10:6660846-6672676,
cyp19a1a,"CYP19A1A, aromatase","cytochrome P450, family 19, subfamily A, polypeptide 1a","cytochrome P450, family 19, subfamily A, polypeptide 1a",ENSDARG00000041348,ZDB-GENE-990415-43,18,39620535.0,39636348.0,-,protein_coding,"Ensembl ID, GRCz11 chr/start/end/strand re-verified against Ensembl REST on 2026-09-04",open,open,"Life-history, sex & maturation",Sex determination / SSD,Sexual size dimorphism,Pathway core,"C - pathway annotation only, no primary study cited",No primary study cited,Oreochromis niloticus; Danio rerio,,Ovarian aromatase; sex steroid balance shaping growth differences between sexes,No primary study cited - canonical pathway member (Ensembl/ZFIN gene record),,,,teleost,cyp19a1a,C,False,False,blast_ortholog,high,LOC113530142,NC_069718.1,22995016.0,23000193.0,BLAST ortholog (protein XP_026775731.3),chr9,ok,chr9:22995016-23000193,
dab1a,DAB1,DAB adaptor protein 1a,DAB adaptor protein 1a,ENSDARG00000059939,ZDB-GENE-060528-1,20,8122693.0,8443425.0,-,protein_coding,"Ensembl ID, GRCz11 chr/start/end/strand re-verified against Ensembl REST on 2026-09-04",open,open,Lipid & energy metabolism,Lipid / neuronal,Intramuscular fat; body weight,GWAS/QTL,A - named in a verified primary teleost study,Reference metadata verified in PubMed/Crossref; gene-level claim not re-checked against the full text,Oncorhynchus mykiss; Danio rerio,Omy4,Associated with intramuscular fatty acid content,Ali A et al. (2020) BMC Genomics 21:209,Genome-wide identification of loci associated with growth in rainbow trout,10.1186/s12864-020-6617-x,32138655,teleost,dab1a,A,False,False,direct_symbol_match,high,dab1a,NC_069728.1,5537173.0,5893637.0,,chr19,ok,chr19:5537173-5893637,
ddit4,"REDD1, DDIT4",DNA-damage-inducible transcript 4,DNA damage inducible transcript 4,ENSDARG00000037618,ZDB-GENE-031002-35,12,48340133.0,48342259.0,+,protein_coding,"Ensembl ID, GRCz11 chr/start/end/strand re-verified against Ensembl REST on 2026-09-04",open,open,mTOR / PI3K-AKT & translation,mTOR / stress,Growth suppression,Pathway core; Expression,"B - verified primary study, supporting evidence",Reference metadata verified in PubMed/Crossref; gene-level claim not re-checked against the full text,Danio rerio; Oncorhynchus mykiss,,Stress-induced mTORC1 inhibitor; mediates cortisol-driven growth suppression,Seiliez I et al. (2008) Journal of Nutrition 138:487-491,Feeding status regulates the polyubiquitination step of the ubiquitin-proteasome-dependent proteolysis in rainbow trout muscle,10.1093/jn/138.3.487,18287354,teleost,ddit4,B,False,False,direct_symbol_match,high,ddit4,NC_069721.1,16782357.0,16784838.0,,chr12,ok,chr12:16782357-16784838,
desma,"DES, desmin",desmin a,desmin a,ENSDARG00000058656,ZDB-GENE-980526-221,9,7515864.0,7539326.0,-,protein_coding,"Ensembl ID, GRCz11 chr/start/end/strand re-verified against Ensembl REST on 2026-09-04",open,open,Myogenesis & sarcomere,Cytoskeleton,Muscle integrity,Pathway core,"C - pathway annotation only, no primary study cited",No primary study cited,Danio rerio,,Intermediate filament linking myofibrils; muscle structural integrity,No primary study cited - canonical pathway member (Ensembl/ZFIN gene record),,,,teleost,desma,C,False,False,direct_symbol_match,high,desma,NC_069714.1,21402338.0,21411149.0,,chr5,ok,chr5:21402338-21411149,
dhrs3a,DHRS3,dehydrogenase/reductase (SDR family) member 3a,dehydrogenase/reductase 3a,ENSDARG00000044982,ZDB-GENE-040801-217,23,21663631.0,21674679.0,+,protein_coding,"Ensembl ID, GRCz11 chr/start/end/strand re-verified against Ensembl REST on 2026-09-04",open,open,Other growth signalling & trafficking,Retinoid metabolism,Body weight,GWAS/QTL,A - named in a verified primary teleost study,Third-order check (rev 4): the source paper full text was retrieved and this row was compared against the paper's own gene table. Chromosome claim corrected to reflect the ambiguity in the paper.,Oncorhynchus mykiss; Danio rerio,Omy8 or Omy9 - the paper reports these three genes across chromosomes 8 and 9 without saying which gene is on which,"Retinoic acid homeostasis; knockdown causes underdeveloped head. Chromosome assignment is ambiguous: the paper states ""6 SNPs on chromosomes 8 and 9"" spanning NDUFV2, RALBP1 and DHRS3 collectively.",Ali A et al. (2020) BMC Genomics 21:209,Genome-wide identification of loci associated with growth in rainbow trout,10.1186/s12864-020-6617-x,32138655,teleost,dhrs3a,A,False,False,direct_symbol_match,high,dhrs3a,NC_069725.1,9989167.0,9995138.0,,chr16,ok,chr16:9989167-9995138,
dio1,DIO1,iodothyronine deiodinase 1,"deiodinase, iodothyronine, type I",ENSDARG00000042112,ZDB-GENE-030328-41,8,18039570.0,18042089.0,-,protein_coding,"Ensembl ID, GRCz11 chr/start/end/strand re-verified against Ensembl REST on 2026-09-04",open,open,Thyroid & stress axis,Thyroid axis,Growth rate,Pathway core,"C - pathway annotation only, no primary study cited",No primary study cited,Danio rerio; Oncorhynchus mykiss,,"Converts T4 to bioactive T3, setting peripheral growth rate",No primary study cited - canonical pathway member (Ensembl/ZFIN gene record),,,,teleost,dio1,C,False,False,blast_ortholog,low,dio3b,NC_069728.1,12071506.0,12073568.0,BLAST ortholog (protein XP_026779164.1); low sequence identity (35.4%) - flagged for manual review,chr19,ok,chr19:12071506-12073568,dio3b
dio2,DIO2,iodothyronine deiodinase 2,"deiodinase, iodothyronine, type II",ENSDARG00000094857,ZDB-GENE-030327-4,17,16873417.0,16876752.0,+,protein_coding,"Ensembl ID, GRCz11 chr/start/end/strand re-verified against Ensembl REST on 2026-09-04",open,open,Thyroid & stress axis,Thyroid axis,Growth rate; muscle,Pathway core,"C - pathway annotation only, no primary study cited",No primary study cited,Danio rerio; Sparus aurata,,Local T3 generation in muscle and brain; key growth modulator,No primary study cited - canonical pathway member (Ensembl/ZFIN gene record),,,,teleost,dio2,C,False,False,direct_symbol_match,high,dio2,NC_069719.1,27797809.0,27805095.0,,chr10,ok,chr10:27797809-27805095,
dio3b,DIO3,iodothyronine deiodinase 3b,"deiodinase, iodothyronine, type III b",ENSDARG00000095767,ZDB-GENE-070705-53,20,53802521.0,53810638.0,+,processed_transcript,"Ensembl ID, GRCz11 chr/start/end/strand re-verified against Ensembl REST on 2026-09-04",open,open,Thyroid & stress axis,Thyroid axis,Growth rate,Pathway core,"C - pathway annotation only, no primary study cited",No primary study cited,Danio rerio,,Inactivates thyroid hormones; growth brake,No primary study cited - canonical pathway member (Ensembl/ZFIN gene record),,,,teleost,dio3b,C,False,False,direct_symbol_match,high,dio3b,NC_069728.1,12071506.0,12073568.0,,chr19,ok,chr19:12071506-12073568,dio1
dis3,"RRP44, DIS3",DIS3 exosome endoribonuclease and 3'-5' exoribonuclease,"DIS3 homolog, exosome endoribonuclease and 3'-5' exoribonuclease",ENSDARG00000060559,ZDB-GENE-080213-3,1,30736449.0,30762264.0,-,protein_coding,"Ensembl ID, GRCz11 chr/start/end/strand re-verified against Ensembl REST on 2026-09-04",open,open,"Cell cycle, chromatin & transcription",RNA metabolism,Monthly weight gain; body depth,GWAS/QTL,A - named in a verified primary teleost study,"Second-order check: source paper text read and the gene, trait, locus and effect size below confirmed against it (4 Sep 2026)",Ictalurus punctatus; Danio rerio,"Chr20:14,657,971 and Chr20:14,658,012 (exon 9)","Two SNPs in exon 9 of rrp44 on chromosome 20 were significantly associated with monthly weight gain and body depth in 303 G2 channel catfish; SNP Chr20:14,658,012 explained 8.4% of the phenotypic variance in monthly weight gain and 6.9% in body depth. Exoribonuclease subunit of the RNA exosome complex.",Zhang S et al. (2026) Current Issues in Molecular Biology 48:420,Genome-wide association study suggests rrp44 is a key regulator of growth traits in channel catfish (Ictalurus punctatus),10.3390/cimb48040420,,teleost,dis3,A,False,False,direct_symbol_match,high,dis3,NC_069735.1,12187799.0,12202936.0,,chr26,ok,chr26:12187799-12202936,
dmd,"DMD, dystrophin",dystrophin,dystrophin,ENSDARG00000008487,ZDB-GENE-010426-1,1,10824351.0,11075405.0,-,protein_coding,"Ensembl ID, GRCz11 chr/start/end/strand re-verified against Ensembl REST on 2026-09-04",open,open,Myogenesis & sarcomere,Cytoskeleton,Muscle integrity,Pathway core,"C - pathway annotation only, no primary study cited",No primary study cited,Danio rerio,,Sarcolemmal anchoring protein; loss causes muscle degeneration,No primary study cited - canonical pathway member (Ensembl/ZFIN gene record),,,,teleost,dmd,C,False,False,direct_symbol_match,high,dmd,NC_069735.1,4699773.0,4960201.0,,chr26,ok,chr26:4699773-4960201,
dmrt1,DMRT1,doublesex and mab-3 related transcription factor 1,doublesex and mab-3 related transcription factor 1,ENSDARG00000007349,ZDB-GENE-050511-1,5,44944778.0,44991344.0,+,protein_coding,"Ensembl ID, GRCz11 chr/start/end/strand re-verified against Ensembl REST on 2026-09-04",open,open,"Life-history, sex & maturation",Sex determination / SSD,Sexual size dimorphism,Pathway core,"C - pathway annotation only, no primary study cited",No primary study cited,Oreochromis niloticus; Danio rerio,,Male sex determination; indirectly determines growth through sex,No primary study cited - canonical pathway member (Ensembl/ZFIN gene record),,,,teleost,dmrt1,C,False,False,direct_symbol_match,high,dmrt1,NC_069733.1,11349789.0,11372099.0,,chr24,ok,chr24:11349789-11372099,
dntt,DNTT,"deoxynucleotidyltransferase, terminal",DNA nucleotidylexotransferase,ENSDARG00000104792,ZDB-GENE-071020-1,13,50778187.0,51021871.0,+,protein_coding,"Ensembl ID, GRCz11 chr/start/end/strand re-verified against Ensembl REST on 2026-09-04",open,open,"Cell cycle, chromatin & transcription",DNA repair,Total length; body weight; body depth,GWAS/QTL,A - named in a verified primary teleost study,Third-order check (rev 4): the source paper full text was retrieved and this row was compared against the paper's own gene table. Confirmed as a candidate gene in the flounder paper.,Paralichthys olivaceus; Danio rerio,chr14,Within chromosome-14 SNP cluster associated with five or more growth traits,Liang S et al. (2026) Biology 15:1246,Genetic dissection of growth traits and identification of candidate genes in Japanese flounder (Paralichthys olivaceus) using single- and multi-trait genome-wide association analyses,10.3390/biology15151246,,teleost,dntt,A,False,False,direct_symbol_match,high,dntt,NC_069712.1,11424866.0,11533909.0,,chr3,ok,chr3:11424866-11533909,
eef1a1l1,EEF1A1,"eukaryotic translation elongation factor 1 alpha 1, like 1","eukaryotic translation elongation factor 1 alpha 1, like 1",ENSDARG00000020850,ZDB-GENE-990415-52,19,43119014.0,43137740.0,+,protein_coding,"Ensembl ID, GRCz11 chr/start/end/strand re-verified against Ensembl REST on 2026-09-04",open,open,mTOR / PI3K-AKT & translation,Translation,Muscle growth,Pathway core,"C - pathway annotation only, no primary study cited",No primary study cited,Danio rerio; Oncorhynchus mykiss,,Highly expressed elongation factor; growth-rate proxy,No primary study cited - canonical pathway member (Ensembl/ZFIN gene record),,,,teleost,eef1a1l1,C,False,False,blast_ortholog,high,LOC113536322,NC_069732.1,13075453.0,13078811.0,BLAST ortholog (protein XP_026785997.2),chr23,ok,chr23:13075453-13078811,
eef2k,EEF2K,eukaryotic elongation factor 2 kinase,eukaryotic elongation factor 2 kinase,ENSDARG00000035835,ZDB-GENE-020916-2,12,10381957.0,10409970.0,-,protein_coding,"Ensembl ID, GRCz11 chr/start/end/strand re-verified against Ensembl REST on 2026-09-04",open,open,mTOR / PI3K-AKT & translation,Translation,Muscle growth,Pathway core,"C - pathway annotation only, no primary study cited",No primary study cited,Danio rerio,,Inhibits elongation under energy stress; AMPK-responsive growth brake,No primary study cited - canonical pathway member (Ensembl/ZFIN gene record),,,,teleost,eef2k,C,False,False,direct_symbol_match,high,eef2k,NC_069721.1,8416310.0,8428867.0,,chr12,ok,chr12:8416310-8428867,
egfra,EGFR,"epidermal growth factor receptor a (erythroblastic leukemia viral (v-erb-b) onco homolog, avian)",epidermal growth factor receptor a,ENSDARG00000013847,ZDB-GENE-030918-1,2,3696038.0,3820159.0,+,protein_coding,"Ensembl ID, GRCz11 chr/start/end/strand re-verified against Ensembl REST on 2026-09-04",open,open,Other growth signalling & trafficking,Growth factor,Growth rate,Pathway core,"C - pathway annotation only, no primary study cited",No primary study cited,Danio rerio,,Receptor tyrosine kinase driving proliferation,No primary study cited - canonical pathway member (Ensembl/ZFIN gene record),,,,teleost,egfra,C,False,False,direct_symbol_match,high,egfra,NC_069730.1,17710861.0,17777490.0,,chr21,ok,chr21:17710861-17777490,
eif4ea,EIF4E,eukaryotic translation initiation factor 4ea,eukaryotic translation initiation factor 4Ea,ENSDARG00000077012,ZDB-GENE-040413-1,14,43577164.0,43586150.0,-,protein_coding,"Ensembl ID, GRCz11 chr/start/end/strand re-verified against Ensembl REST on 2026-09-04",open,open,mTOR / PI3K-AKT & translation,Translation,Muscle growth,Pathway core,"C - pathway annotation only, no primary study cited",No primary study cited,Danio rerio,,Cap-binding rate-limiting translation initiation factor,No primary study cited - canonical pathway member (Ensembl/ZFIN gene record),,,,teleost,eif4ea,C,False,False,direct_symbol_match,high,eif4ea,NC_069716.1,2133191.0,2139641.0,,chr7,ok,chr7:2133191-2139641,
eif4ebp1,4E-BP1,eukaryotic translation initiation factor 4E binding protein 1,eukaryotic translation initiation factor 4E binding protein 1,ENSDARG00000043608,ZDB-GENE-030131-2332,21,21013147.0,21020708.0,-,protein_coding,"Ensembl ID, GRCz11 chr/start/end/strand re-verified against Ensembl REST on 2026-09-04",open,open,mTOR / PI3K-AKT & translation,Translation,Muscle growth,Pathway core; Expression,"B - verified primary study, supporting evidence",Reference metadata verified in PubMed/Crossref; gene-level claim not re-checked against the full text,Danio rerio; Oncorhynchus mykiss,,Translation repressor released by mTORC1 phosphorylation,"Seiliez I et al. (2008) American Journal of Physiology - Regulatory, Integrative and Comparative Physiology 295:R329-R335",An in vivo and in vitro assessment of TOR signaling cascade in rainbow trout (Oncorhynchus mykiss),10.1152/ajpregu.00146.2008,18434442,teleost,eif4ebp1,B,False,False,direct_symbol_match,high,eif4ebp1,NC_069724.1,12748543.0,12759546.0,,chr15,ok,chr15:12748543-12759546,
eif4ebp3l,4E-BP3-like,"eukaryotic translation initiation factor 4E binding protein 3, like","eukaryotic translation initiation factor 4E binding protein 3, like",ENSDARG00000041607,ZDB-GENE-030826-26,14,6972868.0,6987649.0,-,protein_coding,"Ensembl ID, GRCz11 chr/start/end/strand re-verified against Ensembl REST on 2026-09-04",open,open,mTOR / PI3K-AKT & translation,Translation,Harvest body weight (differential expression),Expression,"B - verified primary study, supporting evidence",Third-order check (rev 4): the source paper full text was retrieved and this row was compared against the paper's own gene table. Evidence type corrected from GWAS/QTL to Expression: the study performed no association test.,Labeo rohita; Danio rerio,"chr14:21,136,224 (C/G, 3'UTR) and chr14:21,141,033 (T/A, splice donor; L. rohita)","Translation initiation repressor. Two cSNPs - a 3'UTR variant and a splice-donor variant - sit in a transcript differentially expressed with harvest body weight. NOTE: the rohu study is an mRNA-seq differential-expression study with coding-SNP discovery inside differentially expressed transcripts. It ran NO genome-wide association test - the authors recommend these genes for future SNP-array construction and GWAS. These variants are candidates, not validated marker-trait associations.",Nandanpawar P et al. (2023) Frontiers in Genetics 14:1153911,"Identification of differentially expressed genes and SNPs linked to harvest body weight of genetically improved rohu carp, Labeo rohita",10.3389/fgene.2023.1153911,37359361,teleost,eif4ebp3l,B,False,False,direct_symbol_match,high,eif4ebp3l,NC_069716.1,4012574.0,4018956.0,,chr7,ok,chr7:4012574-4018956,
eif4g2a,EIF4G2,"eukaryotic translation initiation factor 4, gamma 2a",eukaryotic translation initiation factor 4 gamma 2a,ENSDARG00000020377,ZDB-GENE-030131-2173,7,66634167.0,66654025.0,+,protein_coding,"Ensembl ID, GRCz11 chr/start/end/strand re-verified against Ensembl REST on 2026-09-04",open,open,mTOR / PI3K-AKT & translation,Translation,Body weight,GWAS/QTL,A - named in a verified primary teleost study,Reference metadata verified in PubMed/Crossref; gene-level claim not re-checked against the full text,Oncorhynchus mykiss; Danio rerio,Omy2,Promotes cell growth and proliferation; within trout growth window,Ali A et al. (2020) BMC Genomics 21:209,Genome-wide identification of loci associated with growth in rainbow trout,10.1186/s12864-020-6617-x,32138655,teleost,eif4g2a,A,False,False,direct_symbol_match,high,eif4g2a,NC_069720.1,6567720.0,6578910.0,,chr11,ok,chr11:6567720-6578910,
elf1,ELF1,E74-like ETS transcription factor 1,E74 like factor 1,ENSDARG00000020759,ZDB-GENE-980526-335,14,40745833.0,40850481.0,-,protein_coding,"Ensembl ID, GRCz11 chr/start/end/strand re-verified against Ensembl REST on 2026-09-04",open,open,"Cell cycle, chromatin & transcription",Transcription,Body weight,GWAS/QTL,A - named in a verified primary teleost study,Reference metadata verified in PubMed/Crossref; gene-level claim not re-checked against the full text,Oncorhynchus mykiss; Danio rerio,"Omy14; Omy14, ~5.5% variance",ETS transcription factor maintaining cell polarity; sizeable variance explained in trout,Ali A et al. (2020) BMC Genomics 21:209,Genome-wide identification of loci associated with growth in rainbow trout,10.1186/s12864-020-6617-x,32138655,teleost,elf1,A,False,False,direct_symbol_match,high,elf1,NC_069716.1,14169584.0,14209871.0,,chr7,ok,chr7:14169584-14209871,
elovl2,ELOVL2,ELOVL fatty acid elongase 2,ELOVL fatty acid elongase 2,ENSDARG00000045414,ZDB-GENE-060421-5612,24,8861272.0,8887825.0,-,protein_coding,"Ensembl ID, GRCz11 chr/start/end/strand re-verified against Ensembl REST on 2026-09-04",open,open,Lipid & energy metabolism,Lipid metabolism,Flesh quality,Pathway core,"C - pathway annotation only, no primary study cited",No primary study cited,Danio rerio; Salmo salar,,DHA biosynthesis elongase,No primary study cited - canonical pathway member (Ensembl/ZFIN gene record),,,,teleost,elovl2,C,False,False,direct_symbol_match,high,elovl2,NC_069731.1,9766719.0,9787583.0,,chr22,ok,chr22:9766719-9787583,
elovl5,ELOVL5,ELOVL fatty acid elongase 5,ELOVL fatty acid elongase 5,ENSDARG00000004979,ZDB-GENE-040407-2,13,2394264.0,2417409.0,+,protein_coding,"Ensembl ID, GRCz11 chr/start/end/strand re-verified against Ensembl REST on 2026-09-04",open,open,Lipid & energy metabolism,Lipid metabolism,Flesh quality; growth,Pathway core,"C - pathway annotation only, no primary study cited",No primary study cited,Danio rerio; Salmo salar,,LC-PUFA elongation; affects flesh omega-3 content and growth on plant diets,No primary study cited - canonical pathway member (Ensembl/ZFIN gene record),,,,teleost,elovl5,C,False,False,direct_symbol_match,high,elovl5,NC_069712.1,27075995.0,27095507.0,,chr3,ok,chr3:27075995-27095507,
etfdh,ETFDH,electron transfer flavoprotein dehydrogenase,electron transfer flavoprotein dehydrogenase,ENSDARG00000038834,ZDB-GENE-040912-168,14,48070872.0,48103207.0,-,protein_coding,"Ensembl ID, GRCz11 chr/start/end/strand re-verified against Ensembl REST on 2026-09-04",open,open,Lipid & energy metabolism,Lipid oxidation,Body weight,GWAS/QTL,A - named in a verified primary teleost study,Reference metadata verified in PubMed/Crossref; gene-level claim not re-checked against the full text,Oncorhynchus mykiss; Danio rerio,Omy14,Regulates fatty acid oxidation; growth-associated in trout,Ali A et al. (2020) BMC Genomics 21:209,Genome-wide identification of loci associated with growth in rainbow trout,10.1186/s12864-020-6617-x,32138655,teleost,etfdh,A,False,False,direct_symbol_match,high,etfdh,NC_069716.1,4739780.0,4751472.0,,chr7,ok,chr7:4739780-4751472,
eya1,EYA1,EYA transcriptional coactivator and phosphatase 1,EYA transcriptional coactivator and phosphatase 1,ENSDARG00000014259,ZDB-GENE-990712-18,24,13869092.0,14015459.0,+,protein_coding,"Ensembl ID, GRCz11 chr/start/end/strand re-verified against Ensembl REST on 2026-09-04",open,open,Myogenesis & sarcomere,Myogenic regulatory network,Muscle growth,Pathway core,"C - pathway annotation only, no primary study cited",No primary study cited,Danio rerio,,SIX1 cofactor in muscle progenitor specification,No primary study cited - canonical pathway member (Ensembl/ZFIN gene record),,,,teleost,eya1,C,False,False,direct_symbol_match,high,eya1,NC_069731.1,15077562.0,15128976.0,,chr22,ok,chr22:15077562-15128976,
fabp10a,"FABP10, L-FABP","fatty acid binding protein 10a, liver basic","fatty acid binding protein 10a, liver basic",ENSDARG00000038439,ZDB-GENE-020318-1,16,52512025.0,52516915.0,+,protein_coding,"Ensembl ID, GRCz11 chr/start/end/strand re-verified against Ensembl REST on 2026-09-04",open,open,Lipid & energy metabolism,Lipid transport,Energy partitioning,Pathway core,"C - pathway annotation only, no primary study cited",No primary study cited,Danio rerio,,Liver fatty acid binding protein; hepatic lipid flux,No primary study cited - canonical pathway member (Ensembl/ZFIN gene record),,,,teleost,fabp10a,C,False,False,direct_symbol_match,high,fabp10a,NC_069731.1,5109999.0,5112535.0,,chr22,ok,chr22:5109999-5112535,
fabp2,"IFABP, FABP2","fatty acid binding protein 2, intestinal","fatty acid binding protein 2, intestinal",ENSDARG00000006427,ZDB-GENE-991019-5,1,25848231.0,25851575.0,+,protein_coding,"Ensembl ID, GRCz11 chr/start/end/strand re-verified against Ensembl REST on 2026-09-04",open,open,Lipid & energy metabolism,Lipid transport,Body weight,GWAS/QTL,A - named in a verified primary teleost study,"Second-order check: source paper text read and the gene, trait, locus and effect size below confirmed against it (4 Sep 2026)",Lates calcarifer; Danio rerio,"LG5, exon 3 (IFABP-a-SNP1245)","Intestinal fatty acid binding protein. IFABP-a-SNP1245 in exon 3 on LG5, a C-to-G transversion causing a Thr-to-Arg substitution, was associated at genome-wide p<0.01 with body weight at 6 and 9 months, standard length and total length in Asian seabass, explaining 5.4-10.5% of phenotypic variance (QTL family n=359; association mapping n=881 across four populations).",Xia JH et al. (2013) BMC Genomics 14:295,Whole genome scanning and association mapping identified a significant association between growth and a SNP in the IFABP-a gene of the Asian seabass,10.1186/1471-2164-14-295,23634810,teleost,fabp2,A,False,False,direct_symbol_match,high,fabp2,NC_069737.1,299812.0,302288.0,,chr28,ok,chr28:299812-302288,
fabp3,FABP3,"fatty acid binding protein 3, muscle and heart","fatty acid binding protein 3, muscle and heart",ENSDARG00000023290,ZDB-GENE-020318-2,19,42955280.0,42993306.0,+,protein_coding,"Ensembl ID, GRCz11 chr/start/end/strand re-verified against Ensembl REST on 2026-09-04",open,open,Lipid & energy metabolism,Lipid transport,Body shape; body weight,Pathway core,"C - pathway annotation only, no primary study cited",Third-order check (rev 4): the source paper full text was retrieved and this row was compared against the paper's own gene table. Attribution removed: the gene does not appear in the bighead carp paper.,Danio rerio,,Muscle fatty acid binding protein among body-shape candidates in bighead carp. NOTE: this gene was attributed to the bighead carp GWAS in earlier revisions; retrieving that paper shows the gene is NOT mentioned in it. No teleost growth study is cited here.,No primary study cited - canonical pathway member (Ensembl/ZFIN gene record),,,,teleost,fabp3,C,False,False,direct_symbol_match,high,fabp3,NC_069732.1,12718773.0,12722252.0,,chr23,ok,chr23:12718773-12722252,
fads2,FADS2,fatty acid desaturase 2,fatty acid desaturase 2,ENSDARG00000019532,ZDB-GENE-011212-1,25,4133488.0,4148719.0,-,protein_coding,"Ensembl ID, GRCz11 chr/start/end/strand re-verified against Ensembl REST on 2026-09-04",open,open,Lipid & energy metabolism,Lipid metabolism,Flesh quality; growth on plant diets,Pathway core,"C - pathway annotation only, no primary study cited",No primary study cited,Danio rerio; Salmo salar; Oreochromis niloticus,,Delta-6 desaturase determining LC-PUFA synthesis capacity,No primary study cited - canonical pathway member (Ensembl/ZFIN gene record),,,,teleost,fads2,C,False,False,blast_ortholog,high,LOC113529790,NC_069718.1,23318449.0,23328733.0,BLAST ortholog (protein XP_026775052.1),chr9,ok,chr9:23318449-23328733,
fasn,FASN,fatty acid synthase,fatty acid synthase,ENSDARG00000087657,ZDB-GENE-030131-7802,12,33361948.0,33472581.0,+,protein_coding,"Ensembl ID, GRCz11 chr/start/end/strand re-verified against Ensembl REST on 2026-09-04",open,open,Lipid & energy metabolism,Lipogenesis,Lipid deposition; body weight,Pathway core,"C - pathway annotation only, no primary study cited",No primary study cited,Danio rerio; Oncorhynchus mykiss; Sparus aurata,,De novo lipogenesis; determines carcass fat content,No primary study cited - canonical pathway member (Ensembl/ZFIN gene record),,,,teleost,fasn,C,False,False,direct_symbol_match,high,fasn,NC_069721.1,15211070.0,15234548.0,,chr12,ok,chr12:15211070-15234548,
fbxo32,"FBXO32, atrogin-1, MAFbx",F-box protein 32,F-box protein 32,ENSDARG00000040277,ZDB-GENE-040426-1040,16,25259313.0,25272633.0,+,protein_coding,"Ensembl ID, GRCz11 chr/start/end/strand re-verified against Ensembl REST on 2026-09-04",open,open,Muscle protein turnover & proteolysis,Ubiquitin-proteasome atrophy,Muscle atrophy; growth loss,Pathway core; Expression,"B - verified primary study, supporting evidence",Reference metadata verified in PubMed/Crossref; gene-level claim not re-checked against the full text,Danio rerio; Oncorhynchus mykiss; Sparus aurata,,"Muscle-specific atrophy E3 ligase; induced by fasting, degrades myofibrillar protein",Seiliez I et al. (2008) Journal of Nutrition 138:487-491,Feeding status regulates the polyubiquitination step of the ubiquitin-proteasome-dependent proteolysis in rainbow trout muscle,10.1093/jn/138.3.487,18287354,teleost,fbxo32,B,False,False,direct_symbol_match,high,fbxo32,NC_069710.1,8497334.0,8504652.0,,chr1,ok,chr1:8497334-8504652,
fgf21,FGF21,fibroblast growth factor 21,fibroblast growth factor 21,ENSDARG00000100846,ZDB-GENE-060623-2,KN149943.1,8050.0,12380.0,-,protein_coding,"Ensembl ID, GRCz11 chr/start/end/strand re-verified against Ensembl REST on 2026-09-04",open,open,Other growth signalling & trafficking,FGF signalling,Growth suppression; metabolism,Pathway core,"C - pathway annotation only, no primary study cited",No primary study cited,Danio rerio,,Fasting hormone inducing GH resistance and reduced somatic growth,No primary study cited - canonical pathway member (Ensembl/ZFIN gene record),,,,teleost,fgf21,C,False,False,direct_symbol_match,high,fgf21,NC_069710.1,35838848.0,35845606.0,,chr1,ok,chr1:35838848-35845606,
fgf6a,FGF6,fibroblast growth factor 6a,fibroblast growth factor 6a,ENSDARG00000009351,ZDB-GENE-980526-559,25,16945348.0,16951890.0,+,protein_coding,"Ensembl ID, GRCz11 chr/start/end/strand re-verified against Ensembl REST on 2026-09-04",open,open,Other growth signalling & trafficking,FGF signalling,Muscle growth,Pathway core,"C - pathway annotation only, no primary study cited",No primary study cited,Danio rerio,,Muscle-specific FGF promoting satellite cell proliferation,No primary study cited - canonical pathway member (Ensembl/ZFIN gene record),,,,teleost,fgf6a,C,False,False,direct_symbol_match,high,fgf6a,NC_069716.1,26782246.0,26794700.0,,chr7,ok,chr7:26782246-26794700,
fgfbp1b,FGFBP1; fgfbp1,fibroblast growth factor binding protein 1b,fibroblast growth factor binding protein 1,ENSDARG00000091660,ZDB-GENE-081106-1,1,22677429.0,22678471.0,-,protein_coding,"Ensembl ID, GRCz11 chr/start/end/strand re-verified against Ensembl REST on 2026-09-04",open,open,Other growth signalling & trafficking,FGF signalling,Body weight,GWAS/QTL,A - named in a verified primary teleost study,Reference metadata verified in PubMed/Crossref; gene-level claim not re-checked against the full text,Oncorhynchus mykiss; Danio rerio,Omy14,Promotes FGF2 signalling; trout growth candidate,Ali A et al. (2020) BMC Genomics 21:209,Genome-wide identification of loci associated with growth in rainbow trout,10.1186/s12864-020-6617-x,32138655,teleost,fgfbp1b,A,False,False,direct_symbol_match,high,fgfbp1b,NC_069737.1,12106373.0,12108099.0,,chr28,ok,chr28:12106373-12108099,
fkbp10a,FKBP10,FKBP prolyl isomerase 10a,FKBP prolyl isomerase 10a,ENSDARG00000099183,ZDB-GENE-100921-75,19,18493782.0,18597568.0,+,protein_coding,"Ensembl ID, GRCz11 chr/start/end/strand re-verified against Ensembl REST on 2026-09-04",open,open,"Skeletal, ECM & body shape",ECM / skeletal,Body weight,GWAS/QTL,A - named in a verified primary teleost study,Reference metadata verified in PubMed/Crossref; gene-level claim not re-checked against the full text,Oncorhynchus mykiss; Danio rerio,Omy13,Collagen chaperone; loss of function embryonic lethal; within growth-associated window,Ali A et al. (2020) BMC Genomics 21:209,Genome-wide identification of loci associated with growth in rainbow trout,10.1186/s12864-020-6617-x,32138655,teleost,fkbp10a,A,False,False,direct_symbol_match,high,fkbp10a,NC_069732.1,46824.0,79490.0,,chr23,ok,chr23:46824-79490,
fndc5b,"FNDC5b, irisin",fibronectin type III domain containing 5b,fibronectin type III domain containing 5b,ENSDARG00000035895,ZDB-GENE-060503-916,19,29383486.0,29437109.0,-,protein_coding,"Ensembl ID, GRCz11 chr/start/end/strand re-verified against Ensembl REST on 2026-09-04",open,open,Appetite & energy balance,Myokine / energy balance,Body weight; body length; body height,GWAS/QTL; Expression,A - named in a verified primary teleost study,Third-order check (rev 4): the source paper full text was retrieved and this row was compared against the paper's own gene table. Confirmed as the one candidate gene the bighead carp paper selected for follow-up; the paper gives no linkage-group assignment for fndc5b itself.,Hypophthalmichthys nobilis; Danio rerio,intronic g.245 C>T (the paper gives no linkage group for fndc5b; LG16 and LG21 carried the body-weight QTL overall),"An intronic SNP (g.245 C>T) in fndc5b was associated with growth traits in growth-extreme bighead carp (n=776, 2b-RAD). Brain fndc5b mRNA was significantly HIGHER in the lightweight group than the heavy group, indicating an inverse relation to growth. LG16 carried more than half of the significant SNPs and LG16/LG21 both carried body-weight QTL.",Chen G et al. (2022) Marine Biotechnology 24:1138-1147,Genome-wide association study reveals SNPs and candidate genes related to growth and body shape in bighead carp (Hypophthalmichthys nobilis),10.1007/s10126-022-10176-2,36350467,teleost,fndc5b,A,False,False,direct_symbol_match,high,fndc5b,NC_069738.1,7710881.0,7736558.0,,chr29,ok,chr29:7710881-7736558,
fosab,"FOS, AP-1",v-fos FBJ murine osteosarcoma viral onco homolog Ab,v-fos FBJ murine osteosarcoma viral oncogene homolog Ab,ENSDARG00000031683,ZDB-GENE-031222-4,20,46552311.0,46554440.0,-,protein_coding,"Ensembl ID, GRCz11 chr/start/end/strand re-verified against Ensembl REST on 2026-09-04",open,open,"Cell cycle, chromatin & transcription",Growth signalling,Body weight,Pathway core,"C - pathway annotation only, no primary study cited",No primary study cited,Danio rerio,,AP-1 partner of JUN in mitogenic signalling,No primary study cited - canonical pathway member (Ensembl/ZFIN gene record),,,,teleost,fosab,C,False,False,direct_symbol_match,high,fosab,NC_069739.1,646202.0,648439.0,,chr30,ok,chr30:646202-648439,
foxk1,FOXK1,forkhead box K1,forkhead box K1,ENSDARG00000037872,ZDB-GENE-030131-6402,3,40901743.0,40933415.0,-,protein_coding,"Ensembl ID, GRCz11 chr/start/end/strand re-verified against Ensembl REST on 2026-09-04",open,open,Myogenesis & sarcomere,Muscle proliferation,Body weight; total length; body thickness,GWAS/QTL; Expression,A - named in a verified primary teleost study,Reference metadata verified in PubMed/Crossref; gene-level claim not re-checked against the full text,Oreochromis spp.; Danio rerio,"LG6; LG6, ~1 Mb from BW/TL QTL",Promotes myoblast proliferation and represses autophagy; SNPs significantly associated with growth in tilapia,Lin G et al. (2019) Frontiers in Genetics 10:244,Transcriptome analysis identified genes for growth and omega-3/-6 ratio in saline tilapia,10.3389/fgene.2019.00244,30949199,teleost,foxk1,A,False,False,direct_symbol_match,high,foxk1,NC_069732.1,15702865.0,15727609.0,,chr23,ok,chr23:15702865-15727609,
foxo1a,FOXO1,forkhead box O1 a,forkhead box O1 a,ENSDARG00000099555,ZDB-GENE-061013-59,15,3284416.0,3379041.0,+,protein_coding,"Ensembl ID, GRCz11 chr/start/end/strand re-verified against Ensembl REST on 2026-09-04",open,open,Muscle protein turnover & proteolysis,FOXO / atrophy,Muscle atrophy,Pathway core; Expression,"B - verified primary study, supporting evidence",Reference metadata verified in PubMed/Crossref; gene-level claim not re-checked against the full text,Danio rerio; Oncorhynchus mykiss,,Transcription factor inducing atrogenes; inhibited by AKT during growth,Seiliez I et al. (2008) Journal of Nutrition 138:487-491,Feeding status regulates the polyubiquitination step of the ubiquitin-proteasome-dependent proteolysis in rainbow trout muscle,10.1093/jn/138.3.487,18287354,teleost,foxo1a,B,False,False,direct_symbol_match,high,foxo1a,NC_069723.1,15448687.0,15484142.0,,chr14,ok,chr14:15448687-15484142,
foxo3a,FOXO3,forkhead box O3A,forkhead box O3 a,ENSDARG00000023058,ZDB-GENE-050116-1,17,6793001.0,6810785.0,+,protein_coding,"Ensembl ID, GRCz11 chr/start/end/strand re-verified against Ensembl REST on 2026-09-04",open,open,Muscle protein turnover & proteolysis,FOXO / atrophy,Muscle atrophy; body weight,Pathway core,"C - pathway annotation only, no primary study cited",Third-order check (rev 4): the source paper full text was retrieved and this row was compared against the paper's own gene table. Attribution removed: the largemouth bass paper validated FOXO3b only.,Danio rerio,,"Transcription factor inducing atrogenes; inhibited by AKT during growth. NOTE: the largemouth bass growth-association SNP is in FOXO3b, not FOXO3a - that evidence sits on the foxo3b row.",No primary study cited - canonical pathway member (Ensembl/ZFIN gene record),,,,teleost,foxo3a,C,False,False,direct_symbol_match,high,foxo3a,NC_069719.1,12579570.0,12587616.0,,chr10,ok,chr10:12579570-12587616,
foxo3b,FOXO3b,forkhead box O3b,forkhead box O3 b,ENSDARG00000042904,ZDB-GENE-990708-6,20,32286765.0,32332736.0,-,protein_coding,"Ensembl ID, GRCz11 chr/start/end/strand re-verified against Ensembl REST on 2026-09-04",open,open,Muscle protein turnover & proteolysis,FOXO / atrophy,Body weight,GWAS/QTL; Expression,A - named in a verified primary teleost study,Third-order check (rev 4): the source paper full text was retrieved and this row was compared against the paper's own gene table. Confirmed: one of the three SNPs validated by marker-trait analysis in 340 fish.,Micropterus salmoides; Danio rerio,,Growth-associated SNP in largemouth bass; FOXO paralogue. One of only three SNPs (from 17 genotyped across 10 candidate genes) that showed a significant marker-trait association in 340 Youlu No. 1 largemouth bass.,Li S et al. (2017) Genetica 145:175-187,Transcriptome assembly and identification of genes and SNPs associated with growth traits in largemouth bass (Micropterus salmoides),10.1007/s10709-017-9956-z,28204905,teleost,foxo3b,A,False,False,direct_symbol_match,high,foxo3b,NC_069739.1,11199157.0,11228939.0,,chr30,ok,chr30:11199157-11228939,
fras1,FRAS1,Fraser extracellular matrix complex subunit 1,Fraser extracellular matrix complex subunit 1,ENSDARG00000054619,ZDB-GENE-060526-68,5,38837429.0,39086768.0,+,protein_coding,"Ensembl ID, GRCz11 chr/start/end/strand re-verified against Ensembl REST on 2026-09-04",open,open,"Skeletal, ECM & body shape",ECM / skeletal,Head length; body shape,GWAS/QTL,A - named in a verified primary teleost study,Third-order check (rev 4): the source paper full text was retrieved and this row was compared against the paper's own gene table. Confirmed as a candidate gene in the flounder paper.,Paralichthys olivaceus; Danio rerio,chr4,Highly significant for head length and post-orbital head length; ECM-receptor interaction pathway,Liang S et al. (2026) Biology 15:1246,Genetic dissection of growth traits and identification of candidate genes in Japanese flounder (Paralichthys olivaceus) using single- and multi-trait genome-wide association analyses,10.3390/biology15151246,,teleost,fras1,A,False,False,direct_symbol_match,high,fras1,NC_069733.1,11973970.0,12095231.0,,chr24,ok,chr24:11973970-12095231,
fsta,"FST, follistatin",follistatin a,follistatin a,ENSDARG00000052846,ZDB-GENE-990714-11,5,40504910.0,40510399.0,-,protein_coding,"Ensembl ID, GRCz11 chr/start/end/strand re-verified against Ensembl REST on 2026-09-04",open,open,Myostatin / TGF-beta / BMP,Myostatin / TGF-beta,Muscle mass,Functional; Pathway core,A - named in a verified primary teleost study,Reference metadata verified in PubMed/Crossref; gene-level claim not re-checked against the full text,Danio rerio; Oncorhynchus mykiss,,Binds and neutralises myostatin/activin; overexpression drives muscle hyperplasia and hypertrophy,"Medeiros EF et al. (2009) American Journal of Physiology - Regulatory, Integrative and Comparative Physiology 297:R235-R242",Overexpression of follistatin in trout stimulates increased muscling,10.1152/ajpregu.91020.2008,19474387,teleost,fsta,A,False,False,direct_symbol_match,high,fsta,NC_069733.1,12842961.0,12849909.0,,chr24,ok,chr24:12842961-12849909,
fstl1a,FSTL1,follistatin-like 1a,follistatin-like 1a,ENSDARG00000015559,ZDB-GENE-030131-4148,1,47459723.0,47485360.0,+,protein_coding,"Ensembl ID, GRCz11 chr/start/end/strand re-verified against Ensembl REST on 2026-09-04",open,open,Myostatin / TGF-beta / BMP,Myostatin / TGF-beta,Muscle mass,Pathway core,"C - pathway annotation only, no primary study cited",No primary study cited,Danio rerio,,Follistatin-related secreted glycoprotein modulating TGF-beta signalling in muscle,No primary study cited - canonical pathway member (Ensembl/ZFIN gene record),,,,teleost,fstl1a,C,False,False,direct_symbol_match,high,fstl1a,NC_069735.1,10024366.0,10046439.0,,chr26,ok,chr26:10024366-10046439,
fut8a,FUT8,"fucosyltransferase 8a (alpha (1,6) fucosyltransferase)",fucosyltransferase 8a,ENSDARG00000015449,ZDB-GENE-031118-20,17,33719415.0,33906488.0,+,protein_coding,"Ensembl ID, GRCz11 chr/start/end/strand re-verified against Ensembl REST on 2026-09-04",open,open,Lipid & energy metabolism,Glycosylation,Average daily gain,GWAS/QTL,A - named in a verified primary teleost study,"Second-order check: source paper text read and the gene, trait, locus and effect size below confirmed against it (4 Sep 2026)",Oreochromis niloticus; Danio rerio,"LG15, intronic",Intronic lead SNP on LG15 associated with average daily gain in Nile tilapia. Core fucosylation of growth-factor receptors; disruption causes severe growth retardation in mice. The study reports no per-SNP variance estimate.,Yoshida GM et al. (2021) BMC Genomics 22:57,Multi-trait GWAS using imputed high-density genotypes from whole-genome sequencing identifies genes associated with body traits in Nile tilapia,10.1186/s12864-020-07341-z,33451291,teleost,fut8a,A,False,False,direct_symbol_match,high,fut8a,NC_069719.1,23079116.0,23145190.0,,chr10,ok,chr10:23079116-23145190,
fut8b,FUT8b,"fucosyltransferase 8b (alpha (1,6) fucosyltransferase)",fucosyltransferase 8b,ENSDARG00000088117,ZDB-GENE-130530-923,20,50650143.0,50740404.0,+,protein_coding,"Ensembl ID, GRCz11 chr/start/end/strand re-verified against Ensembl REST on 2026-09-04",open,open,Lipid & energy metabolism,Glycosylation,Average daily gain,Pathway core,"C - pathway annotation only, no primary study cited",No primary study cited,Danio rerio,,Duplicated core fucosyltransferase,No primary study cited - canonical pathway member (Ensembl/ZFIN gene record),,,,teleost,fut8b,C,False,False,direct_symbol_match,high,fut8b,NC_069728.1,13279977.0,13404173.0,,chr19,ok,chr19:13279977-13404173,
g6pc1a.1,G6PC; g6pca.1,"glucose-6-phosphatase catalytic subunit 1a, tandem duplicate 1","glucose-6-phosphatase catalytic subunit a, tandem duplicate 1",ENSDARG00000031616,ZDB-GENE-031001-4,12,6023490.0,6033854.0,-,protein_coding,"Ensembl ID, GRCz11 chr/start/end/strand re-verified against Ensembl REST on 2026-09-04",open,open,Lipid & energy metabolism,Gluconeogenesis,Feed utilisation,Pathway core,"C - pathway annotation only, no primary study cited",No primary study cited,Danio rerio; Oncorhynchus mykiss,,Terminal gluconeogenic enzyme; poorly repressed by diet in salmonids,No primary study cited - canonical pathway member (Ensembl/ZFIN gene record),,,,teleost,g6pc1a.1,C,False,False,direct_symbol_match,high,g6pc1a.1,NC_069721.1,6676809.0,6680426.0,,chr12,ok,chr12:6676809-6680426,
gal,"GAL, galanin; galn",galanin/GMAP prepropeptide,galanin/GMAP prepropeptide,ENSDARG00000091377,ZDB-GENE-111117-2,25,10556274.0,10565006.0,-,protein_coding,"Ensembl ID, GRCz11 chr/start/end/strand re-verified against Ensembl REST on 2026-09-04",open,open,Appetite & energy balance,Appetite / energy balance,Feed intake,Pathway core,B - verified review / pathway reference only,Reference metadata verified in PubMed/Crossref; gene-level claim not re-checked against the full text,Danio rerio,,Orexigenic peptide stimulating feeding in fish,Volkoff H (2016) Frontiers in Neuroscience 10:540; Ronnestad I et al. (2017) Frontiers in Endocrinology 8:73,The neuroendocrine regulation of food intake in fish: a review of current knowledge | Appetite-controlling endocrine systems in teleosts,10.3389/fnins.2016.00540; 10.3389/fendo.2017.00073,28458653,teleost,gal,B,False,False,direct_symbol_match,high,gal,NC_069716.1,29671189.0,29679593.0,,chr7,ok,chr7:29671189-29679593,
gck,GCK; gcka,glucokinase (hexokinase 4),glucokinase a,ENSDARG00000068006,ZDB-GENE-060825-204,8,40476811.0,40490593.0,+,protein_coding,"Ensembl ID, GRCz11 chr/start/end/strand re-verified against Ensembl REST on 2026-09-04",open,open,Lipid & energy metabolism,Glucose metabolism,Feed utilisation,Pathway core,"C - pathway annotation only, no primary study cited",No primary study cited,Danio rerio; Oncorhynchus mykiss,,Hepatic glucose sensor; limits carbohydrate use in carnivorous fish,No primary study cited - canonical pathway member (Ensembl/ZFIN gene record),,,,teleost,gck,C,False,False,direct_symbol_match,high,gck,NC_069717.1,26274109.0,26280705.0,,chr8,ok,chr8:26274109-26280705,
gdf11,GDF11,growth differentiation factor 11,growth differentiation factor 11,ENSDARG00000044924,ZDB-GENE-040427-2,11,15613218.0,15756385.0,+,protein_coding,"Ensembl ID, GRCz11 chr/start/end/strand re-verified against Ensembl REST on 2026-09-04",open,open,Myostatin / TGF-beta / BMP,Myostatin / TGF-beta,Body size; skeletal patterning,Pathway core,"C - pathway annotation only, no primary study cited",No primary study cited,Danio rerio,,Myostatin-related ligand restraining growth and patterning axial skeleton,No primary study cited - canonical pathway member (Ensembl/ZFIN gene record),,,,teleost,gdf11,C,False,False,direct_symbol_match,high,gdf11,NC_069729.1,12609427.0,12638089.0,,chr20,ok,chr20:12609427-12638089,
gdf5,GDF5,growth differentiation factor 5,growth differentiation factor 5,ENSDARG00000002760,ZDB-GENE-990415-39,6,52637308.0,52661824.0,-,protein_coding,"Ensembl ID, GRCz11 chr/start/end/strand re-verified against Ensembl REST on 2026-09-04",open,open,Myostatin / TGF-beta / BMP,Myostatin / TGF-beta,Skeletal/joint; body length,Pathway core,"C - pathway annotation only, no primary study cited",No primary study cited,Danio rerio,,Joint morphogenesis; human variants affect stature,No primary study cited - canonical pathway member (Ensembl/ZFIN gene record),,,,teleost,gdf5,C,False,False,direct_symbol_match,high,gdf5,NC_069711.1,6452977.0,6469816.0,,chr2,ok,chr2:6452977-6469816,
gdf6a,"GDF6, GDF6a",growth differentiation factor 6a,growth differentiation factor 6a,ENSDARG00000053479,ZDB-GENE-980526-373,16,39125589.0,39131666.0,-,protein_coding,"Ensembl ID, GRCz11 chr/start/end/strand re-verified against Ensembl REST on 2026-09-04",open,open,Myostatin / TGF-beta / BMP,Myostatin / TGF-beta,Body weight; skeletal/joint,GWAS/QTL; Functional,A - named in a verified primary teleost study,Reference metadata verified in PubMed/Crossref; gene-level claim not re-checked against the full text,Oreochromis niloticus; Danio rerio,"LG22; multi-trait GWAS, LG22","Within 100 kb of lead SNPs for ADG, harvest weight and gutted weight; controls joint, ligament and cartilage development",Yoshida GM et al. (2021) BMC Genomics 22:57,Multi-trait GWAS using imputed high-density genotypes from whole-genome sequencing identifies genes associated with body traits in Nile tilapia,10.1186/s12864-020-07341-z,33451291,teleost,gdf6a,A,False,False,direct_symbol_match,high,gdf6a,NC_069710.1,2823347.0,2828605.0,,chr1,ok,chr1:2823347-2828605,
gdf6b,GDF6b,growth differentiation factor 6b,growth differentiation factor 6b,ENSDARG00000005510,ZDB-GENE-980526-442,19,22999181.0,23002883.0,+,protein_coding,"Ensembl ID, GRCz11 chr/start/end/strand re-verified against Ensembl REST on 2026-09-04",open,open,Myostatin / TGF-beta / BMP,Myostatin / TGF-beta,Skeletal development,Pathway core,"C - pathway annotation only, no primary study cited",No primary study cited,Danio rerio,,BMP-family ligand in skeletal and fin development,No primary study cited - canonical pathway member (Ensembl/ZFIN gene record),,,,teleost,gdf6b,C,False,False,direct_symbol_match,high,gdf6b,NC_069732.1,7995008.0,7998079.0,,chr23,ok,chr23:7995008-7998079,
gh1,"GH, gh",growth hormone 1,growth hormone 1,ENSDARG00000038185,ZDB-GENE-030725-2,3,22327738.0,22332913.0,+,protein_coding,"Ensembl ID, GRCz11 chr/start/end/strand re-verified against Ensembl REST on 2026-09-04",open,open,GH-IGF somatotropic axis,Somatotropic (GH/IGF) axis,Growth rate; body weight,Functional; Expression; Pathway core,A - named in a verified primary teleost study,"Second-order check: source paper text read and the gene, trait, locus and effect size below confirmed against it (4 Sep 2026)",Oncorhynchus kisutch; Oreochromis niloticus; Cyprinus carpio; Danio rerio; Pangasianodon hypophthalmus,,"Master pituitary driver of somatic growth; GH transgenesis produces large growth acceleration in coho salmon and reduces myostatin transcript and protein. The striped catfish reference characterises the GH gene, its recombinant expression and biological activity - it is NOT a growth-association study, so no Pangasius marker-trait association is claimed here.",Raven PA et al. (2008) General and Comparative Endocrinology 159:26-37; Roberts SB et al. (2004) Journal of Experimental Biology 207:3741-3748; Poen S et al. (2013) Gene 518:316-324; Triantaphyllopoulos KA et al. (2020) Reviews in Aquaculture 12:1637-1662,"Endocrine effects of growth hormone overexpression in transgenic coho salmon | Transgenic salmon overexpressing growth hormone exhibit decreased myostatin transcript and protein expression | Growth hormone from striped catfish (Pangasianodon hypophthalmus): genomic organization, recombinant expression and biological activity | Factors influencing GH and IGF-I gene expression on growth in teleost fish: how can aquaculture industry benefit?",10.1016/j.ygcen.2008.07.011; 10.1242/jeb.01210; 10.1016/j.gene.2013.01.014; 10.1111/raq.12402,18713628; 15371481; 23353774,teleost,gh1,A,True,True,direct_symbol_match,high,gh1,NC_069738.1,4924032.0,4926740.0,,chr29,ok,chr29:4924032-4926740,gh2
gh2,GH2,growth hormone 2 (salmonid/cyprinid duplicate) [no Ensembl record - name not database-verified],growth hormone 2 (salmonid/cyprinid duplicate),no zebrafish ortholog in Ensembl,,,,,,,No zebrafish ortholog in Ensembl - gene retained for its relevance in other teleosts; no coordinates available,,,GH-IGF somatotropic axis,Somatotropic (GH/IGF) axis,Growth rate; body weight,Pathway core; Expression,B - verified review / pathway reference only,Reference metadata verified in PubMed/Crossref; gene-level claim not re-checked against the full text,Salmo salar; Oncorhynchus mykiss; Cyprinus carpio,,Duplicated GH paralogue retained after salmonid/cyprinid WGD; expression correlates with growth rate,Triantaphyllopoulos KA et al. (2020) Reviews in Aquaculture 12:1637-1662,Factors influencing GH and IGF-I gene expression on growth in teleost fish: how can aquaculture industry benefit?,10.1111/raq.12402,,teleost,gh2,B,False,False,blast_ortholog_cross_species,medium,gh1,NC_069738.1,4924032.0,4926740.0,"BLAST hit protein XP_026798214.1, 53.8% identity. cross-species BLAST via Nile tilapia growth hormone (gh1) ortholog, since zebrafish lacks a gh2 paralog",chr29,ok,chr29:4924032-4926740,gh1
ghra,"GHR1, GHR-I",growth hormone receptor a,growth hormone receptor a,ENSDARG00000054771,ZDB-GENE-070509-1,8,31465222.0,31606514.0,-,protein_coding,"Ensembl ID, GRCz11 chr/start/end/strand re-verified against Ensembl REST on 2026-09-04",open,open,GH-IGF somatotropic axis,Somatotropic (GH/IGF) axis,Body weight; growth rate,Pathway core; GWAS/QTL; Expression,B - verified review / pathway reference only,Second-order check: Pangasianodon hypophthalmus removed from the species list - no verified striped catfish ghra/GHR1 growth study was found.,Oreochromis niloticus; Sparus aurata; Danio rerio,,Peripheral GH receptor transducing GH signal to IGF1 production in liver and muscle,Perez-Sanchez J et al. (2018) Frontiers in Endocrinology 9:687,Somatotropic axis regulation unravels the differential effects of nutritional and environmental factors in growth performance of marine farmed fishes,10.3389/fendo.2018.00687,30538673,teleost,ghra,B,False,False,blast_ortholog,medium,ghrb,NC_069724.1,12606552.0,12625811.0,"BLAST ortholog (protein XP_026797032.2); top-bitscore hit rejected as non-orthologous, semantic name match used instead",chr15,ok,chr15:12606552-12625811,ghrb
ghrb,"GHR2, GHR-II, GHRb",growth hormone receptor b,growth hormone receptor b,ENSDARG00000007671,ZDB-GENE-071119-4,21,20742876.0,20765338.0,-,protein_coding,"Ensembl ID, GRCz11 chr/start/end/strand re-verified against Ensembl REST on 2026-09-04",open,open,GH-IGF somatotropic axis,Somatotropic (GH/IGF) axis,Body length; body height; body weight (tilapia),Pathway core; GWAS/QTL; Expression,A - named in a verified primary teleost study,"Second-order check: source paper text read and the gene, trait, locus and effect size below confirmed against it (4 Sep 2026)",Oreochromis niloticus; Pangasianodon hypophthalmus; Sparus aurata,LG7 (O. niloticus); 3'UTR SNPs (P. hypophthalmus),"Peripheral GH receptor. In Nile tilapia GHR2 on LG7 explains 13.1% of the phenotypic variance in body weight - note the study's MAJOR growth QTL is the sex-determining locus on LG1 (64.9-71.7% of variance), not GHR2. In striped catfish, five 3'UTR SNPs genotyped in 307 fish were associated with body length, body height, total length and caudal peduncle dimensions; the study found NO significant difference in body weight between diplotypes.",Liu F et al. (2014) Scientific Reports 4:7256; Jiang LS et al. (2022) Fishes 7:230,"A genome scan revealed significant associations of growth traits with a major QTL and GHR2 in tilapia | Novel SNPs in the 3'UTR region of GHRb gene associated with growth traits in striped catfish (Pangasianodon hypophthalmus), a valuable aquaculture species",10.1038/srep07256; 10.3390/fishes7050230,25435025,teleost,ghrb,A,True,True,direct_symbol_match,high,ghrb,NC_069724.1,12606552.0,12625811.0,,chr15,ok,chr15:12606552-12625811,ghra
ghrh,GHRH; ghrha,growth hormone releasing hormone,growth hormone releasing hormone a,ENSDARG00000069481,ZDB-GENE-070426-1,11,15345654.0,15435495.0,-,protein_coding,"Ensembl ID, GRCz11 chr/start/end/strand re-verified against Ensembl REST on 2026-09-04",open,open,GH-IGF somatotropic axis,Somatotropic (GH/IGF) axis,Growth rate,Pathway core,B - verified review / pathway reference only,Reference metadata verified in PubMed/Crossref; gene-level claim not re-checked against the full text,Danio rerio; Oncorhynchus mykiss,,Hypothalamic releasing factor; stimulates pituitary GH secretion,Canosa LF et al. (2007) General and Comparative Endocrinology 151:1-26,Neuroendocrine control of growth hormone in fish,10.1016/j.ygcen.2006.12.010,,teleost,ghrh,B,False,False,direct_symbol_match,high,ghrh,NC_069729.1,18402983.0,18410561.0,,chr20,ok,chr20:18402983-18410561,
ghrhra,GHRHR; ghrhr,growth hormone releasing hormone receptor a,growth hormone releasing hormone receptor,ENSDARG00000104961,ZDB-GENE-050315-2,2,50906097.0,50966124.0,-,protein_coding,"Ensembl ID, GRCz11 chr/start/end/strand re-verified against Ensembl REST on 2026-09-04",open,open,GH-IGF somatotropic axis,Somatotropic (GH/IGF) axis,Growth rate,Pathway core,B - verified review / pathway reference only,Reference metadata verified in PubMed/Crossref; gene-level claim not re-checked against the full text,Danio rerio; Oreochromis niloticus,,Receptor mediating GHRH stimulation of somatotropes,Canosa LF et al. (2007) General and Comparative Endocrinology 151:1-26,Neuroendocrine control of growth hormone in fish,10.1016/j.ygcen.2006.12.010,,teleost,ghrhra,B,False,False,direct_symbol_match,high,ghrhra,NC_069730.1,17114900.0,17130641.0,,chr21,ok,chr21:17114900-17130641,
ghrl,"GHRL, ghrelin",ghrelin/obestatin prepropeptide,ghrelin and obestatin prepropeptide,ENSDARG00000054239,ZDB-GENE-070622-2,6,40437987.0,40439615.0,+,protein_coding,"Ensembl ID, GRCz11 chr/start/end/strand re-verified against Ensembl REST on 2026-09-04",open,open,GH-IGF somatotropic axis,Appetite / GH secretagogue,Feed intake; growth rate,Pathway core; Expression,B - verified review / pathway reference only,Reference metadata verified in PubMed/Crossref; gene-level claim not re-checked against the full text,Oncorhynchus mykiss; Carassius auratus; Danio rerio,,"Orexigenic peptide; stimulates GH release and feed intake, driving growth",Volkoff H (2016) Frontiers in Neuroscience 10:540; Ronnestad I et al. (2017) Frontiers in Endocrinology 8:73,The neuroendocrine regulation of food intake in fish: a review of current knowledge | Appetite-controlling endocrine systems in teleosts,10.3389/fnins.2016.00540; 10.3389/fendo.2017.00073,28458653,teleost,ghrl,B,False,False,blast_ortholog,medium,LOC113545859,NC_069711.1,3065387.0,3067440.0,BLAST ortholog (protein XP_053088136.1),chr2,ok,chr2:3065387-3067440,
ghsrb,GHSR,growth hormone secretagogue receptor b,growth hormone secretagogue receptor b,ENSDARG00000057117,ZDB-GENE-090327-1,24,26742226.0,26746179.0,+,protein_coding,"Ensembl ID, GRCz11 chr/start/end/strand re-verified against Ensembl REST on 2026-09-04",open,open,GH-IGF somatotropic axis,Appetite / GH secretagogue,Feed intake; growth rate,Pathway core,B - verified review / pathway reference only,Reference metadata verified in PubMed/Crossref; gene-level claim not re-checked against the full text,Danio rerio; Carassius auratus,,Ghrelin receptor; mediates orexigenic and GH-releasing actions,Volkoff H (2016) Frontiers in Neuroscience 10:540; Ronnestad I et al. (2017) Frontiers in Endocrinology 8:73,The neuroendocrine regulation of food intake in fish: a review of current knowledge | Appetite-controlling endocrine systems in teleosts,10.3389/fnins.2016.00540; 10.3389/fendo.2017.00073,28458653,teleost,ghsrb,B,False,False,direct_symbol_match,high,ghsrb,NC_069731.1,20745819.0,20749493.0,,chr22,ok,chr22:20745819-20749493,
gnrh3,GNRH3,gonadotropin-releasing hormone 3,gonadotropin releasing hormone 3,ENSDARG00000056214,ZDB-GENE-030724-4,17,20204122.0,20207376.0,+,protein_coding,"Ensembl ID, GRCz11 chr/start/end/strand re-verified against Ensembl REST on 2026-09-04",open,open,"Life-history, sex & maturation",Reproductive axis,Maturation-linked size,Pathway core,"C - pathway annotation only, no primary study cited",No primary study cited,Danio rerio,,"Drives maturation, diverting energy from somatic growth",No primary study cited - canonical pathway member (Ensembl/ZFIN gene record),,,,teleost,gnrh3,C,False,False,unresolved,none,,,,,short neuropeptide precursor; no significant BLAST hit against catfish RefSeq proteome,,unresolved,:-1--1,
grb10a,"GRB10, GRBP",growth factor receptor-bound protein 10a,growth factor receptor-bound protein 10a,ENSDARG00000002013,ZDB-GENE-040822-32,19,23136170.0,23249822.0,-,protein_coding,"Ensembl ID, GRCz11 chr/start/end/strand re-verified against Ensembl REST on 2026-09-04",open,open,GH-IGF somatotropic axis,Insulin/IGF signalling,Harvest body weight (differential expression),Expression,"B - verified primary study, supporting evidence",Third-order check (rev 4): the source paper full text was retrieved and this row was compared against the paper's own gene table. Evidence type corrected from GWAS/QTL to Expression: the study performed no association test.,Labeo rohita; Danio rerio,"chr16:29,581,464 (T/C, upstream variant; L. rohita)","Adaptor that negatively regulates INSR/IGF1R; imprinted growth suppressor in mammals. An upstream cSNP at chr16:29,581,464 sits in a differentially expressed transcript. NOTE: the rohu study is an mRNA-seq differential-expression study with coding-SNP discovery inside differentially expressed transcripts. It ran NO genome-wide association test - the authors recommend these genes for future SNP-array construction and GWAS. These variants are candidates, not validated marker-trait associations.",Nandanpawar P et al. (2023) Frontiers in Genetics 14:1153911,"Identification of differentially expressed genes and SNPs linked to harvest body weight of genetically improved rohu carp, Labeo rohita",10.3389/fgene.2023.1153911,37359361,teleost,grb10a,B,False,False,direct_symbol_match,high,grb10a,NC_069738.1,11938574.0,11988508.0,,chr29,ok,chr29:11938574-11988508,
gstp1.2,GSTP1; gstp1,glutathione S-transferase pi 1.2,glutathione S-transferase pi 1,ENSDARG00000104068,ZDB-GENE-020806-4,14,3507326.0,3514055.0,+,protein_coding,"Ensembl ID, GRCz11 chr/start/end/strand re-verified against Ensembl REST on 2026-09-04",open,open,"Cell cycle, chromatin & transcription",Detoxification,Body weight,GWAS/QTL,A - named in a verified primary teleost study,Reference metadata verified in PubMed/Crossref; gene-level claim not re-checked against the full text,Oncorhynchus mykiss; Danio rerio,Omy14,Oxidative stress defence within growth-associated window,Ali A et al. (2020) BMC Genomics 21:209,Genome-wide identification of loci associated with growth in rainbow trout,10.1186/s12864-020-6617-x,32138655,teleost,gstp1.2,A,False,False,blast_ortholog,high,LOC113530137,NC_069718.1,8544170.0,8549730.0,BLAST ortholog (protein XP_026775715.1),chr9,ok,chr9:8544170-8549730,
hcrt,"HCRT, orexin",hypocretin (orexin) neuropeptide,hypocretin neuropeptide precursor,ENSDARG00000070932,ZDB-GENE-040324-1,3,17537352.0,17541448.0,+,protein_coding,"Ensembl ID, GRCz11 chr/start/end/strand re-verified against Ensembl REST on 2026-09-04",open,open,Appetite & energy balance,Appetite / energy balance,Feed intake,Pathway core; Expression,B - verified review / pathway reference only,Reference metadata verified in PubMed/Crossref; gene-level claim not re-checked against the full text,Danio rerio; Carassius auratus,,Orexigenic hypothalamic peptide linking arousal and feeding,Volkoff H (2016) Frontiers in Neuroscience 10:540; Ronnestad I et al. (2017) Frontiers in Endocrinology 8:73,The neuroendocrine regulation of food intake in fish: a review of current knowledge | Appetite-controlling endocrine systems in teleosts,10.3389/fnins.2016.00540; 10.3389/fendo.2017.00073,28458653,teleost,hcrt,B,False,False,direct_symbol_match,high,hcrt,NC_069722.1,6566818.0,6572651.0,,chr13,ok,chr13:6566818-6572651,
heg1,HEG1,heart development protein with EGF-like domains 1,heart development protein with EGF like domains 1,ENSDARG00000018441,ZDB-GENE-040714-1,9,38684871.0,38707510.0,+,protein_coding,"Ensembl ID, GRCz11 chr/start/end/strand re-verified against Ensembl REST on 2026-09-04",open,open,"Skeletal, ECM & body shape",ECM / muscle,Fillet yield,GWAS/QTL,A - named in a verified primary teleost study,Reference metadata verified in PubMed/Crossref; gene-level claim not re-checked against the full text,Oreochromis niloticus; Danio rerio,"LG16; LG16, intronic",Intronic lead SNP for fillet yield; associated with human skeletal muscle growth and lean mass,Yoshida GM et al. (2021) BMC Genomics 22:57,Multi-trait GWAS using imputed high-density genotypes from whole-genome sequencing identifies genes associated with body traits in Nile tilapia,10.1186/s12864-020-07341-z,33451291,teleost,heg1,A,False,False,direct_symbol_match,high,heg1,NC_069714.1,21710565.0,21722055.0,,chr5,ok,chr5:21710565-21722055,
hgfa,HGF,hepatocyte growth factor a,hepatocyte growth factor a,ENSDARG00000045544,ZDB-GENE-041014-2,4,19710657.0,19742303.0,-,protein_coding,"Ensembl ID, GRCz11 chr/start/end/strand re-verified against Ensembl REST on 2026-09-04",open,open,Other growth signalling & trafficking,Growth factor,Muscle regeneration,Pathway core,"C - pathway annotation only, no primary study cited",No primary study cited,Danio rerio,,Activates satellite cells and myoblast migration,No primary study cited - canonical pathway member (Ensembl/ZFIN gene record),,,,teleost,hgfa,C,False,False,blast_ortholog,high,hgfb,NC_069715.1,8534635.0,8560975.0,BLAST ortholog (protein XP_026783590.1),chr6,ok,chr6:8534635-8560975,
hmga2,HMGA2,high mobility group AT-hook 2,high mobility group AT-hook 2,ENSDARG00000069912,ZDB-GENE-030131-3148,4,12819272.0,12862087.0,-,protein_coding,"Ensembl ID, GRCz11 chr/start/end/strand re-verified against Ensembl REST on 2026-09-04",open,open,"Cell cycle, chromatin & transcription",Transcription / body size,Body size,Pathway core,"C - pathway annotation only, no primary study cited",No primary study cited,Danio rerio,,Conserved vertebrate body-size gene; loss causes pygmy phenotype in mammals,No primary study cited - canonical pathway member (Ensembl/ZFIN gene record),,,,teleost,hmga2,C,False,False,direct_symbol_match,high,hmga2,NC_069727.1,18251873.0,18281694.0,,chr18,ok,chr18:18251873-18281694,
hsd17b4,HSD17B4,hydroxysteroid (17-beta) dehydrogenase 4,hydroxysteroid 17-beta dehydrogenase 4,ENSDARG00000101239,ZDB-GENE-040421-1,8,41688.0,65189.0,-,protein_coding,"Ensembl ID, GRCz11 chr/start/end/strand re-verified against Ensembl REST on 2026-09-04",open,open,Lipid & energy metabolism,Steroid / lipid metabolism,Body weight; multiple body traits,GWAS/QTL,A - named in a verified primary teleost study,Reference metadata verified in PubMed/Crossref; gene-level claim not re-checked against the full text,Oreochromis niloticus; Danio rerio,LG12,Possible regulator of muscle development; high expression during early myogenesis,Yoshida GM et al. (2021) BMC Genomics 22:57,Multi-trait GWAS using imputed high-density genotypes from whole-genome sequencing identifies genes associated with body traits in Nile tilapia,10.1186/s12864-020-07341-z,33451291,teleost,hsd17b4,A,False,False,direct_symbol_match,high,hsd17b4,NC_069717.1,14828090.0,14847387.0,,chr8,ok,chr8:14828090-14847387,
hspb1,HSPB1,"heat shock protein, alpha-crystallin-related, 1",heat shock protein family B (small) member 1,ENSDARG00000041065,ZDB-GENE-030326-4,5,3568016.0,3584815.0,-,protein_coding,"Ensembl ID, GRCz11 chr/start/end/strand re-verified against Ensembl REST on 2026-09-04",open,open,Thyroid & stress axis,Stress / muscle protection,Body weight,GWAS/QTL; Expression,A - named in a verified primary teleost study,Third-order check (rev 4): the source paper full text was retrieved and this row was compared against the paper's own gene table. Confirmed: one of the three SNPs validated by marker-trait analysis in 340 fish.,Micropterus salmoides; Danio rerio,,Small heat shock protein protecting muscle; growth-associated SNP in largemouth bass. One of only three SNPs (from 17 genotyped across 10 candidate genes) that showed a significant marker-trait association in 340 Youlu No. 1 largemouth bass.,Li S et al. (2017) Genetica 145:175-187,Transcriptome assembly and identification of genes and SNPs associated with growth traits in largemouth bass (Micropterus salmoides),10.1007/s10709-017-9956-z,28204905,teleost,hspb1,A,False,False,direct_symbol_match,high,hspb1,NC_069736.1,6847432.0,6853787.0,,chr27,ok,chr27:6847432-6853787,
igf1,"IGF-I, IGF1",insulin-like growth factor 1,insulin-like growth factor 1,ENSDARG00000094132,ZDB-GENE-010607-2,4,17310143.0,17326717.0,+,protein_coding,"Ensembl ID, GRCz11 chr/start/end/strand re-verified against Ensembl REST on 2026-09-04",open,open,GH-IGF somatotropic axis,Somatotropic (GH/IGF) axis,Body weight; body length; growth rate,GWAS/QTL; Expression; Pathway core,A - named in a verified primary teleost study,Third-order check (rev 4): the source paper full text was retrieved and this row was compared against the paper's own gene table. Rohu claim re-scoped: the rohu study is expression-based with no association test. Striped catfish paper remains paywalled.,Labeo rohita; Pangasianodon hypophthalmus; Oncorhynchus mykiss; Sparus aurata; Danio rerio,"chr4:32,017,624 (A/T, upstream variant; L. rohita)","Principal mediator of GH action on somatic growth. In rohu an upstream cSNP at chr4:32,017,624 sits in an IGF-1 transcript that was >3 fold-change higher in high-breeding-value fish - but that study ran no association test, so this is a candidate, not a validated association. SNPs in IGF1 are separately reported as associated with growth traits in striped catfish; the specific variants were not verifiable from the paywalled full text.",Nandanpawar P et al. (2023) Frontiers in Genetics 14:1153911; Tran TTH et al. (2021) Aquaculture 538:736542,"Identification of differentially expressed genes and SNPs linked to harvest body weight of genetically improved rohu carp, Labeo rohita | Characterization of single nucleotide polymorphism in IGF1 and IGF1R genes associated with growth traits in striped catfish (Pangasianodon hypophthalmus Sauvage, 1878)",10.3389/fgene.2023.1153911; 10.1016/j.aquaculture.2021.736542,37359361,teleost,igf1,A,True,True,direct_symbol_match,high,igf1,NC_069727.1,3400719.0,3424801.0,,chr18,ok,chr18:3400719-3424801,
igf1ra,"IGF1R, IGF-IRa",insulin-like growth factor 1a receptor,insulin-like growth factor 1a receptor,ENSDARG00000027423,ZDB-GENE-020503-1,18,20881462.0,21047580.0,-,protein_coding,"Ensembl ID, GRCz11 chr/start/end/strand re-verified against Ensembl REST on 2026-09-04",open,open,GH-IGF somatotropic axis,Somatotropic (GH/IGF) axis,Body weight; body length,Pathway core; GWAS/QTL; Expression,A - named in a verified primary teleost study,"Second-order check: reference metadata verified, but the full text is paywalled and the gene-level claim could not be confirmed from it",Pangasianodon hypophthalmus; Danio rerio; Sparus aurata,,Receptor tyrosine kinase transducing IGF signal to PI3K-AKT-mTOR. SNPs in IGF1R are reported as associated with growth traits in striped catfish; the specific variants were not verifiable from the paywalled full text.,Tran TTH et al. (2021) Aquaculture 538:736542,"Characterization of single nucleotide polymorphism in IGF1 and IGF1R genes associated with growth traits in striped catfish (Pangasianodon hypophthalmus Sauvage, 1878)",10.1016/j.aquaculture.2021.736542,,teleost,igf1ra,A,True,True,direct_symbol_match,high,igf1ra,NC_069715.1,14614023.0,14709929.0,,chr6,ok,chr6:14614023-14709929,
igf1rb,IGF-IRb,insulin-like growth factor 1b receptor,insulin-like growth factor 1b receptor,ENSDARG00000034434,ZDB-GENE-020503-2,7,15446229.0,15610129.0,+,protein_coding,"Ensembl ID, GRCz11 chr/start/end/strand re-verified against Ensembl REST on 2026-09-04",open,open,GH-IGF somatotropic axis,Somatotropic (GH/IGF) axis,Body weight,Pathway core; Expression,"B - verified primary study, supporting evidence",Reference metadata verified in PubMed/Crossref; gene-level claim not re-checked against the full text,Danio rerio; Oncorhynchus mykiss,,Duplicated IGF1R paralogue; redundant/partitioned receptor function in teleosts,Maures T et al. (2002) Endocrinology 143:1858-1871,"Structural, biochemical, and expression analysis of two distinct insulin-like growth factor I receptors and their ligands in zebrafish",10.1210/endo.143.5.8768,11956169,teleost,igf1rb,B,False,False,direct_symbol_match,high,igf1rb,NC_069720.1,7699057.0,7790010.0,,chr11,ok,chr11:7699057-7790010,
igf2a,"IGF-II, IGF2",insulin-like growth factor 2a,insulin-like growth factor 2a,ENSDARG00000018643,ZDB-GENE-991111-3,7,48870496.0,48876480.0,+,protein_coding,"Ensembl ID, GRCz11 chr/start/end/strand re-verified against Ensembl REST on 2026-09-04",open,open,GH-IGF somatotropic axis,Somatotropic (GH/IGF) axis,Body weight; growth rate,Pathway core; Expression; GWAS/QTL,B - verified review / pathway reference only,Reference metadata verified in PubMed/Crossref; gene-level claim not re-checked against the full text,Lates calcarifer; Sparus aurata; Danio rerio; Cyprinus carpio,,Embryonic/juvenile growth factor; promotes myoblast proliferation; polymorphisms linked to growth in several species,Perez-Sanchez J et al. (2018) Frontiers in Endocrinology 9:687,Somatotropic axis regulation unravels the differential effects of nutritional and environmental factors in growth performance of marine farmed fishes,10.3389/fendo.2018.00687,30538673,teleost,igf2a,B,False,False,direct_symbol_match,high,igf2a,NC_069734.1,9590488.0,9595369.0,,chr25,ok,chr25:9590488-9595369,
igf2b,IGF-IIb,insulin-like growth factor 2b,insulin-like growth factor 2b,ENSDARG00000033307,ZDB-GENE-030131-2935,25,24039364.0,24046870.0,-,protein_coding,"Ensembl ID, GRCz11 chr/start/end/strand re-verified against Ensembl REST on 2026-09-04",open,open,GH-IGF somatotropic axis,Somatotropic (GH/IGF) axis,Body weight; growth rate,Pathway core; Expression,"B - verified primary study, supporting evidence",Reference metadata verified in PubMed/Crossref; gene-level claim not re-checked against the full text,Danio rerio; Oncorhynchus mykiss,,Teleost-duplicated IGF2 paralogue; supports muscle hyperplasia,Zou S et al. (2009) PLoS ONE 4:e7026,"Zebrafish IGF genes: gene duplication, conservation and divergence, and novel roles in midline and notochord development",10.1371/journal.pone.0007026,19759899,teleost,igf2b,B,False,False,direct_symbol_match,high,igf2b,NC_069718.1,13536610.0,13543067.0,,chr9,ok,chr9:13536610-13543067,
igf2r,IGF2R,insulin-like growth factor 2 receptor,insulin-like growth factor 2 receptor,ENSDARG00000006094,ZDB-GENE-041014-300,20,42563618.0,42660656.0,+,protein_coding,"Ensembl ID, GRCz11 chr/start/end/strand re-verified against Ensembl REST on 2026-09-04",open,open,GH-IGF somatotropic axis,Somatotropic (GH/IGF) axis,Body weight,Pathway core,B - verified review / pathway reference only,Reference metadata verified in PubMed/Crossref; gene-level claim not re-checked against the full text,Danio rerio; Oreochromis niloticus,,Clearance receptor limiting IGF2 bioavailability; negative modulator of growth,Perez-Sanchez J et al. (2018) Frontiers in Endocrinology 9:687,Somatotropic axis regulation unravels the differential effects of nutritional and environmental factors in growth performance of marine farmed fishes,10.3389/fendo.2018.00687,30538673,teleost,igf2r,B,False,False,direct_symbol_match,high,igf2r,NC_069728.1,16941655.0,16990608.0,,chr19,ok,chr19:16941655-16990608,
igf3,IGF3,insulin-like growth factor 3,insulin-like growth factor 3 (teleost-specific),ENSDARG00000058058,ZDB-GENE-080611-1,8,13978486.0,13985032.0,-,protein_coding,"Ensembl ID, GRCz11 chr/start/end/strand re-verified against Ensembl REST on 2026-09-04",open,open,GH-IGF somatotropic axis,Somatotropic (GH/IGF) axis,Gonad growth; maturation-linked size,Pathway core; Expression,"B - verified primary study, supporting evidence",Reference metadata verified in PubMed/Crossref; gene-level claim not re-checked against the full text,Oreochromis niloticus; Danio rerio,,Teleost-specific IGF acting mainly in gonad; links maturation to somatic growth trade-off,Wang DS et al. (2008) Biochemical and Biophysical Research Communications 367:336-341,Discovery of a gonad-specific IGF subtype in teleost,10.1016/j.bbrc.2007.12.136,18166148,teleost,igf3,B,False,False,direct_symbol_match,high,igf3,NC_069717.1,936752.0,946629.0,,chr8,ok,chr8:936752-946629,
igfals,"IGFALS, ALS","insulin-like growth factor binding protein, acid labile subunit",insulin like growth factor binding protein acid labile subunit,ENSDARG00000037836,ZDB-GENE-061009-25,3,45845007.0,45848257.0,-,protein_coding,"Ensembl ID, GRCz11 chr/start/end/strand re-verified against Ensembl REST on 2026-09-04",open,open,GH-IGF somatotropic axis,Somatotropic (GH/IGF) axis,Growth rate,Pathway core,B - verified review / pathway reference only,Reference metadata verified in PubMed/Crossref; gene-level claim not re-checked against the full text,Danio rerio; Sparus aurata,,"Stabilises IGF-IGFBP3 ternary complex, extending IGF half-life",Perez-Sanchez J et al. (2018) Frontiers in Endocrinology 9:687,Somatotropic axis regulation unravels the differential effects of nutritional and environmental factors in growth performance of marine farmed fishes,10.3389/fendo.2018.00687,30538673,teleost,igfals,B,False,False,direct_symbol_match,high,igfals,NC_069732.1,17948148.0,17950774.0,,chr23,ok,chr23:17948148-17950774,
igfbp1a,IGFBP-1,insulin-like growth factor binding protein 1a,insulin like growth factor binding protein 1a,ENSDARG00000099351,ZDB-GENE-021231-1,20,6808774.0,6812688.0,-,protein_coding,"Ensembl ID, GRCz11 chr/start/end/strand re-verified against Ensembl REST on 2026-09-04",open,open,GH-IGF somatotropic axis,Somatotropic (GH/IGF) axis,Growth rate; growth inhibition,Pathway core; Expression; Functional,A - named in a verified primary teleost study,Reference metadata verified in PubMed/Crossref; gene-level claim not re-checked against the full text,Danio rerio; Oncorhynchus mykiss,,Hypoxia/fasting-induced IGF inhibitor; overexpression causes growth retardation and developmental delay,Kajimura S et al. (2005) PNAS 102:1240-1245,Insulin-like growth factor-binding protein-1 (IGFBP-1) mediates hypoxia-induced embryonic growth and developmental retardation,10.1073/pnas.0407443102,15644436,teleost,igfbp1a,A,False,False,direct_symbol_match,high,igfbp1a,NC_069728.1,6346612.0,6349468.0,,chr19,ok,chr19:6346612-6349468,igfbp4
igfbp1b,IGFBP-1b,insulin-like growth factor binding protein 1b,insulin like growth factor binding protein 1b,ENSDARG00000038666,ZDB-GENE-081210-3,2,124433.0,127945.0,-,protein_coding,"Ensembl ID, GRCz11 chr/start/end/strand re-verified against Ensembl REST on 2026-09-04",open,open,GH-IGF somatotropic axis,Somatotropic (GH/IGF) axis,Growth rate,Pathway core; Expression,"B - verified primary study, supporting evidence",Reference metadata verified in PubMed/Crossref; gene-level claim not re-checked against the full text,Danio rerio,,Second IGFBP1 paralogue; restrains IGF signalling under catabolic conditions,Kamei H et al. (2008) PLoS ONE 3:e3091,Duplication and diversification of the hypoxia-inducible IGFBP-1 gene in zebrafish,10.1371/journal.pone.0003091,18769480,teleost,igfbp1b,B,False,False,direct_symbol_match,high,igfbp1b,NC_069713.1,6038354.0,6044248.0,,chr4,ok,chr4:6038354-6044248,
igfbp2a,IGFBP-2,insulin-like growth factor binding protein 2a,insulin like growth factor binding protein 2a,ENSDARG00000052470,ZDB-GENE-000125-12,6,20921542.0,20952187.0,-,protein_coding,"Ensembl ID, GRCz11 chr/start/end/strand re-verified against Ensembl REST on 2026-09-04",open,open,GH-IGF somatotropic axis,Somatotropic (GH/IGF) axis,Growth rate,Pathway core; Expression,B - verified review / pathway reference only,Reference metadata verified in PubMed/Crossref; gene-level claim not re-checked against the full text,Sparus aurata; Danio rerio; Oncorhynchus mykiss,,Main circulating IGF carrier in fish; nutritionally regulated marker of growth status,Perez-Sanchez J et al. (2018) Frontiers in Endocrinology 9:687,Somatotropic axis regulation unravels the differential effects of nutritional and environmental factors in growth performance of marine farmed fishes,10.3389/fendo.2018.00687,30538673,teleost,igfbp2a,B,False,False,direct_symbol_match,high,igfbp2a,NC_069711.1,4591799.0,4619756.0,,chr2,ok,chr2:4591799-4619756,
igfbp2b,IGFBP-2b,insulin-like growth factor binding protein 2b,insulin like growth factor binding protein 2b,ENSDARG00000031422,ZDB-GENE-090107-3,9,46745348.0,46799620.0,+,protein_coding,"Ensembl ID, GRCz11 chr/start/end/strand re-verified against Ensembl REST on 2026-09-04",open,open,GH-IGF somatotropic axis,Somatotropic (GH/IGF) axis,Growth rate,Pathway core,"C - pathway annotation only, no primary study cited",No primary study cited,Danio rerio,,Duplicate IGFBP2; modulates IGF bioavailability,No primary study cited - canonical pathway member (Ensembl/ZFIN gene record),,,,teleost,igfbp2b,C,False,False,direct_symbol_match,high,igfbp2b,NC_069714.1,22763043.0,22778521.0,,chr5,ok,chr5:22763043-22778521,
igfbp3,IGFBP-3,insulin-like growth factor binding protein 3,insulin like growth factor binding protein 3,ENSDARG00000099144,ZDB-GENE-040412-1,20,6756247.0,6804237.0,+,protein_coding,"Ensembl ID, GRCz11 chr/start/end/strand re-verified against Ensembl REST on 2026-09-04",open,open,GH-IGF somatotropic axis,Somatotropic (GH/IGF) axis,Body weight; growth rate,GWAS/QTL; Pathway core; Expression,A - named in a verified primary teleost study,"Second-order check: source paper text read and the gene, trait, locus and effect size below confirmed against it (4 Sep 2026)",Pangasianodon hypophthalmus; Danio rerio; Oncorhynchus mykiss,"exon 1, SNP 704 C>G (p.Leu8Val)",Major GH-dependent IGF carrier forming the ternary complex with IGFALS. A non-synonymous SNP 704 C>G (p.Leu8Val) in exon 1 was significantly associated with growth traits in striped catfish (p<0.01; 70 fast- vs 70 slow-growing fish after discovery sequencing of 20).,Tran TTH et al. (2023) Vietnam Journal of Biotechnology,Non-synonymous polymorphism in IGFBP-3 gene associated with growth traits in striped catfish (Pangasianodon hypophthalmus),10.15625/1811-4989/18240,,teleost,igfbp3,A,True,True,direct_symbol_match,high,igfbp3,NC_069728.1,6337210.0,6370493.0,,chr19,ok,chr19:6337210-6370493,
igfbp4,IGFBP-4,insulin like growth factor binding protein 4 [no Ensembl record - name not database-verified],insulin like growth factor binding protein 4,no zebrafish ortholog in Ensembl,,,,,,,No zebrafish ortholog in Ensembl - gene retained for its relevance in other teleosts; no coordinates available,,,GH-IGF somatotropic axis,Somatotropic (GH/IGF) axis,Growth rate,Pathway core,"C - pathway annotation only, no primary study cited",No primary study cited,Danio rerio,,Inhibitory IGFBP; PAPPA substrate controlling local IGF release,No primary study cited - canonical pathway member (Ensembl/ZFIN gene record),,,,teleost,igfbp4,C,False,False,blast_ortholog_cross_species,low,igfbp1a,NC_069728.1,6346612.0,6349468.0,"BLAST hit protein XP_026800482.1, 41.6% identity. best hit is IGFBP1a, not a distinct IGFBP4; catfish annotation may lack a separate igfbp4 paralog — flagged as closest-paralog match, not confirmed ortholog",chr19,ok,chr19:6346612-6349468,igfbp1a
igfbp5a,IGFBP-5a,insulin-like growth factor binding protein 5a,insulin like growth factor binding protein 5a,ENSDARG00000039264,ZDB-GENE-070620-8,6,20910551.0,20918694.0,+,protein_coding,"Ensembl ID, GRCz11 chr/start/end/strand re-verified against Ensembl REST on 2026-09-04",open,open,GH-IGF somatotropic axis,Somatotropic (GH/IGF) axis,Muscle growth,GWAS/QTL; Functional; Pathway core,A - named in a verified primary teleost study,"Second-order check: source paper text read and the gene, trait, locus and effect size below confirmed against it (4 Sep 2026)",Pangasianodon hypophthalmus; Danio rerio; Oncorhynchus mykiss,"exon 1, SNP 525 T>A (p.Val16Glu)",Muscle- and bone-enriched IGFBP modulating myogenesis. A non-synonymous SNP 525 T>A (p.Val16Glu) in exon 1 was significantly associated with growth in striped catfish (p<0.001; 80 fast- vs 80 slow-growing fish). Zebrafish igfbp5a-null fish reveal a critical IGF-signalling role in calcium adaptation.,Dai W et al. (2010) FASEB Journal 24:2020-2029; Liu C et al. (2018) Science Signaling 11:eaat2231; Tran TTH et al. (2023) Vietnam Journal of Biotechnology,Duplicated zebrafish insulin-like growth factor binding protein-5 genes with split functional domains | Ca2+ concentration-dependent premature death of igfbp5a-/- fish reveals a critical role of IGF signaling in adaptation to hypocalcemia | Significant association between a non-synonymous SNP in IGFBP5 gene and the growth of striped catfish (Pangasianodon hypophthalmus),10.1096/fj.09-149435; 10.1126/scisignal.aat2231; 10.15625/1811-4989/17647,20081093; 30228225,teleost,igfbp5a,A,True,True,direct_symbol_match,high,igfbp5a,NC_069711.1,4568110.0,4590092.0,,chr2,ok,chr2:4568110-4590092,
igfbp5b,IGFBP-5b,insulin-like growth factor binding protein 5b,insulin like growth factor binding protein 5b,ENSDARG00000025348,ZDB-GENE-040319-2,9,46820636.0,46842179.0,-,protein_coding,"Ensembl ID, GRCz11 chr/start/end/strand re-verified against Ensembl REST on 2026-09-04",open,open,GH-IGF somatotropic axis,Somatotropic (GH/IGF) axis,Muscle growth,Functional; Pathway core,A - named in a verified primary teleost study,Reference metadata verified in PubMed/Crossref; gene-level claim not re-checked against the full text,Danio rerio,,Paralogue of IGFBP5; regulates IGF action in muscle and bone,Dai W et al. (2010) FASEB Journal 24:2020-2029,Duplicated zebrafish insulin-like growth factor binding protein-5 genes with split functional domains,10.1096/fj.09-149435,20081093,teleost,igfbp5b,A,False,False,direct_symbol_match,high,igfbp5b,NC_069714.1,22782291.0,22793509.0,,chr5,ok,chr5:22782291-22793509,
igfbp6a,IGFBP-6,insulin-like growth factor binding protein 6a,insulin like growth factor binding protein 6a,ENSDARG00000070941,ZDB-GENE-090521-1,11,2391469.0,2397974.0,+,protein_coding,"Ensembl ID, GRCz11 chr/start/end/strand re-verified against Ensembl REST on 2026-09-04",open,open,GH-IGF somatotropic axis,Somatotropic (GH/IGF) axis,Growth rate,Pathway core,"B - verified primary study, supporting evidence",Reference metadata verified in PubMed/Crossref; gene-level claim not re-checked against the full text,Danio rerio,,Preferential IGF2 inhibitor,"Wang X et al. (2009) American Journal of Physiology - Regulatory, Integrative and Comparative Physiology 296:R1348-R1357",Molecular and functional characterization of two distinct IGF binding protein-6 genes in zebrafish,10.1152/ajpregu.90969.2008,19279291,teleost,igfbp6a,B,False,False,direct_symbol_match,high,igfbp6a,NC_069729.1,20741800.0,20745782.0,,chr20,ok,chr20:20741800-20745782,
igfbp6b,IGFBP-6b,insulin-like growth factor binding protein 6b,insulin like growth factor binding protein 6b,ENSDARG00000090833,ZDB-GENE-090521-2,23,36601984.0,36605837.0,+,protein_coding,"Ensembl ID, GRCz11 chr/start/end/strand re-verified against Ensembl REST on 2026-09-04",open,open,GH-IGF somatotropic axis,Somatotropic (GH/IGF) axis,Growth rate,Pathway core,"B - verified primary study, supporting evidence",Reference metadata verified in PubMed/Crossref; gene-level claim not re-checked against the full text,Danio rerio,,Preferential IGF2 inhibitor; duplicate paralogue,"Wang X et al. (2009) American Journal of Physiology - Regulatory, Integrative and Comparative Physiology 296:R1348-R1357",Molecular and functional characterization of two distinct IGF binding protein-6 genes in zebrafish,10.1152/ajpregu.90969.2008,19279291,teleost,igfbp6b,B,False,False,direct_symbol_match,high,igfbp6b,NC_069725.1,20789505.0,20794190.0,,chr16,ok,chr16:20789505-20794190,
igfbp7,IGFBP-7,insulin-like growth factor binding protein 7,insulin like growth factor binding protein 7,ENSDARG00000104138,ZDB-GENE-040426-2423,14,52369262.0,52379718.0,+,protein_coding,"Ensembl ID, GRCz11 chr/start/end/strand re-verified against Ensembl REST on 2026-09-04",open,open,GH-IGF somatotropic axis,Somatotropic (GH/IGF) axis,Growth rate,Pathway core; Expression,B - verified review / pathway reference only,Reference metadata verified in PubMed/Crossref; gene-level claim not re-checked against the full text,Danio rerio; Sparus aurata,,Low-affinity IGFBP; hypoxia-responsive growth modulator,Perez-Sanchez J et al. (2018) Frontiers in Endocrinology 9:687,Somatotropic axis regulation unravels the differential effects of nutritional and environmental factors in growth performance of marine farmed fishes,10.3389/fendo.2018.00687,30538673,teleost,igfbp7,B,False,False,direct_symbol_match,high,igfbp7,NC_069722.1,23416710.0,23426132.0,,chr13,ok,chr13:23416710-23426132,
ihha,IHH,Indian hedgehog signaling molecule a,Indian hedgehog signaling molecule a,ENSDARG00000058733,ZDB-GENE-051010-1,9,7358749.0,7367278.0,+,protein_coding,"Ensembl ID, GRCz11 chr/start/end/strand re-verified against Ensembl REST on 2026-09-04",open,open,Other growth signalling & trafficking,Hedgehog signalling,Skeletal growth,Pathway core,"C - pathway annotation only, no primary study cited",No primary study cited,Danio rerio,,Controls chondrocyte proliferation and endochondral bone growth,No primary study cited - canonical pathway member (Ensembl/ZFIN gene record),,,,teleost,ihha,C,False,False,direct_symbol_match,high,ihha,NC_069714.1,21462122.0,21470061.0,,chr5,ok,chr5:21462122-21470061,
inhbaa,"INHBA, activin A",inhibin subunit beta Aa,inhibin subunit beta Aa,ENSDARG00000012671,ZDB-GENE-000210-21,24,3050020.0,3062610.0,+,protein_coding,"Ensembl ID, GRCz11 chr/start/end/strand re-verified against Ensembl REST on 2026-09-04",open,open,Myostatin / TGF-beta / BMP,Myostatin / TGF-beta,Growth rate; gonad,Pathway core,"C - pathway annotation only, no primary study cited",No primary study cited,Danio rerio; Oreochromis niloticus,,Activin ligand acting through the same receptors as myostatin,No primary study cited - canonical pathway member (Ensembl/ZFIN gene record),,,,teleost,inhbaa,C,False,False,direct_symbol_match,high,inhbaa,NC_069710.1,28284012.0,28298930.0,,chr1,ok,chr1:28284012-28298930,
ins,"INS, insulin; insa",preproinsulin,insulin a,ENSDARG00000035350,ZDB-GENE-980526-110,5,37854685.0,37857696.0,+,protein_coding,"Ensembl ID, GRCz11 chr/start/end/strand re-verified against Ensembl REST on 2026-09-04",open,open,GH-IGF somatotropic axis,Insulin / nutrient signalling,Growth rate; nutrient partitioning,Pathway core; Expression,B - verified review / pathway reference only,Reference metadata verified in PubMed/Crossref; gene-level claim not re-checked against the full text,Danio rerio; Sparus aurata,,Anabolic hormone promoting amino-acid uptake and protein synthesis in muscle,Perez-Sanchez J et al. (2018) Frontiers in Endocrinology 9:687,Somatotropic axis regulation unravels the differential effects of nutritional and environmental factors in growth performance of marine farmed fishes,10.3389/fendo.2018.00687,30538673,teleost,ins,B,False,False,blast_ortholog,high,LOC113531241,NC_069736.1,16944785.0,16946032.0,BLAST ortholog (protein XP_026777620.1),chr27,ok,chr27:16944785-16946032,insb
insb,INS-b,preproinsulin b,insulin b,ENSDARG00000034610,ZDB-GENE-040113-2,14,28563081.0,28568152.0,-,protein_coding,"Ensembl ID, GRCz11 chr/start/end/strand re-verified against Ensembl REST on 2026-09-04",open,open,GH-IGF somatotropic axis,Insulin / nutrient signalling,Growth rate,Pathway core,"C - pathway annotation only, no primary study cited",No primary study cited,Danio rerio,,Duplicate insulin gene in zebrafish,No primary study cited - canonical pathway member (Ensembl/ZFIN gene record),,,,teleost,insb,C,False,False,blast_ortholog,medium,LOC113531241,NC_069736.1,16944785.0,16946032.0,BLAST ortholog (protein XP_026777620.1),chr27,ok,chr27:16944785-16946032,ins
insra,INSR,insulin receptor a,insulin receptor a,ENSDARG00000011948,ZDB-GENE-020503-3,2,37544951.0,37632896.0,-,protein_coding,"Ensembl ID, GRCz11 chr/start/end/strand re-verified against Ensembl REST on 2026-09-04",open,open,GH-IGF somatotropic axis,Insulin / nutrient signalling,Growth rate,Pathway core,"C - pathway annotation only, no primary study cited",No primary study cited,Danio rerio; Oncorhynchus mykiss,,Receptor initiating PI3K-AKT anabolic signalling,No primary study cited - canonical pathway member (Ensembl/ZFIN gene record),,,,teleost,insra,C,False,False,direct_symbol_match,high,insra,NC_069713.1,27272745.0,27303077.0,,chr4,ok,chr4:27272745-27303077,
insrb,INSRb,insulin receptor b,insulin receptor b,ENSDARG00000071524,ZDB-GENE-020503-4,22,10927370.0,11054244.0,-,protein_coding,"Ensembl ID, GRCz11 chr/start/end/strand re-verified against Ensembl REST on 2026-09-04",open,open,GH-IGF somatotropic axis,Insulin / nutrient signalling,Growth rate,Pathway core,"C - pathway annotation only, no primary study cited",No primary study cited,Danio rerio,,Duplicated insulin receptor paralogue,No primary study cited - canonical pathway member (Ensembl/ZFIN gene record),,,,teleost,insrb,C,False,False,direct_symbol_match,high,insrb,NC_069720.1,12183521.0,12259828.0,,chr11,ok,chr11:12183521-12259828,
irs1,IRS1,insulin receptor substrate 1,insulin receptor substrate 1,ENSDARG00000054087,ZDB-GENE-030131-872,15,35888549.0,35930070.0,-,protein_coding,"Ensembl ID, GRCz11 chr/start/end/strand re-verified against Ensembl REST on 2026-09-04",open,open,GH-IGF somatotropic axis,Insulin / nutrient signalling,Growth rate; muscle growth,Pathway core,"C - pathway annotation only, no primary study cited",No primary study cited,Danio rerio; Oncorhynchus mykiss,,Key adaptor coupling INSR/IGF1R to PI3K-AKT-mTOR,No primary study cited - canonical pathway member (Ensembl/ZFIN gene record),,,,teleost,irs1,C,False,False,direct_symbol_match,high,irs1,NC_069723.1,1210621.0,1230302.0,,chr14,ok,chr14:1210621-1230302,
irs2a,IRS2,insulin receptor substrate 2a,insulin receptor substrate 2a,ENSDARG00000037099,ZDB-GENE-040426-975,1,29211540.0,29228393.0,+,protein_coding,"Ensembl ID, GRCz11 chr/start/end/strand re-verified against Ensembl REST on 2026-09-04",open,open,GH-IGF somatotropic axis,Insulin / nutrient signalling,Growth rate,Pathway core,"C - pathway annotation only, no primary study cited",No primary study cited,Danio rerio,,Adaptor protein in insulin/IGF signal transduction,No primary study cited - canonical pathway member (Ensembl/ZFIN gene record),,,,teleost,irs2a,C,False,False,direct_symbol_match,high,irs2a,NC_069735.1,8130272.0,8142362.0,,chr26,ok,chr26:8130272-8142362,
irs2b,IRS2b,insulin receptor substrate 2b,insulin receptor substrate 2b,ENSDARG00000075282,ZDB-GENE-081104-462,9,8429239.0,8454060.0,-,protein_coding,"Ensembl ID, GRCz11 chr/start/end/strand re-verified against Ensembl REST on 2026-09-04",open,open,GH-IGF somatotropic axis,Insulin / nutrient signalling,Growth rate,Pathway core,"C - pathway annotation only, no primary study cited",No primary study cited,Danio rerio,,Duplicate IRS2 paralogue,No primary study cited - canonical pathway member (Ensembl/ZFIN gene record),,,,teleost,irs2b,C,False,False,direct_symbol_match,high,irs2b,NC_069714.1,12846841.0,12860728.0,,chr5,ok,chr5:12846841-12860728,
itgb3a,ITGB3,integrin beta 3a,integrin beta 3a,ENSDARG00000056767,ZDB-GENE-071207-1,3,19621034.0,19649535.0,+,protein_coding,"Ensembl ID, GRCz11 chr/start/end/strand re-verified against Ensembl REST on 2026-09-04",open,open,"Skeletal, ECM & body shape",Cell adhesion,Body weight,GWAS/QTL,A - named in a verified primary teleost study,Reference metadata verified in PubMed/Crossref; gene-level claim not re-checked against the full text,Oncorhynchus mykiss; Danio rerio,,Integrin in phagosome pathway within growth-associated region,Ali A et al. (2020) BMC Genomics 21:209,Genome-wide identification of loci associated with growth in rainbow trout,10.1186/s12864-020-6617-x,32138655,teleost,itgb3a,A,False,False,direct_symbol_match,high,itgb3a,NC_069722.1,8018848.0,8036155.0,,chr13,ok,chr13:8018848-8036155,
jak2a,JAK2,Janus kinase 2a,Janus kinase 2a,ENSDARG00000104808,ZDB-GENE-980526-481,21,249970.0,294747.0,+,protein_coding,"Ensembl ID, GRCz11 chr/start/end/strand re-verified against Ensembl REST on 2026-09-04",open,open,GH-IGF somatotropic axis,GH signal transduction,Growth rate,Pathway core,B - verified review / pathway reference only,Reference metadata verified in PubMed/Crossref; gene-level claim not re-checked against the full text,Danio rerio; Oreochromis niloticus,,Kinase transducing GHR activation to STAT5,Perez-Sanchez J et al. (2018) Frontiers in Endocrinology 9:687,Somatotropic axis regulation unravels the differential effects of nutritional and environmental factors in growth performance of marine farmed fishes,10.3389/fendo.2018.00687,30538673,teleost,jak2a,B,False,False,direct_symbol_match,high,jak2a,NC_069724.1,24613365.0,24641210.0,,chr15,ok,chr15:24613365-24641210,
jak2b,JAK2b,Janus kinase 2b,Janus kinase 2b,ENSDARG00000018882,ZDB-GENE-980526-123,5,66043820.0,66121852.0,+,protein_coding,"Ensembl ID, GRCz11 chr/start/end/strand re-verified against Ensembl REST on 2026-09-04",open,open,GH-IGF somatotropic axis,GH signal transduction,Growth rate,Pathway core,B - verified review / pathway reference only,Reference metadata verified in PubMed/Crossref; gene-level claim not re-checked against the full text,Danio rerio,,Duplicated JAK2 paralogue,Perez-Sanchez J et al. (2018) Frontiers in Endocrinology 9:687,Somatotropic axis regulation unravels the differential effects of nutritional and environmental factors in growth performance of marine farmed fishes,10.3389/fendo.2018.00687,30538673,teleost,jak2b,B,False,False,direct_symbol_match,high,jak2b,NC_069733.1,9151153.0,9180768.0,,chr24,ok,chr24:9151153-9180768,
jun,"JUN, AP-1","Jun proto-onco, AP-1 transcription factor subunit","Jun proto-oncogene, AP-1 transcription factor subunit",ENSDARG00000043531,ZDB-GENE-030131-7859,20,15552657.0,15554606.0,+,protein_coding,"Ensembl ID, GRCz11 chr/start/end/strand re-verified against Ensembl REST on 2026-09-04",open,open,"Cell cycle, chromatin & transcription",Growth signalling,Body weight,GWAS/QTL; Pathway core,A - named in a verified primary teleost study,Reference metadata verified in PubMed/Crossref; gene-level claim not re-checked against the full text,Oncorhynchus mykiss; Danio rerio,Omy4,AP-1 component transducing growth signals to the nucleus,Ali A et al. (2020) BMC Genomics 21:209,Genome-wide identification of loci associated with growth in rainbow trout,10.1186/s12864-020-6617-x,32138655,teleost,jun,A,False,False,direct_symbol_match,high,jun,NC_069728.1,5079328.0,5081465.0,,chr19,ok,chr19:5079328-5081465,
kat2a,"KAT2A, GCN5",K(lysine) acetyltransferase 2A,lysine acetyltransferase 2A,ENSDARG00000104734,ZDB-GENE-080403-11,3,17653784.0,17680114.0,+,protein_coding,"Ensembl ID, GRCz11 chr/start/end/strand re-verified against Ensembl REST on 2026-09-04",open,open,"Cell cycle, chromatin & transcription",Chromatin,Body weight,GWAS/QTL,A - named in a verified primary teleost study,Reference metadata verified in PubMed/Crossref; gene-level claim not re-checked against the full text,Oncorhynchus mykiss; Danio rerio,Omy13,Histone acetyltransferase acetylating TBX5 in heart and limb development,Ali A et al. (2020) BMC Genomics 21:209,Genome-wide identification of loci associated with growth in rainbow trout,10.1186/s12864-020-6617-x,32138655,teleost,kat2a,A,False,False,direct_symbol_match,high,kat2a,NC_069722.1,6485252.0,6498187.0,,chr13,ok,chr13:6485252-6498187,
kcnq5a,KCNQ5,"potassium voltage-gated channel, KQT-like subfamily, member 5a","potassium voltage-gated channel, KQT-like subfamily, member 5a",ENSDARG00000069954,ZDB-GENE-090312-185,13,27378857.0,27621246.0,-,protein_coding,"Ensembl ID, GRCz11 chr/start/end/strand re-verified against Ensembl REST on 2026-09-04",open,open,"Cell cycle, chromatin & transcription",Ion channel,Growth traits,GWAS/QTL,A - named in a verified primary teleost study,Third-order check (rev 4): the source paper full text was retrieved and this row was compared against the paper's own gene table. Confirmed as a candidate gene in the flounder paper.,Paralichthys olivaceus; Danio rerio,,Potassium channel in growth-associated region,Liang S et al. (2026) Biology 15:1246,Genetic dissection of growth traits and identification of candidate genes in Japanese flounder (Paralichthys olivaceus) using single- and multi-trait genome-wide association analyses,10.3390/biology15151246,,teleost,kcnq5a,A,False,False,direct_symbol_match,high,kcnq5a,NC_069712.1,14739321.0,14865413.0,,chr3,ok,chr3:14739321-14865413,
kif21a,KIF21A,kinesin family member 21A,kinesin family member 21A,ENSDARG00000061131,ZDB-GENE-110411-237,25,35683956.0,35765924.0,+,protein_coding,"Ensembl ID, GRCz11 chr/start/end/strand re-verified against Ensembl REST on 2026-09-04",open,open,Myogenesis & sarcomere,Cytoskeleton,Body weight,GWAS/QTL,A - named in a verified primary teleost study,Reference metadata verified in PubMed/Crossref; gene-level claim not re-checked against the full text,Oncorhynchus mykiss; Danio rerio,Omy2,Kinesin associated with growth in livestock; trout growth candidate,Ali A et al. (2020) BMC Genomics 21:209,Genome-wide identification of loci associated with growth in rainbow trout,10.1186/s12864-020-6617-x,32138655,teleost,kif21a,A,False,False,direct_symbol_match,high,kif21a,NC_069718.1,16367667.0,16411487.0,,chr9,ok,chr9:16367667-16411487,
kiss1,"KISS1, kisspeptin",KiSS-1 metastasis suppressor,KiSS-1 metastasis-suppressor,ENSDARG00000075829,ZDB-GENE-080128-1,11,23311452.0,23322182.0,-,protein_coding,"Ensembl ID, GRCz11 chr/start/end/strand re-verified against Ensembl REST on 2026-09-04",open,open,"Life-history, sex & maturation",Reproductive axis,Maturation-linked size,Pathway core,"C - pathway annotation only, no primary study cited",No primary study cited,Danio rerio,,Upstream regulator of GnRH; links puberty timing to somatic growth trade-off,No primary study cited - canonical pathway member (Ensembl/ZFIN gene record),,,,teleost,kiss1,C,False,False,direct_symbol_match,high,kiss1,NC_069729.1,8203998.0,8208952.0,,chr20,ok,chr20:8203998-8208952,
ktn1,"KTN1, kinectin",kinectin 1,kinectin 1,ENSDARG00000032802,ZDB-GENE-030408-4,17,43926523.0,44002032.0,+,protein_coding,"Ensembl ID, GRCz11 chr/start/end/strand re-verified against Ensembl REST on 2026-09-04",open,open,Myogenesis & sarcomere,Cytoskeleton,Body weight,GWAS/QTL,A - named in a verified primary teleost study,Reference metadata verified in PubMed/Crossref; gene-level claim not re-checked against the full text,Oreochromis niloticus; Danio rerio,,Kinesin receptor intercepted by body-trait lead SNPs,Yoshida GM et al. (2021) BMC Genomics 22:57,Multi-trait GWAS using imputed high-density genotypes from whole-genome sequencing identifies genes associated with body traits in Nile tilapia,10.1186/s12864-020-07341-z,33451291,teleost,ktn1,A,False,False,direct_symbol_match,high,ktn1,NC_069719.1,15855343.0,15885748.0,,chr10,ok,chr10:15855343-15885748,
lamb4,LAMB4,"laminin, beta 4",laminin subunit beta 4,ENSDARG00000039133,ZDB-GENE-021226-2,25,31633322.0,31702970.0,-,protein_coding,"Ensembl ID, GRCz11 chr/start/end/strand re-verified against Ensembl REST on 2026-09-04",open,open,"Skeletal, ECM & body shape",ECM / skeletal,Multiple growth traits,GWAS/QTL,A - named in a verified primary teleost study,Third-order check (rev 4): the source paper full text was retrieved and this row was compared against the paper's own gene table. Confirmed as a candidate gene in the flounder paper.,Paralichthys olivaceus,,ECM-receptor interaction pathway gene associated with multiple morphometric traits,Liang S et al. (2026) Biology 15:1246,Genetic dissection of growth traits and identification of candidate genes in Japanese flounder (Paralichthys olivaceus) using single- and multi-trait genome-wide association analyses,10.3390/biology15151246,,teleost,lamb4,A,False,False,direct_symbol_match,high,lamb4,NC_069718.1,18341824.0,18360553.0,,chr9,ok,chr9:18341824-18360553,
lamp2,LAMP2,lysosomal-associated membrane protein 2,lysosomal associated membrane protein 2,ENSDARG00000014914,ZDB-GENE-030729-9,14,33473804.0,33481618.0,-,protein_coding,"Ensembl ID, GRCz11 chr/start/end/strand re-verified against Ensembl REST on 2026-09-04",open,open,Muscle protein turnover & proteolysis,Autophagy-lysosomal,Body weight,GWAS/QTL; Pathway core,A - named in a verified primary teleost study,Reference metadata verified in PubMed/Crossref; gene-level claim not re-checked against the full text,Oncorhynchus mykiss; Danio rerio,,Essential for autophagosome-lysosome fusion; proteolytic control of muscle mass,Ali A et al. (2020) BMC Genomics 21:209,Genome-wide identification of loci associated with growth in rainbow trout,10.1186/s12864-020-6617-x,32138655,teleost,lamp2,A,False,False,direct_symbol_match,high,lamp2,NC_069716.1,15677536.0,15684077.0,,chr7,ok,chr7:15677536-15684077,
lcorl,LCORL,ligand dependent nuclear receptor corepressor-like,ligand dependent nuclear receptor corepressor like,ENSDARG00000070098,ZDB-GENE-030131-6300,1,23573224.0,23596391.0,-,protein_coding,"Ensembl ID, GRCz11 chr/start/end/strand re-verified against Ensembl REST on 2026-09-04",open,open,"Cell cycle, chromatin & transcription",Transcription / body size,Body size,Pathway core,"C - pathway annotation only, no primary study cited",No primary study cited,Danio rerio,,LCORL-NCAPG locus is the leading body-size locus across vertebrates,No primary study cited - canonical pathway member (Ensembl/ZFIN gene record),,,,teleost,lcorl,C,False,False,direct_symbol_match,high,lcorl,NC_069737.1,6879134.0,6906957.0,,chr28,ok,chr28:6879134-6906957,
lepa,"LEP, leptin-a",leptin a,leptin a,ENSDARG00000091085,ZDB-GENE-081001-1,18,10689772.0,10690365.0,+,protein_coding,"Ensembl ID, GRCz11 chr/start/end/strand re-verified against Ensembl REST on 2026-09-04",open,open,Appetite & energy balance,Appetite / energy balance,Feed intake; body weight,Functional; Pathway core,A - named in a verified primary teleost study,Reference metadata verified in PubMed/Crossref; gene-level claim not re-checked against the full text,Danio rerio; Oncorhynchus mykiss; Cyprinus carpio,,Anorexigenic adipostat in mammals; in fish primarily a glucose-regulating and growth-modulating signal; lepr mutants show altered growth and appetite gene expression,Michel M et al. (2016) PNAS 113:3084-3089,"Leptin signaling regulates glucose homeostasis, but not adipostasis, in the zebrafish",10.1073/pnas.1513212113,26903647,teleost,lepa,A,False,False,direct_symbol_match,high,lepa,NC_069715.1,8169572.0,8174689.0,,chr6,ok,chr6:8169572-8174689,lepb
lepb,LEP-b,leptin b,leptin b,ENSDARG00000045548,ZDB-GENE-041210-183,4,19031768.0,19033805.0,-,protein_coding,"Ensembl ID, GRCz11 chr/start/end/strand re-verified against Ensembl REST on 2026-09-04",open,open,Appetite & energy balance,Appetite / energy balance,Feed intake,Pathway core; Expression,"B - verified primary study, supporting evidence",Reference metadata verified in PubMed/Crossref; gene-level claim not re-checked against the full text,Danio rerio,,Duplicated leptin paralogue in teleosts,Gorissen M et al. (2009) Journal of Endocrinology 201:329-339,Two divergent leptin paralogues in zebrafish (Danio rerio) that originate early in teleostean evolution,10.1677/JOE-09-0034,19293295,teleost,lepb,B,False,False,blast_ortholog,low,lepa,NC_069715.1,8169572.0,8174689.0,BLAST ortholog (protein XP_053090950.1); low sequence identity (31.1%) - flagged for manual review,chr6,ok,chr6:8169572-8174689,lepa
lepr,LEPR,leptin receptor,leptin receptor,ENSDARG00000070961,ZDB-GENE-080104-1,6,31184058.0,31233696.0,-,protein_coding,"Ensembl ID, GRCz11 chr/start/end/strand re-verified against Ensembl REST on 2026-09-04",open,open,Appetite & energy balance,Appetite / energy balance,Feed intake; body weight,Functional; Pathway core,A - named in a verified primary teleost study,Reference metadata verified in PubMed/Crossref; gene-level claim not re-checked against the full text,Danio rerio; Oncorhynchus mykiss,,Leptin receptor; mutants have normal adiposity but altered glucose homeostasis and growth signalling,Michel M et al. (2016) PNAS 113:3084-3089,"Leptin signaling regulates glucose homeostasis, but not adipostasis, in the zebrafish",10.1073/pnas.1513212113,26903647,teleost,lepr,A,False,False,direct_symbol_match,high,lepr,NC_069711.1,21198298.0,21250104.0,,chr2,ok,chr2:21198298-21250104,
lig3,LIG3,"ligase III, DNA, ATP-dependent",DNA ligase 3,ENSDARG00000052553,ZDB-GENE-030131-8453,5,60847823.0,60873092.0,+,protein_coding,"Ensembl ID, GRCz11 chr/start/end/strand re-verified against Ensembl REST on 2026-09-04",open,open,"Cell cycle, chromatin & transcription",DNA repair,Body weight,GWAS/QTL,A - named in a verified primary teleost study,Third-order check (rev 4): the source paper full text was retrieved and this row was compared against the paper's own gene table. Confirmed as a candidate gene in the grass carp paper.,Ctenopharyngodon idella; Danio rerio,SLG24_30276273 (C. idella),"DNA repair enzyme near growth-associated SNP; mitochondrial function. The study analysed body weight, body length, body height and body depth, and reported 90 significant SNPs across 14 chromosomes.",Chen Y et al. (2025) Animals 15:1888,Genome-wide association analysis and genomic selection for growth traits in grass carp (Ctenopharyngodon idella),10.3390/ani15131888,,teleost,lig3,A,False,False,direct_symbol_match,high,lig3,NC_069736.1,14221987.0,14232246.0,,chr27,ok,chr27:14221987-14232246,
lpla,LPL; lpl,lipoprotein lipase a,lipoprotein lipase,ENSDARG00000087697,ZDB-GENE-990415-139,22,15624371.0,15630421.0,+,protein_coding,"Ensembl ID, GRCz11 chr/start/end/strand re-verified against Ensembl REST on 2026-09-04",open,open,Lipid & energy metabolism,Lipid metabolism,Lipid deposition; growth,Pathway core,"C - pathway annotation only, no primary study cited",No primary study cited,Danio rerio; Sparus aurata,,Hydrolyses circulating triglycerides for tissue uptake,No primary study cited - canonical pathway member (Ensembl/ZFIN gene record),,,,teleost,lpla,C,False,False,blast_ortholog,high,lpla,NC_069720.1,13064629.0,13073494.0,BLAST ortholog (protein XP_026786483.1),chr11,ok,chr11:13064629-13073494,
lrp5,LRP5,low density lipoprotein receptor-related protein 5,LDL receptor related protein 5,ENSDARG00000006921,ZDB-GENE-050518-2,25,10640623.0,10769039.0,-,protein_coding,"Ensembl ID, GRCz11 chr/start/end/strand re-verified against Ensembl REST on 2026-09-04",open,open,Other growth signalling & trafficking,Wnt signalling,Bone mass; body size,Pathway core,"C - pathway annotation only, no primary study cited",No primary study cited,Danio rerio,,Wnt co-receptor determining bone mass,No primary study cited - canonical pathway member (Ensembl/ZFIN gene record),,,,teleost,lrp5,C,False,False,direct_symbol_match,high,lrp5,NC_069716.1,29809265.0,29837127.0,,chr7,ok,chr7:29809265-29837127,
magi1b,MAGI1; magi1,"membrane associated guanylate kinase, WW and PDZ domain containing 1b","membrane associated guanylate kinase, WW and PDZ domain containing 1",ENSDARG00000003169,ZDB-GENE-030131-5110,11,18873113.0,19091767.0,+,protein_coding,"Ensembl ID, GRCz11 chr/start/end/strand re-verified against Ensembl REST on 2026-09-04",open,open,Other growth signalling & trafficking,Growth rate,Growth rate (days to 5 kg),GWAS/QTL,"B - verified primary study, supporting evidence","Third-order check (rev 4): the source paper full text was retrieved and this row was compared against the paper's own gene table. Downgraded: marker is near MAGI-1, not in it, and the signal was only chromosome-wide significant.",Salmo salar; Danio rerio,Ssa13,"Chromosome-wide significant association with growth rate (days to 5 kg) in farmed Atlantic salmon on Ssa13. NOTE: the paper describes the associated marker as lying in a hypothetical protein NEAR MAGI-1, and the signal was chromosome-wide rather than genome-wide significant - the gene assignment is loose.",Gutierrez AP et al. (2015) PLoS ONE 10:e0119730,Genome-wide association study (GWAS) for growth rate and age at sexual maturation in Atlantic salmon (Salmo salar),10.1371/journal.pone.0119730,25757012,teleost,magi1b,B,False,False,direct_symbol_match,high,magi1b,NC_069729.1,3588976.0,3733647.0,,chr20,ok,chr20:3588976-3733647,
map4l,MAP4; map4,microtubule associated protein 4 like,microtubule-associated protein 4,ENSDARG00000068745,ZDB-GENE-070912-581,2,24177006.0,24252506.0,+,protein_coding,"Ensembl ID, GRCz11 chr/start/end/strand re-verified against Ensembl REST on 2026-09-04",open,open,Myogenesis & sarcomere,Cytoskeleton,Body weight,GWAS/QTL,A - named in a verified primary teleost study,"Second-order check: source paper text read and the gene, trait, locus and effect size below confirmed against it (4 Sep 2026)",Oncorhynchus mykiss; Danio rerio,Omy15,Second-ranked single-marker association for body weight gain in rainbow trout (~6% of variation); critical role in myogenesis.,Ali A et al. (2020) BMC Genomics 21:209,Genome-wide identification of loci associated with growth in rainbow trout,10.1186/s12864-020-6617-x,32138655,teleost,map4l,A,False,False,direct_symbol_match,high,map4l,NC_069723.1,13561070.0,13578348.0,,chr14,ok,chr14:13561070-13578348,
matn1,MATN1,matrilin 1,matrilin 1,ENSDARG00000030215,ZDB-GENE-050307-3,19,43314700.0,43338280.0,+,protein_coding,"Ensembl ID, GRCz11 chr/start/end/strand re-verified against Ensembl REST on 2026-09-04",open,open,"Skeletal, ECM & body shape",ECM / skeletal,Body shape; body height,Pathway core,"C - pathway annotation only, no primary study cited",Third-order check (rev 4): the source paper full text was retrieved and this row was compared against the paper's own gene table. Attribution removed: the gene does not appear in the bighead carp paper.,Danio rerio,,Cartilage ECM protein among body-shape candidate genes in bighead carp. NOTE: this gene was attributed to the bighead carp GWAS in earlier revisions; retrieving that paper shows the gene is NOT mentioned in it. No teleost growth study is cited here.,No primary study cited - canonical pathway member (Ensembl/ZFIN gene record),,,,teleost,matn1,C,False,False,direct_symbol_match,high,matn1,NC_069732.1,12825708.0,12831123.0,,chr23,ok,chr23:12825708-12831123,
mc3r,MC3R,melanocortin 3 receptor,melanocortin 3 receptor,ENSDARG00000021369,ZDB-GENE-030502-3,8,28654289.0,28655338.0,-,protein_coding,"Ensembl ID, GRCz11 chr/start/end/strand re-verified against Ensembl REST on 2026-09-04",open,open,Appetite & energy balance,Appetite / energy balance,Feed intake,Pathway core,B - verified review / pathway reference only,Reference metadata verified in PubMed/Crossref; gene-level claim not re-checked against the full text,Danio rerio,,Melanocortin receptor modulating energy balance,Volkoff H (2016) Frontiers in Neuroscience 10:540; Ronnestad I et al. (2017) Frontiers in Endocrinology 8:73,The neuroendocrine regulation of food intake in fish: a review of current knowledge | Appetite-controlling endocrine systems in teleosts,10.3389/fnins.2016.00540; 10.3389/fendo.2017.00073,28458653,teleost,mc3r,B,False,False,direct_symbol_match,high,mc3r,NC_069717.1,9015141.0,9016401.0,,chr8,ok,chr8:9015141-9016401,
mc4r,MC4R,melanocortin 4 receptor,melanocortin 4 receptor,ENSDARG00000015515,ZDB-GENE-021223-2,2,27932781.0,27933864.0,+,protein_coding,"Ensembl ID, GRCz11 chr/start/end/strand re-verified against Ensembl REST on 2026-09-04",open,open,Appetite & energy balance,Appetite / energy balance,Body weight; body size,Functional; GWAS/QTL; Expression,A - named in a verified primary teleost study,Reference metadata verified in PubMed/Crossref; gene-level claim not re-checked against the full text,Danio rerio; Xiphophorus spp.; Oreochromis niloticus; Sparus aurata,,Copy-number variation at MC4R determines male body size polymorphism in Xiphophorus; central brake on feed intake and growth,Lampert KP et al. (2010) Current Biology 20:1729-1734; Ji RL et al. (2026) Biomolecules 16:839,Determination of onset of sexual maturation and mating behavior by melanocortin receptor 4 polymorphisms | Neural melanocortin receptors in fish: insights into growth regulation and aquaculture advancement,10.1016/j.cub.2010.08.029; 10.3390/biom16060839,20869245; 42352306,teleost,mc4r,A,False,False,direct_symbol_match,high,mc4r,NC_069730.1,2029649.0,2032251.0,,chr21,ok,chr21:2029649-2032251,
mcts1,MCTS1,MCTS1 re-initiation and release factor,MCTS1 re-initiation and release factor,ENSDARG00000025972,ZDB-GENE-040426-957,14,33507608.0,33513079.0,+,protein_coding,"Ensembl ID, GRCz11 chr/start/end/strand re-verified against Ensembl REST on 2026-09-04",open,open,mTOR / PI3K-AKT & translation,Translation,Body weight,GWAS/QTL,A - named in a verified primary teleost study,Reference metadata verified in PubMed/Crossref; gene-level claim not re-checked against the full text,Oncorhynchus mykiss; Danio rerio,Omy14,Translation re-initiation factor promoting proliferation,Ali A et al. (2020) BMC Genomics 21:209,Genome-wide identification of loci associated with growth in rainbow trout,10.1186/s12864-020-6617-x,32138655,teleost,mcts1,A,False,False,direct_symbol_match,high,mcts1,NC_069716.1,15657832.0,15662360.0,,chr7,ok,chr7:15657832-15662360,
mdfic,"MDFI, I-mfa; mdfi (grass carp gene name)",MyoD family inhibitor domain containing,MyoD family inhibitor,ENSDARG00000074223,ZDB-GENE-070705-162,4,6339572.0,6416414.0,-,protein_coding,Ensembl ID and GRCz11 coordinates verified. NOTE: the grass carp study names the gene mdfi; the zebrafish gene retrieved here is mdfic - orthology of the grass carp gene to mdfi vs mdfic was not confirmed.,open,open,Myogenesis & sarcomere,Myogenic regulatory network,Muscle mass; body weight,Functional,A - named in a verified primary teleost study,Reference metadata verified in PubMed/Crossref; gene-level claim not re-checked against the full text,Ctenopharyngodon idella; Danio rerio,,CRISPR/Cas9 disruption of mdfi is associated with enhanced muscle growth in grass carp; MDFI is an inhibitor of MyoD-family myogenic transcription factors.,Zhang R et al. (2026) Aquaculture 625:744335,CRISPR/Cas9-mediated disruption of mdfi is associated with enhanced muscle growth in grass carp (Ctenopharyngodon idella),10.1016/j.aquaculture.2026.744335,,teleost,mdfic,A,False,False,direct_symbol_match,high,mdfic,NC_069727.1,16841959.0,16866934.0,,chr18,ok,chr18:16841959-16866934,
med12,MED12,mediator complex subunit 12,mediator complex subunit 12,ENSDARG00000103953,ZDB-GENE-060125-1,14,23593989.0,23679139.0,+,protein_coding,"Ensembl ID, GRCz11 chr/start/end/strand re-verified against Ensembl REST on 2026-09-04",open,open,"Cell cycle, chromatin & transcription",Transcription,Body weight,GWAS/QTL,A - named in a verified primary teleost study,Reference metadata verified in PubMed/Crossref; gene-level claim not re-checked against the full text,Oncorhynchus mykiss; Danio rerio,Omy14,Mediator subunit in developmental transcription; trout growth candidate,Ali A et al. (2020) BMC Genomics 21:209,Genome-wide identification of loci associated with growth in rainbow trout,10.1186/s12864-020-6617-x,32138655,teleost,med12,A,False,False,direct_symbol_match,high,med12,NC_069718.1,9939841.0,9981770.0,,chr9,ok,chr9:9939841-9981770,
mef2aa,MEF2A,myocyte enhancer factor 2aa,myocyte enhancer factor 2aa,ENSDARG00000031756,ZDB-GENE-990415-163,18,23187419.0,23356077.0,+,protein_coding,"Ensembl ID, GRCz11 chr/start/end/strand re-verified against Ensembl REST on 2026-09-04",open,open,Myogenesis & sarcomere,Myogenic regulatory network,Muscle growth,Pathway core,"C - pathway annotation only, no primary study cited",No primary study cited,Danio rerio,,Sarcomere gene activation and muscle maintenance,No primary study cited - canonical pathway member (Ensembl/ZFIN gene record),,,,teleost,mef2aa,C,False,False,direct_symbol_match,high,mef2aa,NC_069715.1,15805275.0,15891467.0,,chr6,ok,chr6:15805275-15891467,
mef2ca,MEF2C,myocyte enhancer factor 2ca,myocyte enhancer factor 2ca,ENSDARG00000029764,ZDB-GENE-980526-253,10,43544814.0,43655449.0,-,protein_coding,"Ensembl ID, GRCz11 chr/start/end/strand re-verified against Ensembl REST on 2026-09-04",open,open,Myogenesis & sarcomere,Myogenic regulatory network,Muscle growth; craniofacial,Pathway core,"C - pathway annotation only, no primary study cited",No primary study cited,Danio rerio,,Cooperates with MRFs to activate sarcomeric gene programme,No primary study cited - canonical pathway member (Ensembl/ZFIN gene record),,,,teleost,mef2ca,C,False,False,blast_ortholog,high,mef2cb,NC_069733.1,9601206.0,9668022.0,BLAST ortholog (protein XP_026787034.1),chr24,ok,chr24:9601206-9668022,mef2cb
mef2cb,MEF2Cb,myocyte enhancer factor 2cb,myocyte enhancer factor 2cb,ENSDARG00000009418,ZDB-GENE-040901-7,5,48179340.0,48307804.0,-,protein_coding,"Ensembl ID, GRCz11 chr/start/end/strand re-verified against Ensembl REST on 2026-09-04",open,open,Myogenesis & sarcomere,Myogenic regulatory network,Muscle growth,Pathway core,"C - pathway annotation only, no primary study cited",No primary study cited,Danio rerio,,Duplicated MEF2C; muscle differentiation,No primary study cited - canonical pathway member (Ensembl/ZFIN gene record),,,,teleost,mef2cb,C,False,False,direct_symbol_match,high,mef2cb,NC_069733.1,9601206.0,9668022.0,,chr24,ok,chr24:9601206-9668022,mef2ca
mef2d,MEF2D,myocyte enhancer factor 2d,myocyte enhancer factor 2d,ENSDARG00000040237,ZDB-GENE-990415-164,16,29072874.0,29194517.0,-,protein_coding,"Ensembl ID, GRCz11 chr/start/end/strand re-verified against Ensembl REST on 2026-09-04",open,open,Myogenesis & sarcomere,Myogenic regulatory network,Muscle growth,Pathway core,"C - pathway annotation only, no primary study cited",No primary study cited,Danio rerio,,MEF2 family transcription factor in myogenesis,No primary study cited - canonical pathway member (Ensembl/ZFIN gene record),,,,teleost,mef2d,C,False,False,direct_symbol_match,high,mef2d,NC_069710.1,19727380.0,19783066.0,,chr1,ok,chr1:19727380-19783066,
met,MET,"MET proto-onco, receptor tyrosine kinase",met proto-oncogene,ENSDARG00000070903,ZDB-GENE-041014-1,25,18583877.0,18679071.0,+,protein_coding,"Ensembl ID, GRCz11 chr/start/end/strand re-verified against Ensembl REST on 2026-09-04",open,open,Other growth signalling & trafficking,Growth factor,Muscle growth,Pathway core,"C - pathway annotation only, no primary study cited",No primary study cited,Danio rerio,,HGF receptor required for migratory muscle precursor development,No primary study cited - canonical pathway member (Ensembl/ZFIN gene record),,,,teleost,met,C,False,False,direct_symbol_match,high,met,NC_069716.1,27980208.0,28039085.0,,chr7,ok,chr7:27980208-28039085,
mlxipl,ChREBP,MLX interacting protein like,MLX interacting protein like,ENSDARG00000104054,ZDB-GENE-100922-66,5,3862586.0,3889047.0,-,protein_coding,"Ensembl ID, GRCz11 chr/start/end/strand re-verified against Ensembl REST on 2026-09-04",open,open,Lipid & energy metabolism,Carbohydrate metabolism,Energy partitioning,Pathway core,"C - pathway annotation only, no primary study cited",No primary study cited,Danio rerio,,Glucose-responsive lipogenic transcription factor,No primary study cited - canonical pathway member (Ensembl/ZFIN gene record),,,,teleost,mlxipl,C,False,False,blast_ortholog,high,LOC113531024,NC_069736.1,6738836.0,6759228.0,BLAST ortholog (protein XP_026777279.3),chr27,ok,chr27:6738836-6759228,
mmp13a.1,MMP13; mmp13a,"matrix metallopeptidase 13a, tandem duplicate 1",matrix metallopeptidase 13a,ENSDARG00000114451,ZDB-GENE-031202-2,10,38610741.0,38620514.0,+,protein_coding,"Ensembl ID, GRCz11 chr/start/end/strand re-verified against Ensembl REST on 2026-09-04",open,open,"Skeletal, ECM & body shape",ECM remodelling,Skeletal remodelling,Pathway core,"C - pathway annotation only, no primary study cited",No primary study cited,Danio rerio,,Collagenase in bone remodelling,No primary study cited - canonical pathway member (Ensembl/ZFIN gene record),,,,teleost,mmp13a.1,C,False,False,blast_ortholog,high,LOC113544739,NC_069726.1,3045406.0,3050202.0,BLAST ortholog (protein XP_026799475.3),chr17,ok,chr17:3045406-3050202,
mmp9,MMP9,matrix metallopeptidase 9,matrix metallopeptidase 9,ENSDARG00000042816,ZDB-GENE-040426-2132,8,24281512.0,24295947.0,+,protein_coding,"Ensembl ID, GRCz11 chr/start/end/strand re-verified against Ensembl REST on 2026-09-04",open,open,"Skeletal, ECM & body shape",ECM remodelling,Muscle/skeletal remodelling,Pathway core,"C - pathway annotation only, no primary study cited",No primary study cited,Danio rerio; Oncorhynchus mykiss,,ECM turnover during muscle growth and flesh softening,No primary study cited - canonical pathway member (Ensembl/ZFIN gene record),,,,teleost,mmp9,C,False,False,direct_symbol_match,high,mmp9,NC_069717.1,12411356.0,12416107.0,,chr8,ok,chr8:12411356-12416107,
mrap2a,MRAP2,melanocortin 2 receptor accessory protein 2a,melanocortin 2 receptor accessory protein 2a,ENSDARG00000074763,ZDB-GENE-100729-3,16,37947342.0,37964325.0,-,protein_coding,"Ensembl ID, GRCz11 chr/start/end/strand re-verified against Ensembl REST on 2026-09-04",open,open,Appetite & energy balance,Appetite / energy balance,Body size; growth rate,Functional,A - named in a verified primary teleost study,Reference metadata verified in PubMed/Crossref; gene-level claim not re-checked against the full text,Danio rerio,,Developmentally switched MC4R accessory protein; mrap2a promotes somatic growth in larval zebrafish,Sebag JA et al. (2013) Science 341:278-281,Developmental control of the melanocortin-4 receptor by MRAP2 proteins in zebrafish,10.1126/science.1232995,23869017,teleost,mrap2a,A,False,False,direct_symbol_match,high,mrap2a,NC_069710.1,4803202.0,4815435.0,,chr1,ok,chr1:4803202-4815435,mrap2b
mrap2b,MRAP2b,melanocortin 2 receptor accessory protein 2b,melanocortin 2 receptor accessory protein 2b,ENSDARG00000103050,ZDB-GENE-100729-5,4,905483.0,908821.0,-,protein_coding,"Ensembl ID, GRCz11 chr/start/end/strand re-verified against Ensembl REST on 2026-09-04",open,open,Appetite & energy balance,Appetite / energy balance,Feed intake,Functional,A - named in a verified primary teleost study,Reference metadata verified in PubMed/Crossref; gene-level claim not re-checked against the full text,Danio rerio,,Adult-stage MRAP2 paralogue enhancing alpha-MSH sensitivity and satiety,Sebag JA et al. (2013) Science 341:278-281,Developmental control of the melanocortin-4 receptor by MRAP2 proteins in zebrafish,10.1126/science.1232995,23869017,teleost,mrap2b,A,False,False,blast_ortholog,medium,mrap2a,NC_069710.1,4803202.0,4815435.0,BLAST ortholog (protein XP_026770095.1),chr1,ok,chr1:4803202-4815435,mrap2a
msh6,MSH6,mutS homolog 6 (E. coli),mutS homolog 6,ENSDARG00000104541,ZDB-GENE-020905-3,13,48358467.0,48381055.0,+,protein_coding,"Ensembl ID, GRCz11 chr/start/end/strand re-verified against Ensembl REST on 2026-09-04",open,open,"Cell cycle, chromatin & transcription",DNA repair,Body weight,GWAS/QTL,A - named in a verified primary teleost study,Reference metadata verified in PubMed/Crossref; gene-level claim not re-checked against the full text,Oreochromis niloticus; Danio rerio,,Mismatch repair gene intercepted by body-trait lead SNP,Yoshida GM et al. (2021) BMC Genomics 22:57,Multi-trait GWAS using imputed high-density genotypes from whole-genome sequencing identifies genes associated with body traits in Nile tilapia,10.1186/s12864-020-07341-z,33451291,teleost,msh6,A,False,False,direct_symbol_match,high,msh6,NC_069712.1,25884875.0,25894999.0,,chr3,ok,chr3:25884875-25894999,
mstna,"MSTN-2, MSTNa",myostatin a,myostatin a,ENSDARG00000042947,ZDB-GENE-050208-735,22,12790837.0,12795340.0,+,protein_coding,"Ensembl ID, GRCz11 chr/start/end/strand re-verified against Ensembl REST on 2026-09-04",open,open,Myostatin / TGF-beta / BMP,Myostatin / TGF-beta,Muscle mass; body weight,Functional; Expression,A - named in a verified primary teleost study,Reference metadata verified in PubMed/Crossref; gene-level claim not re-checked against the full text,Megalobrama amblycephala; Danio rerio; Salmo salar,,Teleost-duplicated myostatin paralogue; combined disruption with mstnb elevates muscle mass,Sun Y et al. (2020) Aquaculture 528:735597; Wang Y et al. (2026) Fish Physiology and Biochemistry 52,"Disruption of mstna and mstnb gene through CRISPR/Cas9 leads to elevated muscle mass in blunt snout bream (Megalobrama amblycephala) | Myostatin in fish: current understanding of its characterization, function, and signaling pathways",10.1016/j.aquaculture.2020.735597; 10.1007/s10695-026-01780-3,42663749,teleost,mstna,A,False,False,direct_symbol_match,high,mstna,NC_069734.1,18604385.0,18610890.0,,chr25,ok,chr25:18604385-18610890,
mstnb,"MSTN, MSTN-1, GDF8",myostatin b,myostatin b,ENSDARG00000069133,ZDB-GENE-990415-165,9,40939336.0,40943137.0,+,protein_coding,"Ensembl ID, GRCz11 chr/start/end/strand re-verified against Ensembl REST on 2026-09-04",open,open,Myostatin / TGF-beta / BMP,Myostatin / TGF-beta,Muscle mass; fillet yield; body weight,Functional; GWAS/QTL; Expression,A - named in a verified primary teleost study,"Second-order check: source paper text read and the gene, trait, locus and effect size below confirmed against it (4 Sep 2026)",Ictalurus punctatus; Ctenopharyngodon idella; Cyprinus carpio; Pagrus major; Channa maculata; Megalobrama amblycephala; Danio rerio,,"Master negative regulator of skeletal muscle mass. CRISPR/Cas9 knockout in channel catfish raised mean body weight 29.7% and body length 6.6% at ~1 month post-hatch, with 33.7% more muscle fibres than controls (Khalil et al. 2017; that study did not measure fillet yield or disease resistance). Comparable muscle-mass gains are reported for red sea bream, blunt snout bream, common carp, blotched snakehead and grass carp.",Khalil K et al. (2017) Scientific Reports 7:7301; Kishimoto K et al. (2018) Aquaculture 495:415-427; Ohama M et al. (2020) Aquaculture 529:735672; Sun Y et al. (2020) Aquaculture 528:735597; Zhong Z et al. (2016) Scientific Reports 6:22953; Shahi N et al. (2022) Aquaculture 547:737423; Ou M et al. (2023) Aquaculture 563:738988; Sun T et al. (2026) Aquaculture 613:743355; Wang Y et al. (2026) Fish Physiology and Biochemistry 52,"Generation of myostatin gene-edited channel catfish (Ictalurus punctatus) via zygote injection of CRISPR/Cas9 system | Production of a breed of red sea bream Pagrus major with an increase of skeletal muscle mass and reduced body length by genome editing with CRISPR/Cas9 | Growth performance of myostatin knockout red sea bream Pagrus major juveniles produced by genome editing with CRISPR/Cas9 | Disruption of mstna and mstnb gene through CRISPR/Cas9 leads to elevated muscle mass in blunt snout bream (Megalobrama amblycephala) | Targeted disruption of sp7 and myostatin with CRISPR-Cas9 results in severe bone defects and more muscular cells in common carp | Muscle growth in targeted knockout common carp (Cyprinus carpio) mstn gene with low off-target effects | Generation of myostatin gene-edited blotched snakehead (Channa maculata) using CRISPR/Cas9 system | CRISPR/Cas9-mediated myostatin b knockout enhances growth performance and muscle hypertrophy in grass carp (Ctenopharyngodon idella) | Myostatin in fish: current understanding of its characterization, function, and signaling pathways",10.1038/s41598-017-07223-7; 10.1016/j.aquaculture.2018.05.055; 10.1016/j.aquaculture.2020.735672; 10.1016/j.aquaculture.2020.735597; 10.1038/srep22953; 10.1016/j.aquaculture.2021.737423; 10.1016/j.aquaculture.2022.738988; 10.1016/j.aquaculture.2025.743355; 10.1007/s10695-026-01780-3,28779173; 26976234; 42663749,teleost,mstnb,A,False,False,direct_symbol_match,high,mstnb,NC_069714.1,29398566.0,29403248.0,,chr5,ok,chr5:29398566-29403248,
mtor,"MTOR, TOR",mechanistic target of rapamycin kinase,mechanistic target of rapamycin kinase,ENSDARG00000053196,ZDB-GENE-030131-2974,8,46077609.0,46321918.0,-,protein_coding,"Ensembl ID, GRCz11 chr/start/end/strand re-verified against Ensembl REST on 2026-09-04",open,open,mTOR / PI3K-AKT & translation,mTOR / protein synthesis,Growth rate; muscle growth,Pathway core; Expression; Functional,A - named in a verified primary teleost study,Reference metadata verified in PubMed/Crossref; gene-level claim not re-checked against the full text,Danio rerio; Oncorhynchus mykiss; Sparus aurata,,Central amino-acid and insulin/IGF sensor driving muscle protein synthesis and growth,"Seiliez I et al. (2008) American Journal of Physiology - Regulatory, Integrative and Comparative Physiology 295:R329-R335",An in vivo and in vitro assessment of TOR signaling cascade in rainbow trout (Oncorhynchus mykiss),10.1152/ajpregu.00146.2008,18434442,teleost,mtor,A,False,False,direct_symbol_match,high,mtor,NC_069717.1,22181030.0,22273473.0,,chr8,ok,chr8:22181030-22273473,
mybpc1,MYBPC1,myosin binding protein C1,"myosin binding protein C1, slow type",ENSDARG00000045560,ZDB-GENE-041114-196,4,17726841.0,17793152.0,-,protein_coding,"Ensembl ID, GRCz11 chr/start/end/strand re-verified against Ensembl REST on 2026-09-04",open,open,Myogenesis & sarcomere,Sarcomere,Muscle growth,Pathway core,"C - pathway annotation only, no primary study cited",No primary study cited,Danio rerio,,Thick-filament accessory protein regulating contraction,No primary study cited - canonical pathway member (Ensembl/ZFIN gene record),,,,teleost,mybpc1,C,False,False,direct_symbol_match,high,mybpc1,NC_069718.1,26547072.0,26585317.0,,chr9,ok,chr9:26547072-26585317,
myf5,MYF5,myogenic factor 5,myogenic factor 5,ENSDARG00000007277,ZDB-GENE-000616-6,4,21741228.0,21745107.0,+,protein_coding,"Ensembl ID, GRCz11 chr/start/end/strand re-verified against Ensembl REST on 2026-09-04",open,open,Myogenesis & sarcomere,Myogenic regulatory factor,Muscle growth,Pathway core; Expression,B - verified review / pathway reference only,Reference metadata verified in PubMed/Crossref; gene-level claim not re-checked against the full text,Danio rerio; Oncorhynchus mykiss,,Early myogenic determination factor specifying myoblasts,Johnston IA et al. (2011) Journal of Experimental Biology 214:1617-1628,Growth and the regulation of myotomal muscle mass in teleost fish,10.1242/jeb.038620,21525308,teleost,myf5,B,False,False,direct_symbol_match,high,myf5,NC_069727.1,1459739.0,1465843.0,,chr18,ok,chr18:1459739-1465843,
myf6,"MRF4, MYF6",myogenic factor 6,myogenic factor 6,ENSDARG00000029830,ZDB-GENE-040309-2,4,21717793.0,21720943.0,+,protein_coding,"Ensembl ID, GRCz11 chr/start/end/strand re-verified against Ensembl REST on 2026-09-04",open,open,Myogenesis & sarcomere,Myogenic regulatory factor,Harvest body weight (differential expression),Expression; Pathway core,"B - verified primary study, supporting evidence",Third-order check (rev 4): the source paper full text was retrieved and this row was compared against the paper's own gene table. Evidence type corrected from GWAS/QTL to Expression: the study performed no association test.,Labeo rohita; Danio rerio; Sparus aurata,"chr4:27,601,011 (G/C, missense; L. rohita)","Late myogenic differentiation factor associated with fibre hypertrophy. A missense cSNP at chr4:27,601,011 sits in the transcript the rohu study reports as ""Myo6/Myog6"" - myogenic factor 6 (MRF4) - which was differentially expressed with harvest body weight. NOTE: the rohu study is an mRNA-seq differential-expression study with coding-SNP discovery inside differentially expressed transcripts. It ran NO genome-wide association test - the authors recommend these genes for future SNP-array construction and GWAS. These variants are candidates, not validated marker-trait associations.",Nandanpawar P et al. (2023) Frontiers in Genetics 14:1153911; Johnston IA et al. (2011) Journal of Experimental Biology 214:1617-1628,"Identification of differentially expressed genes and SNPs linked to harvest body weight of genetically improved rohu carp, Labeo rohita | Growth and the regulation of myotomal muscle mass in teleost fish",10.3389/fgene.2023.1153911; 10.1242/jeb.038620,37359361; 21525308,teleost,myf6,B,False,False,direct_symbol_match,high,myf6,NC_069727.1,1435058.0,1454839.0,,chr18,ok,chr18:1435058-1454839,
myhz2,"MYH, fast MyHC","myosin, heavy polypeptide 2, fast muscle specific","myosin, heavy polypeptide 2, fast muscle specific",ENSDARG00000012944,ZDB-GENE-020604-1,5,32206378.0,32217579.0,+,protein_coding,"Ensembl ID, GRCz11 chr/start/end/strand re-verified against Ensembl REST on 2026-09-04",open,open,Myogenesis & sarcomere,Sarcomere,Muscle growth; fillet yield,Pathway core,"C - pathway annotation only, no primary study cited",No primary study cited,Danio rerio; Oncorhynchus mykiss,,Fast white-muscle myosin heavy chain; principal fillet protein,No primary study cited - canonical pathway member (Ensembl/ZFIN gene record),,,,teleost,myhz2,C,False,False,blast_ortholog,high,LOC113531157,NC_069736.1,10250442.0,10261860.0,BLAST ortholog (protein XP_053086627.1),chr27,ok,chr27:10250442-10261860,
mylpfa,"MYLPF, MLC2f","myosin light chain, phosphorylatable, fast skeletal muscle a","myosin light chain, phosphorylatable, fast skeletal muscle a",ENSDARG00000053254,ZDB-GENE-990712-15,3,32813048.0,32818607.0,-,protein_coding,"Ensembl ID, GRCz11 chr/start/end/strand re-verified against Ensembl REST on 2026-09-04",open,open,Myogenesis & sarcomere,Sarcomere,Muscle growth; fillet yield,Pathway core,"C - pathway annotation only, no primary study cited",No primary study cited,Danio rerio; Oncorhynchus mykiss,,Fast-twitch myosin light chain; abundant white-muscle protein,No primary study cited - canonical pathway member (Ensembl/ZFIN gene record),,,,teleost,mylpfa,C,False,False,direct_symbol_match,high,mylpfa,NC_069722.1,3263065.0,3269034.0,,chr13,ok,chr13:3263065-3269034,
mylpfb,MYLPFb,"myosin light chain, phosphorylatable, fast skeletal muscle b","myosin light chain, phosphorylatable, fast skeletal muscle b",ENSDARG00000002589,ZDB-GENE-040912-115,12,15002757.0,15010996.0,+,protein_coding,"Ensembl ID, GRCz11 chr/start/end/strand re-verified against Ensembl REST on 2026-09-04",open,open,Myogenesis & sarcomere,Sarcomere,Muscle growth,Pathway core,"C - pathway annotation only, no primary study cited",No primary study cited,Danio rerio,,Fast muscle regulatory light chain paralogue,No primary study cited - canonical pathway member (Ensembl/ZFIN gene record),,,,teleost,mylpfb,C,False,False,direct_symbol_match,high,mylpfb,NC_069721.1,2635832.0,2639671.0,,chr12,ok,chr12:2635832-2639671,
myo16,MYO16,myosin XVI,myosin XVI,ENSDARG00000078582,ZDB-GENE-070912-470,9,7909490.0,8133535.0,+,protein_coding,"Ensembl ID, GRCz11 chr/start/end/strand re-verified against Ensembl REST on 2026-09-04",open,open,Myogenesis & sarcomere,Cytoskeleton,Body weight,GWAS/QTL,A - named in a verified primary teleost study,Reference metadata verified in PubMed/Crossref; gene-level claim not re-checked against the full text,Oreochromis niloticus; Danio rerio,,Unconventional myosin near body-trait lead SNPs,Yoshida GM et al. (2021) BMC Genomics 22:57,Multi-trait GWAS using imputed high-density genotypes from whole-genome sequencing identifies genes associated with body traits in Nile tilapia,10.1186/s12864-020-07341-z,33451291,teleost,myo16,A,False,False,direct_symbol_match,high,myo16,NC_069714.1,12660828.0,12791991.0,,chr5,ok,chr5:12660828-12791991,
myo6b,MYO6,myosin VIb,myosin VIb,ENSDARG00000042141,ZDB-GENE-030318-3,17,36687094.0,36842267.0,-,protein_coding,"Ensembl ID, GRCz11 chr/start/end/strand re-verified against Ensembl REST on 2026-09-04",open,open,Myogenesis & sarcomere,Cytoskeleton,Body weight,GWAS/QTL,A - named in a verified primary teleost study,Reference metadata verified in PubMed/Crossref; gene-level claim not re-checked against the full text,Oreochromis niloticus; Danio rerio,,Unconventional myosin intercepted by lead SNPs for body traits,Yoshida GM et al. (2021) BMC Genomics 22:57,Multi-trait GWAS using imputed high-density genotypes from whole-genome sequencing identifies genes associated with body traits in Nile tilapia,10.1186/s12864-020-07341-z,33451291,teleost,myo6b,A,False,False,direct_symbol_match,high,myo6b,NC_069719.1,17323428.0,17360085.0,,chr10,ok,chr10:17323428-17360085,
myoc,"MYOC, myocilin",myocilin,myocilin,ENSDARG00000021789,ZDB-GENE-050425-2,20,15015557.0,15021628.0,+,protein_coding,"Ensembl ID, GRCz11 chr/start/end/strand re-verified against Ensembl REST on 2026-09-04",open,open,Myogenesis & sarcomere,Muscle hypertrophy,Body weight,GWAS/QTL; Functional,A - named in a verified primary teleost study,Reference metadata verified in PubMed/Crossref; gene-level claim not re-checked against the full text,Oncorhynchus mykiss; Danio rerio,Omy4,15-fold overexpression produces skeletal muscle hypertrophy; growth-associated in trout,Ali A et al. (2020) BMC Genomics 21:209,Genome-wide identification of loci associated with growth in rainbow trout,10.1186/s12864-020-6617-x,32138655,teleost,myoc,A,False,False,direct_symbol_match,high,myoc,NC_069728.1,5277632.0,5285642.0,,chr19,ok,chr19:5277632-5285642,
myod1,"MYOD, MyoD1",myogenic differentiation 1,myogenic differentiation 1,ENSDARG00000030110,ZDB-GENE-980526-561,25,31421253.0,31423493.0,-,protein_coding,"Ensembl ID, GRCz11 chr/start/end/strand re-verified against Ensembl REST on 2026-09-04",open,open,Myogenesis & sarcomere,Myogenic regulatory factor,Muscle growth; fillet yield,Pathway core; Expression; Functional,B - verified review / pathway reference only,Reference metadata verified in PubMed/Crossref; gene-level claim not re-checked against the full text,Danio rerio; Oncorhynchus mykiss; Sparus aurata; Ctenopharyngodon idella,,"Master myogenic determination factor; drives myoblast commitment, hyperplasia and hypertrophy",Johnston IA et al. (2011) Journal of Experimental Biology 214:1617-1628,Growth and the regulation of myotomal muscle mass in teleost fish,10.1242/jeb.038620,21525308,teleost,myod1,B,False,False,direct_symbol_match,high,myod1,NC_069718.1,14191286.0,14193246.0,,chr9,ok,chr9:14191286-14193246,myod2
myod2,MYOD2,myogenic differentiation 2 [no Ensembl record - name not database-verified],myogenic differentiation 2,no zebrafish ortholog in Ensembl,,,,,,,No zebrafish ortholog in Ensembl - gene retained for its relevance in other teleosts; no coordinates available,,,Myogenesis & sarcomere,Myogenic regulatory factor,Muscle growth,Pathway core; Expression,B - verified review / pathway reference only,Reference metadata verified in PubMed/Crossref; gene-level claim not re-checked against the full text,Danio rerio; Oncorhynchus mykiss,,Teleost-duplicated MyoD paralogue with partitioned fibre-type expression,Johnston IA et al. (2011) Journal of Experimental Biology 214:1617-1628,Growth and the regulation of myotomal muscle mass in teleost fish,10.1242/jeb.038620,21525308,teleost,myod2,B,False,False,blast_ortholog_cross_species,medium,myod1,NC_069718.1,14191286.0,14193246.0,"BLAST hit protein XP_026775313.1, 67.4% identity. cross-species BLAST via Nile tilapia myod2 ortholog; hit is catfish's single myod1-annotated locus (catfish may retain only one myod paralog)",chr9,ok,chr9:14191286-14193246,myod1
myog,"MYOG, myogenin",myogenin,myogenin,ENSDARG00000009438,ZDB-GENE-980526-265,11,22592935.0,22605981.0,-,protein_coding,"Ensembl ID, GRCz11 chr/start/end/strand re-verified against Ensembl REST on 2026-09-04",open,open,Myogenesis & sarcomere,Myogenic regulatory factor,Body weight; muscle differentiation,Pathway core,"C - pathway annotation only, no primary study cited","Second-order check: source paper text read and the gene, trait, locus and effect size below confirmed against it (4 Sep 2026)",Danio rerio; Oncorhynchus mykiss,,"Drives terminal myoblast differentiation. NOTE: the rohu harvest-body-weight candidate reported as ""Myo6/Myog6"" is myogenic factor 6 (MRF4), not myogenin - that evidence has been moved to the myf6 row.",No primary study cited - canonical pathway member (Ensembl/ZFIN gene record),,,,teleost,myog,C,False,False,direct_symbol_match,high,myog,NC_069729.1,7770990.0,7772982.0,,chr20,ok,chr20:7770990-7772982,
myom1a,MYOM1,myomesin 1a (skelemin),myomesin 1a,ENSDARG00000061249,ZDB-GENE-030131-2856,2,30916188.0,30959913.0,+,protein_coding,"Ensembl ID, GRCz11 chr/start/end/strand re-verified against Ensembl REST on 2026-09-04",open,open,Myogenesis & sarcomere,Sarcomere,Muscle integrity,Pathway core,"C - pathway annotation only, no primary study cited",No primary study cited,Danio rerio,,M-band protein anchoring myosin filaments,No primary study cited - canonical pathway member (Ensembl/ZFIN gene record),,,,teleost,myom1a,C,False,False,direct_symbol_match,high,myom1a,NC_069713.1,23418084.0,23447301.0,,chr4,ok,chr4:23418084-23447301,
mysm1,MYSM1,"Myb-like, SWIRM and MPN domains 1","Myb like, SWIRM and MPN domains 1",ENSDARG00000034693,ZDB-GENE-041014-28,20,9093366.0,9123296.0,-,protein_coding,"Ensembl ID, GRCz11 chr/start/end/strand re-verified against Ensembl REST on 2026-09-04",open,open,"Cell cycle, chromatin & transcription",Chromatin,Body weight,GWAS/QTL,A - named in a verified primary teleost study,Reference metadata verified in PubMed/Crossref; gene-level claim not re-checked against the full text,Oncorhynchus mykiss; Danio rerio,Omy4,Histone H2A deubiquitinase; knockdown causes growth retardation,Ali A et al. (2020) BMC Genomics 21:209,Genome-wide identification of loci associated with growth in rainbow trout,10.1186/s12864-020-6617-x,32138655,teleost,mysm1,A,False,False,direct_symbol_match,high,mysm1,NC_069728.1,5456716.0,5468453.0,,chr19,ok,chr19:5456716-5468453,
ncapg,NCAPG,"non-SMC condensin I complex, subunit G","non-SMC condensin I complex, subunit G",ENSDARG00000070109,ZDB-GENE-041111-282,1,23559478.0,23573230.0,+,protein_coding,"Ensembl ID, GRCz11 chr/start/end/strand re-verified against Ensembl REST on 2026-09-04",open,open,"Cell cycle, chromatin & transcription",Cell division / body size,Body size,Pathway core,"C - pathway annotation only, no primary study cited",No primary study cited,Danio rerio,,Partner of LCORL at the vertebrate stature locus,No primary study cited - canonical pathway member (Ensembl/ZFIN gene record),,,,teleost,ncapg,C,False,False,direct_symbol_match,high,ncapg,NC_069737.1,6868050.0,6879095.0,,chr28,ok,chr28:6868050-6879095,
ndufs4,NDUFS4,NADH:ubiquinone oxidoreductase subunit S4,NADH:ubiquinone oxidoreductase subunit S4,ENSDARG00000052840,ZDB-GENE-050522-421,5,40485503.0,40501732.0,+,protein_coding,Ensembl ID and GRCz11 coordinates verified 2026-09-04. Two zebrafish loci carry this symbol; the primary-assembly gene on chr5 is used here.,open,open,"Life-history, sex & maturation",Life-history / maturation,Sea age at maturity (size at harvest is a downstream consequence),GWAS/QTL,A - named in a verified primary teleost study,"Second-order check: source paper text read and the gene, trait, locus and effect size below confirmed against it (4 Sep 2026)",Salmo salar; Danio rerio,Ssa15 (chr15),NADH:ubiquinone oxidoreductase subunit S4. Candidate gene at an age-at-maturity association signal on chromosome 15 in Atlantic salmon; one of five candidates in that study previously associated with age at maturity in other vertebrates including humans.,Sinclair-Waters M et al. (2020) Genetics Selection Evolution 52:9,Beyond large-effect loci: large-scale GWAS reveals a mixed large-effect and polygenic architecture for age at maturity of Atlantic salmon,10.1186/s12711-020-0529-8,32050893,teleost,ndufs4,A,False,False,direct_symbol_match,high,ndufs4,NC_069733.1,12823992.0,12840974.0,,chr24,ok,chr24:12823992-12840974,
ndufv2,NDUFV2,NADH:ubiquinone oxidoreductase core subunit V2,NADH:ubiquinone oxidoreductase core subunit V2,ENSDARG00000013044,ZDB-GENE-040426-1713,2,54641644.0,54690184.0,+,protein_coding,"Ensembl ID, GRCz11 chr/start/end/strand re-verified against Ensembl REST on 2026-09-04",open,open,Lipid & energy metabolism,Mitochondrial OXPHOS,Body weight,GWAS/QTL,A - named in a verified primary teleost study,Third-order check (rev 4): the source paper full text was retrieved and this row was compared against the paper's own gene table. Chromosome claim corrected to reflect the ambiguity in the paper.,Oncorhynchus mykiss; Danio rerio,Omy8 or Omy9 - the paper reports these three genes across chromosomes 8 and 9 without saying which gene is on which,"Complex I subunit; energy supply for growth. Chromosome assignment is ambiguous: the paper states ""6 SNPs on chromosomes 8 and 9"" spanning NDUFV2, RALBP1 and DHRS3 collectively.",Ali A et al. (2020) BMC Genomics 21:209,Genome-wide identification of loci associated with growth in rainbow trout,10.1186/s12864-020-6617-x,32138655,teleost,ndufv2,A,False,False,direct_symbol_match,high,ndufv2,NC_069730.1,14152085.0,14167459.0,,chr21,ok,chr21:14152085-14167459,
neu1,NEU1,neuraminidase 1,neuraminidase 1,ENSDARG00000008832,ZDB-GENE-060503-592,19,26810208.0,26823709.0,-,protein_coding,"Ensembl ID, GRCz11 chr/start/end/strand re-verified against Ensembl REST on 2026-09-04",open,open,Muscle protein turnover & proteolysis,Lysosomal proteolysis,Body weight,GWAS/QTL,A - named in a verified primary teleost study,Reference metadata verified in PubMed/Crossref; gene-level claim not re-checked against the full text,Oncorhynchus mykiss; Danio rerio,,Lysosomal sialidase degrading glycoproteins; trout growth candidate,Ali A et al. (2020) BMC Genomics 21:209,Genome-wide identification of loci associated with growth in rainbow trout,10.1186/s12864-020-6617-x,32138655,teleost,neu1,A,False,False,direct_symbol_match,high,neu1,NC_069738.1,6562592.0,6567851.0,,chr29,ok,chr29:6562592-6567851,
nkd1,NKD1,NKD inhibitor of WNT signaling pathway 1,NKD inhibitor of WNT signaling pathway 1,ENSDARG00000020053,ZDB-GENE-061108-3,7,37582281.0,37622370.0,-,protein_coding,"Ensembl ID, GRCz11 chr/start/end/strand re-verified against Ensembl REST on 2026-09-04",open,open,Other growth signalling & trafficking,Wnt signalling,Interorbital width; body shape,GWAS/QTL,A - named in a verified primary teleost study,Third-order check (rev 4): the source paper full text was retrieved and this row was compared against the paper's own gene table. Confirmed as a candidate gene in the flounder paper.,Paralichthys olivaceus; Danio rerio,chr1,Wnt pathway inhibitor associated with head morphometrics in Japanese flounder,Liang S et al. (2026) Biology 15:1246,Genetic dissection of growth traits and identification of candidate genes in Japanese flounder (Paralichthys olivaceus) using single- and multi-trait genome-wide association analyses,10.3390/biology15151246,,teleost,nkd1,A,False,False,direct_symbol_match,high,nkd1,NC_069734.1,3744902.0,3787281.0,,chr25,ok,chr25:3744902-3787281,
nop16,NOP16,NOP16 nucleolar protein homolog (yeast),NOP16 nucleolar protein,ENSDARG00000044402,ZDB-GENE-040718-267,21,36612440.0,36619599.0,-,protein_coding,"Ensembl ID, GRCz11 chr/start/end/strand re-verified against Ensembl REST on 2026-09-04",open,open,mTOR / PI3K-AKT & translation,Ribosome biogenesis,Body weight,GWAS/QTL,A - named in a verified primary teleost study,Reference metadata verified in PubMed/Crossref; gene-level claim not re-checked against the full text,Oncorhynchus mykiss; Danio rerio,Omy15,Ribosome biogenesis; ~3% of body weight variation in trout,Ali A et al. (2020) BMC Genomics 21:209,Genome-wide identification of loci associated with growth in rainbow trout,10.1186/s12864-020-6617-x,32138655,teleost,nop16,A,False,False,direct_symbol_match,high,nop16,NC_069724.1,2070217.0,2074606.0,,chr15,ok,chr15:2070217-2074606,
npy,NPY,neuropeptide Y,neuropeptide Y,ENSDARG00000036222,ZDB-GENE-980526-438,19,20110699.0,20114149.0,-,protein_coding,"Ensembl ID, GRCz11 chr/start/end/strand re-verified against Ensembl REST on 2026-09-04",open,open,Appetite & energy balance,Appetite / energy balance,Feed intake; growth rate,Pathway core; Expression,B - verified review / pathway reference only,Reference metadata verified in PubMed/Crossref; gene-level claim not re-checked against the full text,Danio rerio; Carassius auratus; Oncorhynchus mykiss,,Most potent orexigenic neuropeptide in fish; drives feed intake and hence growth,Volkoff H (2016) Frontiers in Neuroscience 10:540; Ronnestad I et al. (2017) Frontiers in Endocrinology 8:73,The neuroendocrine regulation of food intake in fish: a review of current knowledge | Appetite-controlling endocrine systems in teleosts,10.3389/fnins.2016.00540; 10.3389/fendo.2017.00073,28458653,teleost,npy,B,False,False,direct_symbol_match,high,npy,NC_069738.1,14740274.0,14742990.0,,chr29,ok,chr29:14740274-14742990,
npy1r,NPY1R,neuropeptide Y receptor Y1,neuropeptide Y receptor Y1,ENSDARG00000037411,ZDB-GENE-080221-1,1,21242836.0,21297748.0,-,protein_coding,"Ensembl ID, GRCz11 chr/start/end/strand re-verified against Ensembl REST on 2026-09-04",open,open,Appetite & energy balance,Appetite / energy balance,Feed intake,Pathway core,B - verified review / pathway reference only,Reference metadata verified in PubMed/Crossref; gene-level claim not re-checked against the full text,Danio rerio,,Mediates NPY orexigenic action,Volkoff H (2016) Frontiers in Neuroscience 10:540; Ronnestad I et al. (2017) Frontiers in Endocrinology 8:73,The neuroendocrine regulation of food intake in fish: a review of current knowledge | Appetite-controlling endocrine systems in teleosts,10.3389/fnins.2016.00540; 10.3389/fendo.2017.00073,28458653,teleost,npy1r,B,False,False,direct_symbol_match,high,npy1r,NC_069737.1,12599773.0,12620672.0,,chr28,ok,chr28:12599773-12620672,
nr3c1,"GR, NR3C1","nuclear receptor subfamily 3, group C, member 1 (glucocorticoid receptor)","nuclear receptor subfamily 3, group C, member 1 (glucocorticoid receptor)",ENSDARG00000025032,ZDB-GENE-050522-503,14,23746710.0,23801389.0,-,protein_coding,"Ensembl ID, GRCz11 chr/start/end/strand re-verified against Ensembl REST on 2026-09-04",open,open,Thyroid & stress axis,Stress axis,Growth suppression,Pathway core; Functional,A - named in a verified primary teleost study,Reference metadata verified in PubMed/Crossref; gene-level claim not re-checked against the full text,Danio rerio; Oncorhynchus mykiss,,Cortisol receptor mediating stress-induced suppression of the GH-IGF axis,Ziv L et al. (2013) Molecular Psychiatry 18:681-691,An affective disorder in zebrafish with mutation of the glucocorticoid receptor,10.1038/mp.2012.64,22641177,teleost,nr3c1,A,False,False,direct_symbol_match,high,nr3c1,NC_069718.1,9849694.0,9886799.0,,chr9,ok,chr9:9849694-9886799,
nucb2a,"NUCB2, nesfatin-1",nucleobindin 2a,nucleobindin 2a,ENSDARG00000036299,ZDB-GENE-030826-14,7,27021368.0,27038532.0,-,protein_coding,"Ensembl ID, GRCz11 chr/start/end/strand re-verified against Ensembl REST on 2026-09-04",open,open,Appetite & energy balance,Appetite / energy balance,Feed intake,Pathway core; Expression,B - verified review / pathway reference only,Reference metadata verified in PubMed/Crossref; gene-level claim not re-checked against the full text,Danio rerio; Carassius auratus,,Precursor of anorexigenic nesfatin-1,Volkoff H (2016) Frontiers in Neuroscience 10:540; Ronnestad I et al. (2017) Frontiers in Endocrinology 8:73,The neuroendocrine regulation of food intake in fish: a review of current knowledge | Appetite-controlling endocrine systems in teleosts,10.3389/fnins.2016.00540; 10.3389/fendo.2017.00073,28458653,teleost,nucb2a,B,False,False,direct_symbol_match,high,nucb2a,NC_069720.1,1672375.0,1681110.0,,chr11,ok,chr11:1672375-1681110,
nup107,NUP107,nucleoporin 107,nucleoporin 107,ENSDARG00000016010,ZDB-GENE-041210-245,4,22730795.0,22749553.0,-,protein_coding,"Ensembl ID, GRCz11 chr/start/end/strand re-verified against Ensembl REST on 2026-09-04",open,open,"Cell cycle, chromatin & transcription",Nuclear transport,Body weight; gutted weight,GWAS/QTL,A - named in a verified primary teleost study,Reference metadata verified in PubMed/Crossref; gene-level claim not re-checked against the full text,Oreochromis niloticus; Danio rerio,LG17,Lead SNP for harvest weight and head-on gutted weight; decreased levels cause hypo-responsiveness to growth,Yoshida GM et al. (2021) BMC Genomics 22:57,Multi-trait GWAS using imputed high-density genotypes from whole-genome sequencing identifies genes associated with body traits in Nile tilapia,10.1186/s12864-020-07341-z,33451291,teleost,nup107,A,False,False,direct_symbol_match,high,nup107,NC_069727.1,2260248.0,2279285.0,,chr18,ok,chr18:2260248-2279285,
ocrl,OCRL,OCRL inositol polyphosphate-5-phosphatase,OCRL inositol polyphosphate-5-phosphatase,ENSDARG00000078106,ZDB-GENE-061110-61,14,33825482.0,33859149.0,-,protein_coding,"Ensembl ID, GRCz11 chr/start/end/strand re-verified against Ensembl REST on 2026-09-04",open,open,Other growth signalling & trafficking,Phosphoinositide signalling,Body weight,GWAS/QTL,A - named in a verified primary teleost study,"Second-order check: source paper text read and the gene, trait, locus and effect size below confirmed against it (4 Sep 2026)",Oncorhynchus mykiss; Danio rerio,Omy14,"The SNP window explaining the highest additive genetic variance for body weight gain in rainbow trout (~6.4%) contains a nonsynonymous SNP in OCRL-1. Note this is a genomic-window estimate, not a single-marker effect.",Ali A et al. (2020) BMC Genomics 21:209,Genome-wide identification of loci associated with growth in rainbow trout,10.1186/s12864-020-6617-x,32138655,teleost,ocrl,A,False,False,direct_symbol_match,high,ocrl,NC_069716.1,15456601.0,15484302.0,,chr7,ok,chr7:15456601-15484302,
oma1,OMA1,OMA1 zinc metallopeptidase,OMA1 zinc metallopeptidase,ENSDARG00000090503,ZDB-GENE-091204-124,20,9058679.0,9095105.0,-,protein_coding,"Ensembl ID, GRCz11 chr/start/end/strand re-verified against Ensembl REST on 2026-09-04",open,open,Muscle protein turnover & proteolysis,Mitochondrial proteostasis,Body weight; adiposity,GWAS/QTL,A - named in a verified primary teleost study,Reference metadata verified in PubMed/Crossref; gene-level claim not re-checked against the full text,Oncorhynchus mykiss; Danio rerio,,Mitochondrial inner-membrane protease; deficiency causes obesity in mammals,Ali A et al. (2020) BMC Genomics 21:209,Genome-wide identification of loci associated with growth in rainbow trout,10.1186/s12864-020-6617-x,32138655,teleost,oma1,A,False,False,direct_symbol_match,high,oma1,NC_069728.1,5469613.0,5489368.0,,chr19,ok,chr19:5469613-5489368,
opn3,OPN3,opsin 3,opsin 3,ENSDARG00000052775,ZDB-GENE-080227-16,13,42245221.0,42265585.0,+,protein_coding,"Ensembl ID, GRCz11 chr/start/end/strand re-verified against Ensembl REST on 2026-09-04",open,open,"Cell cycle, chromatin & transcription",Photoreception,Growth traits,GWAS/QTL,"B - verified primary study, supporting evidence","Third-order check (rev 4): the source paper full text was retrieved and this row was compared against the paper's own gene table. Downgraded: positional mention only, not presented as a candidate gene by the paper.",Paralichthys olivaceus; Danio rerio,chr14,Encephalopsin within a multi-trait growth-associated region. NOTE: the flounder paper lists this gene only as sitting within a chromosome-14 SNP region; it does not characterise it as a growth candidate.,Liang S et al. (2026) Biology 15:1246,Genetic dissection of growth traits and identification of candidate genes in Japanese flounder (Paralichthys olivaceus) using single- and multi-trait genome-wide association analyses,10.3390/biology15151246,,teleost,opn3,B,False,False,direct_symbol_match,high,opn3,NC_069712.1,10918321.0,10926220.0,,chr3,ok,chr3:10918321-10926220,
p3h4,"SC65, LEPREL4",prolyl 3-hydroxylase family member 4 (inactive),prolyl 3-hydroxylase family member 4,ENSDARG00000104089,ZDB-GENE-030131-1599,19,18423378.0,18492557.0,-,protein_coding,"Ensembl ID, GRCz11 chr/start/end/strand re-verified against Ensembl REST on 2026-09-04",open,open,"Skeletal, ECM & body shape",ECM / skeletal,Body weight,GWAS/QTL,A - named in a verified primary teleost study,Reference metadata verified in PubMed/Crossref; gene-level claim not re-checked against the full text,Oncorhynchus mykiss; Danio rerio,Omy13,Regulates bone mass; deficiency causes osteopenia; within trout growth window,Ali A et al. (2020) BMC Genomics 21:209,Genome-wide identification of loci associated with growth in rainbow trout,10.1186/s12864-020-6617-x,32138655,teleost,p3h4,A,False,False,direct_symbol_match,high,p3h4,NC_069732.1,31573.0,45533.0,,chr23,ok,chr23:31573-45533,
pappa2,PAPP-A2,pappalysin 2,pappalysin 2,ENSDARG00000076020,ZDB-GENE-070912-525,2,34986201.0,35103069.0,-,protein_coding,"Ensembl ID, GRCz11 chr/start/end/strand re-verified against Ensembl REST on 2026-09-04",open,open,GH-IGF somatotropic axis,Somatotropic (GH/IGF) axis,Body size,Pathway core; Functional,A - named in a verified primary teleost study,Reference metadata verified in PubMed/Crossref; gene-level claim not re-checked against the full text,Danio rerio,,IGFBP-3/-5 protease; loss-of-function reduces body size in vertebrates,Christians JK et al. (2013) PLoS ONE 8:e56260,Pregnancy associated plasma protein A2 (PAPP-A2) affects bone size and shape and contributes to natural variation in postnatal growth in mice,10.1371/journal.pone.0056260,23457539,teleost,pappa2,A,False,False,direct_symbol_match,high,pappa2,NC_069713.1,26221285.0,26291110.0,,chr4,ok,chr4:26221285-26291110,
pappaa,PAPP-A,"pregnancy-associated plasma protein A, pappalysin 1a",pappalysin 1,ENSDARG00000101090,ZDB-GENE-121113-1,5,70345518.0,70519104.0,+,protein_coding,"Ensembl ID, GRCz11 chr/start/end/strand re-verified against Ensembl REST on 2026-09-04",open,open,GH-IGF somatotropic axis,Somatotropic (GH/IGF) axis,Growth rate; body size,Pathway core,"B - verified primary study, supporting evidence",Reference metadata verified in PubMed/Crossref; gene-level claim not re-checked against the full text,Danio rerio,,"IGFBP protease that releases bioactive IGF locally; organ-specific manipulation of IGF signalling alters organ size and allometric scaling in zebrafish. NOTE: the zebrafish pappaa mutant literature concerns habituation learning, not somatic growth.",Kamei H et al. (2021) General and Comparative Endocrinology 314:113922,Alteration of organ size and allometric scaling by organ-specific targeting of IGF signaling,10.1016/j.ygcen.2021.113922,34606746,teleost,pappaa,B,False,False,direct_symbol_match,high,pappaa,NC_069736.1,2775242.0,2865069.0,,chr27,ok,chr27:2775242-2865069,
pax3a,PAX3,paired box 3a,paired box 3a,ENSDARG00000010192,ZDB-GENE-980526-52,2,47370323.0,47431205.0,-,protein_coding,"Ensembl ID, GRCz11 chr/start/end/strand re-verified against Ensembl REST on 2026-09-04",open,open,Myogenesis & sarcomere,Myogenic progenitor,Muscle growth,Pathway core,"C - pathway annotation only, no primary study cited",No primary study cited,Danio rerio,,Upstream regulator specifying myogenic progenitors,No primary study cited - canonical pathway member (Ensembl/ZFIN gene record),,,,teleost,pax3a,C,False,False,direct_symbol_match,high,pax3a,NC_069730.1,11809321.0,11835414.0,,chr21,ok,chr21:11809321-11835414,
pax7a,PAX7,paired box 7a,paired box 7a,ENSDARG00000100398,ZDB-GENE-990415-201,11,41242644.0,41372948.0,+,protein_coding,"Ensembl ID, GRCz11 chr/start/end/strand re-verified against Ensembl REST on 2026-09-04",open,open,Myogenesis & sarcomere,Muscle satellite cells,Muscle hyperplasia,Pathway core; Expression,B - verified review / pathway reference only,Reference metadata verified in PubMed/Crossref; gene-level claim not re-checked against the full text,Danio rerio; Oncorhynchus mykiss,,Marker and regulator of myogenic satellite cells driving post-larval hyperplasia,Johnston IA et al. (2011) Journal of Experimental Biology 214:1617-1628,Growth and the regulation of myotomal muscle mass in teleost fish,10.1242/jeb.038620,21525308,teleost,pax7a,B,False,False,direct_symbol_match,high,pax7a,NC_069729.1,20173519.0,20231997.0,,chr20,ok,chr20:20173519-20231997,
pax7b,PAX7b,paired box 7b,paired box 7b,ENSDARG00000070818,ZDB-GENE-080917-54,23,20863145.0,20936845.0,+,protein_coding,"Ensembl ID, GRCz11 chr/start/end/strand re-verified against Ensembl REST on 2026-09-04",open,open,Myogenesis & sarcomere,Muscle satellite cells,Muscle hyperplasia,Pathway core,"C - pathway annotation only, no primary study cited",No primary study cited,Danio rerio,,Duplicated PAX7; satellite-cell self-renewal,No primary study cited - canonical pathway member (Ensembl/ZFIN gene record),,,,teleost,pax7b,C,False,False,direct_symbol_match,high,pax7b,NC_069725.1,10270999.0,10319709.0,,chr16,ok,chr16:10270999-10319709,
pck1,"PEPCK1, PCK1",phosphoenolpyruvate carboxykinase 1 (soluble),phosphoenolpyruvate carboxykinase 1 (soluble),ENSDARG00000013522,ZDB-GENE-030909-11,6,60055168.0,60062097.0,+,protein_coding,"Ensembl ID, GRCz11 chr/start/end/strand re-verified against Ensembl REST on 2026-09-04",open,open,Lipid & energy metabolism,Gluconeogenesis,Body weight,GWAS/QTL; Expression,A - named in a verified primary teleost study,Third-order check (rev 4): the source paper full text was retrieved and this row was compared against the paper's own gene table. Confirmed: one of the three SNPs validated by marker-trait analysis in 340 fish.,Micropterus salmoides; Danio rerio,,SNP associated with growth performance in largemouth bass; controls hepatic glucose production. One of only three SNPs (from 17 genotyped across 10 candidate genes) that showed a significant marker-trait association in 340 Youlu No. 1 largemouth bass.,Li S et al. (2017) Genetica 145:175-187,Transcriptome assembly and identification of genes and SNPs associated with growth traits in largemouth bass (Micropterus salmoides),10.1007/s10709-017-9956-z,28204905,teleost,pck1,A,False,False,blast_ortholog,high,pck2,NC_069710.1,13856811.0,13865430.0,BLAST ortholog (protein XP_026781966.2),chr1,ok,chr1:13856811-13865430,
pecr,PECR,peroxisomal trans-2-enoyl-CoA reductase,peroxisomal trans-2-enoyl-CoA reductase,ENSDARG00000055976,ZDB-GENE-050417-232,11,30355442.0,30364847.0,-,protein_coding,"Ensembl ID, GRCz11 chr/start/end/strand re-verified against Ensembl REST on 2026-09-04",open,open,Lipid & energy metabolism,Lipid metabolism,Body weight,GWAS/QTL,A - named in a verified primary teleost study,Reference metadata verified in PubMed/Crossref; gene-level claim not re-checked against the full text,Oncorhynchus mykiss; Danio rerio,Omy8,Fatty acid elongation; growth-associated in trout,Ali A et al. (2020) BMC Genomics 21:209,Genome-wide identification of loci associated with growth in rainbow trout,10.1186/s12864-020-6617-x,32138655,teleost,pecr,A,False,False,direct_symbol_match,high,pecr,NC_069734.1,19632571.0,19640624.0,,chr25,ok,chr25:19632571-19640624,
phb2a,"PHB, prohibitin; phb2",prohibitin 2a,prohibitin 2,ENSDARG00000045297,ZDB-GENE-030131-3141,2,5178172.0,5199431.0,-,protein_coding,"Ensembl ID, GRCz11 chr/start/end/strand re-verified against Ensembl REST on 2026-09-04",open,open,"Cell cycle, chromatin & transcription",Cell cycle,Body weight,GWAS/QTL,A - named in a verified primary teleost study,Reference metadata verified in PubMed/Crossref; gene-level claim not re-checked against the full text,Oncorhynchus mykiss; Danio rerio,Omy13,Suppresses cell growth via E2F control; trout growth candidate,Ali A et al. (2020) BMC Genomics 21:209,Genome-wide identification of loci associated with growth in rainbow trout,10.1186/s12864-020-6617-x,32138655,teleost,phb2a,A,False,False,direct_symbol_match,high,phb2a,NC_069730.1,18516584.0,18523891.0,,chr21,ok,chr21:18516584-18523891,
phgdh,PHGDH,phosphoglycerate dehydrogenase,phosphoglycerate dehydrogenase,ENSDARG00000001873,ZDB-GENE-030131-647,9,48185936.0,48214216.0,-,protein_coding,"Ensembl ID, GRCz11 chr/start/end/strand re-verified against Ensembl REST on 2026-09-04",open,open,mTOR / PI3K-AKT & translation,Amino acid synthesis,Body weight,GWAS/QTL,A - named in a verified primary teleost study,Reference metadata verified in PubMed/Crossref; gene-level claim not re-checked against the full text,Oncorhynchus mykiss; Danio rerio,Omy15,Serine biosynthesis; upregulated in differentiating myotubes,Ali A et al. (2020) BMC Genomics 21:209,Genome-wide identification of loci associated with growth in rainbow trout,10.1186/s12864-020-6617-x,32138655,teleost,phgdh,A,False,False,direct_symbol_match,high,phgdh,NC_069714.1,21505250.0,21513960.0,,chr5,ok,chr5:21505250-21513960,
pik3ca,PIK3CA,"phosphatidylinositol-4,5-bisphosphate 3-kinase, catalytic subunit alpha","phosphatidylinositol-4,5-bisphosphate 3-kinase catalytic subunit alpha",ENSDARG00000075456,ZDB-GENE-130409-1,11,34488869.0,34522249.0,-,protein_coding,"Ensembl ID, GRCz11 chr/start/end/strand re-verified against Ensembl REST on 2026-09-04",open,open,mTOR / PI3K-AKT & translation,PI3K-AKT,Growth rate,Pathway core,"C - pathway annotation only, no primary study cited",No primary study cited,Danio rerio,,Catalytic PI3K subunit transducing IGF1R/INSR signal,No primary study cited - canonical pathway member (Ensembl/ZFIN gene record),,,,teleost,pik3ca,C,False,False,direct_symbol_match,high,pik3ca,NC_069720.1,18813223.0,18834490.0,,chr11,ok,chr11:18813223-18834490,
pik3r1,PIK3R1,"phosphoinositide-3-kinase, regulatory subunit 1 (alpha)",phosphoinositide-3-kinase regulatory subunit 1,ENSDARG00000038524,ZDB-GENE-030131-1280,5,54765702.0,54792239.0,-,protein_coding,"Ensembl ID, GRCz11 chr/start/end/strand re-verified against Ensembl REST on 2026-09-04",open,open,mTOR / PI3K-AKT & translation,PI3K-AKT,Growth rate,Pathway core,"C - pathway annotation only, no primary study cited",No primary study cited,Danio rerio,,Regulatory PI3K subunit; docking to IRS proteins,No primary study cited - canonical pathway member (Ensembl/ZFIN gene record),,,,teleost,pik3r1,C,False,False,direct_symbol_match,high,pik3r1,NC_069736.1,4697411.0,4722048.0,,chr27,ok,chr27:4697411-4722048,
pklr,PKLR,pyruvate kinase L/R,pyruvate kinase L/R,ENSDARG00000042010,ZDB-GENE-010907-1,16,54450407.0,54455573.0,-,protein_coding,"Ensembl ID, GRCz11 chr/start/end/strand re-verified against Ensembl REST on 2026-09-04",open,open,Lipid & energy metabolism,Glycolysis,Energy partitioning,Pathway core,"C - pathway annotation only, no primary study cited",No primary study cited,Danio rerio,,Rate-limiting glycolytic enzyme,No primary study cited - canonical pathway member (Ensembl/ZFIN gene record),,,,teleost,pklr,C,False,False,direct_symbol_match,high,pklr,NC_069710.1,69943.0,78176.0,,chr1,ok,chr1:69943-78176,
pleca,"PLEC, plectin; plec",plectin a,plectin,ENSDARG00000062590,ZDB-GENE-030131-8984,19,22407819.0,22621991.0,-,protein_coding,"Ensembl ID, GRCz11 chr/start/end/strand re-verified against Ensembl REST on 2026-09-04",open,open,Myogenesis & sarcomere,Cytoskeleton,Body weight,GWAS/QTL,A - named in a verified primary teleost study,Reference metadata verified in PubMed/Crossref; gene-level claim not re-checked against the full text,Oncorhynchus mykiss; Danio rerio,,Cytolinker; mutation causes muscular dystrophy; within growth-associated region,Ali A et al. (2020) BMC Genomics 21:209,Genome-wide identification of loci associated with growth in rainbow trout,10.1186/s12864-020-6617-x,32138655,teleost,pleca,A,False,False,direct_symbol_match,high,pleca,NC_069732.1,7730704.0,7851403.0,,chr23,ok,chr23:7730704-7851403,
plin2,PLIN2,perilipin 2,perilipin 2,ENSDARG00000042332,ZDB-GENE-050913-12,15,17030473.0,17048822.0,+,protein_coding,"Ensembl ID, GRCz11 chr/start/end/strand re-verified against Ensembl REST on 2026-09-04",open,open,Lipid & energy metabolism,Lipid storage,Lipid deposition,Pathway core,"C - pathway annotation only, no primary study cited",No primary study cited,Danio rerio,,Lipid droplet coat protein; intramuscular fat accumulation,No primary study cited - canonical pathway member (Ensembl/ZFIN gene record),,,,teleost,plin2,C,False,False,direct_symbol_match,high,plin2,NC_069713.1,19718749.0,19722559.0,,chr4,ok,chr4:19718749-19722559,
pomca,POMC,proopiomelanocortin a,proopiomelanocortin a,ENSDARG00000043135,ZDB-GENE-030513-2,17,33226955.0,33230039.0,+,protein_coding,"Ensembl ID, GRCz11 chr/start/end/strand re-verified against Ensembl REST on 2026-09-04",open,open,Appetite & energy balance,Appetite / energy balance,Feed intake; body weight,Pathway core; Expression,B - verified review / pathway reference only,Reference metadata verified in PubMed/Crossref; gene-level claim not re-checked against the full text,Danio rerio; Oreochromis niloticus,,Precursor of anorexigenic alpha-MSH and of ACTH; suppresses feed intake,Volkoff H (2016) Frontiers in Neuroscience 10:540; Ronnestad I et al. (2017) Frontiers in Endocrinology 8:73,The neuroendocrine regulation of food intake in fish: a review of current knowledge | Appetite-controlling endocrine systems in teleosts,10.3389/fnins.2016.00540; 10.3389/fendo.2017.00073,28458653,teleost,pomca,B,False,False,direct_symbol_match,high,pomca,NC_069719.1,24547062.0,24548862.0,,chr10,ok,chr10:24547062-24548862,
pomcb,POMCb,proopiomelanocortin b,proopiomelanocortin b,ENSDARG00000069307,ZDB-GENE-041014-294,20,42968785.0,42972599.0,-,protein_coding,"Ensembl ID, GRCz11 chr/start/end/strand re-verified against Ensembl REST on 2026-09-04",open,open,Appetite & energy balance,Appetite / energy balance,Feed intake,Pathway core,B - verified review / pathway reference only,Reference metadata verified in PubMed/Crossref; gene-level claim not re-checked against the full text,Danio rerio,,Duplicated POMC paralogue,Volkoff H (2016) Frontiers in Neuroscience 10:540; Ronnestad I et al. (2017) Frontiers in Endocrinology 8:73,The neuroendocrine regulation of food intake in fish: a review of current knowledge | Appetite-controlling endocrine systems in teleosts,10.3389/fnins.2016.00540; 10.3389/fendo.2017.00073,28458653,teleost,pomcb,B,False,False,direct_symbol_match,high,pomcb,NC_069728.1,17343601.0,17348827.0,,chr19,ok,chr19:17343601-17348827,
pparaa,PPARA,peroxisome proliferator-activated receptor alpha a,peroxisome proliferator activated receptor alpha a,ENSDARG00000031777,ZDB-GENE-041210-169,4,18609539.0,18635005.0,-,protein_coding,"Ensembl ID, GRCz11 chr/start/end/strand re-verified against Ensembl REST on 2026-09-04",open,open,Lipid & energy metabolism,Lipid metabolism,Energy partitioning,Pathway core,"C - pathway annotation only, no primary study cited",No primary study cited,Danio rerio; Sparus aurata,,Nuclear receptor driving fatty acid oxidation genes,No primary study cited - canonical pathway member (Ensembl/ZFIN gene record),,,,teleost,pparaa,C,False,False,direct_symbol_match,high,pparaa,NC_069727.1,17270795.0,17289598.0,,chr18,ok,chr18:17270795-17289598,
pparda,PPARD,peroxisome proliferator-activated receptor delta a,peroxisome proliferator activated receptor delta a,ENSDARG00000044525,ZDB-GENE-990415-212,22,997838.0,1018752.0,+,protein_coding,"Ensembl ID, GRCz11 chr/start/end/strand re-verified against Ensembl REST on 2026-09-04",open,open,Lipid & energy metabolism,Lipid metabolism,Muscle fibre type,Pathway core,"C - pathway annotation only, no primary study cited",No primary study cited,Danio rerio,,Promotes oxidative fibre phenotype and lipid catabolism,No primary study cited - canonical pathway member (Ensembl/ZFIN gene record),,,,teleost,pparda,C,False,False,direct_symbol_match,high,pparda,NC_069729.1,157115.0,172766.0,,chr20,ok,chr20:157115-172766,
pparg,PPARG,peroxisome proliferator-activated receptor gamma,peroxisome proliferator activated receptor gamma,ENSDARG00000031848,ZDB-GENE-990415-213,11,609516.0,669558.0,-,protein_coding,"Ensembl ID, GRCz11 chr/start/end/strand re-verified against Ensembl REST on 2026-09-04",open,open,Lipid & energy metabolism,Adipogenesis,Lipid deposition,Pathway core,"C - pathway annotation only, no primary study cited",No primary study cited,Danio rerio; Oreochromis niloticus,,Master adipogenic transcription factor; carcass fat,No primary study cited - canonical pathway member (Ensembl/ZFIN gene record),,,,teleost,pparg,C,False,False,direct_symbol_match,high,pparg,NC_069729.1,13414519.0,13450400.0,,chr20,ok,chr20:13414519-13450400,
ppp2caa,PPP2CA; ppp2ca,protein phosphatase 2 catalytic subunit alpha a,protein phosphatase 2 catalytic subunit alpha,ENSDARG00000030224,ZDB-GENE-050417-441,14,49118860.0,49133426.0,-,protein_coding,"Ensembl ID, GRCz11 chr/start/end/strand re-verified against Ensembl REST on 2026-09-04",open,open,Other growth signalling & trafficking,Signal transduction,Body weight,GWAS/QTL; Functional,A - named in a verified primary teleost study,"Second-order check: source paper text read and the gene, trait, locus and effect size below confirmed against it (4 Sep 2026)",Lates calcarifer; Danio rerio,"chr20, ~677 bp upstream of ppp2ca (10 bp insertion and 218 bp deletion)","Two regulatory indels ~677 bp upstream of ppp2ca on chromosome 20 (a 10 bp insertion and a 218 bp deletion) were associated with juvenile body weight in 198 F5 Asian seabass (P=0.009; 72.55 g vs 24.00 g between genotype combinations at 3 months). Luciferase and qRT-PCR showed the insertion raises and the deletion lowers ppp2ca expression, and ppp2ca knockdown promoted cell proliferation while overexpression inhibited it - i.e. ppp2ca acts as a growth brake.",Wong JS et al. (2025) Marine Biotechnology 27,Mutations upstream of ppp2ca affect body weight in Asian seabass,10.1007/s10126-025-10527-9,,teleost,ppp2caa,A,False,False,direct_symbol_match,high,ppp2caa,NC_069718.1,6667168.0,6674365.0,,chr9,ok,chr9:6667168-6674365,
prdx6,PRDX6,peroxiredoxin 6,peroxiredoxin 6,ENSDARG00000043511,ZDB-GENE-040426-1778,20,15164482.0,15184869.0,+,protein_coding,"Ensembl ID, GRCz11 chr/start/end/strand re-verified against Ensembl REST on 2026-09-04",open,open,Lipid & energy metabolism,Redox / lipid,Body weight,GWAS/QTL,A - named in a verified primary teleost study,Reference metadata verified in PubMed/Crossref; gene-level claim not re-checked against the full text,Oncorhynchus mykiss; Danio rerio,Omy4,Phospholipid turnover and oxidative protection; trout growth candidate,Ali A et al. (2020) BMC Genomics 21:209,Genome-wide identification of loci associated with growth in rainbow trout,10.1186/s12864-020-6617-x,32138655,teleost,prdx6,A,False,False,direct_symbol_match,high,prdx6,NC_069728.1,5196439.0,5206526.0,,chr19,ok,chr19:5196439-5206526,
prkaa1,AMPKa1,"protein kinase, AMP-activated, alpha 1 catalytic subunit",protein kinase AMP-activated catalytic subunit alpha 1,ENSDARG00000060596,ZDB-GENE-030325-1,5,33238545.0,33255759.0,-,protein_coding,"Ensembl ID, GRCz11 chr/start/end/strand re-verified against Ensembl REST on 2026-09-04",open,open,mTOR / PI3K-AKT & translation,Energy sensing,Growth rate,Pathway core,"C - pathway annotation only, no primary study cited",No primary study cited,Danio rerio,,Energy-stress kinase inhibiting mTORC1 and anabolism,No primary study cited - canonical pathway member (Ensembl/ZFIN gene record),,,,teleost,prkaa1,C,False,False,direct_symbol_match,high,prkaa1,NC_069736.1,9492826.0,9511548.0,,chr27,ok,chr27:9492826-9511548,
prkaa2,"AMPKa2, PRKAA2","protein kinase, AMP-activated, alpha 2 catalytic subunit",protein kinase AMP-activated catalytic subunit alpha 2,ENSDARG00000060641,ZDB-GENE-081120-5,20,8028613.0,8067973.0,+,protein_coding,"Ensembl ID, GRCz11 chr/start/end/strand re-verified against Ensembl REST on 2026-09-04",open,open,mTOR / PI3K-AKT & translation,Energy sensing,Body weight; lipid,GWAS/QTL; Pathway core,A - named in a verified primary teleost study,Reference metadata verified in PubMed/Crossref; gene-level claim not re-checked against the full text,Oncorhynchus mykiss; Danio rerio,Omy4,Inhibits fatty acid and cholesterol biosynthesis; growth-associated in trout,Ali A et al. (2020) BMC Genomics 21:209,Genome-wide identification of loci associated with growth in rainbow trout,10.1186/s12864-020-6617-x,32138655,teleost,prkaa2,A,False,False,direct_symbol_match,high,prkaa2,NC_069728.1,5911782.0,5928331.0,,chr19,ok,chr19:5911782-5928331,
prkag1,AMPKg1,"protein kinase, AMP-activated, gamma 1 non-catalytic subunit",protein kinase AMP-activated non-catalytic subunit gamma 1,ENSDARG00000003818,ZDB-GENE-040426-2188,6,2206495.0,2222707.0,-,protein_coding,"Ensembl ID, GRCz11 chr/start/end/strand re-verified against Ensembl REST on 2026-09-04",open,open,mTOR / PI3K-AKT & translation,Energy sensing,Body weight; lipid,GWAS/QTL,A - named in a verified primary teleost study,Reference metadata verified in PubMed/Crossref; gene-level claim not re-checked against the full text,Oncorhynchus mykiss; Danio rerio,Omy18,AMPK regulatory subunit; lipid metabolism; growth-associated in trout,Ali A et al. (2020) BMC Genomics 21:209,Genome-wide identification of loci associated with growth in rainbow trout,10.1186/s12864-020-6617-x,32138655,teleost,prkag1,A,False,False,direct_symbol_match,high,prkag1,NC_069711.1,13623209.0,13633794.0,,chr2,ok,chr2:13623209-13633794,
prl,"PRL, prolactin",prolactin,prolactin,ENSDARG00000037946,ZDB-GENE-030513-1,3,32341917.0,32345900.0,+,protein_coding,"Ensembl ID, GRCz11 chr/start/end/strand re-verified against Ensembl REST on 2026-09-04",open,open,GH-IGF somatotropic axis,GH/PRL family,Growth rate; osmoregulation,Pathway core; Expression,B - verified review / pathway reference only,Reference metadata verified in PubMed/Crossref; gene-level claim not re-checked against the full text,Oreochromis niloticus; Danio rerio,,GH-family hormone; promoter polymorphisms associated with growth in tilapia,Triantaphyllopoulos KA et al. (2020) Reviews in Aquaculture 12:1637-1662,Factors influencing GH and IGF-I gene expression on growth in teleost fish: how can aquaculture industry benefit?,10.1111/raq.12402,,teleost,prl,B,False,False,direct_symbol_match,high,prl,NC_069722.1,262414.0,268558.0,,chr13,ok,chr13:262414-268558,
prlra,PRLR,prolactin receptor a,prolactin receptor a,ENSDARG00000016570,ZDB-GENE-080103-2,21,11105007.0,11135942.0,+,protein_coding,"Ensembl ID, GRCz11 chr/start/end/strand re-verified against Ensembl REST on 2026-09-04",open,open,GH-IGF somatotropic axis,GH/PRL family,Growth rate,Pathway core,B - verified review / pathway reference only,Reference metadata verified in PubMed/Crossref; gene-level claim not re-checked against the full text,Danio rerio; Oreochromis niloticus,,Receptor mediating prolactin effects on growth and osmoregulation,Triantaphyllopoulos KA et al. (2020) Reviews in Aquaculture 12:1637-1662,Factors influencing GH and IGF-I gene expression on growth in teleost fish: how can aquaculture industry benefit?,10.1111/raq.12402,,teleost,prlra,B,False,False,direct_symbol_match,high,prlra,NC_069724.1,24384742.0,24403244.0,,chr15,ok,chr15:24384742-24403244,
prom1a,PROM1,prominin 1a,prominin 1 a,ENSDARG00000039966,ZDB-GENE-030131-1577,14,46456091.0,46617228.0,-,protein_coding,"Ensembl ID, GRCz11 chr/start/end/strand re-verified against Ensembl REST on 2026-09-04",open,open,"Cell cycle, chromatin & transcription",Stem cell marker,Body weight,GWAS/QTL,A - named in a verified primary teleost study,Reference metadata verified in PubMed/Crossref; gene-level claim not re-checked against the full text,Oncorhynchus mykiss; Danio rerio,Omy14,Cell proliferation and differentiation; growth-associated in trout,Ali A et al. (2020) BMC Genomics 21:209,Genome-wide identification of loci associated with growth in rainbow trout,10.1186/s12864-020-6617-x,32138655,teleost,prom1a,A,False,False,direct_symbol_match,high,prom1a,NC_069716.1,5396261.0,5459601.0,,chr7,ok,chr7:5396261-5459601,
prrc2c,PRRC2C,proline-rich coiled-coil 2C,proline rich coiled-coil 2C,ENSDARG00000057583,ZDB-GENE-081104-156,20,15023263.0,15062606.0,-,protein_coding,"Ensembl ID, GRCz11 chr/start/end/strand re-verified against Ensembl REST on 2026-09-04",open,open,"Cell cycle, chromatin & transcription",Cell cycle,Body weight,GWAS/QTL,A - named in a verified primary teleost study,Reference metadata verified in PubMed/Crossref; gene-level claim not re-checked against the full text,Oncorhynchus mykiss; Danio rerio,Omy4,Regulates cell cycle and proliferation,Ali A et al. (2020) BMC Genomics 21:209,Genome-wide identification of loci associated with growth in rainbow trout,10.1186/s12864-020-6617-x,32138655,teleost,prrc2c,A,False,False,direct_symbol_match,high,prrc2c,NC_069728.1,5250993.0,5278181.0,,chr19,ok,chr19:5250993-5278181,
ptch1,PTCH1,patched 1,patched 1,ENSDARG00000016404,ZDB-GENE-980526-196,8,29962635.0,30068277.0,+,protein_coding,"Ensembl ID, GRCz11 chr/start/end/strand re-verified against Ensembl REST on 2026-09-04",open,open,Other growth signalling & trafficking,Hedgehog signalling,Skeletal growth,Pathway core,"C - pathway annotation only, no primary study cited",No primary study cited,Danio rerio,,Hedgehog receptor; growth plate regulation,No primary study cited - canonical pathway member (Ensembl/ZFIN gene record),,,,teleost,ptch1,C,False,False,direct_symbol_match,high,ptch1,NC_069717.1,13789526.0,13840897.0,,chr8,ok,chr8:13789526-13840897,
ptenb,PTEN; pten,phosphatase and tensin homolog B,phosphatase and tensin homolog,ENSDARG00000056623,ZDB-GENE-030616-47,12,17399852.0,17424174.0,-,protein_coding,"Ensembl ID, GRCz11 chr/start/end/strand re-verified against Ensembl REST on 2026-09-04",open,open,mTOR / PI3K-AKT & translation,PI3K-AKT,Body size,Pathway core,"C - pathway annotation only, no primary study cited",No primary study cited,Danio rerio,,Negative regulator of PI3K-AKT; loss increases cell and body size,No primary study cited - canonical pathway member (Ensembl/ZFIN gene record),,,,teleost,ptenb,C,False,False,direct_symbol_match,high,ptenb,NC_069721.1,10114499.0,10132106.0,,chr12,ok,chr12:10114499-10132106,
pyya,PYY,peptide YYa,peptide YYa,ENSDARG00000053449,ZDB-GENE-980526-71,3,33340939.0,33344780.0,+,protein_coding,"Ensembl ID, GRCz11 chr/start/end/strand re-verified against Ensembl REST on 2026-09-04",open,open,Appetite & energy balance,Appetite / gut hormone,Feed intake,Pathway core,B - verified review / pathway reference only,Reference metadata verified in PubMed/Crossref; gene-level claim not re-checked against the full text,Danio rerio,,Anorexigenic gut peptide,Volkoff H (2016) Frontiers in Neuroscience 10:540; Ronnestad I et al. (2017) Frontiers in Endocrinology 8:73,The neuroendocrine regulation of food intake in fish: a review of current knowledge | Appetite-controlling endocrine systems in teleosts,10.3389/fnins.2016.00540; 10.3389/fendo.2017.00073,28458653,teleost,pyya,B,False,False,direct_symbol_match,high,pyya,NC_069722.1,3028079.0,3037262.0,,chr13,ok,chr13:3028079-3037262,
rab5c,RAB5C,"RAB5C, member RAS onco family","RAB5C, member RAS oncogene family",ENSDARG00000026712,ZDB-GENE-031118-30,3,17615599.0,17651899.0,+,protein_coding,"Ensembl ID, GRCz11 chr/start/end/strand re-verified against Ensembl REST on 2026-09-04",open,open,Other growth signalling & trafficking,Vesicle trafficking,Body weight,GWAS/QTL,A - named in a verified primary teleost study,Reference metadata verified in PubMed/Crossref; gene-level claim not re-checked against the full text,Oncorhynchus mykiss; Danio rerio,,Endosome trafficking within growth-associated region,Ali A et al. (2020) BMC Genomics 21:209,Genome-wide identification of loci associated with growth in rainbow trout,10.1186/s12864-020-6617-x,32138655,teleost,rab5c,A,False,False,direct_symbol_match,high,rab5c,NC_069722.1,6500567.0,6518368.0,,chr13,ok,chr13:6500567-6518368,
rad21a,RAD21,RAD21 cohesin complex component a,RAD21 cohesin complex component a,ENSDARG00000006092,ZDB-GENE-030131-994,16,48409066.0,48430272.0,-,protein_coding,"Ensembl ID, GRCz11 chr/start/end/strand re-verified against Ensembl REST on 2026-09-04",open,open,"Cell cycle, chromatin & transcription",Chromatin,Body weight,GWAS/QTL,A - named in a verified primary teleost study,Reference metadata verified in PubMed/Crossref; gene-level claim not re-checked against the full text,Oncorhynchus mykiss; Danio rerio,Omy18,Cohesin subunit; chromatin organisation in growth-associated window,Ali A et al. (2020) BMC Genomics 21:209,Genome-wide identification of loci associated with growth in rainbow trout,10.1186/s12864-020-6617-x,32138655,teleost,rad21a,A,False,False,direct_symbol_match,high,rad21a,NC_069731.1,3331171.0,3340931.0,,chr22,ok,chr22:3331171-3340931,
ralbp1,RALBP1,ralA binding protein 1,ralA binding protein 1,ENSDARG00000078653,ZDB-GENE-040426-2098,2,52810862.0,52841762.0,-,protein_coding,"Ensembl ID, GRCz11 chr/start/end/strand re-verified against Ensembl REST on 2026-09-04",open,open,Myogenesis & sarcomere,Cytoskeleton,Body weight,GWAS/QTL,A - named in a verified primary teleost study,Third-order check (rev 4): the source paper full text was retrieved and this row was compared against the paper's own gene table. Chromosome claim corrected to reflect the ambiguity in the paper.,Oncorhynchus mykiss; Danio rerio,Omy8 or Omy9 - the paper reports these three genes across chromosomes 8 and 9 without saying which gene is on which,"Regulates actin dynamics during embryogenesis. Chromosome assignment is ambiguous: the paper states ""6 SNPs on chromosomes 8 and 9"" spanning NDUFV2, RALBP1 and DHRS3 collectively.",Ali A et al. (2020) BMC Genomics 21:209,Genome-wide identification of loci associated with growth in rainbow trout,10.1186/s12864-020-6617-x,32138655,teleost,ralbp1,A,False,False,direct_symbol_match,high,ralbp1,NC_069730.1,14651491.0,14664186.0,,chr21,ok,chr21:14651491-14664186,
rapgef2b,RAPGEF2; rapgef2,Rap guanine nucleotide exchange factor 2b,Rap guanine nucleotide exchange factor 2,ENSDARG00000005482,ZDB-GENE-030131-6959,14,47779846.0,48033073.0,-,protein_coding,"Ensembl ID, GRCz11 chr/start/end/strand re-verified against Ensembl REST on 2026-09-04",open,open,Other growth signalling & trafficking,Signal transduction,Body weight,GWAS/QTL,A - named in a verified primary teleost study,Reference metadata verified in PubMed/Crossref; gene-level claim not re-checked against the full text,Oncorhynchus mykiss; Danio rerio,Omy14,Developmental signalling in growth-associated window,Ali A et al. (2020) BMC Genomics 21:209,Genome-wide identification of loci associated with growth in rainbow trout,10.1186/s12864-020-6617-x,32138655,teleost,rapgef2b,A,False,False,direct_symbol_match,high,rapgef2b,NC_069716.1,4768173.0,4888904.0,,chr7,ok,chr7:4768173-4888904,
rarab,RARA; retinoid acid receptor alpha-B (as named in the rohu paper); raraa (previous mapping),"retinoic acid receptor, alpha b",retinoic acid receptor alpha b,ENSDARG00000034893,ZDB-GENE-980526-72,3,33065613.0,33259621.0,-,protein_coding,Remapped from zebrafish raraa to rarab in revision 4: the rohu paper names the alpha-B paralogue. Ensembl ID and GRCz11 coordinates verified 2026-09-04.,open,open,Other growth signalling & trafficking,Retinoid signalling,Harvest body weight (differential expression),Expression,"B - verified primary study, supporting evidence",Third-order check (rev 4): the source paper full text was retrieved and this row was compared against the paper's own gene table. Paralogue reassigned from raraa to rarab to match the gene named in the paper.,Labeo rohita; Danio rerio,"chr3:17,796,406 (G/T, intron variant; L. rohita)","Retinoic acid receptor controlling cellular growth and differentiation. An intronic cSNP at chr3:17,796,406 sits in the transcript the rohu paper names ""Retinoid acid receptor alpha-B isoform X1"", differentially expressed with harvest body weight. NOTE: the rohu study is an mRNA-seq differential-expression study with coding-SNP discovery inside differentially expressed transcripts. It ran NO genome-wide association test - the authors recommend these genes for future SNP-array construction and GWAS. These variants are candidates, not validated marker-trait associations.",Nandanpawar P et al. (2023) Frontiers in Genetics 14:1153911,"Identification of differentially expressed genes and SNPs linked to harvest body weight of genetically improved rohu carp, Labeo rohita",10.3389/fgene.2023.1153911,37359361,teleost,rarab,B,False,False,direct_symbol_match,high,rarab,NC_069722.1,2749081.0,2847700.0,,chr13,ok,chr13:2749081-2847700,
rcc2,RCC2,regulator of chromosome condensation 2,regulator of chromosome condensation 2,ENSDARG00000011510,ZDB-GENE-040426-2213,23,21520769.0,21535040.0,-,protein_coding,"Ensembl ID, GRCz11 chr/start/end/strand re-verified against Ensembl REST on 2026-09-04",open,open,"Cell cycle, chromatin & transcription",Cell cycle,Body weight,GWAS/QTL,A - named in a verified primary teleost study,Reference metadata verified in PubMed/Crossref; gene-level claim not re-checked against the full text,Oncorhynchus mykiss; Danio rerio,Omy9,Regulates cell cycle progression through interphase,Ali A et al. (2020) BMC Genomics 21:209,Genome-wide identification of loci associated with growth in rainbow trout,10.1186/s12864-020-6617-x,32138655,teleost,rcc2,A,False,False,direct_symbol_match,high,rcc2,NC_069725.1,10053634.0,10064949.0,,chr16,ok,chr16:10053634-10064949,
rheb,RHEB,"Ras homolog, mTORC1 binding","Ras homolog, mTORC1 binding",ENSDARG00000090213,ZDB-GENE-040426-1690,24,41316714.0,41320037.0,-,protein_coding,"Ensembl ID, GRCz11 chr/start/end/strand re-verified against Ensembl REST on 2026-09-04",open,open,mTOR / PI3K-AKT & translation,mTOR / protein synthesis,Body size,Pathway core,"C - pathway annotation only, no primary study cited",No primary study cited,Danio rerio,,Direct mTORC1 activator; amino-acid dependent growth control,No primary study cited - canonical pathway member (Ensembl/ZFIN gene record),,,,teleost,rheb,C,False,False,direct_symbol_match,high,rheb,NC_069710.1,5585276.0,5606758.0,,chr1,ok,chr1:5585276-5606758,
rictorb,RICTOR; rictor,"RPTOR independent companion of MTOR, complex 2b",RPTOR independent companion of MTOR complex 2,ENSDARG00000002020,ZDB-GENE-070810-5,21,21195487.0,21242387.0,+,protein_coding,"Ensembl ID, GRCz11 chr/start/end/strand re-verified against Ensembl REST on 2026-09-04",open,open,mTOR / PI3K-AKT & translation,mTOR / protein synthesis,Growth rate,Pathway core,"C - pathway annotation only, no primary study cited",No primary study cited,Danio rerio,,mTORC2 component activating AKT,No primary study cited - canonical pathway member (Ensembl/ZFIN gene record),,,,teleost,rictorb,C,False,False,direct_symbol_match,high,rictorb,NC_069724.1,12884856.0,12926907.0,,chr15,ok,chr15:12884856-12926907,
rorab,RORA,"RAR-related orphan receptor A, paralog b","RAR-related orphan receptor A, paralog b",ENSDARG00000001910,ZDB-GENE-040426-855,7,29538628.0,29625509.0,-,protein_coding,"Ensembl ID and GRCz11 coordinates verified 2026-09-04. The salmon gene is reported as rora; zebrafish carries paralogue rorab, so 1:1 orthology is not established.",open,open,"Life-history, sex & maturation",Life-history / maturation,Sea age at maturity (size at harvest is a downstream consequence),GWAS/QTL,A - named in a verified primary teleost study,"Second-order check: source paper text read and the gene, trait, locus and effect size below confirmed against it (4 Sep 2026)",Salmo salar; Danio rerio,Ssa16 (chr16),RAR-related orphan receptor A. Candidate gene at an age-at-maturity association signal on chromosome 16 in Atlantic salmon; previously associated with age at maturity in other vertebrates including humans.,Sinclair-Waters M et al. (2020) Genetics Selection Evolution 52:9,Beyond large-effect loci: large-scale GWAS reveals a mixed large-effect and polygenic architecture for age at maturity of Atlantic salmon,10.1186/s12711-020-0529-8,32050893,teleost,rorab,A,False,False,blast_ortholog,high,roraa,NC_069718.1,17403229.0,17636277.0,BLAST ortholog (protein XP_053092839.1),chr9,ok,chr9:17403229-17636277,
rpl36a,RPL36A,ribosomal protein L36A,ribosomal protein L36a,ENSDARG00000058105,ZDB-GENE-020423-1,5,22510639.0,22515186.0,+,protein_coding,"Ensembl ID, GRCz11 chr/start/end/strand re-verified against Ensembl REST on 2026-09-04",open,open,mTOR / PI3K-AKT & translation,Ribosome,Body weight,GWAS/QTL,A - named in a verified primary teleost study,Reference metadata verified in PubMed/Crossref; gene-level claim not re-checked against the full text,Oncorhynchus mykiss; Danio rerio,Omy14,Overexpression enhances cell proliferation,Ali A et al. (2020) BMC Genomics 21:209,Genome-wide identification of loci associated with growth in rainbow trout,10.1186/s12864-020-6617-x,32138655,teleost,rpl36a,A,False,False,direct_symbol_match,high,rpl36a,NC_069736.1,17593207.0,17597646.0,,chr27,ok,chr27:17593207-17597646,
rps6,RPS6,ribosomal protein S6,ribosomal protein S6,ENSDARG00000019778,ZDB-GENE-040801-8,1,45043767.0,45049603.0,-,protein_coding,"Ensembl ID, GRCz11 chr/start/end/strand re-verified against Ensembl REST on 2026-09-04",open,open,mTOR / PI3K-AKT & translation,Translation,Muscle growth,Pathway core; Expression,"B - verified primary study, supporting evidence",Reference metadata verified in PubMed/Crossref; gene-level claim not re-checked against the full text,Danio rerio; Oncorhynchus mykiss,,Phospho-S6 is the standard readout of anabolic mTOR activity in fish muscle,"Seiliez I et al. (2008) American Journal of Physiology - Regulatory, Integrative and Comparative Physiology 295:R329-R335",An in vivo and in vitro assessment of TOR signaling cascade in rainbow trout (Oncorhynchus mykiss),10.1152/ajpregu.00146.2008,18434442,teleost,rps6,B,False,False,direct_symbol_match,high,rps6,NC_069737.1,824276.0,829203.0,,chr28,ok,chr28:824276-829203,
rps6kb1a,"S6K1, p70S6K","ribosomal protein S6 kinase b, polypeptide 1a",ribosomal protein S6 kinase B1a,ENSDARG00000018399,ZDB-GENE-091113-52,10,28172344.0,28193642.0,-,protein_coding,"Ensembl ID, GRCz11 chr/start/end/strand re-verified against Ensembl REST on 2026-09-04",open,open,mTOR / PI3K-AKT & translation,mTOR / protein synthesis,Muscle growth,Pathway core; Expression,"B - verified primary study, supporting evidence",Reference metadata verified in PubMed/Crossref; gene-level claim not re-checked against the full text,Danio rerio; Oncorhynchus mykiss,,mTORC1 effector; phosphorylates RPS6 to promote translation,"Seiliez I et al. (2008) American Journal of Physiology - Regulatory, Integrative and Comparative Physiology 295:R329-R335",An in vivo and in vitro assessment of TOR signaling cascade in rainbow trout (Oncorhynchus mykiss),10.1152/ajpregu.00146.2008,18434442,teleost,rps6kb1a,B,False,False,blast_ortholog,high,rps6kb1b,NC_069723.1,6784561.0,6793713.0,BLAST ortholog (protein XP_034166686.2),chr14,ok,chr14:6784561-6793713,rps6kb1b
rps6kb1b,S6K1b,"ribosomal protein S6 kinase b, polypeptide 1b",ribosomal protein S6 kinase B1b,ENSDARG00000058230,ZDB-GENE-040426-2038,15,17406920.0,17424590.0,+,protein_coding,"Ensembl ID, GRCz11 chr/start/end/strand re-verified against Ensembl REST on 2026-09-04",open,open,mTOR / PI3K-AKT & translation,mTOR / protein synthesis,Muscle growth,Pathway core,"C - pathway annotation only, no primary study cited",No primary study cited,Danio rerio,,Duplicated S6 kinase paralogue,No primary study cited - canonical pathway member (Ensembl/ZFIN gene record),,,,teleost,rps6kb1b,C,False,False,direct_symbol_match,high,rps6kb1b,NC_069723.1,6784561.0,6793713.0,,chr14,ok,chr14:6784561-6793713,rps6kb1a
rptor,"RPTOR, raptor","regulatory associated protein of MTOR, complex 1",regulatory associated protein of MTOR complex 1,ENSDARG00000098726,ZDB-GENE-130530-685,6,17725788.0,17999776.0,-,protein_coding,"Ensembl ID, GRCz11 chr/start/end/strand re-verified against Ensembl REST on 2026-09-04",open,open,mTOR / PI3K-AKT & translation,mTOR / protein synthesis,Muscle growth,Pathway core,"B - verified primary study, supporting evidence",Reference metadata verified in PubMed/Crossref; gene-level claim not re-checked against the full text,Danio rerio; Oncorhynchus mykiss,,mTORC1 scaffold required for anabolic signalling,"Seiliez I et al. (2008) American Journal of Physiology - Regulatory, Integrative and Comparative Physiology 295:R329-R335",An in vivo and in vitro assessment of TOR signaling cascade in rainbow trout (Oncorhynchus mykiss),10.1152/ajpregu.00146.2008,18434442,teleost,rptor,B,False,False,direct_symbol_match,high,rptor,NC_069711.1,34079905.0,34189491.0,,chr2,ok,chr2:34079905-34189491,
runx2a,RUNX2,RUNX family transcription factor 2a,RUNX family transcription factor 2a,ENSDARG00000040261,ZDB-GENE-040629-3,17,5351922.0,5516693.0,+,protein_coding,"Ensembl ID, GRCz11 chr/start/end/strand re-verified against Ensembl REST on 2026-09-04",open,open,"Skeletal, ECM & body shape",Osteogenesis,Skeletal growth; body depth,Pathway core,"C - pathway annotation only, no primary study cited",No primary study cited,Danio rerio; Sparus aurata,,Master osteoblast transcription factor determining bone formation and skeletal size,No primary study cited - canonical pathway member (Ensembl/ZFIN gene record),,,,teleost,runx2a,C,False,False,direct_symbol_match,high,runx2a,NC_069719.1,12216806.0,12260719.0,,chr10,ok,chr10:12216806-12260719,
runx2b,RUNX2b,RUNX family transcription factor 2b,RUNX family transcription factor 2b,ENSDARG00000059233,ZDB-GENE-040629-4,20,43994848.0,44090660.0,-,protein_coding,"Ensembl ID, GRCz11 chr/start/end/strand re-verified against Ensembl REST on 2026-09-04",open,open,"Skeletal, ECM & body shape",Osteogenesis,Skeletal growth,Pathway core,"C - pathway annotation only, no primary study cited",No primary study cited,Danio rerio,,Duplicated RUNX2; osteoblast differentiation,No primary study cited - canonical pathway member (Ensembl/ZFIN gene record),,,,teleost,runx2b,C,False,False,direct_symbol_match,high,runx2b,NC_069728.1,8857004.0,8884722.0,,chr19,ok,chr19:8857004-8884722,
scd,"SCD, SCD1",stearoyl-CoA desaturase (delta-9-desaturase),stearoyl-CoA desaturase,ENSDARG00000033662,ZDB-GENE-031106-3,12,48390715.0,48404672.0,+,protein_coding,"Ensembl ID, GRCz11 chr/start/end/strand re-verified against Ensembl REST on 2026-09-04",open,open,Lipid & energy metabolism,Lipogenesis,Lipid deposition; flesh quality,Pathway core,"C - pathway annotation only, no primary study cited",No primary study cited,Danio rerio; Salmo salar,,Monounsaturated fatty acid synthesis; intramuscular fat,No primary study cited - canonical pathway member (Ensembl/ZFIN gene record),,,,teleost,scd,C,False,False,blast_ortholog,high,scdb,NC_069712.1,16062486.0,16069289.0,BLAST ortholog (protein XP_053088897.1),chr3,ok,chr3:16062486-16069289,
septin6,SEPT6,septin 6,septin 6,ENSDARG00000010721,ZDB-GENE-030131-1414,14,33297781.0,33328031.0,-,protein_coding,"Ensembl ID, GRCz11 chr/start/end/strand re-verified against Ensembl REST on 2026-09-04",open,open,Myogenesis & sarcomere,Cytoskeleton,Body weight,GWAS/QTL,A - named in a verified primary teleost study,Reference metadata verified in PubMed/Crossref; gene-level claim not re-checked against the full text,Oncorhynchus mykiss; Danio rerio,Omy14,Loss leads to cell cycle arrest; growth-associated in trout,Ali A et al. (2020) BMC Genomics 21:209,Genome-wide identification of loci associated with growth in rainbow trout,10.1186/s12864-020-6617-x,32138655,teleost,septin6,A,False,False,direct_symbol_match,high,septin6,NC_069716.1,15752800.0,15775438.0,,chr7,ok,chr7:15752800-15775438,
sesn2,"SESN2, sestrin-2",sestrin 2,sestrin 2,ENSDARG00000070012,ZDB-GENE-070108-1,19,43341115.0,43357457.0,+,protein_coding,"Ensembl ID, GRCz11 chr/start/end/strand re-verified against Ensembl REST on 2026-09-04",open,open,mTOR / PI3K-AKT & translation,mTOR / amino acid sensing,Growth rate,Pathway core,"C - pathway annotation only, no primary study cited",No primary study cited,Danio rerio,,Leucine sensor upstream of mTORC1,No primary study cited - canonical pathway member (Ensembl/ZFIN gene record),,,,teleost,sesn2,C,False,False,direct_symbol_match,high,sesn2,NC_069732.1,12833045.0,12842139.0,,chr23,ok,chr23:12833045-12842139,
shha,SHH,sonic hedgehog signaling molecule a,sonic hedgehog signaling molecule a,ENSDARG00000068567,ZDB-GENE-980526-166,7,40884012.0,40893295.0,+,protein_coding,"Ensembl ID, GRCz11 chr/start/end/strand re-verified against Ensembl REST on 2026-09-04",open,open,Other growth signalling & trafficking,Hedgehog signalling,Muscle fibre type; body patterning,Pathway core,"C - pathway annotation only, no primary study cited",No primary study cited,Danio rerio,,Specifies slow muscle fibres and axial patterning,No primary study cited - canonical pathway member (Ensembl/ZFIN gene record),,,,teleost,shha,C,False,False,direct_symbol_match,high,shha,NC_069713.1,29245537.0,29262299.0,,chr4,ok,chr4:29245537-29262299,
sirt1,SIRT1,sirtuin 1,sirtuin 1,ENSDARG00000068064,ZDB-GENE-070801-2,13,50345345.0,50366950.0,-,protein_coding,"Ensembl ID, GRCz11 chr/start/end/strand re-verified against Ensembl REST on 2026-09-04",open,open,mTOR / PI3K-AKT & translation,Nutrient sensing,Growth rate,Pathway core,"C - pathway annotation only, no primary study cited",No primary study cited,Danio rerio,,NAD-dependent deacetylase coupling nutrient status to growth and metabolism,No primary study cited - canonical pathway member (Ensembl/ZFIN gene record),,,,teleost,sirt1,C,False,False,direct_symbol_match,high,sirt1,NC_069712.1,25755358.0,25777713.0,,chr3,ok,chr3:25755358-25777713,
six1a,SIX1,SIX homeobox 1a,SIX homeobox 1a,ENSDARG00000039304,ZDB-GENE-040718-155,13,31619961.0,31622195.0,-,protein_coding,"Ensembl ID, GRCz11 chr/start/end/strand re-verified against Ensembl REST on 2026-09-04",open,open,Myogenesis & sarcomere,Myogenic regulatory network,Muscle growth,Pathway core,"C - pathway annotation only, no primary study cited",No primary study cited,Danio rerio,,Upstream myogenic transcription factor controlling fibre-type and muscle mass,No primary study cited - canonical pathway member (Ensembl/ZFIN gene record),,,,teleost,six1a,C,False,False,direct_symbol_match,high,six1a,NC_069712.1,33799259.0,33802028.0,,chr3,ok,chr3:33799259-33802028,
six1b,SIX1b,SIX homeobox 1b,SIX homeobox 1b,ENSDARG00000026473,ZDB-GENE-040426-2308,20,20499869.0,20505918.0,+,protein_coding,"Ensembl ID, GRCz11 chr/start/end/strand re-verified against Ensembl REST on 2026-09-04",open,open,Myogenesis & sarcomere,Myogenic regulatory network,Muscle growth,Pathway core,"C - pathway annotation only, no primary study cited",No primary study cited,Danio rerio,,Duplicated SIX1; myogenesis,No primary study cited - canonical pathway member (Ensembl/ZFIN gene record),,,,teleost,six1b,C,False,False,direct_symbol_match,high,six1b,NC_069728.1,8020906.0,8023977.0,,chr19,ok,chr19:8020906-8023977,
six6a,SIX6; six6,SIX homeobox 6a,SIX homeobox 6,ENSDARG00000025187,ZDB-GENE-040426-1282,13,31583034.0,31606247.0,+,protein_coding,"Ensembl ID, GRCz11 chr/start/end/strand re-verified against Ensembl REST on 2026-09-04",open,open,"Life-history, sex & maturation",Life-history / maturation,Age at maturity; body size,GWAS/QTL,A - named in a verified primary teleost study,"Second-order check: source paper text read and the gene, trait, locus and effect size below confirmed against it (4 Sep 2026)",Salmo salar,Ssa09 (chr9); upstream SNP 9:24886574,Second large-effect age-at-maturity locus in Atlantic salmon. An upstream SNP at 9:24886574 carries an odds ratio of 0.55 for early maturation. Like vgll3 it acts on maturation timing rather than on growth rate directly.,Sinclair-Waters M et al. (2020) Genetics Selection Evolution 52:9; Barson NJ et al. (2015) Nature 528:405-408,Beyond large-effect loci: large-scale GWAS reveals a mixed large-effect and polygenic architecture for age at maturity of Atlantic salmon | Sex-dependent dominance at a single locus maintains variation in age at maturity in salmon,10.1186/s12711-020-0529-8; 10.1038/nature16062,32050893; 26536110,teleost,six6a,A,False,False,blast_ortholog,high,six6b,NC_069728.1,8050128.0,8052991.0,BLAST ortholog (protein XP_026800399.1),chr19,ok,chr19:8050128-8052991,
slc38a2,SNAT2,solute carrier family 38 member 2,solute carrier family 38 member 2,ENSDARG00000045886,ZDB-GENE-030131-9659,4,1600034.0,1617897.0,+,protein_coding,"Ensembl ID, GRCz11 chr/start/end/strand re-verified against Ensembl REST on 2026-09-04",open,open,mTOR / PI3K-AKT & translation,Amino acid transport,Growth rate,Pathway core,"C - pathway annotation only, no primary study cited",No primary study cited,Danio rerio,,Glutamine transporter supporting amino-acid-driven growth,No primary study cited - canonical pathway member (Ensembl/ZFIN gene record),,,,teleost,slc38a2,C,False,False,direct_symbol_match,high,slc38a2,NC_069718.1,26038919.0,26047617.0,,chr9,ok,chr9:26038919-26047617,
slc4a2a,SLC4A2,solute carrier family 4 member 2a,solute carrier family 4 member 2a,ENSDARG00000028173,ZDB-GENE-051101-2,2,32391897.0,32457923.0,-,protein_coding,"Ensembl ID, GRCz11 chr/start/end/strand re-verified against Ensembl REST on 2026-09-04",open,open,"Skeletal, ECM & body shape",Ion transport / bone,Waste weight; carcass traits,GWAS/QTL,A - named in a verified primary teleost study,Reference metadata verified in PubMed/Crossref; gene-level claim not re-checked against the full text,Oreochromis niloticus; Danio rerio,"LG09; LG09, intronic",Loss of function causes growth retardation and osteopetrosis; intronic lead SNP for waste weight,Yoshida GM et al. (2021) BMC Genomics 22:57,Multi-trait GWAS using imputed high-density genotypes from whole-genome sequencing identifies genes associated with body traits in Nile tilapia,10.1186/s12864-020-07341-z,33451291,teleost,slc4a2a,A,False,False,direct_symbol_match,high,slc4a2a,NC_069713.1,24516380.0,24555181.0,,chr4,ok,chr4:24516380-24555181,
slc5a6a,SLC5A6,solute carrier family 5 member 6a,solute carrier family 5 member 6a,ENSDARG00000042859,ZDB-GENE-041001-177,20,36646761.0,36671660.0,-,protein_coding,"Ensembl ID, GRCz11 chr/start/end/strand re-verified against Ensembl REST on 2026-09-04",open,open,mTOR / PI3K-AKT & translation,Nutrient transport,Body weight; body length,GWAS/QTL,A - named in a verified primary teleost study,Third-order check (rev 4): the source paper full text was retrieved and this row was compared against the paper's own gene table. Confirmed as a candidate gene in the grass carp paper.,Ctenopharyngodon idella; Danio rerio,SLG14_24417024 and SLG14_24417039 (C. idella),"Biotin and pantothenic acid transporter; nutrient absorption near lead growth SNPs. The study analysed body weight, body length, body height and body depth, and reported 90 significant SNPs across 14 chromosomes.",Chen Y et al. (2025) Animals 15:1888,Genome-wide association analysis and genomic selection for growth traits in grass carp (Ctenopharyngodon idella),10.3390/ani15131888,,teleost,slc5a6a,A,False,False,direct_symbol_match,high,slc5a6a,NC_069728.1,1460235.0,1482112.0,,chr19,ok,chr19:1460235-1482112,
slc6a15,"SLC6A15, B0AT2",solute carrier family 6 member 15,solute carrier family 6 member 15,ENSDARG00000062821,ZDB-GENE-050420-93,18,16151774.0,16181952.0,-,protein_coding,"Ensembl ID, GRCz11 chr/start/end/strand re-verified against Ensembl REST on 2026-09-04",open,open,mTOR / PI3K-AKT & translation,Amino acid transport,Body weight,GWAS/QTL,A - named in a verified primary teleost study,Reference metadata verified in PubMed/Crossref; gene-level claim not re-checked against the full text,Oncorhynchus mykiss; Danio rerio,Omy2,Neutral amino-acid transporter affecting weight gain on high-energy diets,Ali A et al. (2020) BMC Genomics 21:209,Genome-wide identification of loci associated with growth in rainbow trout,10.1186/s12864-020-6617-x,32138655,teleost,slc6a15,A,False,False,direct_symbol_match,high,slc6a15,NC_069715.1,11988576.0,12009199.0,,chr6,ok,chr6:11988576-12009199,
slc7a5,"LAT1, SLC7A5",solute carrier family 7 member 5,solute carrier family 7 member 5,ENSDARG00000099265,ZDB-GENE-080818-4,25,12750340.0,12788370.0,-,protein_coding,"Ensembl ID, GRCz11 chr/start/end/strand re-verified against Ensembl REST on 2026-09-04",open,open,mTOR / PI3K-AKT & translation,Amino acid transport,Growth rate,Pathway core; Expression,"B - verified primary study, supporting evidence",Reference metadata verified in PubMed/Crossref; gene-level claim not re-checked against the full text,Danio rerio; Oncorhynchus mykiss,,Leucine transporter feeding mTORC1 activation,Seiliez I et al. (2008) Journal of Nutrition 138:487-491,Feeding status regulates the polyubiquitination step of the ubiquitin-proteasome-dependent proteolysis in rainbow trout muscle,10.1093/jn/138.3.487,18287354,teleost,slc7a5,B,False,False,direct_symbol_match,high,slc7a5,NC_069716.1,28413150.0,28439757.0,,chr7,ok,chr7:28413150-28439757,
smad2,SMAD2,SMAD family member 2,SMAD family member 2,ENSDARG00000006389,ZDB-GENE-990603-7,10,14871136.0,14943281.0,-,protein_coding,"Ensembl ID, GRCz11 chr/start/end/strand re-verified against Ensembl REST on 2026-09-04",open,open,Myostatin / TGF-beta / BMP,Myostatin / TGF-beta,Muscle mass,Pathway core,"C - pathway annotation only, no primary study cited",No primary study cited,Danio rerio,,Downstream effector of myostatin-mediated growth suppression,No primary study cited - canonical pathway member (Ensembl/ZFIN gene record),,,,teleost,smad2,C,False,False,direct_symbol_match,high,smad2,NC_069726.1,18535136.0,18553940.0,,chr17,ok,chr17:18535136-18553940,
smad3a,SMAD3,SMAD family member 3a,SMAD family member 3a,ENSDARG00000036096,ZDB-GENE-000509-3,7,34102661.0,34149263.0,-,protein_coding,"Ensembl ID, GRCz11 chr/start/end/strand re-verified against Ensembl REST on 2026-09-04",open,open,Myostatin / TGF-beta / BMP,Myostatin / TGF-beta,Body weight; total length,GWAS/QTL; Pathway core,A - named in a verified primary teleost study,Reference metadata verified in PubMed/Crossref; gene-level claim not re-checked against the full text,Oreochromis spp.; Danio rerio,LG7; LG7 near total-length QTL,Located ~300 kb from a total length QTL in tilapia; transduces myostatin signal,Lin G et al. (2019) Frontiers in Genetics 10:244,Transcriptome analysis identified genes for growth and omega-3/-6 ratio in saline tilapia,10.3389/fgene.2019.00244,30949199,teleost,smad3a,A,False,False,direct_symbol_match,high,smad3a,NC_069734.1,7685350.0,7719984.0,,chr25,ok,chr25:7685350-7719984,
smad3b,SMAD3b,SMAD family member 3b,SMAD family member 3b,ENSDARG00000010207,ZDB-GENE-030128-4,18,19772874.0,19806209.0,+,protein_coding,"Ensembl ID, GRCz11 chr/start/end/strand re-verified against Ensembl REST on 2026-09-04",open,open,Myostatin / TGF-beta / BMP,Myostatin / TGF-beta,Muscle mass,Pathway core,"C - pathway annotation only, no primary study cited",No primary study cited,Danio rerio,,Duplicated SMAD3 paralogue,No primary study cited - canonical pathway member (Ensembl/ZFIN gene record),,,,teleost,smad3b,C,False,False,direct_symbol_match,high,smad3b,NC_069715.1,14011971.0,14035842.0,,chr6,ok,chr6:14011971-14035842,
smad4a,SMAD4,SMAD family member 4a,SMAD family member 4a,ENSDARG00000075226,ZDB-GENE-990603-8,10,573667.0,590083.0,+,protein_coding,"Ensembl ID, GRCz11 chr/start/end/strand re-verified against Ensembl REST on 2026-09-04",open,open,Myostatin / TGF-beta / BMP,Myostatin / TGF-beta,Muscle mass,Pathway core,"C - pathway annotation only, no primary study cited",No primary study cited,Danio rerio,,Common co-SMAD required for TGF-beta/BMP transcriptional output,No primary study cited - canonical pathway member (Ensembl/ZFIN gene record),,,,teleost,smad4a,C,False,False,direct_symbol_match,high,smad4a,NC_069726.1,4980695.0,4993180.0,,chr17,ok,chr17:4980695-4993180,
smad7,SMAD7,SMAD family member 7,SMAD family member 7,ENSDARG00000016858,ZDB-GENE-030128-3,21,3419459.0,3452683.0,-,protein_coding,"Ensembl ID, GRCz11 chr/start/end/strand re-verified against Ensembl REST on 2026-09-04",open,open,Myostatin / TGF-beta / BMP,Myostatin / TGF-beta,Muscle mass,Pathway core,"C - pathway annotation only, no primary study cited",No primary study cited,Danio rerio,,Inhibitory SMAD antagonising myostatin signalling; pro-growth,No primary study cited - canonical pathway member (Ensembl/ZFIN gene record),,,,teleost,smad7,C,False,False,direct_symbol_match,high,smad7,NC_069724.1,22528375.0,22550255.0,,chr15,ok,chr15:22528375-22550255,
smtla,"SL, somatolactin alpha",somatolactin alpha,somatolactin alpha,ENSDARG00000038191,ZDB-GENE-060123-2,18,48168755.0,48178125.0,+,protein_coding,"Ensembl ID, GRCz11 chr/start/end/strand re-verified against Ensembl REST on 2026-09-04",open,open,GH-IGF somatotropic axis,GH/PRL family,Body size; lipid deposition,Functional; Pathway core,A - named in a verified primary teleost study,Reference metadata verified in PubMed/Crossref; gene-level claim not re-checked against the full text,Danio rerio; Oryzias latipes,,GH/PRL-family pituitary hormone; ectopic somatolactin expression in transgenic zebrafish larvae alters growth and lipid-related phenotypes. NOTE: the medaka colour-interfere (somatolactin) mutant is characterised for pigment-cell phenotypes; body-size claims for it are not supported by the cited paper.,Wan G et al. (2010) Journal of Molecular Endocrinology 45:301-315; Fukamachi S et al. (2004) PNAS 101:10661-10666,A study of somatolactin actions by ectopic expression in transgenic zebrafish larvae | Somatolactin selectively regulates proliferation and morphogenesis of neural-crest derived pigment cells in medaka,10.1677/JME-09-0173; 10.1073/pnas.0401278101,20801895; 15249680,teleost,smtla,A,False,False,direct_symbol_match,high,smtla,NC_069715.1,6982496.0,7004394.0,,chr6,ok,chr6:6982496-7004394,
smtlb,SLb,somatolactin beta,somatolactin beta,ENSDARG00000017251,ZDB-GENE-060123-1,10,39314578.0,39321367.0,-,protein_coding,"Ensembl ID, GRCz11 chr/start/end/strand re-verified against Ensembl REST on 2026-09-04",open,open,GH-IGF somatotropic axis,GH/PRL family,Body size,Expression; Pathway core,"B - verified primary study, supporting evidence",Reference metadata verified in PubMed/Crossref; gene-level claim not re-checked against the full text,Danio rerio; Oncorhynchus mykiss,,Second somatolactin paralogue; expressed in the developing zebrafish pituitary. No teleost growth-association study cited.,Lopez M et al. (2006) Gene Expression Patterns 6:156-161,Expression of the somatolactin beta gene during zebrafish embryonic development,10.1016/j.modgep.2005.06.010,16326145,teleost,smtlb,B,False,False,direct_symbol_match,high,smtlb,NC_069726.1,2747294.0,2750116.0,,chr17,ok,chr17:2747294-2750116,
smyhc1,"MYH, slow MyHC",slow myosin heavy chain 1,slow myosin heavy chain 1,ENSDARG00000099959,ZDB-GENE-030131-271,24,40656510.0,40668208.0,-,protein_coding,"Ensembl ID, GRCz11 chr/start/end/strand re-verified against Ensembl REST on 2026-09-04",open,open,Myogenesis & sarcomere,Sarcomere,Muscle fibre type,Pathway core,"C - pathway annotation only, no primary study cited",No primary study cited,Danio rerio,,Slow (red) muscle myosin heavy chain determining fibre-type composition,No primary study cited - canonical pathway member (Ensembl/ZFIN gene record),,,,teleost,smyhc1,C,False,False,blast_ortholog,high,LOC117597793,NC_069710.1,6057925.0,6068417.0,BLAST ortholog (protein XP_053086917.1),chr1,ok,chr1:6057925-6068417,
socs1a,SOCS1,suppressor of cytokine signaling 1a,suppressor of cytokine signaling 1a,ENSDARG00000038095,ZDB-GENE-040801-205,3,26813058.0,26814953.0,+,protein_coding,"Ensembl ID, GRCz11 chr/start/end/strand re-verified against Ensembl REST on 2026-09-04",open,open,GH-IGF somatotropic axis,GH signal transduction,Growth inhibition,Pathway core,B - verified review / pathway reference only,Reference metadata verified in PubMed/Crossref; gene-level claim not re-checked against the full text,Danio rerio,,Negative feedback inhibitor of JAK-STAT growth signalling,Perez-Sanchez J et al. (2018) Frontiers in Endocrinology 9:687,Somatotropic axis regulation unravels the differential effects of nutritional and environmental factors in growth performance of marine farmed fishes,10.3389/fendo.2018.00687,30538673,teleost,socs1a,B,False,False,direct_symbol_match,high,socs1a,NC_069722.1,24685034.0,24687237.0,,chr13,ok,chr13:24685034-24687237,
socs2,SOCS2,suppressor of cytokine signaling 2,suppressor of cytokine signaling 2,ENSDARG00000045557,ZDB-GENE-041210-171,4,18432182.0,18436899.0,-,protein_coding,"Ensembl ID, GRCz11 chr/start/end/strand re-verified against Ensembl REST on 2026-09-04",open,open,GH-IGF somatotropic axis,GH signal transduction,Body size,Pathway core; Functional,B - verified review / pathway reference only,Reference metadata verified in PubMed/Crossref; gene-level claim not re-checked against the full text,Danio rerio; Salmo salar,,Classical brake on GH signalling; loss-of-function causes gigantism in mammals,Perez-Sanchez J et al. (2018) Frontiers in Endocrinology 9:687,Somatotropic axis regulation unravels the differential effects of nutritional and environmental factors in growth performance of marine farmed fishes,10.3389/fendo.2018.00687,30538673,teleost,socs2,B,False,False,blast_ortholog,medium,LOC113545627,NC_069725.1,2256367.0,2265679.0,BLAST ortholog (protein XP_053096973.1),chr16,ok,chr16:2256367-2265679,
socs3a,SOCS3,suppressor of cytokine signaling 3a,suppressor of cytokine signaling 3a,ENSDARG00000025428,ZDB-GENE-030131-7349,3,57423137.0,57425961.0,-,protein_coding,"Ensembl ID, GRCz11 chr/start/end/strand re-verified against Ensembl REST on 2026-09-04",open,open,GH-IGF somatotropic axis,GH signal transduction,Growth inhibition,Pathway core; Expression,B - verified review / pathway reference only,Reference metadata verified in PubMed/Crossref; gene-level claim not re-checked against the full text,Danio rerio; Sparus aurata,,Inflammation-induced GH resistance; suppresses igf1 during stress,Perez-Sanchez J et al. (2018) Frontiers in Endocrinology 9:687,Somatotropic axis regulation unravels the differential effects of nutritional and environmental factors in growth performance of marine farmed fishes,10.3389/fendo.2018.00687,30538673,teleost,socs3a,B,False,False,direct_symbol_match,high,socs3a,NC_069722.1,14643768.0,14646356.0,,chr13,ok,chr13:14643768-14646356,
socs3b,SOCS3b,suppressor of cytokine signaling 3b,suppressor of cytokine signaling 3b,ENSDARG00000026611,ZDB-GENE-040426-2528,12,34258139.0,34277465.0,+,protein_coding,"Ensembl ID, GRCz11 chr/start/end/strand re-verified against Ensembl REST on 2026-09-04",open,open,GH-IGF somatotropic axis,GH signal transduction,Growth inhibition,Pathway core,B - verified review / pathway reference only,Reference metadata verified in PubMed/Crossref; gene-level claim not re-checked against the full text,Danio rerio,,Duplicated SOCS3; GH signalling brake,Perez-Sanchez J et al. (2018) Frontiers in Endocrinology 9:687,Somatotropic axis regulation unravels the differential effects of nutritional and environmental factors in growth performance of marine farmed fishes,10.3389/fendo.2018.00687,30538673,teleost,socs3b,B,False,False,direct_symbol_match,high,socs3b,NC_069721.1,13903266.0,13906578.0,,chr12,ok,chr12:13903266-13906578,
sox9a,SOX9,SRY-box transcription factor 9a,SRY-box transcription factor 9a,ENSDARG00000003293,ZDB-GENE-001103-1,12,1947593.0,1951284.0,-,protein_coding,"Ensembl ID, GRCz11 chr/start/end/strand re-verified against Ensembl REST on 2026-09-04",open,open,"Skeletal, ECM & body shape",Chondrogenesis,Skeletal growth; body shape,Pathway core,"C - pathway annotation only, no primary study cited",No primary study cited,Danio rerio,,Master chondrogenic transcription factor,No primary study cited - canonical pathway member (Ensembl/ZFIN gene record),,,,teleost,sox9a,C,False,False,direct_symbol_match,high,sox9a,NC_069721.1,4206309.0,4212503.0,,chr12,ok,chr12:4206309-4212503,
sox9b,SOX9b,SRY-box transcription factor 9b,SRY-box transcription factor 9b,ENSDARG00000043923,ZDB-GENE-001103-2,3,62521041.0,62527696.0,-,protein_coding,"Ensembl ID, GRCz11 chr/start/end/strand re-verified against Ensembl REST on 2026-09-04",open,open,"Skeletal, ECM & body shape",Chondrogenesis,Skeletal growth,Pathway core,"C - pathway annotation only, no primary study cited",No primary study cited,Danio rerio,,Duplicated SOX9; craniofacial cartilage,No primary study cited - canonical pathway member (Ensembl/ZFIN gene record),,,,teleost,sox9b,C,False,False,blast_ortholog,high,LOC113528350,NC_069722.1,15852310.0,15856505.0,BLAST ortholog (protein XP_026772661.1),chr13,ok,chr13:15852310-15856505,
sp7,"SP7, osterix",Sp7 transcription factor,Sp7 transcription factor,ENSDARG00000019516,ZDB-GENE-040629-2,6,58622831.0,58674160.0,+,protein_coding,"Ensembl ID, GRCz11 chr/start/end/strand re-verified against Ensembl REST on 2026-09-04",open,open,"Skeletal, ECM & body shape",Osteogenesis,Skeletal growth,Pathway core,"C - pathway annotation only, no primary study cited",No primary study cited,Danio rerio,,Downstream of RUNX2; required for osteoblast maturation and bone growth,No primary study cited - canonical pathway member (Ensembl/ZFIN gene record),,,,teleost,sp7,C,False,False,direct_symbol_match,high,sp7,NC_069711.1,11293394.0,11297483.0,,chr2,ok,chr2:11293394-11297483,
sparc,"SPARC, osteonectin","secreted protein, acidic, cysteine-rich (osteonectin)",secreted protein acidic and cysteine rich,ENSDARG00000019353,ZDB-GENE-030131-9,14,25937948.0,25956860.0,-,protein_coding,"Ensembl ID, GRCz11 chr/start/end/strand re-verified against Ensembl REST on 2026-09-04",open,open,"Skeletal, ECM & body shape",ECM / skeletal,Body weight,GWAS/QTL; Expression,A - named in a verified primary teleost study,Reference metadata verified in PubMed/Crossref; gene-level claim not re-checked against the full text,Oreochromis spp.; Danio rerio,LG2; LG2 ~77 kb from BW QTL,Bone matrix glycoprotein; near a body weight QTL in tilapia,Lin G et al. (2019) Frontiers in Genetics 10:244,Transcriptome analysis identified genes for growth and omega-3/-6 ratio in saline tilapia,10.3389/fgene.2019.00244,30949199,teleost,sparc,A,False,False,direct_symbol_match,high,sparc,NC_069716.1,21045457.0,21055461.0,,chr7,ok,chr7:21045457-21055461,
sqstm1,"SQSTM1, p62",sequestosome 1,sequestosome 1,ENSDARG00000075014,ZDB-GENE-040426-2204,14,16765992.0,16771405.0,+,protein_coding,"Ensembl ID, GRCz11 chr/start/end/strand re-verified against Ensembl REST on 2026-09-04",open,open,Muscle protein turnover & proteolysis,Autophagy,Protein turnover,Pathway core,"C - pathway annotation only, no primary study cited",No primary study cited,Danio rerio,,Autophagy receptor; marker of autophagic flux in muscle,No primary study cited - canonical pathway member (Ensembl/ZFIN gene record),,,,teleost,sqstm1,C,False,False,direct_symbol_match,high,sqstm1,NC_069716.1,8136897.0,8141082.0,,chr7,ok,chr7:8136897-8141082,
srebf1,SREBP-1,sterol regulatory element binding transcription factor 1,sterol regulatory element binding transcription factor 1,ENSDARG00000067607,ZDB-GENE-090812-3,3,62064805.0,62087346.0,-,protein_coding,"Ensembl ID, GRCz11 chr/start/end/strand re-verified against Ensembl REST on 2026-09-04",open,open,Lipid & energy metabolism,Lipogenesis,Lipid deposition,Pathway core,"C - pathway annotation only, no primary study cited",No primary study cited,Danio rerio; Oncorhynchus mykiss,,Insulin-responsive master lipogenic transcription factor,No primary study cited - canonical pathway member (Ensembl/ZFIN gene record),,,,teleost,srebf1,C,False,False,direct_symbol_match,high,srebf1,NC_069722.1,10869343.0,10890737.0,,chr13,ok,chr13:10869343-10890737,
srebf2,SREBP-2,sterol regulatory element binding transcription factor 2,sterol regulatory element binding transcription factor 2,ENSDARG00000063438,ZDB-GENE-070410-8,3,1107102.0,1130892.0,+,protein_coding,"Ensembl ID, GRCz11 chr/start/end/strand re-verified against Ensembl REST on 2026-09-04",open,open,Lipid & energy metabolism,Lipid metabolism,Lipid deposition,Pathway core,"C - pathway annotation only, no primary study cited",No primary study cited,Danio rerio,,Cholesterol biosynthesis regulation,No primary study cited - canonical pathway member (Ensembl/ZFIN gene record),,,,teleost,srebf2,C,False,False,direct_symbol_match,high,srebf2,NC_069738.1,984188.0,998722.0,,chr29,ok,chr29:984188-998722,
srgap1a,SRGAP1; srgap1,SLIT-ROBO Rho GTPase activating protein 1a,SLIT-ROBO Rho GTPase activating protein 1,ENSDARG00000007461,ZDB-GENE-050420-284,18,12867400.0,13056801.0,-,protein_coding,"Ensembl ID, GRCz11 chr/start/end/strand re-verified against Ensembl REST on 2026-09-04",open,open,Other growth signalling & trafficking,Cytoskeleton signalling,Body weight,GWAS/QTL,A - named in a verified primary teleost study,Reference metadata verified in PubMed/Crossref; gene-level claim not re-checked against the full text,Oreochromis niloticus; Danio rerio,,Intercepted by body-trait lead SNP in tilapia,Yoshida GM et al. (2021) BMC Genomics 22:57,Multi-trait GWAS using imputed high-density genotypes from whole-genome sequencing identifies genes associated with body traits in Nile tilapia,10.1186/s12864-020-07341-z,33451291,teleost,srgap1a,A,False,False,direct_symbol_match,high,srgap1a,NC_069715.1,9302911.0,9397146.0,,chr6,ok,chr6:9302911-9397146,
star,StAR,steroidogenic acute regulatory protein,steroidogenic acute regulatory protein,ENSDARG00000006137,ZDB-GENE-001120-3,8,44703854.0,44707937.0,+,protein_coding,"Ensembl ID, GRCz11 chr/start/end/strand re-verified against Ensembl REST on 2026-09-04",open,open,Thyroid & stress axis,Stress axis,Growth-stress trade-off,Pathway core,"C - pathway annotation only, no primary study cited",No primary study cited,Danio rerio,,Rate-limiting step in cortisol synthesis,No primary study cited - canonical pathway member (Ensembl/ZFIN gene record),,,,teleost,star,C,False,False,direct_symbol_match,high,star,NC_069717.1,28978527.0,28985334.0,,chr8,ok,chr8:28978527-28985334,
stard3,STARD3,StAR related lipid transfer domain containing 3,StAR related lipid transfer domain containing 3,ENSDARG00000017809,ZDB-GENE-001120-2,19,4968947.0,4985996.0,+,protein_coding,"Ensembl ID, GRCz11 chr/start/end/strand re-verified against Ensembl REST on 2026-09-04",open,open,Lipid & energy metabolism,Lipid transport,Body weight,GWAS/QTL,A - named in a verified primary teleost study,Reference metadata verified in PubMed/Crossref; gene-level claim not re-checked against the full text,Oncorhynchus mykiss; Danio rerio,Omy13,Mediates cholesterol/lipid transfer; trout growth candidate,Ali A et al. (2020) BMC Genomics 21:209,Genome-wide identification of loci associated with growth in rainbow trout,10.1186/s12864-020-6617-x,32138655,teleost,stard3,A,False,False,direct_symbol_match,high,stard3,NC_069732.1,1204708.0,1226814.0,,chr23,ok,chr23:1204708-1226814,
stat3,STAT3,signal transducer and activator of transcription 3 (acute-phase response factor),signal transducer and activator of transcription 3,ENSDARG00000022712,ZDB-GENE-980526-68,3,17030665.0,17107445.0,+,protein_coding,"Ensembl ID, GRCz11 chr/start/end/strand re-verified against Ensembl REST on 2026-09-04",open,open,GH-IGF somatotropic axis,GH signal transduction,Body weight,GWAS/QTL; Pathway core,A - named in a verified primary teleost study,Reference metadata verified in PubMed/Crossref; gene-level claim not re-checked against the full text,Oncorhynchus mykiss; Danio rerio,"Omy13; growth GWAS, Omy13",Within growth-associated window on Omy13; knockdown inhibits cell proliferation,Ali A et al. (2020) BMC Genomics 21:209,Genome-wide identification of loci associated with growth in rainbow trout,10.1186/s12864-020-6617-x,32138655,teleost,stat3,A,False,False,direct_symbol_match,high,stat3,NC_069722.1,6751365.0,6782252.0,,chr13,ok,chr13:6751365-6782252,
stat5a,STAT5,signal transducer and activator of transcription 5a,signal transducer and activator of transcription 5a,ENSDARG00000019392,ZDB-GENE-030820-2,3,17251542.0,17331919.0,+,protein_coding,"Ensembl ID, GRCz11 chr/start/end/strand re-verified against Ensembl REST on 2026-09-04",open,open,GH-IGF somatotropic axis,GH signal transduction,Growth rate; body size,Pathway core,"C - pathway annotation only, no primary study cited",No primary study cited,Danio rerio; Oreochromis niloticus,,GH-responsive STAT5 paralogue acting downstream of GHR-JAK2 to drive igf1 transcription. No teleost growth-association study cited for this paralogue specifically.,No primary study cited - canonical pathway member (Ensembl/ZFIN gene record),,,,teleost,stat5a,C,False,False,direct_symbol_match,high,stat5a,NC_069722.1,6662923.0,6743437.0,,chr13,ok,chr13:6662923-6743437,
stat5b,STAT5b,signal transducer and activator of transcription 5b,signal transducer and activator of transcription 5b,ENSDARG00000055588,ZDB-GENE-040818-1,12,13560082.0,13650472.0,-,protein_coding,"Ensembl ID, GRCz11 chr/start/end/strand re-verified against Ensembl REST on 2026-09-04",open,open,GH-IGF somatotropic axis,GH signal transduction,Body weight; body length; sexual size dimorphism,GWAS/QTL; Functional; Pathway core,A - named in a verified primary teleost study,Reference metadata verified in PubMed/Crossref; gene-level claim not re-checked against the full text,Pelteobagrus fulvidraco; Danio rerio,"Chr15:19195072 (exonic, P. fulvidraco)",Exonic SNP Chr15:19195072 associated with body weight and body length in yellow catfish and shared across sexes; transgenic yellow catfish and zebrafish expressing yellow catfish stat5b showed increased growth rate and reduced sexual size dimorphism. Also the GH-responsive transcription factor driving igf1 transcription.,Huang P et al. (2022) Genomics 114:110380,Genome-wide association study reveals the genetic basis of growth trait in yellow catfish with sexual size dimorphism,10.1016/j.ygeno.2022.110380,35533968,teleost,stat5b,A,False,False,direct_symbol_match,high,stat5b,NC_069721.1,1578859.0,1597480.0,,chr12,ok,chr12:1578859-1597480,
stc1,STC1,stanniocalcin 1,stanniocalcin 1,ENSDARG00000003303,ZDB-GENE-060825-79,8,50322769.0,50346246.0,-,protein_coding,"Ensembl ID, GRCz11 chr/start/end/strand re-verified against Ensembl REST on 2026-09-04",open,open,GH-IGF somatotropic axis,Somatotropic (GH/IGF) axis,Body size; skeletal growth,Pathway core; Functional,A - named in a verified primary teleost study,Reference metadata verified in PubMed/Crossref; gene-level claim not re-checked against the full text,Danio rerio; Oncorhynchus mykiss,,"Inhibits PAPPA, reducing IGF bioavailability; overexpression causes dwarfism",Wang Z et al. (2025) Frontiers in Endocrinology 16:1729649,Stc2a inhibits IGF-stimulated somatic growth in favor of organismal survival under hypoxic stress,10.3389/fendo.2025.1729649,41573204,teleost,stc1,A,False,False,direct_symbol_match,high,stc1,NC_069717.1,25264530.0,25279932.0,,chr8,ok,chr8:25264530-25279932,
stc2a,STC2,stanniocalcin 2a,stanniocalcin 2a,ENSDARG00000056680,ZDB-GENE-041008-14,14,24215046.0,24221965.0,+,protein_coding,"Ensembl ID, GRCz11 chr/start/end/strand re-verified against Ensembl REST on 2026-09-04",open,open,GH-IGF somatotropic axis,Somatotropic (GH/IGF) axis,Body size,Pathway core; Functional,A - named in a verified primary teleost study,Reference metadata verified in PubMed/Crossref; gene-level claim not re-checked against the full text,Danio rerio,,PAPPA inhibitor; negative regulator of postnatal growth,Wang Z et al. (2025) Frontiers in Endocrinology 16:1729649,Stc2a inhibits IGF-stimulated somatic growth in favor of organismal survival under hypoxic stress,10.3389/fendo.2025.1729649,41573204,teleost,stc2a,A,False,False,direct_symbol_match,high,stc2a,NC_069718.1,9478952.0,9484121.0,,chr9,ok,chr9:9478952-9484121,
stc2b,STC2b,stanniocalcin 2b,stanniocalcin 2b,ENSDARG00000102206,ZDB-GENE-120203-5,21,41511469.0,41531434.0,+,protein_coding,"Ensembl ID, GRCz11 chr/start/end/strand re-verified against Ensembl REST on 2026-09-04",open,open,GH-IGF somatotropic axis,Somatotropic (GH/IGF) axis,Body size,Pathway core,"B - verified primary study, supporting evidence",Reference metadata verified in PubMed/Crossref; gene-level claim not re-checked against the full text,Danio rerio,,Paralogue of STC2; IGF axis brake,Wang Z et al. (2025) Frontiers in Endocrinology 16:1729649,Stc2a inhibits IGF-stimulated somatic growth in favor of organismal survival under hypoxic stress,10.3389/fendo.2025.1729649,41573204,teleost,stc2b,B,False,False,direct_symbol_match,high,stc2b,NC_069724.1,13339340.0,13343055.0,,chr15,ok,chr15:13339340-13343055,
suco,"SUCO, SUN domain ossification factor",SUN domain containing ossification factor,SUN domain containing ossification factor,ENSDARG00000016532,ZDB-GENE-030131-2941,20,14683699.0,14781904.0,-,protein_coding,"Ensembl ID, GRCz11 chr/start/end/strand re-verified against Ensembl REST on 2026-09-04",open,open,"Skeletal, ECM & body shape",Osteogenesis,Body weight,GWAS/QTL,A - named in a verified primary teleost study,Reference metadata verified in PubMed/Crossref; gene-level claim not re-checked against the full text,Oncorhynchus mykiss; Danio rerio,Omy4,Mutagenesis causes failure of osteoblast maturation,Ali A et al. (2020) BMC Genomics 21:209,Genome-wide identification of loci associated with growth in rainbow trout,10.1186/s12864-020-6617-x,32138655,teleost,suco,A,False,False,direct_symbol_match,high,suco,NC_069728.1,5388527.0,5438905.0,,chr19,ok,chr19:5388527-5438905,
tcap,"TCAP, telethonin",titin-cap (telethonin),titin-cap,ENSDARG00000007344,ZDB-GENE-070501-5,3,21240594.0,21242460.0,-,protein_coding,"Ensembl ID, GRCz11 chr/start/end/strand re-verified against Ensembl REST on 2026-09-04",open,open,Myogenesis & sarcomere,Sarcomere,Body weight; fibre size,GWAS/QTL; Functional,A - named in a verified primary teleost study,Reference metadata verified in PubMed/Crossref; gene-level claim not re-checked against the full text,Oncorhynchus mykiss; Danio rerio,Omy13,TCAP-null animals show abnormal myofibre size variation; within trout growth window,Ali A et al. (2020) BMC Genomics 21:209,Genome-wide identification of loci associated with growth in rainbow trout,10.1186/s12864-020-6617-x,32138655,teleost,tcap,A,False,False,direct_symbol_match,high,tcap,NC_069722.1,7962215.0,7963631.0,,chr13,ok,chr13:7962215-7963631,
tes,"TES, testin",testis derived transcript (3 LIM domains),testin LIM domain protein,ENSDARG00000051857,ZDB-GENE-040718-59,25,18475032.0,18496410.0,+,protein_coding,"Ensembl ID, GRCz11 chr/start/end/strand re-verified against Ensembl REST on 2026-09-04",open,open,"Cell cycle, chromatin & transcription",Cell proliferation,Body weight,GWAS/QTL,A - named in a verified primary teleost study,Reference metadata verified in PubMed/Crossref; gene-level claim not re-checked against the full text,Oncorhynchus mykiss; Danio rerio,Omy2,Negatively regulates proliferation; growth-associated in trout,Ali A et al. (2020) BMC Genomics 21:209,Genome-wide identification of loci associated with growth in rainbow trout,10.1186/s12864-020-6617-x,32138655,teleost,tes,A,False,False,direct_symbol_match,high,tes,NC_069716.1,27882408.0,27894307.0,,chr7,ok,chr7:27882408-27894307,
tfam,TFAM,"transcription factor A, mitochondrial","transcription factor A, mitochondrial",ENSDARG00000063145,ZDB-GENE-061013-552,12,7254112.0,7263958.0,+,protein_coding,"Ensembl ID, GRCz11 chr/start/end/strand re-verified against Ensembl REST on 2026-09-04",open,open,Lipid & energy metabolism,Mitochondrial biogenesis,Growth traits,GWAS/QTL,"B - verified primary study, supporting evidence","Third-order check (rev 4): the source paper full text was retrieved and this row was compared against the paper's own gene table. Downgraded: positional mention only, not presented as a candidate gene by the paper.",Paralichthys olivaceus; Danio rerio,chr14,Mitochondrial biogenesis regulator within multi-trait growth region. NOTE: the flounder paper lists this gene only as sitting within a chromosome-14 SNP region; it does not characterise it as a growth candidate.,Liang S et al. (2026) Biology 15:1246,Genetic dissection of growth traits and identification of candidate genes in Japanese flounder (Paralichthys olivaceus) using single- and multi-trait genome-wide association analyses,10.3390/biology15151246,,teleost,tfam,B,False,False,direct_symbol_match,high,tfam,NC_069721.1,7365182.0,7372908.0,,chr12,ok,chr12:7365182-7372908,
tg,"TG, thyroglobulin",thyroglobulin,thyroglobulin,ENSDARG00000020084,ZDB-GENE-030519-1,16,31530762.0,31598771.0,-,protein_coding,"Ensembl ID, GRCz11 chr/start/end/strand re-verified against Ensembl REST on 2026-09-04",open,open,Thyroid & stress axis,Thyroid axis,Growth rate,Pathway core,"C - pathway annotation only, no primary study cited",No primary study cited,Danio rerio,,Thyroid hormone precursor protein,No primary study cited - canonical pathway member (Ensembl/ZFIN gene record),,,,teleost,tg,C,False,False,direct_symbol_match,high,tg,NC_069710.1,20352943.0,20390518.0,,chr1,ok,chr1:20352943-20390518,
tgfb1a,TGFB1,"transforming growth factor, beta 1a",transforming growth factor beta 1a,ENSDARG00000041502,ZDB-GENE-030618-1,15,2776506.0,2803313.0,-,protein_coding,"Ensembl ID, GRCz11 chr/start/end/strand re-verified against Ensembl REST on 2026-09-04",open,open,Myostatin / TGF-beta / BMP,Myostatin / TGF-beta,Muscle; connective tissue,Pathway core,"C - pathway annotation only, no primary study cited",Third-order check (rev 4): the source paper full text was retrieved and this row was compared against the paper's own gene table. Attribution removed: the paper validated no TGFB1 variant.,Danio rerio,,"Core TGF-beta signalling; regulates myoblast proliferation and ECM deposition. NOTE: the largemouth bass study names the myostatin/TGF-beta PATHWAY as enriched among differentially expressed genes but validated no TGFB1 marker - its three validated SNPs are in PEPCK1, FOXO3b and HSPB1.",No primary study cited - canonical pathway member (Ensembl/ZFIN gene record),,,,teleost,tgfb1a,C,False,False,direct_symbol_match,high,tgfb1a,NC_069730.1,6402678.0,6426607.0,,chr21,ok,chr21:6402678-6426607,
tgfb2,TGFB2,"transforming growth factor, beta 2",transforming growth factor beta 2,ENSDARG00000027087,ZDB-GENE-030723-3,16,2745006.0,2807527.0,-,protein_coding,"Ensembl ID, GRCz11 chr/start/end/strand re-verified against Ensembl REST on 2026-09-04",open,open,Myostatin / TGF-beta / BMP,Myostatin / TGF-beta,Harvest body weight (differential expression),Expression,"B - verified primary study, supporting evidence",Third-order check (rev 4): the source paper full text was retrieved and this row was compared against the paper's own gene table. Evidence type corrected from GWAS/QTL to Expression: the study performed no association test.,Labeo rohita; Danio rerio,"chr14:22,069,302 (A/G, 3'UTR; L. rohita)","TGF-beta ligand and regulator of cell proliferation. A 3'UTR cSNP at chr14:22,069,302 sits in a differentially expressed transcript. NOTE: the rohu study is an mRNA-seq differential-expression study with coding-SNP discovery inside differentially expressed transcripts. It ran NO genome-wide association test - the authors recommend these genes for future SNP-array construction and GWAS. These variants are candidates, not validated marker-trait associations.",Nandanpawar P et al. (2023) Frontiers in Genetics 14:1153911,"Identification of differentially expressed genes and SNPs linked to harvest body weight of genetically improved rohu carp, Labeo rohita",10.3389/fgene.2023.1153911,37359361,teleost,tgfb2,B,False,False,direct_symbol_match,high,tgfb2,NC_069710.1,2145965.0,2166666.0,,chr1,ok,chr1:2145965-2166666,
tgfb3,TGFB3,"transforming growth factor, beta 3",transforming growth factor beta 3,ENSDARG00000019367,ZDB-GENE-030723-4,17,52059020.0,52091999.0,-,protein_coding,"Ensembl ID, GRCz11 chr/start/end/strand re-verified against Ensembl REST on 2026-09-04",open,open,Myostatin / TGF-beta / BMP,Myostatin / TGF-beta,Muscle; skeletal,Pathway core,"C - pathway annotation only, no primary study cited",No primary study cited,Danio rerio,,TGF-beta ligand in craniofacial and muscle development,No primary study cited - canonical pathway member (Ensembl/ZFIN gene record),,,,teleost,tgfb3,C,False,False,direct_symbol_match,high,tgfb3,NC_069719.1,10329448.0,10347133.0,,chr10,ok,chr10:10329448-10347133,
tgfbr1a,"TGFBR1, ALK5","transforming growth factor, beta receptor 1 a",transforming growth factor beta receptor 1a,ENSDARG00000017494,ZDB-GENE-051120-75,2,23856045.0,23931536.0,-,protein_coding,"Ensembl ID, GRCz11 chr/start/end/strand re-verified against Ensembl REST on 2026-09-04",open,open,Myostatin / TGF-beta / BMP,Myostatin / TGF-beta,Muscle mass,Pathway core,"C - pathway annotation only, no primary study cited",No primary study cited,Danio rerio,,Type I receptor transducing TGF-beta/myostatin signals to SMAD2/3,No primary study cited - canonical pathway member (Ensembl/ZFIN gene record),,,,teleost,tgfbr1a,C,False,False,blast_ortholog,high,tgfbr1b,NC_069710.1,6838496.0,6914280.0,BLAST ortholog (protein XP_026770239.1),chr1,ok,chr1:6838496-6914280,
tgfbr2b,TGFBR2; tgfbr2,transforming growth factor beta receptor 2b,transforming growth factor beta receptor 2,ENSDARG00000034541,ZDB-GENE-980526-375,16,39505163.0,39605661.0,-,protein_coding,"Ensembl ID, GRCz11 chr/start/end/strand re-verified against Ensembl REST on 2026-09-04",open,open,Myostatin / TGF-beta / BMP,Myostatin / TGF-beta,Muscle mass,Pathway core,"C - pathway annotation only, no primary study cited",No primary study cited,Danio rerio,,Type II receptor for TGF-beta ligands,No primary study cited - canonical pathway member (Ensembl/ZFIN gene record),,,,teleost,tgfbr2b,C,False,False,direct_symbol_match,high,tgfbr2b,NC_069710.1,2642493.0,2662753.0,,chr1,ok,chr1:2642493-2662753,
thbs1b,THBS1; thbs1a,thrombospondin 1b,thrombospondin 1a,ENSDARG00000010785,ZDB-GENE-020708-1,20,29036328.0,29052391.0,-,protein_coding,"Ensembl ID, GRCz11 chr/start/end/strand re-verified against Ensembl REST on 2026-09-04",open,open,"Skeletal, ECM & body shape",ECM / angiogenesis,Body weight,GWAS/QTL,A - named in a verified primary teleost study,"Second-order check: source paper text read and the gene, trait, locus and effect size below confirmed against it (4 Sep 2026)",Oncorhynchus mykiss; Danio rerio,Omy15,"Top single-marker association for body weight gain in rainbow trout (R2 = 0.09, ~9% of variation), ahead of MAP4 (~6%). Angiogenesis and tissue development. Note: single-marker R2, not a genomic-window estimate.",Ali A et al. (2020) BMC Genomics 21:209,Genome-wide identification of loci associated with growth in rainbow trout,10.1186/s12864-020-6617-x,32138655,teleost,thbs1b,A,False,False,direct_symbol_match,high,thbs1b,NC_069728.1,10679568.0,10688799.0,,chr19,ok,chr19:10679568-10688799,
thraa,THRA,thyroid hormone receptor alpha a,thyroid hormone receptor alpha a,ENSDARG00000000151,ZDB-GENE-990415-263,3,34688022.0,34753605.0,-,protein_coding,"Ensembl ID, GRCz11 chr/start/end/strand re-verified against Ensembl REST on 2026-09-04",open,open,Thyroid & stress axis,Thyroid axis,Growth rate; muscle development,Pathway core,"C - pathway annotation only, no primary study cited",No primary study cited,Danio rerio; Paralichthys olivaceus,,Nuclear receptor mediating T3 effects on growth and development,No primary study cited - canonical pathway member (Ensembl/ZFIN gene record),,,,teleost,thraa,C,False,False,blast_ortholog,high,thrab,NC_069721.1,22804555.0,22962665.0,BLAST ortholog (protein XP_053094679.1),chr12,ok,chr12:22804555-22962665,
thrb,THRB,thyroid hormone receptor beta,thyroid hormone receptor beta,ENSDARG00000021163,ZDB-GENE-990415-268,19,17514631.0,17658253.0,-,protein_coding,"Ensembl ID, GRCz11 chr/start/end/strand re-verified against Ensembl REST on 2026-09-04",open,open,Thyroid & stress axis,Thyroid axis,Harvest body weight (differential expression),Expression,"B - verified primary study, supporting evidence",Third-order check (rev 4): the source paper full text was retrieved and this row was compared against the paper's own gene table. Evidence type corrected from GWAS/QTL to Expression: the study performed no association test.,Labeo rohita; Danio rerio,"chr19:338,329 (C/T, intronic; L. rohita)","Mediates T3 control of muscle development and metabolism. An intronic cSNP at chr19:338,329 sits in a differentially expressed transcript. NOTE: the rohu study is an mRNA-seq differential-expression study with coding-SNP discovery inside differentially expressed transcripts. It ran NO genome-wide association test - the authors recommend these genes for future SNP-array construction and GWAS. These variants are candidates, not validated marker-trait associations.",Nandanpawar P et al. (2023) Frontiers in Genetics 14:1153911,"Identification of differentially expressed genes and SNPs linked to harvest body weight of genetically improved rohu carp, Labeo rohita",10.3389/fgene.2023.1153911,37359361,teleost,thrb,B,False,False,direct_symbol_match,high,thrb,NC_069738.1,10421795.0,10541216.0,,chr29,ok,chr29:10421795-10541216,
tial1,TIAL1,TIA1 cytotoxic granule-associated RNA binding protein-like 1,TIA1 cytotoxic granule-associated RNA binding protein-like 1,ENSDARG00000009525,ZDB-GENE-040426-1547,13,25472005.0,25484752.0,-,protein_coding,"Ensembl ID, GRCz11 chr/start/end/strand re-verified against Ensembl REST on 2026-09-04",open,open,"Cell cycle, chromatin & transcription",RNA binding,Growth traits,GWAS/QTL,"B - verified primary study, supporting evidence","Third-order check (rev 4): the source paper full text was retrieved and this row was compared against the paper's own gene table. Downgraded: positional mention only, not presented as a candidate gene by the paper.",Paralichthys olivaceus; Danio rerio,chr14,RNA-binding translational regulator in growth-associated region. NOTE: the flounder paper lists this gene only as sitting within a chromosome-14 SNP region; it does not characterise it as a growth candidate.,Liang S et al. (2026) Biology 15:1246,Genetic dissection of growth traits and identification of candidate genes in Japanese flounder (Paralichthys olivaceus) using single- and multi-trait genome-wide association analyses,10.3390/biology15151246,,teleost,tial1,B,False,False,direct_symbol_match,high,tial1,NC_069712.1,13709513.0,13718236.0,,chr3,ok,chr3:13709513-13718236,
tmed5,TMED5,transmembrane p24 trafficking protein 5,transmembrane p24 trafficking protein 5,ENSDARG00000008765,ZDB-GENE-040426-1302,20,14789148.0,14806671.0,+,protein_coding,"Ensembl ID, GRCz11 chr/start/end/strand re-verified against Ensembl REST on 2026-09-04",open,open,Other growth signalling & trafficking,Vesicle trafficking,Body weight,GWAS/QTL,A - named in a verified primary teleost study,Reference metadata verified in PubMed/Crossref; gene-level claim not re-checked against the full text,Oncorhynchus mykiss; Danio rerio,Omy4,Trafficking protein in growth-associated window,Ali A et al. (2020) BMC Genomics 21:209,Genome-wide identification of loci associated with growth in rainbow trout,10.1186/s12864-020-6617-x,32138655,teleost,tmed5,A,False,False,direct_symbol_match,high,tmed5,NC_069728.1,5379846.0,5385386.0,,chr19,ok,chr19:5379846-5385386,
tmprss9,TMPRSS9,transmembrane serine protease 9,transmembrane serine protease 9,ENSDARG00000029841,ZDB-GENE-050208-573,22,10757848.0,10770418.0,+,protein_coding,"Ensembl ID, GRCz11 chr/start/end/strand re-verified against Ensembl REST on 2026-09-04",open,open,Lipid & energy metabolism,Digestion,Body weight,GWAS/QTL,A - named in a verified primary teleost study,Third-order check (rev 4): the source paper full text was retrieved and this row was compared against the paper's own gene table. Confirmed as a candidate gene in the grass carp paper.,Ctenopharyngodon idella; Danio rerio,,"Protein hydrolysis enzyme participating in food digestion. The study analysed body weight, body length, body height and body depth, and reported 90 significant SNPs across 14 chromosomes.",Chen Y et al. (2025) Animals 15:1888,Genome-wide association analysis and genomic selection for growth traits in grass carp (Ctenopharyngodon idella),10.3390/ani15131888,,teleost,tmprss9,A,False,False,direct_symbol_match,high,tmprss9,NC_069720.1,12361881.0,12379406.0,,chr11,ok,chr11:12361881-12379406,
tnmd,"TNMD, tenomodulin",tenomodulin,tenomodulin,ENSDARG00000052615,ZDB-GENE-080220-31,14,40641350.0,40722928.0,+,protein_coding,"Ensembl ID, GRCz11 chr/start/end/strand re-verified against Ensembl REST on 2026-09-04",open,open,"Skeletal, ECM & body shape",ECM / tendon,Body weight,GWAS/QTL,A - named in a verified primary teleost study,Reference metadata verified in PubMed/Crossref; gene-level claim not re-checked against the full text,Oncorhynchus mykiss; Danio rerio,Omy14,Essential for tenocyte proliferation; within growth-associated window,Ali A et al. (2020) BMC Genomics 21:209,Genome-wide identification of loci associated with growth in rainbow trout,10.1186/s12864-020-6617-x,32138655,teleost,tnmd,A,False,False,direct_symbol_match,high,tnmd,NC_069716.1,14117540.0,14158808.0,,chr7,ok,chr7:14117540-14158808,
tnnt3a,TNNT3,"troponin T type 3a (skeletal, fast)","troponin T type 3a (skeletal, fast)",ENSDARG00000030270,ZDB-GENE-000322-3,25,31405266.0,31418457.0,+,protein_coding,"Ensembl ID, GRCz11 chr/start/end/strand re-verified against Ensembl REST on 2026-09-04",open,open,Myogenesis & sarcomere,Sarcomere,Muscle growth,Pathway core,"C - pathway annotation only, no primary study cited",No primary study cited,Danio rerio,,Fast-muscle troponin T; contractile regulation,No primary study cited - canonical pathway member (Ensembl/ZFIN gene record),,,,teleost,tnnt3a,C,False,False,direct_symbol_match,high,tnnt3a,NC_069718.1,14198525.0,14206027.0,,chr9,ok,chr9:14198525-14206027,
trh,TRH,thyrotropin-releasing hormone,thyrotropin releasing hormone,ENSDARG00000006868,ZDB-GENE-020930-1,8,54220551.0,54223316.0,-,protein_coding,"Ensembl ID, GRCz11 chr/start/end/strand re-verified against Ensembl REST on 2026-09-04",open,open,Thyroid & stress axis,Thyroid axis,Growth rate; feed intake,Pathway core,"C - pathway annotation only, no primary study cited",No primary study cited,Danio rerio,,"Hypothalamic regulator of TSH and, in fish, of GH release",No primary study cited - canonical pathway member (Ensembl/ZFIN gene record),,,,teleost,trh,C,False,False,direct_symbol_match,high,trh,NC_069717.1,22015286.0,22018202.0,,chr8,ok,chr8:22015286-22018202,
trim63a,"TRIM63, MuRF1",tripartite motif containing 63a,tripartite motif containing 63a,ENSDARG00000028027,ZDB-GENE-040625-139,6,15651977.0,15653494.0,-,protein_coding,"Ensembl ID, GRCz11 chr/start/end/strand re-verified against Ensembl REST on 2026-09-04",open,open,Muscle protein turnover & proteolysis,Ubiquitin-proteasome atrophy,Muscle atrophy,Pathway core; Expression,"B - verified primary study, supporting evidence",Reference metadata verified in PubMed/Crossref; gene-level claim not re-checked against the full text,Danio rerio; Oncorhynchus mykiss,,MuRF1 atrophy E3 ligase targeting thick-filament proteins,Seiliez I et al. (2008) Journal of Nutrition 138:487-491,Feeding status regulates the polyubiquitination step of the ubiquitin-proteasome-dependent proteolysis in rainbow trout muscle,10.1093/jn/138.3.487,18287354,teleost,trim63a,B,False,False,direct_symbol_match,high,trim63a,NC_069711.1,26633999.0,26635637.0,,chr2,ok,chr2:26633999-26635637,
trim63b,MuRF1b,tripartite motif containing 63b,tripartite motif containing 63b,ENSDARG00000086685,ZDB-GENE-040426-1003,9,23900703.0,23902215.0,+,protein_coding,"Ensembl ID, GRCz11 chr/start/end/strand re-verified against Ensembl REST on 2026-09-04",open,open,Muscle protein turnover & proteolysis,Ubiquitin-proteasome atrophy,Muscle atrophy,Pathway core,"C - pathway annotation only, no primary study cited",No primary study cited,Danio rerio,,Duplicated MuRF1 paralogue,No primary study cited - canonical pathway member (Ensembl/ZFIN gene record),,,,teleost,trim63b,C,False,False,direct_symbol_match,high,trim63b,NC_069714.1,2160981.0,2162570.0,,chr5,ok,chr5:2160981-2162570,
tsc1a,TSC1,TSC complex subunit 1a,TSC complex subunit 1a,ENSDARG00000026048,ZDB-GENE-030131-9111,5,29652198.0,29672144.0,+,protein_coding,"Ensembl ID, GRCz11 chr/start/end/strand re-verified against Ensembl REST on 2026-09-04",open,open,mTOR / PI3K-AKT & translation,mTOR / protein synthesis,Body size,Pathway core,"C - pathway annotation only, no primary study cited",No primary study cited,Danio rerio,,mTORC1 inhibitor; growth brake,No primary study cited - canonical pathway member (Ensembl/ZFIN gene record),,,,teleost,tsc1a,C,False,False,direct_symbol_match,high,tsc1a,NC_069733.1,14727896.0,14738916.0,,chr24,ok,chr24:14727896-14738916,
tsc2,TSC2,TSC complex subunit 2,TSC complex subunit 2,ENSDARG00000103125,ZDB-GENE-030131-2702,1,54198893.0,54274861.0,+,protein_coding,"Ensembl ID, GRCz11 chr/start/end/strand re-verified against Ensembl REST on 2026-09-04",open,open,mTOR / PI3K-AKT & translation,mTOR / protein synthesis,Body size,Pathway core,"C - pathway annotation only, no primary study cited",No primary study cited,Danio rerio,,GTPase-activating protein restraining RHEB and mTORC1,No primary study cited - canonical pathway member (Ensembl/ZFIN gene record),,,,teleost,tsc2,C,False,False,direct_symbol_match,high,tsc2,NC_069735.1,15658765.0,15706493.0,,chr26,ok,chr26:15658765-15706493,
tshba,TSHB,thyroid stimulating hormone subunit beta a,"thyroid stimulating hormone, beta subunit a",ENSDARG00000033726,ZDB-GENE-030513-3,6,49081141.0,49085296.0,+,protein_coding,"Ensembl ID, GRCz11 chr/start/end/strand re-verified against Ensembl REST on 2026-09-04",open,open,Thyroid & stress axis,Thyroid axis,Growth rate; metamorphosis,Pathway core,"C - pathway annotation only, no primary study cited",No primary study cited,Danio rerio; Paralichthys olivaceus,,Pituitary driver of thyroid hormone synthesis; controls flatfish metamorphosis and somatic growth,No primary study cited - canonical pathway member (Ensembl/ZFIN gene record),,,,teleost,tshba,C,False,False,direct_symbol_match,high,tshba,NC_069711.1,13431328.0,13437067.0,,chr2,ok,chr2:13431328-13437067,
tshr,TSHR,thyroid stimulating hormone receptor,thyroid stimulating hormone receptor,ENSDARG00000037195,ZDB-GENE-110524-4,20,6035427.0,6079923.0,+,protein_coding,"Ensembl ID, GRCz11 chr/start/end/strand re-verified against Ensembl REST on 2026-09-04",open,open,Thyroid & stress axis,Thyroid axis,Growth rate,Pathway core,"C - pathway annotation only, no primary study cited",No primary study cited,Danio rerio,,Receptor mediating TSH stimulation of the thyroid,No primary study cited - canonical pathway member (Ensembl/ZFIN gene record),,,,teleost,tshr,C,False,False,direct_symbol_match,high,tshr,NC_069739.1,12517996.0,12543237.0,,chr30,ok,chr30:12517996-12543237,
ttn.1,"TTN, titin","titin, tandem duplicate 1","titin, tandem duplicate 1",ENSDARG00000000563,ZDB-GENE-030616-413,9,42732992.0,42873700.0,-,protein_coding,"Ensembl ID, GRCz11 chr/start/end/strand re-verified against Ensembl REST on 2026-09-04",open,open,Myogenesis & sarcomere,Sarcomere,Harvest body weight (differential expression),Expression,"B - verified primary study, supporting evidence",Third-order check (rev 4): the source paper full text was retrieved and this row was compared against the paper's own gene table. Evidence type corrected from GWAS/QTL to Expression: the study performed no association test.,Labeo rohita; Danio rerio,"chr17:9,379,989 (T/C, splice donor) and chr17:9,380,005 (C/T, missense; L. rohita)","Sarcomere scaffold determining muscle elasticity. A splice-donor and a missense cSNP sit in a titin transcript differentially expressed with harvest body weight. NOTE: the rohu study is an mRNA-seq differential-expression study with coding-SNP discovery inside differentially expressed transcripts. It ran NO genome-wide association test - the authors recommend these genes for future SNP-array construction and GWAS. These variants are candidates, not validated marker-trait associations.",Nandanpawar P et al. (2023) Frontiers in Genetics 14:1153911,"Identification of differentially expressed genes and SNPs linked to harvest body weight of genetically improved rohu carp, Labeo rohita",10.3389/fgene.2023.1153911,37359361,teleost,ttn.1,B,False,False,direct_symbol_match,high,ttn.1,NC_069714.1,27141446.0,27284406.0,,chr5,ok,chr5:27141446-27284406,
ttn.2,TTNb,"titin, tandem duplicate 2","titin, tandem duplicate 2",ENSDARG00000028213,ZDB-GENE-030113-2,9,42894845.0,43073960.0,-,protein_coding,"Ensembl ID, GRCz11 chr/start/end/strand re-verified against Ensembl REST on 2026-09-04",open,open,Myogenesis & sarcomere,Sarcomere,Muscle integrity,Pathway core,"C - pathway annotation only, no primary study cited",No primary study cited,Danio rerio,,Second titin locus in zebrafish,No primary study cited - canonical pathway member (Ensembl/ZFIN gene record),,,,teleost,ttn.2,C,False,False,direct_symbol_match,high,ttn.2,NC_069714.1,26956686.0,27131273.0,,chr5,ok,chr5:26956686-27131273,
ttr,TTR,"transthyretin (prealbumin, amyloidosis type I)",transthyretin,ENSDARG00000037191,ZDB-GENE-040927-14,20,6142433.0,6157942.0,+,protein_coding,"Ensembl ID, GRCz11 chr/start/end/strand re-verified against Ensembl REST on 2026-09-04",open,open,Thyroid & stress axis,Thyroid axis,Growth rate,Pathway core,"C - pathway annotation only, no primary study cited",No primary study cited,Danio rerio; Sparus aurata,,Plasma thyroid hormone distributor protein,No primary study cited - canonical pathway member (Ensembl/ZFIN gene record),,,,teleost,ttr,C,False,False,direct_symbol_match,high,ttr,NC_069728.1,6548366.0,6551103.0,,chr19,ok,chr19:6548366-6551103,
ucp2,UCP2,uncoupling protein 2,uncoupling protein 2,ENSDARG00000043154,ZDB-GENE-990708-8,10,36662640.0,36673388.0,+,protein_coding,"Ensembl ID, GRCz11 chr/start/end/strand re-verified against Ensembl REST on 2026-09-04",open,open,Appetite & energy balance,Energy expenditure,Feed efficiency,Pathway core,"C - pathway annotation only, no primary study cited",No primary study cited,Danio rerio; Oncorhynchus mykiss,,Mitochondrial proton leak; determines metabolic efficiency and growth,No primary study cited - canonical pathway member (Ensembl/ZFIN gene record),,,,teleost,ucp2,C,False,False,direct_symbol_match,high,ucp2,NC_069726.1,4238494.0,4241484.0,,chr17,ok,chr17:4238494-4241484,
ulk1a,ULK1,unc-51 like autophagy activating kinase 1a,unc-51 like autophagy activating kinase 1a,ENSDARG00000062518,ZDB-GENE-080723-31,8,43736072.0,43775820.0,-,protein_coding,"Ensembl ID, GRCz11 chr/start/end/strand re-verified against Ensembl REST on 2026-09-04",open,open,Muscle protein turnover & proteolysis,Autophagy,Protein turnover,Pathway core,"C - pathway annotation only, no primary study cited",No primary study cited,Danio rerio,,Autophagy initiator inhibited by mTORC1,No primary study cited - canonical pathway member (Ensembl/ZFIN gene record),,,,teleost,ulk1a,C,False,False,direct_symbol_match,high,ulk1a,NC_069717.1,26697625.0,26723475.0,,chr8,ok,chr8:26697625-26723475,
usp38,USP38,ubiquitin specific peptidase 38,ubiquitin specific peptidase 38,ENSDARG00000075798,ZDB-GENE-101007-2,1,35473219.0,35491005.0,+,protein_coding,"Ensembl ID, GRCz11 chr/start/end/strand re-verified against Ensembl REST on 2026-09-04",open,open,Muscle protein turnover & proteolysis,Protein turnover,Body thickness,GWAS/QTL,A - named in a verified primary teleost study,Reference metadata verified in PubMed/Crossref; gene-level claim not re-checked against the full text,Oreochromis spp.; Danio rerio,,Deubiquitinase located inside a body thickness QTL in tilapia,Lin G et al. (2019) Frontiers in Genetics 10:244,Transcriptome analysis identified genes for growth and omega-3/-6 ratio in saline tilapia,10.3389/fgene.2019.00244,30949199,teleost,usp38,A,False,False,direct_symbol_match,high,usp38,NC_069712.1,6134778.0,6150429.0,,chr3,ok,chr3:6134778-6150429,
vamp4,VAMP4,vesicle-associated membrane protein 4,vesicle-associated membrane protein 4,ENSDARG00000043510,ZDB-GENE-040625-92,20,14968031.0,15006337.0,+,protein_coding,"Ensembl ID, GRCz11 chr/start/end/strand re-verified against Ensembl REST on 2026-09-04",open,open,Lipid & energy metabolism,Lipid droplet,Body weight,GWAS/QTL,A - named in a verified primary teleost study,Reference metadata verified in PubMed/Crossref; gene-level claim not re-checked against the full text,Oncorhynchus mykiss; Danio rerio,Omy4,Implicated in lipid droplet growth,Ali A et al. (2020) BMC Genomics 21:209,Genome-wide identification of loci associated with growth in rainbow trout,10.1186/s12864-020-6617-x,32138655,teleost,vamp4,A,False,False,direct_symbol_match,high,vamp4,NC_069728.1,5290655.0,5305193.0,,chr19,ok,chr19:5290655-5305193,
vegfaa,VEGFA,vascular endothelial growth factor Aa,vascular endothelial growth factor Aa,ENSDARG00000103542,ZDB-GENE-990415-273,16,4287542.0,4317879.0,-,protein_coding,"Ensembl ID, GRCz11 chr/start/end/strand re-verified against Ensembl REST on 2026-09-04",open,open,Other growth signalling & trafficking,Angiogenesis,Tissue growth,Pathway core,"C - pathway annotation only, no primary study cited",No primary study cited,Danio rerio,,Vascularisation supporting muscle and organ growth,No primary study cited - canonical pathway member (Ensembl/ZFIN gene record),,,,teleost,vegfaa,C,False,False,direct_symbol_match,high,vegfaa,NC_069730.1,153242.0,174234.0,,chr21,ok,chr21:153242-174234,
vgll3,VGLL3,vestigial-like family member 3,vestigial like family member 3,ENSDARG00000038305,ZDB-GENE-130530-600,9,19007959.0,19016295.0,-,protein_coding,"Ensembl ID, GRCz11 chr/start/end/strand re-verified against Ensembl REST on 2026-09-04",open,open,"Life-history, sex & maturation",Life-history / maturation,Sea age at maturity (size at harvest is a downstream consequence),GWAS/QTL; Functional,A - named in a verified primary teleost study,"Second-order check: source paper text read and the gene, trait, locus and effect size below confirmed against it (4 Sep 2026)",Salmo salar,Ssa25 (chr25); missense variants at aa54 and aa323,"Two missense mutations in vgll3 on chromosome 25 explain 33-36% of the phenotypic variation in SEA AGE AT MATURITY in male Atlantic salmon (nt 28656101, beta -0.61, p=9.8e-07; nt 28658151, beta -0.60, p=3.8e-08), with sex-dependent dominance. The locus acts on maturation timing; size at harvest follows from how many sea winters the fish spends before maturing, not from a direct effect on growth rate.",Ayllon F et al. (2015) PLoS Genetics 11:e1005628; Barson NJ et al. (2015) Nature 528:405-408,The vgll3 locus controls age at maturity in wild and domesticated Atlantic salmon (Salmo salar L.) males | Sex-dependent dominance at a single locus maintains variation in age at maturity in salmon,10.1371/journal.pgen.1005628; 10.1038/nature16062,26551894; 26536110,teleost,vgll3,A,False,False,direct_symbol_match,high,vgll3,NC_069714.1,16311383.0,16315220.0,,chr5,ok,chr5:16311383-16315220,
wnt10b,WNT10B,"wingless-type MMTV integration site family, member 10b","wingless-type MMTV integration site family, member 10b",ENSDARG00000040925,ZDB-GENE-980526-524,23,27641471.0,27647769.0,-,protein_coding,"Ensembl ID, GRCz11 chr/start/end/strand re-verified against Ensembl REST on 2026-09-04",open,open,Other growth signalling & trafficking,Wnt signalling,Muscle/adipose balance,Pathway core,"C - pathway annotation only, no primary study cited",No primary study cited,Danio rerio,,Promotes myogenesis and suppresses adipogenesis,No primary study cited - canonical pathway member (Ensembl/ZFIN gene record),,,,teleost,wnt10b,C,False,False,direct_symbol_match,high,wnt10b,NC_069725.1,6395947.0,6402065.0,,chr16,ok,chr16:6395947-6402065,
